Region,Date,RRP,TotalDemand,Type
"NSW",2021-07-01 00:00:00.000,105.81340425531916,8982.2610638297865,"Actual"
"NSW",2021-07-02 00:00:00.000,90.97375000000001,8501.7885416666668,"Actual"
"NSW",2021-07-03 00:00:00.000,75.807708333333323,8176.9277083333336,"Actual"
"NSW",2021-07-04 00:00:00.000,60.460208333333327,8177.54125,"Actual"
"NSW",2021-07-05 00:00:00.000,114.29833333333332,8980.5675,"Actual"
"NSW",2021-07-06 00:00:00.000,263.77458333333334,9589.388958333333,"Actual"
"NSW",2021-07-07 00:00:00.000,194.97270833333334,9479.371666666666,"Actual"
"NSW",2021-07-08 00:00:00.000,240.07791666666668,9492.9777083333338,"Actual"
"NSW",2021-07-09 00:00:00.000,235.2625,9910.330625,"Actual"
"NSW",2021-07-10 00:00:00.000,130.94583333333333,8987.388958333333,"Actual"
"NSW",2021-07-11 00:00:00.000,155.53666666666669,8325.016875,"Actual"
"NSW",2021-07-12 00:00:00.000,153.54625000000001,8886.0808333333334,"Actual"
"NSW",2021-07-13 00:00:00.000,90.151458333333323,8869.6502083333326,"Actual"
"NSW",2021-07-14 00:00:00.000,260.6920833333333,9542.725,"Actual"
"NSW",2021-07-15 00:00:00.000,54.035208333333337,8393.485625,"Actual"
"NSW",2021-07-16 00:00:00.000,109.52916666666668,8614.3985416666674,"Actual"
"NSW",2021-07-17 00:00:00.000,53.956875000000004,8417.1920833333334,"Actual"
"NSW",2021-07-18 00:00:00.000,73.65375,7868.30125,"Actual"
"NSW",2021-07-19 00:00:00.000,173.78875,9048.371666666666,"Actual"
"NSW",2021-07-20 00:00:00.000,92.77729166666667,9318.28125,"Actual"
"NSW",2021-07-21 00:00:00.000,166.83208333333334,9123.8358333333326,"Actual"
"NSW",2021-07-22 00:00:00.000,298.48999999999995,9209.107708333333,"Actual"
"NSW",2021-07-23 00:00:00.000,173.999375,9353.7329166666659,"Actual"
"NSW",2021-07-24 00:00:00.000,58.569791666666667,8148.2108333333326,"Actual"
"NSW",2021-07-25 00:00:00.000,53.18,8168.3166666666666,"Actual"
"NSW",2021-07-26 00:00:00.000,56.998333333333335,8440.7035416666658,"Actual"
"NSW",2021-07-27 00:00:00.000,67.035208333333344,8112.3725,"Actual"
"NSW",2021-07-28 00:00:00.000,59.625416666666666,8033.3535416666664,"Actual"
"NSW",2021-07-29 00:00:00.000,69.98625,8125.0077083333335,"Actual"
"NSW",2021-07-30 00:00:00.000,61.875833333333333,8644.0989583333339,"Actual"
"NSW",2021-07-31 00:00:00.000,48.741666666666667,7850.3654166666665,"Actual"
"NSW",2021-08-01 00:00:00.000,58.64458333333333,7335.1897916666667,"Actual"
"NSW",2021-08-02 00:00:00.000,55.46041666666666,8093.528125,"Actual"
"NSW",2021-08-03 00:00:00.000,44.100416666666661,8076.0739583333334,"Actual"
"NSW",2021-08-04 00:00:00.000,61.031458333333333,8457.8520833333332,"Actual"
"NSW",2021-08-05 00:00:00.000,46.115416666666661,8232.958125,"Actual"
"NSW",2021-08-06 00:00:00.000,57.007083333333334,8027.0616666666665,"Actual"
"NSW",2021-08-07 00:00:00.000,72.53625000000001,7711.6514583333337,"Actual"
"NSW",2021-08-08 00:00:00.000,79.398541666666659,8139.7825,"Actual"
"NSW",2021-08-09 00:00:00.000,66.827708333333334,8131.77,"Actual"
"NSW",2021-08-10 00:00:00.000,56.79291666666667,7852.430625,"Actual"
"NSW",2021-08-11 00:00:00.000,52.786458333333336,7430.628125,"Actual"
"NSW",2021-08-12 00:00:00.000,59.178958333333334,7407.5679166666669,"Actual"
"NSW",2021-08-13 00:00:00.000,56.237916666666663,7861.1460416666669,"Actual"
"NSW",2021-08-14 00:00:00.000,58.230000000000004,7446.0845833333333,"Actual"
"NSW",2021-08-15 00:00:00.000,22.061666666666653,7075.4208333333327,"Actual"
"NSW",2021-08-16 00:00:00.000,44.377708333333331,7597.19875,"Actual"
"NSW",2021-08-17 00:00:00.000,72.64875,7832.7191666666668,"Actual"
"NSW",2021-08-18 00:00:00.000,88.082291666666663,8051.266875,"Actual"
"NSW",2021-08-19 00:00:00.000,59.354583333333331,7928.8222916666664,"Actual"
"NSW",2021-08-20 00:00:00.000,62.07125,7545.4152083333338,"Actual"
"NSW",2021-08-21 00:00:00.000,47.981666666666662,7102.527708333334,"Actual"
"NSW",2021-08-22 00:00:00.000,30.761458333333344,6639.2166666666672,"Actual"
"NSW",2021-08-23 00:00:00.000,50.618125,7253.51375,"Actual"
"NSW",2021-08-24 00:00:00.000,77.013125,9077.7052083333328,"Actual"
"NSW",2021-08-25 00:00:00.000,82.535625,8612.5470833333329,"Actual"
"NSW",2021-08-26 00:00:00.000,95.525208333333325,8089.1808333333329,"Actual"
"NSW",2021-08-27 00:00:00.000,87.065625,8142.9891666666663,"Actual"
"NSW",2021-08-28 00:00:00.000,48.47479166666669,7657.2622916666669,"Actual"
"NSW",2021-08-29 00:00:00.000,68.968541666666667,7750.1897916666667,"Actual"
"NSW",2021-08-30 00:00:00.000,55.127916666666664,7873.8827083333335,"Actual"
"NSW",2021-08-31 00:00:00.000,47.239583333333336,7564.0302083333336,"Actual"
"NSW",2021-09-01 00:00:00.000,43.050416666666678,7226.3464583333334,"Actual"
"NSW",2021-09-02 00:00:00.000,37.965,7233.5941666666668,"Actual"
"NSW",2021-09-03 00:00:00.000,48.658333333333339,7018.8241666666663,"Actual"
"NSW",2021-09-04 00:00:00.000,56.142708333333331,7112.1252083333329,"Actual"
"NSW",2021-09-05 00:00:00.000,41.5975,6945.400625,"Actual"
"NSW",2021-09-06 00:00:00.000,44.990208333333328,7379.2220833333331,"Actual"
"NSW",2021-09-07 00:00:00.000,33.818541666666661,7351.6672916666666,"Actual"
"NSW",2021-09-08 00:00:00.000,43.184791666666669,7219.9185416666669,"Actual"
"NSW",2021-09-09 00:00:00.000,30.38270833333333,7042.19625,"Actual"
"NSW",2021-09-10 00:00:00.000,36.286666666666669,6800.7541666666666,"Actual"
"NSW",2021-09-11 00:00:00.000,19.69583333333334,6339.5679166666669,"Actual"
"NSW",2021-09-12 00:00:00.000,18.772083333333335,6260.049375,"Actual"
"NSW",2021-09-13 00:00:00.000,58.45375,7341.6691666666666,"Actual"
"NSW",2021-09-14 00:00:00.000,69.739375,7823.7275,"Actual"
"NSW",2021-09-15 00:00:00.000,58.72875,7609.9564583333331,"Actual"
"NSW",2021-09-16 00:00:00.000,68.863958333333329,7556.9185416666669,"Actual"
"NSW",2021-09-17 00:00:00.000,60.413958333333333,7065.11125,"Actual"
"NSW",2021-09-18 00:00:00.000,52.851666666666667,6839.4362500000007,"Actual"
"NSW",2021-09-19 00:00:00.000,25.737916666666671,6265.4910416666662,"Actual"
"NSW",2021-09-20 00:00:00.000,56.759166666666665,6838.1720833333329,"Actual"
"NSW",2021-09-21 00:00:00.000,70.911458333333329,7482.595625,"Actual"
"NSW",2021-09-22 00:00:00.000,59.58979166666667,7218.0197916666666,"Actual"
"NSW",2021-09-23 00:00:00.000,48.998333333333335,7028.263125,"Actual"
"NSW",2021-09-24 00:00:00.000,32.635208333333324,6749.9939583333335,"Actual"
"NSW",2021-09-25 00:00:00.000,58.663958333333333,6463.973958333333,"Actual"
"NSW",2021-09-26 00:00:00.000,61.586875,6942.0441666666666,"Actual"
"NSW",2021-09-27 00:00:00.000,58.868958333333332,7205.8175,"Actual"
"NSW",2021-09-28 00:00:00.000,49.626458333333332,7041.388958333333,"Actual"
"NSW",2021-09-29 00:00:00.000,62.305208333333333,7512.8095833333336,"Actual"
"NSW",2021-09-30 00:00:00.000,58.36,7086.2804166666665,"Actual"
"NSW",2021-10-01 00:00:00.000,63.998958333333341,6989.8720486111115,"Actual"
"NSW",2021-10-02 00:00:00.000,65.2077777777778,6511.4877083333331,"Actual"
"NSW",2021-10-03 00:00:00.000,28.876354166666587,6072.4182638888888,"Actual"
"NSW",2021-10-04 00:00:00.000,24.929374999999975,5983.1351041666658,"Actual"
"NSW",2021-10-05 00:00:00.000,31.432465277777744,6581.73625,"Actual"
"NSW",2021-10-06 00:00:00.000,26.145625000000024,6621.9754513888884,"Actual"
"NSW",2021-10-07 00:00:00.000,31.652534722222228,6758.0450347222231,"Actual"
"NSW",2021-10-08 00:00:00.000,47.858402777777741,6729.218125,"Actual"
"NSW",2021-10-09 00:00:00.000,22.441284722222242,6263.8992013888892,"Actual"
"NSW",2021-10-10 00:00:00.000,40.788993055555544,6456.4163888888888,"Actual"
"NSW",2021-10-11 00:00:00.000,58.581840277777765,7456.9078819444439,"Actual"
"NSW",2021-10-12 00:00:00.000,55.49982638888887,7797.7602083333331,"Actual"
"NSW",2021-10-13 00:00:00.000,58.447430555555549,7625.9030555555555,"Actual"
"NSW",2021-10-14 00:00:00.000,85.241215277777783,7170.202395833333,"Actual"
"NSW",2021-10-15 00:00:00.000,68.1023263888889,6991.0825347222226,"Actual"
"NSW",2021-10-16 00:00:00.000,49.510520833333359,6288.1962152777778,"Actual"
"NSW",2021-10-17 00:00:00.000,48.057361111111106,5970.921180555556,"Actual"
"NSW",2021-10-18 00:00:00.000,64.864895833333335,6655.4272916666669,"Actual"
"NSW",2021-10-19 00:00:00.000,63.746944444444452,6864.360625,"Actual"
"NSW",2021-10-20 00:00:00.000,65.841666666666669,6882.0313888888886,"Actual"
"NSW",2021-10-21 00:00:00.000,68.412534722222233,7009.7683680555556,"Actual"
"NSW",2021-10-22 00:00:00.000,94.2217361111111,6870.4705208333335,"Actual"
"NSW",2021-10-23 00:00:00.000,89.144131944444467,6520.106319444445,"Actual"
"NSW",2021-10-24 00:00:00.000,51.395208333333315,6130.6567708333323,"Actual"
"NSW",2021-10-25 00:00:00.000,72.6790625,6715.5815625,"Actual"
"NSW",2021-10-26 00:00:00.000,75.232534722222226,6773.8274305555551,"Actual"
"NSW",2021-10-27 00:00:00.000,79.247673611111125,6831.239340277778,"Actual"
"NSW",2021-10-28 00:00:00.000,78.7046875,7295.860069444444,"Actual"
"NSW",2021-10-29 00:00:00.000,61.342395833333342,7237.5713541666664,"Actual"
"NSW",2021-10-30 00:00:00.000,56.167187500000026,6309.5613541666662,"Actual"
"NSW",2021-10-31 00:00:00.000,42.815277777777823,6044.21875,"Actual"
"NSW",2021-11-01 00:00:00.000,72.494826388888882,6830.4032638888884,"Actual"
"NSW",2021-11-02 00:00:00.000,67.741423611111117,6858.6534375,"Actual"
"NSW",2021-11-03 00:00:00.000,64.736180555555549,6827.997395833333,"Actual"
"NSW",2021-11-04 00:00:00.000,78.123020833333356,7349.5144791666671,"Actual"
"NSW",2021-11-05 00:00:00.000,66.773715277777782,7184.8021527777782,"Actual"
"NSW",2021-11-06 00:00:00.000,58.361423611111107,6360.8142013888883,"Actual"
"NSW",2021-11-07 00:00:00.000,70.886805555555554,6590.8178472222226,"Actual"
"NSW",2021-11-08 00:00:00.000,58.260416666666657,6986.4905902777782,"Actual"
"NSW",2021-11-09 00:00:00.000,59.396006944444437,6935.0764930555551,"Actual"
"NSW",2021-11-10 00:00:00.000,76.992847222222238,7456.672569444444,"Actual"
"NSW",2021-11-11 00:00:00.000,62.620451388888888,7424.2860763888884,"Actual"
"NSW",2021-11-12 00:00:00.000,52.974131944444437,7154.3150347222227,"Actual"
"NSW",2021-11-13 00:00:00.000,41.86944444444444,6522.2563194444438,"Actual"
"NSW",2021-11-14 00:00:00.000,14.362222222222357,6149.2338888888889,"Actual"
"NSW",2021-11-15 00:00:00.000,82.508055555555558,6606.9858333333332,"Actual"
"NSW",2021-11-16 00:00:00.000,64.906215277777775,6630.2638541666665,"Actual"
"NSW",2021-11-17 00:00:00.000,56.072777777777766,6723.5014930555562,"Actual"
"NSW",2021-11-18 00:00:00.000,91.856388888888858,6782.3576736111108,"Actual"
"NSW",2021-11-19 00:00:00.000,70.4065277777778,7235.418125,"Actual"
"NSW",2021-11-20 00:00:00.000,57.768784722222236,6799.1730902777781,"Actual"
"NSW",2021-11-21 00:00:00.000,50.6207638888889,6843.6101388888892,"Actual"
"NSW",2021-11-22 00:00:00.000,45.849201388888893,6901.7065277777783,"Actual"
"NSW",2021-11-23 00:00:00.000,57.462951388888882,7075.0120138888888,"Actual"
"NSW",2021-11-24 00:00:00.000,72.724548611111118,7350.2984027777775,"Actual"
"NSW",2021-11-25 00:00:00.000,69.025763888888889,7615.0490277777781,"Actual"
"NSW",2021-11-26 00:00:00.000,103.38944444444445,7477.1717361111105,"Actual"
"NSW",2021-11-27 00:00:00.000,59.713576388888889,6813.0684027777779,"Actual"
"NSW",2021-11-28 00:00:00.000,58.938819444444448,6481.5927083333336,"Actual"
"NSW",2021-11-29 00:00:00.000,72.787708333333327,6904.683472222222,"Actual"
"NSW",2021-11-30 00:00:00.000,73.554965277777782,7448.8786805555555,"Actual"
"NSW",2021-12-01 00:00:00.000,63.750451388888891,7385.9332986111112,"Actual"
"NSW",2021-12-02 00:00:00.000,73.916493055555563,7408.9030902777777,"Actual"
"NSW",2021-12-03 00:00:00.000,68.736319444444447,7320.9279166666665,"Actual"
"NSW",2021-12-04 00:00:00.000,43.859305555555565,6695.7748958333332,"Actual"
"NSW",2021-12-05 00:00:00.000,26.530104166666696,6542.5108680555559,"Actual"
"NSW",2021-12-06 00:00:00.000,60.893055555555549,7154.1274305555553,"Actual"
"NSW",2021-12-07 00:00:00.000,62.525659722222215,7237.3851388888888,"Actual"
"NSW",2021-12-08 00:00:00.000,67.705451388888889,7417.1114236111107,"Actual"
"NSW",2021-12-09 00:00:00.000,69.493923611111114,7192.6341319444446,"Actual"
"NSW",2021-12-10 00:00:00.000,74.975347222222211,7229.4249305555559,"Actual"
"NSW",2021-12-11 00:00:00.000,61.98593750000002,6536.4880902777777,"Actual"
"NSW",2021-12-12 00:00:00.000,63.105486111111119,6214.2287152777781,"Actual"
"NSW",2021-12-13 00:00:00.000,71.650624999999962,6827.4312847222227,"Actual"
"NSW",2021-12-14 00:00:00.000,60.97055555555557,7000.1840277777774,"Actual"
"NSW",2021-12-15 00:00:00.000,78.721354166666671,7492.8051388888889,"Actual"
"NSW",2021-12-16 00:00:00.000,72.710555555555544,7465.2639930555551,"Actual"
"NSW",2021-12-17 00:00:00.000,77.945729166666666,7282.3818055555557,"Actual"
"NSW",2021-12-18 00:00:00.000,84.649062500000014,7953.1156944444447,"Actual"
"NSW",2021-12-19 00:00:00.000,61.068020833333328,7686.9953819444445,"Actual"
"NSW",2021-12-20 00:00:00.000,95.1086111111111,8107.6403472222219,"Actual"
"NSW",2021-12-21 00:00:00.000,98.71809027777779,8473.6646527777775,"Actual"
"NSW",2021-12-22 00:00:00.000,91.105763888888887,7973.479409722222,"Actual"
"NSW",2021-12-23 00:00:00.000,91.504618055555554,7891.5086805555557,"Actual"
"NSW",2021-12-24 00:00:00.000,75.125312499999978,7406.5154166666671,"Actual"
"NSW",2021-12-25 00:00:00.000,66.2221875,6911.2146180555555,"Actual"
"NSW",2021-12-26 00:00:00.000,52.845347222222223,6592.2513888888889,"Actual"
"NSW",2021-12-27 00:00:00.000,54.092881944444464,6300.1709375,"Actual"
"NSW",2021-12-28 00:00:00.000,41.41194444444443,6101.4675000000007,"Actual"
"NSW",2021-12-29 00:00:00.000,61.248993055555559,6386.9770486111111,"Actual"
"NSW",2021-12-30 00:00:00.000,54.344027777777775,6555.7377777777783,"Actual"
"NSW",2021-12-31 00:00:00.000,79.647986111111109,6799.4680902777782,"Actual"
"NSW",2022-01-01 00:00:00.000,79.62607638888889,6707.9731944444447,"Actual"
"NSW",2022-01-02 00:00:00.000,89.789375,7025.9332986111112,"Actual"
"NSW",2022-01-03 00:00:00.000,68.5539930555556,7066.1523263888894,"Actual"
"NSW",2022-01-04 00:00:00.000,69.620486111111092,7532.3329513888893,"Actual"
"NSW",2022-01-05 00:00:00.000,68.451493055555545,7586.255,"Actual"
"NSW",2022-01-06 00:00:00.000,72.335347222222225,7684.3342361111117,"Actual"
"NSW",2022-01-07 00:00:00.000,83.21187500000002,7812.6454513888893,"Actual"
"NSW",2022-01-08 00:00:00.000,76.143055555555563,7416.837361111111,"Actual"
"NSW",2022-01-09 00:00:00.000,76.602013888888877,7162.0233333333335,"Actual"
"NSW",2022-01-10 00:00:00.000,83.783055555555549,8199.6014236111114,"Actual"
"NSW",2022-01-11 00:00:00.000,87.8049652777778,8182.5924652777776,"Actual"
"NSW",2022-01-12 00:00:00.000,81.4915625,7746.9517361111111,"Actual"
"NSW",2022-01-13 00:00:00.000,79.384618055555549,7693.1426041666664,"Actual"
"NSW",2022-01-14 00:00:00.000,79.632083333333341,7997.7801736111114,"Actual"
"NSW",2022-01-15 00:00:00.000,71.469201388888891,7719.4334375,"Actual"
"NSW",2022-01-16 00:00:00.000,66.016493055555543,7547.492916666667,"Actual"
"NSW",2022-01-17 00:00:00.000,80.392152777777781,8779.0829166666663,"Actual"
"NSW",2022-01-18 00:00:00.000,74.664756944444449,8185.5504513888891,"Actual"
"NSW",2022-01-19 00:00:00.000,54.538402777777776,7501.0189236111109,"Actual"
"NSW",2022-01-20 00:00:00.000,45.455694444444447,7135.0971180555553,"Actual"
"NSW",2022-01-21 00:00:00.000,54.402222222222228,7187.5102430555553,"Actual"
"NSW",2022-01-22 00:00:00.000,51.544965277777777,6713.0983333333334,"Actual"
"NSW",2022-01-23 00:00:00.000,54.921319444444457,6649.4858680555553,"Actual"
"NSW",2022-01-24 00:00:00.000,84.695347222222225,7516.6327777777778,"Actual"
"NSW",2022-01-25 00:00:00.000,84.984236111111116,7780.3514930555557,"Actual"
"NSW",2022-01-26 00:00:00.000,86.450798611111111,7144.1540625,"Actual"
"NSW",2022-01-27 00:00:00.000,84.96413194444446,7753.8962152777776,"Actual"
"NSW",2022-01-28 00:00:00.000,85.472465277777786,8343.7152777777774,"Actual"
"NSW",2022-01-29 00:00:00.000,85.494513888888861,7972.4314583333335,"Actual"
"NSW",2022-01-30 00:00:00.000,93.738229166666656,7803.5550694444446,"Actual"
"NSW",2022-01-31 00:00:00.000,136.72038194444445,8791.9776041666664,"Actual"
"NSW",2022-02-01 00:00:00.000,87.675104166666671,9361.576458333333,"Actual"
"NSW",2022-02-02 00:00:00.000,76.8584375,8096.3799305555558,"Actual"
"NSW",2022-02-03 00:00:00.000,74.16565972222223,7197.6428819444445,"Actual"
"NSW",2022-02-04 00:00:00.000,64.960347222222211,6943.2984722222227,"Actual"
"NSW",2022-02-05 00:00:00.000,38.437222222222296,6440.2842013888894,"Actual"
"NSW",2022-02-06 00:00:00.000,38.621597222222235,6328.2882291666665,"Actual"
"NSW",2022-02-07 00:00:00.000,67.346145833333338,7020.9977430555555,"Actual"
"NSW",2022-02-08 00:00:00.000,76.323541666666671,7076.3509722222225,"Actual"
"NSW",2022-02-09 00:00:00.000,77.83819444444444,7557.0098611111116,"Actual"
"NSW",2022-02-10 00:00:00.000,81.323055555555555,8075.1101388888892,"Actual"
"NSW",2022-02-11 00:00:00.000,70.6367361111111,7537.4913194444443,"Actual"
"NSW",2022-02-12 00:00:00.000,67.467465277777777,6770.0477430555547,"Actual"
"NSW",2022-02-13 00:00:00.000,58.846458333333331,6542.644409722222,"Actual"
"NSW",2022-02-14 00:00:00.000,81.559270833333329,7370.7147916666663,"Actual"
"NSW",2022-02-15 00:00:00.000,100.51281250000001,7824.6150694444441,"Actual"
"NSW",2022-02-16 00:00:00.000,108.67076388888889,7750.746875,"Actual"
"NSW",2022-02-17 00:00:00.000,115.03586805555557,8113.6921180555564,"Actual"
"NSW",2022-02-18 00:00:00.000,98.84534722222223,8021.2307986111118,"Actual"
"NSW",2022-02-19 00:00:00.000,69.461631944444449,6979.2925347222226,"Actual"
"NSW",2022-02-20 00:00:00.000,89.945034722222218,7179.5296527777782,"Actual"
"NSW",2022-02-21 00:00:00.000,154.95593750000006,8042.5317361111111,"Actual"
"NSW",2022-02-22 00:00:00.000,101.43124999999999,7912.696041666667,"Actual"
"NSW",2022-02-23 00:00:00.000,97.223923611111118,7978.7577430555557,"Actual"
"NSW",2022-02-24 00:00:00.000,99.63298611111108,8307.2346875,"Actual"
"NSW",2022-02-25 00:00:00.000,97.5411111111111,8083.0915277777776,"Actual"
"NSW",2022-02-26 00:00:00.000,72.751805555555535,7330.6964583333338,"Actual"
"NSW",2022-02-27 00:00:00.000,75.41128472222222,7147.9781944444449,"Actual"
"NSW",2022-02-28 00:00:00.000,81.461041666666659,7822.4239583333328,"Actual"
"NSW",2022-03-01 00:00:00.000,88.08625,7689.8952777777777,"Actual"
"NSW",2022-03-02 00:00:00.000,83.1965625,7710.0591666666669,"Actual"
"NSW",2022-03-03 00:00:00.000,76.168993055555561,7695.6142013888884,"Actual"
"NSW",2022-03-04 00:00:00.000,93.1275,7845.7374305555559,"Actual"
"NSW",2022-03-05 00:00:00.000,98.611354166666672,7525.3017708333327,"Actual"
"NSW",2022-03-06 00:00:00.000,92.548611111111114,7218.4174652777783,"Actual"
"NSW",2022-03-07 00:00:00.000,103.93038194444449,8064.7197569444452,"Actual"
"NSW",2022-03-08 00:00:00.000,135.8546875,7883.2856944444447,"Actual"
"NSW",2022-03-09 00:00:00.000,117.58142361111112,7319.53,"Actual"
"NSW",2022-03-10 00:00:00.000,90.0821875,7061.9056597222225,"Actual"
"NSW",2022-03-11 00:00:00.000,89.825381944444445,7085.5030208333328,"Actual"
"NSW",2022-03-12 00:00:00.000,84.606458333333336,6590.6768055555558,"Actual"
"NSW",2022-03-13 00:00:00.000,80.650416666666672,6559.2840277777777,"Actual"
"NSW",2022-03-14 00:00:00.000,86.995972222222221,7140.4448958333332,"Actual"
"NSW",2022-03-15 00:00:00.000,83.909236111111113,7153.411458333333,"Actual"
"NSW",2022-03-16 00:00:00.000,105.19694444444445,7467.0597569444444,"Actual"
"NSW",2022-03-17 00:00:00.000,122.66409722222222,7647.0955902777778,"Actual"
"NSW",2022-03-18 00:00:00.000,99.898368055555551,7693.6959027777775,"Actual"
"NSW",2022-03-19 00:00:00.000,99.112118055555555,6996.4599305555557,"Actual"
"NSW",2022-03-20 00:00:00.000,82.897256944444479,6483.4515625,"Actual"
"NSW",2022-03-21 00:00:00.000,110.04684027777779,7273.6255902777775,"Actual"
"NSW",2022-03-22 00:00:00.000,101.50715277777779,7439.777222222222,"Actual"
"NSW",2022-03-23 00:00:00.000,98.968819444444449,7520.8043402777776,"Actual"
"NSW",2022-03-24 00:00:00.000,102.35784722222222,7574.3468749999993,"Actual"
"NSW",2022-03-25 00:00:00.000,100.26225694444445,7345.9227430555557,"Actual"
"NSW",2022-03-26 00:00:00.000,100.10961805555554,6872.0259722222227,"Actual"
"NSW",2022-03-27 00:00:00.000,102.75694444444446,6848.0873958333332,"Actual"
"NSW",2022-03-28 00:00:00.000,134.22451388888891,7481.7558333333327,"Actual"
"NSW",2022-03-29 00:00:00.000,120.92684027777779,7739.7287847222215,"Actual"
"NSW",2022-03-30 00:00:00.000,116.55798611111112,7501.2839236111113,"Actual"
"NSW",2022-03-31 00:00:00.000,118.444375,7454.5216319444444,"Actual"
"NSW",2022-04-01 00:00:00.000,176.65770833333332,7389.6027777777781,"Actual"
"NSW",2022-04-02 00:00:00.000,189.27892361111103,6781.22923611111,"Actual"
"NSW",2022-04-03 00:00:00.000,194.29937499999997,6402.8484027777777,"Actual"
"NSW",2022-04-04 00:00:00.000,252.27975694444439,6993.3138194444446,"Actual"
"NSW",2022-04-05 00:00:00.000,252.06232638888892,7101.2019097222219,"Actual"
"NSW",2022-04-06 00:00:00.000,241.78763888888892,7392.4193749999995,"Actual"
"NSW",2022-04-07 00:00:00.000,237.51041666666663,7771.4150347222221,"Actual"
"NSW",2022-04-08 00:00:00.000,227.79434027777774,7484.6383680555555,"Actual"
"NSW",2022-04-09 00:00:00.000,193.05315972222226,6978.0133680555555,"Actual"
"NSW",2022-04-10 00:00:00.000,166.93659722222219,6666.9211458333339,"Actual"
"NSW",2022-04-11 00:00:00.000,254.9414930555555,7307.0120833333331,"Actual"
"NSW",2022-04-12 00:00:00.000,193.37857638888886,7285.7869791666672,"Actual"
"NSW",2022-04-13 00:00:00.000,168.25881944444444,7334.8209722222227,"Actual"
"NSW",2022-04-14 00:00:00.000,171.52187500000002,7213.1650347222221,"Actual"
"NSW",2022-04-15 00:00:00.000,126.90326388888903,6385.6439583333331,"Actual"
"NSW",2022-04-16 00:00:00.000,111.31694444444445,6444.0540972222225,"Actual"
"NSW",2022-04-17 00:00:00.000,103.56666666666666,6224.0329861111113,"Actual"
"NSW",2022-04-18 00:00:00.000,140.60111111111112,6432.8993055555557,"Actual"
"NSW",2022-04-19 00:00:00.000,189.534375,7145.4876041666666,"Actual"
"NSW",2022-04-20 00:00:00.000,159.42194444444445,6889.3411805555561,"Actual"
"NSW",2022-04-21 00:00:00.000,205.1142361111111,7199.0829166666663,"Actual"
"NSW",2022-04-22 00:00:00.000,142.93229166666666,7439.6777430555558,"Actual"
"NSW",2022-04-23 00:00:00.000,134.42479166666666,6848.9265277777777,"Actual"
"NSW",2022-04-24 00:00:00.000,119.42802083333332,6570.7252777777776,"Actual"
"NSW",2022-04-25 00:00:00.000,134.25718750000001,6758.7870138888884,"Actual"
"NSW",2022-04-26 00:00:00.000,205.87520833333326,7535.4422916666663,"Actual"
"NSW",2022-04-27 00:00:00.000,240.04128472222214,7718.6269444444442,"Actual"
"NSW",2022-04-28 00:00:00.000,251.569826388889,7713.6161111111114,"Actual"
"NSW",2022-04-29 00:00:00.000,226.19732638888888,7412.455243055555,"Actual"
"NSW",2022-04-30 00:00:00.000,194.31913194444434,7139.4332638888891,"Actual"
"NSW",2022-05-01 00:00:00.000,212.83934027777758,6733.526770833334,"Actual"
"NSW",2022-05-02 00:00:00.000,234.52538194444449,7291.3113541666671,"Actual"
"NSW",2022-05-03 00:00:00.000,779.44722222222185,7315.1343402777775,"Actual"
"NSW",2022-05-04 00:00:00.000,419.47805555555544,7485.6836111111115,"Actual"
"NSW",2022-05-05 00:00:00.000,505.79704861111122,7525.6530208333334,"Actual"
"NSW",2022-05-06 00:00:00.000,325.17861111111114,7456.0394791666668,"Actual"
"NSW",2022-05-07 00:00:00.000,233.29131944444447,7314.7497916666662,"Actual"
"NSW",2022-05-08 00:00:00.000,237.89309027777753,7077.0977083333328,"Actual"
"NSW",2022-05-09 00:00:00.000,327.88548611111105,8014.8717013888891,"Actual"
"NSW",2022-05-10 00:00:00.000,271.03298611111114,7888.105625,"Actual"
"NSW",2022-05-11 00:00:00.000,334.28312499999987,8162.046388888888,"Actual"
"NSW",2022-05-12 00:00:00.000,331.26256944444447,8232.1061805555546,"Actual"
"NSW",2022-05-13 00:00:00.000,334.2284375,7878.4004861111107,"Actual"
"NSW",2022-05-14 00:00:00.000,291.99447916666668,7176.226875,"Actual"
"NSW",2022-05-15 00:00:00.000,276.01652777777781,7084.4650347222223,"Actual"
"NSW",2022-05-16 00:00:00.000,225.18138888888893,7268.4561111111107,"Actual"
"NSW",2022-05-17 00:00:00.000,227.78531250000003,7530.3211805555557,"Actual"
"NSW",2022-05-18 00:00:00.000,203.27934027777766,7735.9812152777777,"Actual"
"NSW",2022-05-19 00:00:00.000,283.74961805555557,8325.35232638889,"Actual"
"NSW",2022-05-20 00:00:00.000,258.2109375,8785.2800347222219,"Actual"
"NSW",2022-05-21 00:00:00.000,266.369375,7926.8471875,"Actual"
"NSW",2022-05-22 00:00:00.000,285.3046875,7756.497638888889,"Actual"
"NSW",2022-05-23 00:00:00.000,313.98788194444444,8312.698645833334,"Actual"
"NSW",2022-05-24 00:00:00.000,299.57538194444442,8302.9180555555558,"Actual"
"NSW",2022-05-25 00:00:00.000,306.22104166666657,8205.557777777778,"Actual"
"NSW",2022-05-26 00:00:00.000,333.3121875,8048.4198263888884,"Actual"
"NSW",2022-05-27 00:00:00.000,353.45590277777779,7950.7309374999995,"Actual"
"NSW",2022-05-28 00:00:00.000,327.38197916666672,7572.4740625,"Actual"
"NSW",2022-05-29 00:00:00.000,297.40048611111115,7641.6124305555559,"Actual"
"NSW",2022-05-30 00:00:00.000,508.22906249999983,9234.4364930555548,"Actual"
"NSW",2022-05-31 00:00:00.000,330.27840277777779,8874.512812500001,"Actual"
"NSW",2022-06-01 00:00:00.000,418.63899305555555,9181.1165277777782,"Actual"
"NSW",2022-06-02 00:00:00.000,654.984375,9354.5130555555552,"Actual"
"NSW",2022-06-03 00:00:00.000,564.90222222222235,9667.2530208333337,"Actual"
"NSW",2022-06-04 00:00:00.000,388.0738888888888,8301.226875,"Actual"
"NSW",2022-06-05 00:00:00.000,346.61270833333339,8264.0176388888885,"Actual"
"NSW",2022-06-06 00:00:00.000,361.98833333333334,8945.91670138889,"Actual"
"NSW",2022-06-07 00:00:00.000,369.7146180555556,9243.23170138889,"Actual"
"NSW",2022-06-08 00:00:00.000,430.66045138888893,9317.86875,"Actual"
"NSW",2022-06-09 00:00:00.000,440.66611111111104,9473.875243055556,"Actual"
"NSW",2022-06-10 00:00:00.000,606.14187499999991,9125.9904861111117,"Actual"
"NSW",2022-06-11 00:00:00.000,481.08874999999995,8505.025104166667,"Actual"
"NSW",2022-06-12 00:00:00.000,463.75725694444452,8118.1897916666667,"Actual"
"NSW",2022-06-13 00:00:00.000,838.47256944444371,8433.3900694444437,"Actual"
"NSW",2022-06-14 00:00:00.000,296.3534375,9397.06079861111,"Actual"
"NSW",2022-06-15 00:00:00.000,297.00555555555553,9124.852951388888,"Actual"
"NSW",2022-06-16 00:00:00.000,264.18385416666672,8759.61204861111,"Actual"
"NSW",2022-06-17 00:00:00.000,265.59131944444448,8693.919375,"Actual"
"NSW",2022-06-18 00:00:00.000,261.7576736111111,8169.9898611111112,"Actual"
"NSW",2022-06-19 00:00:00.000,263.595,8072.9653472222217,"Actual"
"NSW",2022-06-20 00:00:00.000,266.67618055555545,8736.6106597222224,"Actual"
"NSW",2022-06-21 00:00:00.000,283.13663194444445,8916.1384027777785,"Actual"
"NSW",2022-06-22 00:00:00.000,274.69201388888888,8887.6102083333335,"Actual"
"NSW",2022-06-23 00:00:00.000,346.38892361111107,8981.1903819444451,"Actual"
"NSW",2022-06-24 00:00:00.000,372.01548611111116,8838.9880208333325,"Actual"
"NSW",2022-06-25 00:00:00.000,278.43777777777785,8017.4284027777776,"Actual"
"NSW",2022-06-26 00:00:00.000,313.49781250000024,7999.4354513888893,"Actual"
"NSW",2022-06-27 00:00:00.000,512.60399305555552,9068.2178472222222,"Actual"
"NSW",2022-06-28 00:00:00.000,439.8512847222222,9411.4340277777774,"Actual"
"NSW",2022-06-29 00:00:00.000,417.91670138888884,9159.3796527777777,"Actual"
"NSW",2022-06-30 00:00:00.000,421.76753472222225,9061.9401041666661,"Actual"
"NSW",2022-07-01 00:00:00.000,416.01527777777778,9659.3796527777777,"Actual"
"NSW",2022-07-02 00:00:00.000,375.2890625,8960.1163194444453,"Actual"
"NSW",2022-07-03 00:00:00.000,282.12243055555558,8489.1688541666663,"Actual"
"NSW",2022-07-04 00:00:00.000,295.95381944444426,8904.3117708333339,"Actual"
"NSW",2022-07-05 00:00:00.000,355.68388888888887,9107.4175,"Actual"
"NSW",2022-07-06 00:00:00.000,435.16809027777776,8868.2699305555561,"Actual"
"NSW",2022-07-07 00:00:00.000,316.29506944444444,8468.7821527777778,"Actual"
"NSW",2022-07-08 00:00:00.000,340.23920138888889,8767.3327083333334,"Actual"
"NSW",2022-07-09 00:00:00.000,416.27899305555553,8392.8843402777784,"Actual"
"NSW",2022-07-10 00:00:00.000,361.98281249999997,8735.4689236111117,"Actual"
"NSW",2022-07-11 00:00:00.000,487.43565972222223,9076.5275347222214,"Actual"
"NSW",2022-07-12 00:00:00.000,737.340173611111,9221.4410416666669,"Actual"
"NSW",2022-07-13 00:00:00.000,502.41631944444453,9319.1500694444439,"Actual"
"NSW",2022-07-14 00:00:00.000,736.6591319444442,9536.8770486111116,"Actual"
"NSW",2022-07-15 00:00:00.000,555.46934027777775,9344.0628125,"Actual"
"NSW",2022-07-16 00:00:00.000,383.79642361111104,9175.5818402777768,"Actual"
"NSW",2022-07-17 00:00:00.000,252.67756944444437,7972.784340277778,"Actual"
"NSW",2022-07-18 00:00:00.000,349.88454861111109,8842.8147569444445,"Actual"
"NSW",2022-07-19 00:00:00.000,423.62951388888894,9694.2092361111117,"Actual"
"NSW",2022-07-20 00:00:00.000,383.7632638888889,9451.9061805555557,"Actual"
"NSW",2022-07-21 00:00:00.000,359.22388888888889,9498.0182291666661,"Actual"
"NSW",2022-07-22 00:00:00.000,333.38774305555552,9036.15732638889,"Actual"
"NSW",2022-07-23 00:00:00.000,281.37760416666663,8439.8735416666659,"Actual"
"NSW",2022-07-24 00:00:00.000,277.20944444444444,7960.1574652777781,"Actual"
"NSW",2022-07-25 00:00:00.000,318.43729166666668,8613.8197222222225,"Actual"
"NSW",2022-07-26 00:00:00.000,250.32125000000002,8836.1609027777777,"Actual"
"NSW",2022-07-27 00:00:00.000,256.13208333333336,8834.4420833333334,"Actual"
"NSW",2022-07-28 00:00:00.000,338.88541666666663,8712.6725,"Actual"
"NSW",2022-07-29 00:00:00.000,319.95590277777785,8850.636145833334,"Actual"
"NSW",2022-07-30 00:00:00.000,189.71454861111118,8601.131631944445,"Actual"
"NSW",2022-07-31 00:00:00.000,174.30534722222225,8699.87388888889,"Actual"
"NSW",2022-08-01 00:00:00.000,163.1865277777778,8512.04954861111,"Actual"
"NSW",2022-08-02 00:00:00.000,145.59114583333331,8610.405625,"Actual"
"NSW",2022-08-03 00:00:00.000,84.778715277777664,8252.7408680555545,"Actual"
"NSW",2022-08-04 00:00:00.000,86.747847222222276,8376.7509027777778,"Actual"
"NSW",2022-08-05 00:00:00.000,110.95989583333318,7862.2678125,"Actual"
"NSW",2022-08-06 00:00:00.000,136.34510416666666,7411.3811111111108,"Actual"
"NSW",2022-08-07 00:00:00.000,188.5451736111111,7718.4528125,"Actual"
"NSW",2022-08-08 00:00:00.000,222.098125,8554.4202777777773,"Actual"
"NSW",2022-08-09 00:00:00.000,225.90756944444445,9022.6208680555555,"Actual"
"NSW",2022-08-10 00:00:00.000,155.24975694444447,8736.7830902777787,"Actual"
"NSW",2022-08-11 00:00:00.000,184.35284722222221,9134.7867708333324,"Actual"
"NSW",2022-08-12 00:00:00.000,191.18059027777775,8962.1429861111119,"Actual"
"NSW",2022-08-13 00:00:00.000,144.56347222222229,7992.87125,"Actual"
"NSW",2022-08-14 00:00:00.000,83.670034722222326,7799.7662500000006,"Actual"
"NSW",2022-08-15 00:00:00.000,138.78232638888889,8578.2660763888889,"Actual"
"NSW",2022-08-16 00:00:00.000,177.12274305555556,8489.8944791666672,"Actual"
"NSW",2022-08-17 00:00:00.000,151.49416666666667,8346.4470486111113,"Actual"
"NSW",2022-08-18 00:00:00.000,139.45277777777778,8489.2651041666668,"Actual"
"NSW",2022-08-19 00:00:00.000,141.26232638888888,8405.4793402777777,"Actual"
"NSW",2022-08-20 00:00:00.000,156.64222222222222,7960.4028819444447,"Actual"
"NSW",2022-08-21 00:00:00.000,130.59267361111111,7390.8648263888872,"Actual"
"NSW",2022-08-22 00:00:00.000,128.30555555555557,7913.1433333333334,"Actual"
"NSW",2022-08-23 00:00:00.000,163.5840625,8859.9390277777784,"Actual"
"NSW",2022-08-24 00:00:00.000,136.74552083333339,8639.9962152777771,"Actual"
"NSW",2022-08-25 00:00:00.000,203.27201388888892,8727.641875,"Actual"
"NSW",2022-08-26 00:00:00.000,203.14934027777778,8461.1496527777781,"Actual"
"NSW",2022-08-27 00:00:00.000,113.33135416666663,7781.3294097222224,"Actual"
"NSW",2022-08-28 00:00:00.000,86.319722222222225,7210.983888888888,"Actual"
"NSW",2022-08-29 00:00:00.000,133.62618055555555,8100.3141319444439,"Actual"
"NSW",2022-08-30 00:00:00.000,124.57975694444445,7644.3923958333335,"Actual"
"NSW",2022-08-31 00:00:00.000,146.38503472222223,7755.3395138888891,"Actual"
"NSW",2022-09-01 00:00:00.000,146.29340277777777,7640.5835416666669,"Actual"
"NSW",2022-09-02 00:00:00.000,162.06673611111111,8293.1890277777784,"Actual"
"NSW",2022-09-03 00:00:00.000,203.89395833333333,8383.6210069444442,"Actual"
"NSW",2022-09-04 00:00:00.000,158.33489583333335,7677.5999652777773,"Actual"
"NSW",2022-09-05 00:00:00.000,212.93048611111115,8152.5096875,"Actual"
"NSW",2022-09-06 00:00:00.000,207.61065972222224,8282.1063541666663,"Actual"
"NSW",2022-09-07 00:00:00.000,179.57666666666665,7901.6404513888883,"Actual"
"NSW",2022-09-08 00:00:00.000,162.48020833333334,7810.2009722222219,"Actual"
"NSW",2022-09-09 00:00:00.000,165.14354166666666,7955.6352430555553,"Actual"
"NSW",2022-09-10 00:00:00.000,109.79236111111112,7006.3197569444446,"Actual"
"NSW",2022-09-11 00:00:00.000,86.586284722222246,6565.7731250000006,"Actual"
"NSW",2022-09-12 00:00:00.000,165.48527777777778,7508.1498263888889,"Actual"
"NSW",2022-09-13 00:00:00.000,187.8204166666666,7846.0841666666665,"Actual"
"NSW",2022-09-14 00:00:00.000,149.4564583333333,7732.1358333333337,"Actual"
"NSW",2022-09-15 00:00:00.000,233.59954861111115,8510.8706597222226,"Actual"
"NSW",2022-09-16 00:00:00.000,153.89038194444447,7288.8247569444438,"Actual"
"NSW",2022-09-17 00:00:00.000,111.85795138888881,6817.893958333334,"Actual"
"NSW",2022-09-18 00:00:00.000,84.966944444444579,6498.0092013888889,"Actual"
"NSW",2022-09-19 00:00:00.000,154.75916666666669,7166.865,"Actual"
"NSW",2022-09-20 00:00:00.000,127.58777777777775,7257.6259722222221,"Actual"
"NSW",2022-09-21 00:00:00.000,173.30576388888889,7718.0438888888893,"Actual"
"NSW",2022-09-22 00:00:00.000,171.87649305555556,7330.1707986111114,"Actual"
"NSW",2022-09-23 00:00:00.000,155.21972222222223,7444.0394097222224,"Actual"
"NSW",2022-09-24 00:00:00.000,105.35638888888886,6905.781006944444,"Actual"
"NSW",2022-09-25 00:00:00.000,102.58093749999995,6353.731493055554,"Actual"
"NSW",2022-09-26 00:00:00.000,173.42777777777778,7476.347534722222,"Actual"
"NSW",2022-09-27 00:00:00.000,163.84086805555555,7537.9579861111106,"Actual"
"NSW",2022-09-28 00:00:00.000,150.23770833333333,7392.4334027777777,"Actual"
"NSW",2022-09-29 00:00:00.000,139.1760763888889,7491.9450347222219,"Actual"
"NSW",2022-09-30 00:00:00.000,117.05427083333336,7538.0697569444446,"Actual"
"NSW",2022-10-01 00:00:00.000,120.10427083333335,7136.5590625,"Actual"
"NSW",2022-10-02 00:00:00.000,117.09409722222225,6660.8319097222211,"Actual"
"NSW",2022-10-03 00:00:00.000,112.89322916666663,6538.1334722222218,"Actual"
"NSW",2022-10-04 00:00:00.000,123.76406250000002,7065.0354513888888,"Actual"
"NSW",2022-10-05 00:00:00.000,168.34784722222227,8058.1600694444451,"Actual"
"NSW",2022-10-06 00:00:00.000,197.67409722222223,7995.467326388889,"Actual"
"NSW",2022-10-07 00:00:00.000,168.6014236111111,7754.8560416666669,"Actual"
"NSW",2022-10-08 00:00:00.000,207.72819444444431,7249.9999652777778,"Actual"
"NSW",2022-10-09 00:00:00.000,215.66440972222227,6969.201875,"Actual"
"NSW",2022-10-10 00:00:00.000,209.36170138888872,7501.5322569444443,"Actual"
"NSW",2022-10-11 00:00:00.000,155.703125,7421.584270833333,"Actual"
"NSW",2022-10-12 00:00:00.000,153.98694444444445,7294.403645833333,"Actual"
"NSW",2022-10-13 00:00:00.000,162.8173611111111,7321.7604513888891,"Actual"
"NSW",2022-10-14 00:00:00.000,125.74145833333333,6861.4956944444448,"Actual"
"NSW",2022-10-15 00:00:00.000,114.50385416666668,6217.9281249999985,"Actual"
"NSW",2022-10-16 00:00:00.000,130.18583333333328,6242.958090277778,"Actual"
"NSW",2022-10-17 00:00:00.000,155.02427083333333,7224.5060763888887,"Actual"
"NSW",2022-10-18 00:00:00.000,160.63930555555555,7237.4468402777775,"Actual"
"NSW",2022-10-19 00:00:00.000,168.6861111111111,7080.4621527777781,"Actual"
"NSW",2022-10-20 00:00:00.000,150.92291666666665,7440.2803472222222,"Actual"
"NSW",2022-10-21 00:00:00.000,168.87725694444447,7393.6085416666665,"Actual"
"NSW",2022-10-22 00:00:00.000,136.8846875,6840.7942361111109,"Actual"
"NSW",2022-10-23 00:00:00.000,111.48913194444449,6778.4943055555559,"Actual"
"NSW",2022-10-24 00:00:00.000,153.74114583333332,7457.1324652777776,"Actual"
"NSW",2022-10-25 00:00:00.000,192.29409722222223,7169.1742013888888,"Actual"
"NSW",2022-10-26 00:00:00.000,165.11760416666667,6985.5576041666664,"Actual"
"NSW",2022-10-27 00:00:00.000,138.25725694444441,6951.5661458333334,"Actual"
"NSW",2022-10-28 00:00:00.000,144.18086805555555,6523.1815972222221,"Actual"
"NSW",2022-10-29 00:00:00.000,75.182118055555549,5995.3825347222219,"Actual"
"NSW",2022-10-30 00:00:00.000,99.9992708333333,5957.0699652777776,"Actual"
"NSW",2022-10-31 00:00:00.000,195.61888888888882,7304.0743055555558,"Actual"
"NSW",2022-11-01 00:00:00.000,112.23538194444444,6959.5934722222219,"Actual"
"NSW",2022-11-02 00:00:00.000,114.56322916666673,6753.580972222223,"Actual"
"NSW",2022-11-03 00:00:00.000,96.11861111111115,6882.8639930555555,"Actual"
"NSW",2022-11-04 00:00:00.000,124.38079861111112,6983.3279861111114,"Actual"
"NSW",2022-11-05 00:00:00.000,98.222847222222214,6324.6222222222223,"Actual"
"NSW",2022-11-06 00:00:00.000,68.330277777777752,6028.434166666666,"Actual"
"NSW",2022-11-07 00:00:00.000,118.03885416666671,6732.4191666666666,"Actual"
"NSW",2022-11-08 00:00:00.000,99.023958333333212,6743.9032291666663,"Actual"
"NSW",2022-11-09 00:00:00.000,93.9303819444444,6593.479166666667,"Actual"
"NSW",2022-11-10 00:00:00.000,83.797569444444449,6662.359375,"Actual"
"NSW",2022-11-11 00:00:00.000,123.63124999999998,6878.674722222222,"Actual"
"NSW",2022-11-12 00:00:00.000,114.97666666666665,6383.3634375000011,"Actual"
"NSW",2022-11-13 00:00:00.000,134.41854166666667,6701.5799305555556,"Actual"
"NSW",2022-11-14 00:00:00.000,85.767777777777667,6698.5502430555553,"Actual"
"NSW",2022-11-15 00:00:00.000,151.56604166666665,6802.7086458333333,"Actual"
"NSW",2022-11-16 00:00:00.000,144.51131944444441,6815.7322222222228,"Actual"
"NSW",2022-11-17 00:00:00.000,153.12524305555542,6600.9985763888881,"Actual"
"NSW",2022-11-18 00:00:00.000,129.31434027777777,6578.6929861111121,"Actual"
"NSW",2022-11-19 00:00:00.000,115.61763888888898,6126.1573611111107,"Actual"
"NSW",2022-11-20 00:00:00.000,65.76715277777771,5923.9643750000005,"Actual"
"NSW",2022-11-21 00:00:00.000,96.406562499999978,6521.604409722222,"Actual"
"NSW",2022-11-22 00:00:00.000,96.936215277777791,6481.259930555555,"Actual"
"NSW",2022-11-23 00:00:00.000,119.37072916666665,6575.3211458333335,"Actual"
"NSW",2022-11-24 00:00:00.000,146.67256944444443,6644.9209722222213,"Actual"
"NSW",2022-11-25 00:00:00.000,137.45888888888885,6750.464479166666,"Actual"
"NSW",2022-11-26 00:00:00.000,82.222465277777786,6140.984861111112,"Actual"
"NSW",2022-11-27 00:00:00.000,101.62586805555556,6537.1406597222222,"Actual"
"NSW",2022-11-28 00:00:00.000,119.57510416666668,6922.439166666667,"Actual"
"NSW",2022-11-29 00:00:00.000,131.36284722222217,6684.0158680555551,"Actual"
"NSW",2022-11-30 00:00:00.000,128.03836805555554,7080.3134722222221,"Actual"
"NSW",2022-12-01 00:00:00.000,115.66013888888889,7162.22,"Actual"
"NSW",2022-12-02 00:00:00.000,109.46857638888888,6936.1261111111107,"Actual"
"NSW",2022-12-03 00:00:00.000,77.421909722222154,6313.8311805555559,"Actual"
"NSW",2022-12-04 00:00:00.000,67.07163194444442,6222.3573611111105,"Actual"
"NSW",2022-12-05 00:00:00.000,82.66350694444445,7274.9087152777774,"Actual"
"NSW",2022-12-06 00:00:00.000,110.0642708333333,6958.0373263888887,"Actual"
"NSW",2022-12-07 00:00:00.000,96.0738541666667,7099.910034722222,"Actual"
"NSW",2022-12-08 00:00:00.000,60.164305555555615,6552.7637152777779,"Actual"
"NSW",2022-12-09 00:00:00.000,94.601111111111123,6634.2992013888888,"Actual"
"NSW",2022-12-10 00:00:00.000,80.38624999999999,6355.3823958333323,"Actual"
"NSW",2022-12-11 00:00:00.000,95.457013888888952,6352.0481944444437,"Actual"
"NSW",2022-12-12 00:00:00.000,167.32031250000009,7368.9770138888889,"Actual"
"NSW",2022-12-13 00:00:00.000,84.8927777777779,6619.121666666666,"Actual"
"NSW",2022-12-14 00:00:00.000,67.445173611111116,6566.144652777778,"Actual"
"NSW",2022-12-15 00:00:00.000,80.611770833333367,6638.9188541666672,"Actual"
"NSW",2022-12-16 00:00:00.000,85.645347222222227,6673.0788888888892,"Actual"
"NSW",2022-12-17 00:00:00.000,55.920937499999994,6340.0526388888884,"Actual"
"NSW",2022-12-18 00:00:00.000,45.674097222222059,6163.436770833333,"Actual"
"NSW",2022-12-19 00:00:00.000,76.6411805555556,6671.6092013888892,"Actual"
"NSW",2022-12-20 00:00:00.000,59.023611111111123,6721.7653125,"Actual"
"NSW",2022-12-21 00:00:00.000,64.811180555555566,6550.4079513888892,"Actual"
"NSW",2022-12-22 00:00:00.000,103.91048611111113,7107.2509375,"Actual"
"NSW",2022-12-23 00:00:00.000,84.076249999999945,6972.7361458333335,"Actual"
"NSW",2022-12-24 00:00:00.000,111.04281249999997,6907.1134374999992,"Actual"
"NSW",2022-12-25 00:00:00.000,60.7686111111111,6276.9296180555557,"Actual"
"NSW",2022-12-26 00:00:00.000,74.2532291666666,6659.1484027777778,"Actual"
"NSW",2022-12-27 00:00:00.000,46.092013888888822,6740.6977430555562,"Actual"
"NSW",2022-12-28 00:00:00.000,55.616597222222211,7160.0318402777775,"Actual"
"NSW",2022-12-29 00:00:00.000,93.621597222222221,6989.3570138888881,"Actual"
"NSW",2022-12-30 00:00:00.000,74.90746527777776,6798.0618749999994,"Actual"
"NSW",2022-12-31 00:00:00.000,80.6025694444444,6566.7231597222217,"Actual"
"NSW",2023-01-01 00:00:00.000,70.832395833333337,6427.1758680555558,"Actual"
"NSW",2023-01-02 00:00:00.000,86.269027777777779,6534.0396527777775,"Actual"
"NSW",2023-01-03 00:00:00.000,74.482222222222248,7288.1427083333338,"Actual"
"NSW",2023-01-04 00:00:00.000,83.291631944444447,7323.9542361111107,"Actual"
"NSW",2023-01-05 00:00:00.000,85.6004166666666,6831.716875,"Actual"
"NSW",2023-01-06 00:00:00.000,67.921111111111117,6796.266875,"Actual"
"NSW",2023-01-07 00:00:00.000,44.28732638888885,6390.626666666667,"Actual"
"NSW",2023-01-08 00:00:00.000,50.790277777777774,5982.6496527777772,"Actual"
"NSW",2023-01-09 00:00:00.000,99.075347222222234,6864.9956944444448,"Actual"
"NSW",2023-01-10 00:00:00.000,82.695,7074.4948263888891,"Actual"
"NSW",2023-01-11 00:00:00.000,105.0810763888889,7331.4652430555552,"Actual"
"NSW",2023-01-12 00:00:00.000,112.07204861111111,7518.1469097222225,"Actual"
"NSW",2023-01-13 00:00:00.000,130.62180555555557,7548.9610763888886,"Actual"
"NSW",2023-01-14 00:00:00.000,102.3261111111111,7029.2320486111112,"Actual"
"NSW",2023-01-15 00:00:00.000,74.604131944444433,7102.4951736111107,"Actual"
"NSW",2023-01-16 00:00:00.000,105.02604166666667,7840.361736111111,"Actual"
"NSW",2023-01-17 00:00:00.000,98.191805555555561,7893.4778819444446,"Actual"
"NSW",2023-01-18 00:00:00.000,100.77000000000001,8253.01875,"Actual"
"NSW",2023-01-19 00:00:00.000,86.577048611111124,7567.438923611111,"Actual"
"NSW",2023-01-20 00:00:00.000,63.752465277777759,7142.2330555555554,"Actual"
"NSW",2023-01-21 00:00:00.000,59.089166666666692,6399.2255208333327,"Actual"
"NSW",2023-01-22 00:00:00.000,83.896770833333321,6725.5982638888891,"Actual"
"NSW",2023-01-23 00:00:00.000,105.51506944444445,7164.5417013888891,"Actual"
"NSW",2023-01-24 00:00:00.000,112.74930555555555,7601.2575347222219,"Actual"
"NSW",2023-01-25 00:00:00.000,114.7278125,7852.9536111111111,"Actual"
"NSW",2023-01-26 00:00:00.000,100.9342361111111,7747.5940625,"Actual"
"NSW",2023-01-27 00:00:00.000,105.74475694444443,8038.1239236111114,"Actual"
"NSW",2023-01-28 00:00:00.000,114.15697916666666,8162.4042708333336,"Actual"
"NSW",2023-01-29 00:00:00.000,155.43475694444444,8328.3747916666671,"Actual"
"NSW",2023-01-30 00:00:00.000,119.07947916666666,8299.9643055555553,"Actual"
"NSW",2023-01-31 00:00:00.000,130.5089236111111,7840.1918749999995,"Actual"
"NSW",2023-02-01 00:00:00.000,124.75152777777777,7690.0587847222223,"Actual"
"NSW",2023-02-02 00:00:00.000,153.39618055555556,8381.6860416666677,"Actual"
"NSW",2023-02-03 00:00:00.000,83.9220486111111,7571.6621875,"Actual"
"NSW",2023-02-04 00:00:00.000,68.990868055555637,6385.4577777777777,"Actual"
"NSW",2023-02-05 00:00:00.000,81.169756944444458,6443.4580208333336,"Actual"
"NSW",2023-02-06 00:00:00.000,115.72440972222222,7974.4682638888889,"Actual"
"NSW",2023-02-07 00:00:00.000,99.202152777777769,8165.0543055555554,"Actual"
"NSW",2023-02-08 00:00:00.000,87.714166666666657,7907.092326388889,"Actual"
"NSW",2023-02-09 00:00:00.000,104.28229166666668,7874.2251041666668,"Actual"
"NSW",2023-02-10 00:00:00.000,91.715034722222214,7745.2407291666668,"Actual"
"NSW",2023-02-11 00:00:00.000,48.814340277777788,7780.3650347222219,"Actual"
"NSW",2023-02-12 00:00:00.000,77.1399652777778,7134.8997569444446,"Actual"
"NSW",2023-02-13 00:00:00.000,97.3009027777778,7499.0624305555557,"Actual"
"NSW",2023-02-14 00:00:00.000,83.7248611111111,7458.3302777777781,"Actual"
"NSW",2023-02-15 00:00:00.000,84.3414236111111,7345.7082638888887,"Actual"
"NSW",2023-02-16 00:00:00.000,104.8322222222222,7766.00375,"Actual"
"NSW",2023-02-17 00:00:00.000,104.85270833333335,8253.9972916666666,"Actual"
"NSW",2023-02-18 00:00:00.000,104.94704861111111,7947.5459375,"Actual"
"NSW",2023-02-19 00:00:00.000,95.359305555555551,7436.2783680555558,"Actual"
"NSW",2023-02-20 00:00:00.000,118.03121527777776,8670.85048611111,"Actual"
"NSW",2023-02-21 00:00:00.000,91.403472222222234,8378.105,"Actual"
"NSW",2023-02-22 00:00:00.000,70.311770833333327,7643.7372569444442,"Actual"
"NSW",2023-02-23 00:00:00.000,68.686493055555545,7366.2629513888887,"Actual"
"NSW",2023-02-24 00:00:00.000,58.965972222222206,7287.5477430555557,"Actual"
"NSW",2023-02-25 00:00:00.000,59.862708333333323,6786.345173611111,"Actual"
"NSW",2023-02-26 00:00:00.000,49.487048611111064,7164.6983333333337,"Actual"
"NSW",2023-02-27 00:00:00.000,98.894895833333322,7951.3510416666668,"Actual"
"NSW",2023-02-28 00:00:00.000,95.92572916666667,8015.3694444444445,"Actual"
"NSW",2023-03-01 00:00:00.000,80.864027777777764,7856.6019097222224,"Actual"
"NSW",2023-03-02 00:00:00.000,93.920625,7839.2084375,"Actual"
"NSW",2023-03-03 00:00:00.000,84.586631944444449,7677.7642708333333,"Actual"
"NSW",2023-03-04 00:00:00.000,96.259722222222223,7130.9212152777773,"Actual"
"NSW",2023-03-05 00:00:00.000,116.64517361111109,7051.8707291666669,"Actual"
"NSW",2023-03-06 00:00:00.000,101.05048611111108,8934.4155208333323,"Actual"
"NSW",2023-03-07 00:00:00.000,86.11875,8591.465902777778,"Actual"
"NSW",2023-03-08 00:00:00.000,82.003055555555562,7602.3429166666665,"Actual"
"NSW",2023-03-09 00:00:00.000,98.652118055555562,7240.2578472222222,"Actual"
"NSW",2023-03-10 00:00:00.000,96.81875,7411.9339583333331,"Actual"
"NSW",2023-03-11 00:00:00.000,88.168229166666663,7368.3183680555558,"Actual"
"NSW",2023-03-12 00:00:00.000,87.44979166666667,7173.5185416666664,"Actual"
"NSW",2023-03-13 00:00:00.000,77.893784722222236,7506.9667013888884,"Actual"
"NSW",2023-03-14 00:00:00.000,109.17638888888889,7632.5135763888893,"Actual"
"NSW",2023-03-15 00:00:00.000,105.38416666666667,7737.6237152777776,"Actual"
"NSW",2023-03-16 00:00:00.000,476.40944444444466,8460.2805555555569,"Actual"
"NSW",2023-03-17 00:00:00.000,241.59190972222228,8175.8547569444445,"Actual"
"NSW",2023-03-18 00:00:00.000,82.300347222222229,7838.9863194444451,"Actual"
"NSW",2023-03-19 00:00:00.000,142.37878472222226,8211.2394791666666,"Actual"
"NSW",2023-03-20 00:00:00.000,76.18472222222222,7865.1203125,"Actual"
"NSW",2023-03-21 00:00:00.000,98.703263888888884,7516.7155555555555,"Actual"
"NSW",2023-03-22 00:00:00.000,104.47187499999998,7539.6333680555554,"Actual"
"NSW",2023-03-23 00:00:00.000,115.66947916666666,7738.4275,"Actual"
"NSW",2023-03-24 00:00:00.000,95.800555555555547,7355.9052777777779,"Actual"
"NSW",2023-03-25 00:00:00.000,79.217361111111131,7084.5680902777776,"Actual"
"NSW",2023-03-26 00:00:00.000,98.118159722222231,6802.9601388888887,"Actual"
"NSW",2023-03-27 00:00:00.000,141.4715625,7679.0946527777778,"Actual"
"NSW",2023-03-28 00:00:00.000,150.66961805555559,7740.2052430555559,"Actual"
"NSW",2023-03-29 00:00:00.000,102.2425347222222,7516.4227430555557,"Actual"
"NSW",2023-03-30 00:00:00.000,97.106180555555554,6857.4275,"Actual"
"NSW",2023-03-31 00:00:00.000,88.992986111111108,6756.9600694444443,"Actual"
"NSW",2023-04-01 00:00:00.000,143.10753472222225,6666.2054861111119,"Actual"
"NSW",2023-04-02 00:00:00.000,110.28374999999997,6614.8489930555552,"Actual"
"NSW",2023-04-03 00:00:00.000,136.68114583333335,7090.2640625,"Actual"
"NSW",2023-04-04 00:00:00.000,146.36812500000002,7082.6670486111107,"Actual"
"NSW",2023-04-05 00:00:00.000,190.26652777777772,7088.5464583333332,"Actual"
"NSW",2023-04-06 00:00:00.000,110.04510416666668,7186.8893055555554,"Actual"
"NSW",2023-04-07 00:00:00.000,82.614895833333321,6659.4267013888893,"Actual"
"NSW",2023-04-08 00:00:00.000,23.290104166666623,6144.7561458333339,"Actual"
"NSW",2023-04-09 00:00:00.000,22.080972222222165,5837.3130902777784,"Actual"
"NSW",2023-04-10 00:00:00.000,73.342881944444443,6223.5682291666662,"Actual"
"NSW",2023-04-11 00:00:00.000,101.00822916666667,6970.4920833333335,"Actual"
"NSW",2023-04-12 00:00:00.000,110.56128472222223,7346.2440625,"Actual"
"NSW",2023-04-13 00:00:00.000,110.25437500000001,7283.7617013888885,"Actual"
"NSW",2023-04-14 00:00:00.000,92.792013888888846,7189.199375,"Actual"
"NSW",2023-04-15 00:00:00.000,82.034166666666664,6391.4755555555557,"Actual"
"NSW",2023-04-16 00:00:00.000,83.940104166666671,6573.5558680555559,"Actual"
"NSW",2023-04-17 00:00:00.000,132.14763888888891,7065.4284722222219,"Actual"
"NSW",2023-04-18 00:00:00.000,111.94048611111103,7115.9638541666673,"Actual"
"NSW",2023-04-19 00:00:00.000,134.46829861111109,7027.0411805555559,"Actual"
"NSW",2023-04-20 00:00:00.000,136.34642361111113,7627.7883680555551,"Actual"
"NSW",2023-04-21 00:00:00.000,132.64052083333334,7229.8688194444439,"Actual"
"NSW",2023-04-22 00:00:00.000,88.253090277777744,7019.6222916666666,"Actual"
"NSW",2023-04-23 00:00:00.000,76.275416666666672,6779.0458333333336,"Actual"
"NSW",2023-04-24 00:00:00.000,96.975173611111089,7113.2196180555557,"Actual"
"NSW",2023-04-25 00:00:00.000,88.223229166666655,6562.6092708333344,"Actual"
"NSW",2023-04-26 00:00:00.000,96.886840277777779,7219.855590277778,"Actual"
"NSW",2023-04-27 00:00:00.000,101.83090277777778,7165.4528125,"Actual"
"NSW",2023-04-28 00:00:00.000,126.39204861111111,7216.5852777777773,"Actual"
"NSW",2023-04-29 00:00:00.000,183.92826388888898,7350.229652777778,"Actual"
"NSW",2023-04-30 00:00:00.000,200.06065972222217,7012.8740972222222,"Actual"
"NSW",2023-05-01 00:00:00.000,229.07131944444436,7450.4362847222219,"Actual"
"NSW",2023-05-02 00:00:00.000,143.90413194444446,7474.6051041666669,"Actual"
"NSW",2023-05-03 00:00:00.000,107.28920138888887,7241.241944444444,"Actual"
"NSW",2023-05-04 00:00:00.000,180.0064236111111,7412.4104166666666,"Actual"
"NSW",2023-05-05 00:00:00.000,150.79958333333332,7429.5015625000015,"Actual"
"NSW",2023-05-06 00:00:00.000,177.38086805555557,7121.0777430555554,"Actual"
"NSW",2023-05-07 00:00:00.000,127.06347222222222,7853.9825347222231,"Actual"
"NSW",2023-05-08 00:00:00.000,132.29440972222224,8225.461180555556,"Actual"
"NSW",2023-05-09 00:00:00.000,170.03607638888889,8250.9535069444446,"Actual"
"NSW",2023-05-10 00:00:00.000,204.1465625,7971.1807291666664,"Actual"
"NSW",2023-05-11 00:00:00.000,150.9376388888889,7878.7613194444448,"Actual"
"NSW",2023-05-12 00:00:00.000,179.89104166666667,7755.9621180555559,"Actual"
"NSW",2023-05-13 00:00:00.000,155.6346875,7484.9726041666663,"Actual"
"NSW",2023-05-14 00:00:00.000,147.84673611111111,7236.084027777777,"Actual"
"NSW",2023-05-15 00:00:00.000,168.19388888888889,7912.113125,"Actual"
"NSW",2023-05-16 00:00:00.000,187.65982638888889,7991.3915625,"Actual"
"NSW",2023-05-17 00:00:00.000,213.54944444444442,8225.1211805555558,"Actual"
"NSW",2023-05-18 00:00:00.000,180.9295486111111,8405.9626388888883,"Actual"
"NSW",2023-05-19 00:00:00.000,186.03493055555555,8335.8259722222228,"Actual"
"NSW",2023-05-20 00:00:00.000,221.3440277777778,7997.5403819444446,"Actual"
"NSW",2023-05-21 00:00:00.000,106.1603125,7636.6284027777774,"Actual"
"NSW",2023-05-22 00:00:00.000,171.54277777777776,8398.3722916666666,"Actual"
"NSW",2023-05-23 00:00:00.000,224.01777777777789,8525.9525347222225,"Actual"
"NSW",2023-05-24 00:00:00.000,546.96711805555583,8439.9972569444453,"Actual"
"NSW",2023-05-25 00:00:00.000,385.91687500000012,8533.0680555555555,"Actual"
"NSW",2023-05-26 00:00:00.000,176.3121180555556,8805.4993402777782,"Actual"
"NSW",2023-05-27 00:00:00.000,223.54236111111115,8141.4959027777777,"Actual"
"NSW",2023-05-28 00:00:00.000,117.20607638888887,8240.8952083333334,"Actual"
"NSW",2023-05-29 00:00:00.000,107.78124999999999,8319.8303472222215,"Actual"
"NSW",2023-05-30 00:00:00.000,428.70357638888873,8302.3953125,"Actual"
"NSW",2023-05-31 00:00:00.000,111.78118055555555,8272.5596875,"Actual"
"NSW",2023-06-01 00:00:00.000,134.55079861111113,8180.4568402777777,"Actual"
"NSW",2023-06-02 00:00:00.000,143.95496527777777,8105.1850694444447,"Actual"
"NSW",2023-06-03 00:00:00.000,105.66881944444444,7405.6754513888882,"Actual"
"NSW",2023-06-04 00:00:00.000,82.831597222222214,7537.2650347222216,"Actual"
"NSW",2023-06-05 00:00:00.000,86.684652777777757,8161.2013194444444,"Actual"
"NSW",2023-06-06 00:00:00.000,110.53343750000006,8247.6471180555563,"Actual"
"NSW",2023-06-07 00:00:00.000,80.499513888888913,7954.497638888889,"Actual"
"NSW",2023-06-08 00:00:00.000,99.6459375,8534.1943402777779,"Actual"
"NSW",2023-06-09 00:00:00.000,83.117256944444449,8167.7519791666664,"Actual"
"NSW",2023-06-10 00:00:00.000,89.920069444444465,7820.040972222223,"Actual"
"NSW",2023-06-11 00:00:00.000,105.88569444444445,7804.2842708333337,"Actual"
"NSW",2023-06-12 00:00:00.000,115.66423611111111,8087.2692361111112,"Actual"
"NSW",2023-06-13 00:00:00.000,111.70100694444443,8494.893472222222,"Actual"
"NSW",2023-06-14 00:00:00.000,83.300798611111119,8456.013715277777,"Actual"
"NSW",2023-06-15 00:00:00.000,95.79,8726.2682986111122,"Actual"
"NSW",2023-06-16 00:00:00.000,84.34479166666668,8592.200625,"Actual"
"NSW",2023-06-17 00:00:00.000,102.08506944444444,8109.184375,"Actual"
"NSW",2023-06-18 00:00:00.000,81.66649305555552,8055.4438541666668,"Actual"
"NSW",2023-06-19 00:00:00.000,158.77965277777776,9132.8633680555558,"Actual"
"NSW",2023-06-20 00:00:00.000,155.36677083333336,9477.5945833333335,"Actual"
"NSW",2023-06-21 00:00:00.000,213.34121527777776,9626.5478819444452,"Actual"
"NSW",2023-06-22 00:00:00.000,130.43430555555554,9831.7576736111114,"Actual"
"NSW",2023-06-23 00:00:00.000,86.932777777777787,8728.7940625,"Actual"
"NSW",2023-06-24 00:00:00.000,62.70663194444446,8026.7342013888892,"Actual"
"NSW",2023-06-25 00:00:00.000,57.05847222222225,7847.0780902777778,"Actual"
"NSW",2023-06-26 00:00:00.000,90.561666666666667,8473.4442708333336,"Actual"
"NSW",2023-06-27 00:00:00.000,109.22500000000004,8745.1396527777779,"Actual"
"NSW",2023-06-28 00:00:00.000,129.50840277777775,9628.4427083333339,"Actual"
"NSW",2023-06-29 00:00:00.000,82.333958333333328,9124.1803125,"Actual"
"NSW",2023-06-30 00:00:00.000,81.754895833333336,8954.7278125,"Actual"
"NSW",2023-07-01 00:00:00.000,117.68458333333334,8303.6119791666679,"Actual"
"NSW",2023-07-02 00:00:00.000,108.32548611111109,8125.0570486111119,"Actual"
"NSW",2023-07-03 00:00:00.000,166.15840277777778,8801.3780208333337,"Actual"
"NSW",2023-07-04 00:00:00.000,153.55274305555562,9093.84829861111,"Actual"
"NSW",2023-07-05 00:00:00.000,86.7309375,8155.3959374999995,"Actual"
"NSW",2023-07-06 00:00:00.000,77.185416666666669,8480.2194791666661,"Actual"
"NSW",2023-07-07 00:00:00.000,47.128472222222207,8306.3936458333337,"Actual"
"NSW",2023-07-08 00:00:00.000,35.476944444444442,7806.3519097222224,"Actual"
"NSW",2023-07-09 00:00:00.000,36.276979166666663,7450.6225,"Actual"
"NSW",2023-07-10 00:00:00.000,58.615208333333342,8120.2232986111112,"Actual"
"NSW",2023-07-11 00:00:00.000,92.850555555555559,8465.6842708333334,"Actual"
"NSW",2023-07-12 00:00:00.000,74.870416666666671,8418.5180208333331,"Actual"
"NSW",2023-07-13 00:00:00.000,71.240520833333335,8337.1165277777782,"Actual"
"NSW",2023-07-14 00:00:00.000,44.855243055555505,8121.7700347222226,"Actual"
"NSW",2023-07-15 00:00:00.000,63.732430555555545,7449.2305208333328,"Actual"
"NSW",2023-07-16 00:00:00.000,92.68024305555555,7703.1649652777778,"Actual"
"NSW",2023-07-17 00:00:00.000,99.132291666666674,8246.4085069444445,"Actual"
"NSW",2023-07-18 00:00:00.000,81.59760416666667,8256.1208333333343,"Actual"
"NSW",2023-07-19 00:00:00.000,94.748125000000016,8538.8904166666671,"Actual"
"NSW",2023-07-20 00:00:00.000,69.333680555555546,8943.7624999999989,"Actual"
"NSW",2023-07-21 00:00:00.000,97.22673611111108,8908.1178819444449,"Actual"
"NSW",2023-07-22 00:00:00.000,78.822118055555535,8195.8242013888885,"Actual"
"NSW",2023-07-23 00:00:00.000,82.055694444444441,8093.0173611111113,"Actual"
"NSW",2023-07-24 00:00:00.000,114.54121527777777,8713.5595486111124,"Actual"
"NSW",2023-07-25 00:00:00.000,118.50395833333332,8632.3922222222227,"Actual"
"NSW",2023-07-26 00:00:00.000,109.23548611111111,8421.767048611111,"Actual"
"NSW",2023-07-27 00:00:00.000,70.371631944444459,8326.5868749999991,"Actual"
"NSW",2023-07-28 00:00:00.000,89.538368055555551,8166.2597916666664,"Actual"
"NSW",2023-07-29 00:00:00.000,65.946597222222223,7273.530798611112,"Actual"
"NSW",2023-07-30 00:00:00.000,43.68576388888895,6835.2343402777769,"Actual"
"NSW",2023-07-31 00:00:00.000,66.604027777777773,7443.9677430555557,"Actual"
"NSW",2023-08-01 00:00:00.000,227.91753472222211,7833.3385763888891,"Actual"
"NSW",2023-08-02 00:00:00.000,92.919687500000009,8304.7783333333336,"Actual"
"NSW",2023-08-03 00:00:00.000,77.152152777777786,7924.5749652777777,"Actual"
"NSW",2023-08-04 00:00:00.000,43.149722222222181,7693.8804861111112,"Actual"
"NSW",2023-08-05 00:00:00.000,68.704583333333332,7730.3509374999994,"Actual"
"NSW",2023-08-06 00:00:00.000,79.966388888888872,7693.4272569444447,"Actual"
"NSW",2023-08-07 00:00:00.000,90.786527777777749,8429.341840277777,"Actual"
"NSW",2023-08-08 00:00:00.000,102.06381944444445,8226.6754166666669,"Actual"
"NSW",2023-08-09 00:00:00.000,57.916909722222222,7875.717083333333,"Actual"
"NSW",2023-08-10 00:00:00.000,71.560451388888879,7849.3858680555559,"Actual"
"NSW",2023-08-11 00:00:00.000,76.118611111111122,7881.1487152777781,"Actual"
"NSW",2023-08-12 00:00:00.000,81.8272222222222,7490.3959027777773,"Actual"
"NSW",2023-08-13 00:00:00.000,95.55746527777778,7661.7321180555555,"Actual"
"NSW",2023-08-14 00:00:00.000,152.51875000000004,8596.9786805555559,"Actual"
"NSW",2023-08-15 00:00:00.000,280.610138888889,8367.3844097222227,"Actual"
"NSW",2023-08-16 00:00:00.000,129.26979166666666,8300.1504513888885,"Actual"
"NSW",2023-08-17 00:00:00.000,94.603472222222223,8084.7210763888888,"Actual"
"NSW",2023-08-18 00:00:00.000,69.3376388888889,7956.4661805555561,"Actual"
"NSW",2023-08-19 00:00:00.000,40.438298611111122,7488.2162847222226,"Actual"
"NSW",2023-08-20 00:00:00.000,65.783611111111114,6950.833090277778,"Actual"
"NSW",2023-08-21 00:00:00.000,95.923090277777774,7512.4908333333333,"Actual"
"NSW",2023-08-22 00:00:00.000,102.26697916666666,7647.314861111111,"Actual"
"NSW",2023-08-23 00:00:00.000,100.56697916666666,7718.7642361111111,"Actual"
"NSW",2023-08-24 00:00:00.000,81.353576388888939,7766.5312152777778,"Actual"
"NSW",2023-08-25 00:00:00.000,75.693819444444443,7573.833090277778,"Actual"
"NSW",2023-08-26 00:00:00.000,64.8522222222222,7085.7349305555554,"Actual"
"NSW",2023-08-27 00:00:00.000,66.243680555555557,6808.4981597222231,"Actual"
"NSW",2023-08-28 00:00:00.000,101.73611111111111,7469.545451388889,"Actual"
"NSW",2023-08-29 00:00:00.000,62.001006944444441,7345.3901041666659,"Actual"
"NSW",2023-08-30 00:00:00.000,80.692326388888887,7474.1824305555556,"Actual"
"NSW",2023-08-31 00:00:00.000,62.9957638888889,7411.4386111111116,"Actual"
"NSW",2023-09-01 00:00:00.000,99.521701388888886,7484.13982638889,"Actual"
"NSW",2023-09-02 00:00:00.000,81.3780208333335,6995.7750694444439,"Actual"
"NSW",2023-09-03 00:00:00.000,46.855833333333372,6619.7236805555558,"Actual"
"NSW",2023-09-04 00:00:00.000,202.96902777777763,7227.8158333333331,"Actual"
"NSW",2023-09-05 00:00:00.000,48.941736111111055,6916.16173611111,"Actual"
"NSW",2023-09-06 00:00:00.000,72.139895833333355,7132.6073263888884,"Actual"
"NSW",2023-09-07 00:00:00.000,53.728541666666651,7117.273194444444,"Actual"
"NSW",2023-09-08 00:00:00.000,56.669756944444444,7543.1440625,"Actual"
"NSW",2023-09-09 00:00:00.000,42.558819444444367,6754.943194444445,"Actual"
"NSW",2023-09-10 00:00:00.000,65.560000000000031,6790.84048611111,"Actual"
"NSW",2023-09-11 00:00:00.000,97.212951388888868,7352.805868055555,"Actual"
"NSW",2023-09-12 00:00:00.000,95.632951388888884,7392.5108680555559,"Actual"
"NSW",2023-09-13 00:00:00.000,81.262152777777729,7067.32267361111,"Actual"
"NSW",2023-09-14 00:00:00.000,61.309756944444452,6946.7978819444443,"Actual"
"NSW",2023-09-15 00:00:00.000,41.404618055555567,6771.4228472222221,"Actual"
"NSW",2023-09-16 00:00:00.000,29.083472222222269,6268.5419791666664,"Actual"
"NSW",2023-09-17 00:00:00.000,35.919826388888922,6164.2613194444439,"Actual"
"NSW",2023-09-18 00:00:00.000,78.931770833333331,6987.122395833333,"Actual"
"NSW",2023-09-19 00:00:00.000,52.767326388888932,7150.6763888888891,"Actual"
"NSW",2023-09-20 00:00:00.000,48.007465277777804,7288.1305208333333,"Actual"
"NSW",2023-09-21 00:00:00.000,66.294930555555567,6759.9117013888881,"Actual"
"NSW",2023-09-22 00:00:00.000,55.873055555555553,6915.2479166666662,"Actual"
"NSW",2023-09-23 00:00:00.000,39.789618055555515,6545.2992013888888,"Actual"
"NSW",2023-09-24 00:00:00.000,32.966458333333378,6213.8346875,"Actual"
"NSW",2023-09-25 00:00:00.000,53.9079513888889,6573.9516666666677,"Actual"
"NSW",2023-09-26 00:00:00.000,83.481597222222234,6877.9903819444444,"Actual"
"NSW",2023-09-27 00:00:00.000,59.858819444444485,6887.71795138889,"Actual"
"NSW",2023-09-28 00:00:00.000,67.937847222222217,7043.6415277777778,"Actual"
"NSW",2023-09-29 00:00:00.000,46.139826388888913,6677.8042013888889,"Actual"
"NSW",2023-09-30 00:00:00.000,38.212673611111143,6242.4757291666656,"Actual"
"NSW",2023-10-01 00:00:00.000,14.206388888888952,6416.6436111111107,"Actual"
"NSW",2023-10-02 00:00:00.000,31.719652777777725,6105.2118055555557,"Actual"
"NSW",2023-10-03 00:00:00.000,80.053402777777762,7299.1224652777773,"Actual"
"NSW",2023-10-04 00:00:00.000,71.492256944444449,7505.7285069444442,"Actual"
"NSW",2023-10-05 00:00:00.000,28.495069444444425,6434.0437152777777,"Actual"
"NSW",2023-10-06 00:00:00.000,58.040624999999991,6708.6430208333331,"Actual"
"NSW",2023-10-07 00:00:00.000,40.996874999999974,6128.116736111112,"Actual"
"NSW",2023-10-08 00:00:00.000,40.737743055555541,5929.9110763888893,"Actual"
"NSW",2023-10-09 00:00:00.000,40.335416666666674,6372.72576388889,"Actual"
"NSW",2023-10-10 00:00:00.000,70.75277777777778,6639.281875,"Actual"
"NSW",2023-10-11 00:00:00.000,44.988333333333351,6534.6471180555554,"Actual"
"NSW",2023-10-12 00:00:00.000,42.333159722222234,6839.297604166667,"Actual"
"NSW",2023-10-13 00:00:00.000,21.594409722222167,6265.4046527777782,"Actual"
"NSW",2023-10-14 00:00:00.000,14.815798611111141,6021.093125,"Actual"
"NSW",2023-10-15 00:00:00.000,30.973368055555593,5912.6437847222223,"Actual"
"NSW",2023-10-16 00:00:00.000,37.373472222222233,6730.656493055556,"Actual"
"NSW",2023-10-17 00:00:00.000,49.920520833333335,6813.6424305555556,"Actual"
"NSW",2023-10-18 00:00:00.000,69.7671875,6652.8113888888893,"Actual"
"NSW",2023-10-19 00:00:00.000,63.772187499999994,6679.1720486111108,"Actual"
"NSW",2023-10-20 00:00:00.000,39.887152777777771,6507.2197569444443,"Actual"
"NSW",2023-10-21 00:00:00.000,29.353194444444394,6212.2972222222215,"Actual"
"NSW",2023-10-22 00:00:00.000,10.524861111111029,5920.3444097222227,"Actual"
"NSW",2023-10-23 00:00:00.000,38.059756944444437,6449.674479166667,"Actual"
"NSW",2023-10-24 00:00:00.000,51.002187500000012,6897.6284375,"Actual"
"NSW",2023-10-25 00:00:00.000,28.437395833333316,6650.7122222222224,"Actual"
"NSW",2023-10-26 00:00:00.000,69.6476736111111,7190.3003819444448,"Actual"
"NSW",2023-10-27 00:00:00.000,47.458368055555532,6951.1955208333329,"Actual"
"NSW",2023-10-28 00:00:00.000,28.872708333333335,6300.5072569444437,"Actual"
"NSW",2023-10-29 00:00:00.000,32.424062500000019,5870.7493749999994,"Actual"
"NSW",2023-10-30 00:00:00.000,33.065729166666685,6834.1983333333337,"Actual"
"NSW",2023-10-31 00:00:00.000,43.440694444444482,6708.0571875000005,"Actual"
"NSW",2023-11-01 00:00:00.000,58.967465277777784,6650.9739930555552,"Actual"
"NSW",2023-11-02 00:00:00.000,56.623090277777784,6677.1659375,"Actual"
"NSW",2023-11-03 00:00:00.000,57.423229166666665,6889.2555555555555,"Actual"
"NSW",2023-11-04 00:00:00.000,54.749548611111109,6663.3957986111109,"Actual"
"NSW",2023-11-05 00:00:00.000,55.136909722222221,6687.5280902777777,"Actual"
"NSW",2023-11-06 00:00:00.000,64.948125,6847.0508680555558,"Actual"
"NSW",2023-11-07 00:00:00.000,56.182083333333352,6615.3281597222222,"Actual"
"NSW",2023-11-08 00:00:00.000,125.45732638888884,6855.328125,"Actual"
"NSW",2023-11-09 00:00:00.000,183.87951388888888,7138.1659375,"Actual"
"NSW",2023-11-10 00:00:00.000,90.341631944444416,6852.997638888889,"Actual"
"NSW",2023-11-11 00:00:00.000,115.27427083333333,6748.6596875,"Actual"
"NSW",2023-11-12 00:00:00.000,120.52503472222224,6471.8040972222216,"Actual"
"NSW",2023-11-13 00:00:00.000,107.14062500000001,6835.7330902777776,"Actual"
"NSW",2023-11-14 00:00:00.000,152.59652777777779,7004.3422916666659,"Actual"
"NSW",2023-11-15 00:00:00.000,129.86621527777777,7210.9011111111113,"Actual"
"NSW",2023-11-16 00:00:00.000,174.78850694444444,7276.9400347222227,"Actual"
"NSW",2023-11-17 00:00:00.000,93.067222222222227,6690.513506944445,"Actual"
"NSW",2023-11-18 00:00:00.000,61.898680555555586,6040.6424652777778,"Actual"
"NSW",2023-11-19 00:00:00.000,78.188333333333318,6083.0485069444449,"Actual"
"NSW",2023-11-20 00:00:00.000,117.58673611111111,7445.439618055555,"Actual"
"NSW",2023-11-21 00:00:00.000,108.65979166666666,7133.4885763888888,"Actual"
"NSW",2023-11-22 00:00:00.000,79.478923611111114,7203.2915625,"Actual"
"NSW",2023-11-23 00:00:00.000,68.700277777777771,7220.1136111111109,"Actual"
"NSW",2023-11-24 00:00:00.000,87.480277777777772,7463.5824999999995,"Actual"
"NSW",2023-11-25 00:00:00.000,71.961319444444442,7029.15,"Actual"
"NSW",2023-11-26 00:00:00.000,43.222013888888881,6518.7289583333331,"Actual"
"NSW",2023-11-27 00:00:00.000,58.151805555555555,7279.9788194444445,"Actual"
"NSW",2023-11-28 00:00:00.000,68.016284722222224,7751.613125,"Actual"
"NSW",2023-11-29 00:00:00.000,47.251215277777753,7471.1864930555557,"Actual"
"NSW",2023-11-30 00:00:00.000,33.125104166666659,7181.1352083333331,"Actual"
"NSW",2023-12-01 00:00:00.000,65.64392361111112,7208.8987847222224,"Actual"
"NSW",2023-12-02 00:00:00.000,63.1226388888889,6867.3585763888887,"Actual"
"NSW",2023-12-03 00:00:00.000,32.665729166666765,6199.4844791666674,"Actual"
"NSW",2023-12-04 00:00:00.000,75.927083333333329,6931.1506597222224,"Actual"
"NSW",2023-12-05 00:00:00.000,102.4557638888889,7682.0465277777776,"Actual"
"NSW",2023-12-06 00:00:00.000,73.543402777777771,7525.7403472222213,"Actual"
"NSW",2023-12-07 00:00:00.000,102.20694444444445,7808.66,"Actual"
"NSW",2023-12-08 00:00:00.000,176.11815972222232,8792.5515625,"Actual"
"NSW",2023-12-09 00:00:00.000,71.645208333333329,9114.8975000000009,"Actual"
"NSW",2023-12-10 00:00:00.000,38.968402777777769,7520.7810416666662,"Actual"
"NSW",2023-12-11 00:00:00.000,91.709722222222226,8320.3688888888883,"Actual"
"NSW",2023-12-12 00:00:00.000,90.2089236111111,8280.2365972222215,"Actual"
"NSW",2023-12-13 00:00:00.000,84.639895833333341,8458.2428472222236,"Actual"
"NSW",2023-12-14 00:00:00.000,115.87145833333334,9294.7751736111113,"Actual"
"NSW",2023-12-15 00:00:00.000,84.517569444444462,8017.4322222222227,"Actual"
"NSW",2023-12-16 00:00:00.000,61.900277777777752,7409.4214236111111,"Actual"
"NSW",2023-12-17 00:00:00.000,80.238611111111126,6950.3302777777781,"Actual"
"NSW",2023-12-18 00:00:00.000,109.24656250000001,8368.4477430555544,"Actual"
"NSW",2023-12-19 00:00:00.000,74.872604166666648,9013.0680208333324,"Actual"
"NSW",2023-12-20 00:00:00.000,58.389826388888892,7719.0973263888891,"Actual"
"NSW",2023-12-21 00:00:00.000,52.073402777777773,6989.4565277777774,"Actual"
"NSW",2023-12-22 00:00:00.000,33.287638888888864,6368.1889930555562,"Actual"
"NSW",2023-12-23 00:00:00.000,40.095347222222259,6174.2126388888883,"Actual"
"NSW",2023-12-24 00:00:00.000,46.740902777777805,6468.7250694444447,"Actual"
"NSW",2023-12-25 00:00:00.000,9.6704861111112024,5952.8703125,"Actual"
"NSW",2023-12-26 00:00:00.000,38.952395833333334,6375.7917361111113,"Actual"
"NSW",2023-12-27 00:00:00.000,57.131006944444451,6617.0358680555555,"Actual"
"NSW",2023-12-28 00:00:00.000,50.416631944444489,6718.9935069444437,"Actual"
"NSW",2023-12-29 00:00:00.000,74.763472222222234,7008.2895833333332,"Actual"
"NSW",2023-12-30 00:00:00.000,30.594513888888841,6086.0360763888884,"Actual"
"NSW",2023-12-31 00:00:00.000,28.368645833333307,6392.4899652777776,"Actual"
"NSW",2024-01-01 00:00:00.000,43.153090277777785,6473.0084027777775,"Actual"
"NSW",2024-01-02 00:00:00.000,53.514722222222218,7070.9347222222223,"Actual"
"NSW",2024-01-03 00:00:00.000,65.301562499999974,7426.584270833333,"Actual"
"NSW",2024-01-04 00:00:00.000,53.097708333333351,7503.2259722222225,"Actual"
"NSW",2024-01-05 00:00:00.000,39.157118055555571,6799.4006944444445,"Actual"
"NSW",2024-01-06 00:00:00.000,39.064062500000013,6302.1925,"Actual"
"NSW",2024-01-07 00:00:00.000,51.293194444444445,6525.5218402777782,"Actual"
"NSW",2024-01-08 00:00:00.000,70.946840277777767,7667.1951388888883,"Actual"
"NSW",2024-01-09 00:00:00.000,85.178923611111117,7510.9589930555558,"Actual"
"NSW",2024-01-10 00:00:00.000,98.984166666666667,7988.464375,"Actual"
"NSW",2024-01-11 00:00:00.000,77.788125000000022,8497.5605208333327,"Actual"
"NSW",2024-01-12 00:00:00.000,80.168194444444424,8207.4422916666663,"Actual"
"NSW",2024-01-13 00:00:00.000,60.386354166666706,7689.9512152777779,"Actual"
"NSW",2024-01-14 00:00:00.000,33.467430555555552,7038.2923958333331,"Actual"
"NSW",2024-01-15 00:00:00.000,58.9815625,7420.8769791666664,"Actual"
"NSW",2024-01-16 00:00:00.000,81.03850694444445,7476.4418055555552,"Actual"
"NSW",2024-01-17 00:00:00.000,90.88875,7914.4590277777779,"Actual"
"NSW",2024-01-18 00:00:00.000,42.365,7923.3340277777779,"Actual"
"NSW",2024-01-19 00:00:00.000,71.0779861111111,7012.1231597222222,"Actual"
"NSW",2024-01-20 00:00:00.000,61.0846875,7166.0796875,"Actual"
"NSW",2024-01-21 00:00:00.000,423.6281944444446,8172.6294097222217,"Actual"
"NSW",2024-01-22 00:00:00.000,52.36857638888889,7644.2184027777776,"Actual"
"NSW",2024-01-23 00:00:00.000,65.926145833333322,7501.0076041666671,"Actual"
"NSW",2024-01-24 00:00:00.000,79.86625,8104.43,"Actual"
"NSW",2024-01-25 00:00:00.000,89.019340277777772,9213.4886458333331,"Actual"
"NSW",2024-01-26 00:00:00.000,91.454097222222231,8356.9831597222219,"Actual"
"NSW",2024-01-27 00:00:00.000,48.601979166666666,7217.903125,"Actual"
"NSW",2024-01-28 00:00:00.000,58.211736111111122,6860.5315972222215,"Actual"
"NSW",2024-01-29 00:00:00.000,188.98541666666654,8556.2383680555558,"Actual"
"NSW",2024-01-30 00:00:00.000,78.720590277777774,8607.0846527777776,"Actual"
"NSW",2024-01-31 00:00:00.000,82.609201388888891,8247.1734375,"Actual"
"NSW",2024-02-01 00:00:00.000,93.379791666666677,8095.711875,"Actual"
"NSW",2024-02-02 00:00:00.000,120.45194444444442,8195.4563541666666,"Actual"
"NSW",2024-02-03 00:00:00.000,87.969097222222217,7414.0728819444448,"Actual"
"NSW",2024-02-04 00:00:00.000,105.89781249999997,8436.299965277778,"Actual"
"NSW",2024-02-05 00:00:00.000,198.89083333333343,9892.1743402777774,"Actual"
"NSW",2024-02-06 00:00:00.000,68.600625,8187.4615625,"Actual"
"NSW",2024-02-07 00:00:00.000,58.063680555555543,7123.0616319444443,"Actual"
"NSW",2024-02-08 00:00:00.000,68.252118055555556,7112.0301736111105,"Actual"
"NSW",2024-02-09 00:00:00.000,59.3517013888889,7034.3519791666668,"Actual"
"NSW",2024-02-10 00:00:00.000,38.978194444444426,6609.4831597222219,"Actual"
"NSW",2024-02-11 00:00:00.000,45.078055555555579,6588.5323958333329,"Actual"
"NSW",2024-02-12 00:00:00.000,97.170243055555545,7870.2913194444445,"Actual"
"NSW",2024-02-13 00:00:00.000,81.275868055555563,8389.9046180555561,"Actual"
"NSW",2024-02-14 00:00:00.000,83.814097222222159,7984.8476388888885,"Actual"
"NSW",2024-02-15 00:00:00.000,64.423402777777781,7540.7546875,"Actual"
"NSW",2024-02-16 00:00:00.000,71.815555555555548,7977.720625,"Actual"
"NSW",2024-02-17 00:00:00.000,65.044097222222234,7863.51,"Actual"
"NSW",2024-02-18 00:00:00.000,64.560208333333335,7670.6312847222225,"Actual"
"NSW",2024-02-19 00:00:00.000,73.082812499999989,7968.8325347222217,"Actual"
"NSW",2024-02-20 00:00:00.000,69.448923611111127,7564.4583680555552,"Actual"
"NSW",2024-02-21 00:00:00.000,78.701145833333342,7679.2774305555558,"Actual"
"NSW",2024-02-22 00:00:00.000,107.8614930555556,8347.3474652777768,"Actual"
"NSW",2024-02-23 00:00:00.000,211.2075000000001,9112.4075694444437,"Actual"
"NSW",2024-02-24 00:00:00.000,59.89114583333334,7377.555173611112,"Actual"
"NSW",2024-02-25 00:00:00.000,56.458368055555567,6678.9230902777781,"Actual"
"NSW",2024-02-26 00:00:00.000,100.41190972222222,7737.5047916666672,"Actual"
"NSW",2024-02-27 00:00:00.000,86.341875000000016,8009.601319444444,"Actual"
"NSW",2024-02-28 00:00:00.000,88.068888888888893,8455.2787847222226,"Actual"
"NSW",2024-02-29 00:00:00.000,833.6448263888891,9829.1103472222239,"Actual"
"NSW",2024-03-01 00:00:00.000,92.62819444444446,8816.6109375,"Actual"
"NSW",2024-03-02 00:00:00.000,75.488368055555554,7736.0352430555558,"Actual"
"NSW",2024-03-03 00:00:00.000,62.03711805555556,7065.1490625,"Actual"
"NSW",2024-03-04 00:00:00.000,61.997118055555561,7154.7200347222224,"Actual"
"NSW",2024-03-05 00:00:00.000,70.162430555555545,7063.8498263888887,"Actual"
"NSW",2024-03-06 00:00:00.000,91.2609375,7659.6089236111111,"Actual"
"NSW",2024-03-07 00:00:00.000,67.940555555555562,7898.2297916666666,"Actual"
"NSW",2024-03-08 00:00:00.000,103.84472222222223,8055.5447916666662,"Actual"
"NSW",2024-03-09 00:00:00.000,75.7018402777778,7378.8322222222223,"Actual"
"NSW",2024-03-10 00:00:00.000,71.653472222222177,7172.4484722222232,"Actual"
"NSW",2024-03-11 00:00:00.000,93.967534722222226,7856.6229166666662,"Actual"
"NSW",2024-03-12 00:00:00.000,89.876145833333354,8027.2076388888891,"Actual"
"NSW",2024-03-13 00:00:00.000,95.782569444444448,8008.4121180555549,"Actual"
"NSW",2024-03-14 00:00:00.000,73.923784722222223,8071.9205555555554,"Actual"
"NSW",2024-03-15 00:00:00.000,64.941493055555554,7258.1414930555557,"Actual"
"NSW",2024-03-16 00:00:00.000,60.793819444444445,6679.4054513888887,"Actual"
"NSW",2024-03-17 00:00:00.000,58.637465277777778,6797.2975347222218,"Actual"
"NSW",2024-03-18 00:00:00.000,71.241284722222218,7327.5269444444448,"Actual"
"NSW",2024-03-19 00:00:00.000,63.658923611111121,7544.2635416666672,"Actual"
"NSW",2024-03-20 00:00:00.000,62.89427083333333,7618.0377083333333,"Actual"
"NSW",2024-03-21 00:00:00.000,44.650277777777788,6729.7722222222228,"Actual"
"NSW",2024-03-22 00:00:00.000,57.944444444444443,6952.8312847222223,"Actual"
"NSW",2024-03-23 00:00:00.000,65.6854513888889,6573.3151736111113,"Actual"
"NSW",2024-03-24 00:00:00.000,59.237430555555555,6483.1760069444445,"Actual"
"NSW",2024-03-25 00:00:00.000,65.17295138888889,7013.9964583333331,"Actual"
"NSW",2024-03-26 00:00:00.000,95.5953125,7279.9438541666668,"Actual"
"NSW",2024-03-27 00:00:00.000,71.138749999999973,7291.7829513888892,"Actual"
"NSW",2024-03-28 00:00:00.000,61.641770833333332,7305.3191319444441,"Actual"
"NSW",2024-03-29 00:00:00.000,53.475590277777741,6453.8163541666663,"Actual"
"NSW",2024-03-30 00:00:00.000,50.767812499999962,6367.8619097222218,"Actual"
"NSW",2024-03-31 00:00:00.000,50.794409722222227,6252.4103819444445,"Actual"
"NSW",2024-04-01 00:00:00.000,53.916736111111128,6564.8758680555557,"Actual"
"NSW",2024-04-02 00:00:00.000,52.362743055555562,7303.4815625,"Actual"
"NSW",2024-04-03 00:00:00.000,101.28805555555553,6907.043784722222,"Actual"
"NSW",2024-04-04 00:00:00.000,71.527395833333372,7601.567465277778,"Actual"
"NSW",2024-04-05 00:00:00.000,79.898888888888919,7717.8244791666666,"Actual"
"NSW",2024-04-06 00:00:00.000,83.583055555555561,6602.8628125,"Actual"
"NSW",2024-04-07 00:00:00.000,74.540312500000027,6439.1075694444453,"Actual"
"NSW",2024-04-08 00:00:00.000,90.583020833333336,7017.63875,"Actual"
"NSW",2024-04-09 00:00:00.000,68.44993055555554,7294.8544791666673,"Actual"
"NSW",2024-04-10 00:00:00.000,63.70923611111111,6913.6230902777779,"Actual"
"NSW",2024-04-11 00:00:00.000,79.478020833333275,6845.904375,"Actual"
"NSW",2024-04-12 00:00:00.000,75.912152777777763,6770.3223263888895,"Actual"
"NSW",2024-04-13 00:00:00.000,93.406250000000142,6447.8455902777778,"Actual"
"NSW",2024-04-14 00:00:00.000,98.615381944444408,6328.897743055556,"Actual"
"NSW",2024-04-15 00:00:00.000,140.23965277777774,6907.5069791666665,"Actual"
"NSW",2024-04-16 00:00:00.000,143.62156250000004,7080.0529861111108,"Actual"
"NSW",2024-04-17 00:00:00.000,120.16336805555557,7195.9800694444439,"Actual"
"NSW",2024-04-18 00:00:00.000,106.69319444444443,7142.1625,"Actual"
"NSW",2024-04-19 00:00:00.000,86.0203125,7057.4607291666662,"Actual"
"NSW",2024-04-20 00:00:00.000,83.346979166666642,6951.2538888888894,"Actual"
"NSW",2024-04-21 00:00:00.000,82.931423611111143,6539.9722916666669,"Actual"
"NSW",2024-04-22 00:00:00.000,95.424409722222222,7038.4195833333333,"Actual"
"NSW",2024-04-23 00:00:00.000,71.191180555555576,6971.8778125000008,"Actual"
"NSW",2024-04-24 00:00:00.000,72.9421875,7116.4287152777779,"Actual"
"NSW",2024-04-25 00:00:00.000,75.1565625,6465.597534722222,"Actual"
"NSW",2024-04-26 00:00:00.000,111.80420138888891,6859.8318402777777,"Actual"
"NSW",2024-04-27 00:00:00.000,90.602951388888911,6639.9897569444447,"Actual"
"NSW",2024-04-28 00:00:00.000,83.966249999999889,6512.408368055555,"Actual"
"NSW",2024-04-29 00:00:00.000,117.4459375,7174.7164930555555,"Actual"
"NSW",2024-04-30 00:00:00.000,126.16836805555556,7715.7352430555557,"Actual"
"NSW",2024-05-01 00:00:00.000,94.063645833333311,7634.5546527777778,"Actual"
"NSW",2024-05-02 00:00:00.000,207.96864583333337,7634.207847222222,"Actual"
"NSW",2024-05-03 00:00:00.000,230.67461805555564,7801.3728819444441,"Actual"
"NSW",2024-05-04 00:00:00.000,113.08423611111112,7398.3336458333333,"Actual"
"NSW",2024-05-05 00:00:00.000,113.70538194444444,7378.1224305555561,"Actual"
"NSW",2024-05-06 00:00:00.000,92.463645833333317,7598.1432986111113,"Actual"
"NSW",2024-05-07 00:00:00.000,885.47375000000022,7679.4873611111116,"Actual"
"NSW",2024-05-08 00:00:00.000,3554.0297916666636,7673.6637152777776,"Actual"
"NSW",2024-05-09 00:00:00.000,248.85388888888883,7656.1424652777778,"Actual"
"NSW",2024-05-10 00:00:00.000,195.47520833333334,7748.9340277777774,"Actual"
"NSW",2024-05-11 00:00:00.000,127.16375,7759.0235763888895,"Actual"
"NSW",2024-05-12 00:00:00.000,111.58434027777777,7193.1991319444442,"Actual"
"NSW",2024-05-13 00:00:00.000,121.77371527777777,7541.9891319444441,"Actual"
"NSW",2024-05-14 00:00:00.000,140.26041666666669,7433.8879513888887,"Actual"
"NSW",2024-05-15 00:00:00.000,138.38881944444444,7443.3935069444442,"Actual"
"NSW",2024-05-16 00:00:00.000,146.52513888888888,7704.0959375,"Actual"
"NSW",2024-05-17 00:00:00.000,107.66302083333335,7501.7622916666669,"Actual"
"NSW",2024-05-18 00:00:00.000,93.819409722222233,7677.3866319444442,"Actual"
"NSW",2024-05-19 00:00:00.000,79.523090277777783,7421.6528472222217,"Actual"
"NSW",2024-05-20 00:00:00.000,284.99451388888883,8329.3064236111113,"Actual"
"NSW",2024-05-21 00:00:00.000,145.85482638888888,8070.9926041666668,"Actual"
"NSW",2024-05-22 00:00:00.000,182.27128472222222,8026.183472222222,"Actual"
"NSW",2024-05-23 00:00:00.000,189.19968749999998,8144.1523958333337,"Actual"
"NSW",2024-05-24 00:00:00.000,154.02746527777779,8150.1381944444447,"Actual"
"NSW",2024-05-25 00:00:00.000,121.23649305555554,7879.8842708333332,"Actual"
"NSW",2024-05-26 00:00:00.000,101.56986111111111,7413.4511111111115,"Actual"
"NSW",2024-05-27 00:00:00.000,115.46024305555555,8092.5225694444443,"Actual"
"NSW",2024-05-28 00:00:00.000,135.26770833333333,8187.1388541666665,"Actual"
"NSW",2024-05-29 00:00:00.000,77.623888888888885,8007.776527777778,"Actual"
"NSW",2024-05-30 00:00:00.000,65.615798611111131,7868.0854166666668,"Actual"
"NSW",2024-05-31 00:00:00.000,104.45354166666667,8168.88625,"Actual"
"NSW",2024-06-01 00:00:00.000,133.93468750000005,8376.7647569444453,"Actual"
"NSW",2024-06-02 00:00:00.000,113.20229166666667,7919.7901388888895,"Actual"
"NSW",2024-06-03 00:00:00.000,117.24527777777779,8444.2780555555546,"Actual"
"NSW",2024-06-04 00:00:00.000,158.015,8795.9742361111112,"Actual"
"NSW",2024-06-05 00:00:00.000,169.18322916666665,8908.3334375,"Actual"
"NSW",2024-06-06 00:00:00.000,110.62124999999999,8814.7618055555558,"Actual"
"NSW",2024-06-07 00:00:00.000,113.199375,8616.332847222222,"Actual"
"NSW",2024-06-08 00:00:00.000,97.656319444444463,7668.09454861111,"Actual"
"NSW",2024-06-09 00:00:00.000,97.165625,7395.1473958333336,"Actual"
"NSW",2024-06-10 00:00:00.000,90.472569444444446,7857.4025,"Actual"
"NSW",2024-06-11 00:00:00.000,93.25795138888887,9030.4152083333338,"Actual"
"NSW",2024-06-12 00:00:00.000,91.012395833333315,8418.5483333333341,"Actual"
"NSW",2024-06-13 00:00:00.000,232.75298611111111,9186.4149999999991,"Actual"
"NSW",2024-06-14 00:00:00.000,224.61065972222224,9284.7144791666669,"Actual"
"NSW",2024-06-15 00:00:00.000,136.64361111111111,8718.7547916666663,"Actual"
"NSW",2024-06-16 00:00:00.000,96.013715277777791,8175.4655555555555,"Actual"
"NSW",2024-06-17 00:00:00.000,186.07999999999998,9131.6486458333329,"Actual"
"NSW",2024-06-18 00:00:00.000,213.06875,8853.4506944444438,"Actual"
"NSW",2024-06-19 00:00:00.000,239.62510416666672,9155.4056597222225,"Actual"
"NSW",2024-06-20 00:00:00.000,329.397951388889,9514.0217013888887,"Actual"
"NSW",2024-06-21 00:00:00.000,284.9746180555556,9136.8215277777781,"Actual"
"NSW",2024-06-22 00:00:00.000,250.26326388888882,8967.5469791666674,"Actual"
"NSW",2024-06-23 00:00:00.000,210.41309027777771,8517.84,"Actual"
"NSW",2024-06-24 00:00:00.000,198.54402777777779,9191.9629513888885,"Actual"
"NSW",2024-06-25 00:00:00.000,125.87013888888889,9071.78579861111,"Actual"
"NSW",2024-06-26 00:00:00.000,95.208125,8609.2409375,"Actual"
"NSW",2024-06-27 00:00:00.000,131.70506944444449,8627.3814930555545,"Actual"
"NSW",2024-06-28 00:00:00.000,81.537083333333342,8733.9797916666666,"Actual"
"NSW",2024-06-29 00:00:00.000,67.341423611111111,8233.3335763888881,"Actual"
"NSW",2024-06-30 00:00:00.000,93.699201388888838,8615.791874999999,"Actual"
"NSW",2024-07-01 00:00:00.000,151.56145833333338,9271.4466319444437,"Actual"
"NSW",2024-07-02 00:00:00.000,139.87201388888886,9334.5621875,"Actual"
"NSW",2024-07-03 00:00:00.000,127.13826388888889,9063.51486111111,"Actual"
"NSW",2024-07-04 00:00:00.000,132.8304861111111,8813.458090277778,"Actual"
"NSW",2024-07-05 00:00:00.000,138.31371527777779,8800.3546875,"Actual"
"NSW",2024-07-06 00:00:00.000,112.98541666666662,8299.878090277778,"Actual"
"NSW",2024-07-07 00:00:00.000,95.1131597222222,8173.7518402777778,"Actual"
"NSW",2024-07-08 00:00:00.000,173.91104166666653,8899.7271180555545,"Actual"
"NSW",2024-07-09 00:00:00.000,166.18232638888898,8620.1239583333336,"Actual"
"NSW",2024-07-10 00:00:00.000,131.95506944444446,8391.898680555556,"Actual"
"NSW",2024-07-11 00:00:00.000,132.43649305555556,8851.48142361111,"Actual"
"NSW",2024-07-12 00:00:00.000,150.26833333333335,8639.7674305555556,"Actual"
"NSW",2024-07-13 00:00:00.000,123.15875,8087.5753819444444,"Actual"
"NSW",2024-07-14 00:00:00.000,91.938437499999964,8042.8180555555555,"Actual"
"NSW",2024-07-15 00:00:00.000,86.3865625,9108.4095486111109,"Actual"
"NSW",2024-07-16 00:00:00.000,94.929895833333347,9470.5238541666658,"Actual"
"NSW",2024-07-17 00:00:00.000,135.05270833333333,8832.4244444444448,"Actual"
"NSW",2024-07-18 00:00:00.000,127.51552083333333,8641.4290277777782,"Actual"
"NSW",2024-07-19 00:00:00.000,90.02291666666666,8993.4975347222226,"Actual"
"NSW",2024-07-20 00:00:00.000,45.065312500000054,8126.2244097222228,"Actual"
"NSW",2024-07-21 00:00:00.000,54.257118055555551,7672.8319097222211,"Actual"
"NSW",2024-07-22 00:00:00.000,96.160590277777771,8636.06329861111,"Actual"
"NSW",2024-07-23 00:00:00.000,80.171805555555565,8491.4376388888886,"Actual"
"NSW",2024-07-24 00:00:00.000,74.277430555555554,8475.7416319444437,"Actual"
"NSW",2024-07-25 00:00:00.000,76.7990625,8185.9955902777783,"Actual"
"NSW",2024-07-26 00:00:00.000,92.812708333333333,7922.4955555555553,"Actual"
"NSW",2024-07-27 00:00:00.000,117.11652777777778,8364.3686805555553,"Actual"
"NSW",2024-07-28 00:00:00.000,101.78979166666666,8065.8262152777779,"Actual"
"NSW",2024-07-29 00:00:00.000,258.47031250000009,9227.2076388888891,"Actual"
"NSW",2024-07-30 00:00:00.000,276.49708333333331,9306.9953819444436,"Actual"
"NSW",2024-07-31 00:00:00.000,266.6169097222222,9243.38795138889,"Actual"
"NSW",2024-08-01 00:00:00.000,168.63885416666668,9126.50861111111,"Actual"
"NSW",2024-08-02 00:00:00.000,227.20454861111102,8777.6236458333333,"Actual"
"NSW",2024-08-03 00:00:00.000,168.47451388888885,7966.1538888888881,"Actual"
"NSW",2024-08-04 00:00:00.000,198.93857638888881,8324.1796527777788,"Actual"
"NSW",2024-08-05 00:00:00.000,2145.3430208333334,9284.5546180555557,"Actual"
"NSW",2024-08-06 00:00:00.000,149.05194444444453,8532.8975694444453,"Actual"
"NSW",2024-08-07 00:00:00.000,132.02065972222221,8526.0592708333334,"Actual"
"NSW",2024-08-08 00:00:00.000,117.90135416666665,8465.6036458333328,"Actual"
"NSW",2024-08-09 00:00:00.000,148.28881944444444,8367.8535069444442,"Actual"
"NSW",2024-08-10 00:00:00.000,129.700625,7652.8530555555553,"Actual"
"NSW",2024-08-11 00:00:00.000,122.61385416666667,7466.136597222222,"Actual"
"NSW",2024-08-12 00:00:00.000,152.05756944444443,8576.8909375,"Actual"
"NSW",2024-08-13 00:00:00.000,138.92326388888895,8338.395590277778,"Actual"
"NSW",2024-08-14 00:00:00.000,142.20604166666669,8479.8584375,"Actual"
"NSW",2024-08-15 00:00:00.000,208.45784722222226,8124.4792708333334,"Actual"
"NSW",2024-08-16 00:00:00.000,129.12715277777778,7686.8967013888887,"Actual"
"NSW",2024-08-17 00:00:00.000,72.550972222222228,7009.269375,"Actual"
"NSW",2024-08-18 00:00:00.000,124.60031250000002,7422.8620486111113,"Actual"
"NSW",2024-08-19 00:00:00.000,111.12135416666666,7961.035277777778,"Actual"
"NSW",2024-08-20 00:00:00.000,76.553715277777769,7471.8877083333336,"Actual"
"NSW",2024-08-21 00:00:00.000,63.724861111111082,7114.1114236111116,"Actual"
"NSW",2024-08-22 00:00:00.000,77.671770833333341,7246.2797569444447,"Actual"
"NSW",2024-08-23 00:00:00.000,69.36027777777791,7189.200763888889,"Actual"
"NSW",2024-08-24 00:00:00.000,38.936319444444507,6588.8152777777777,"Actual"
"NSW",2024-08-25 00:00:00.000,74.70416666666668,7034.900798611111,"Actual"
"NSW",2024-08-26 00:00:00.000,41.562083333333348,6682.7503819444446,"Actual"
"NSW",2024-08-27 00:00:00.000,57.918159722222235,6885.6724652777775,"Actual"
"NSW",2024-08-28 00:00:00.000,33.391493055555578,6896.8261111111115,"Actual"
"NSW",2024-08-29 00:00:00.000,49.016736111111129,6817.0930902777773,"Actual"
"NSW",2024-08-30 00:00:00.000,28.972326388888863,6864.4649305555558,"Actual"
"NSW",2024-08-31 00:00:00.000,9.39173611111103,6111.2378125,"Actual"
"NSW",2024-09-01 00:00:00.000,9.8918055555554787,5954.1798611111117,"Actual"
"NSW",2024-09-02 00:00:00.000,24.110277777777775,6704.9959375000008,"Actual"
"NSW",2024-09-03 00:00:00.000,59.065138888888882,6956.452395833333,"Actual"
"NSW",2024-09-04 00:00:00.000,43.203958333333361,7022.3769097222221,"Actual"
"NSW",2024-09-05 00:00:00.000,41.019201388888888,6948.9383333333335,"Actual"
"NSW",2024-09-06 00:00:00.000,28.589895833333337,6644.0962500000005,"Actual"
"NSW",2024-09-07 00:00:00.000,42.266180555555515,6396.988159722222,"Actual"
"NSW",2024-09-08 00:00:00.000,101.26368055555557,6549.8422916666668,"Actual"
"NSW",2024-09-09 00:00:00.000,45.766909722222223,6645.5746875,"Actual"
"NSW",2024-09-10 00:00:00.000,70.950729166666676,6836.407430555555,"Actual"
"NSW",2024-09-11 00:00:00.000,67.483784722222168,6861.1464236111105,"Actual"
"NSW",2024-09-12 00:00:00.000,83.882673611111088,7361.9495833333331,"Actual"
"NSW",2024-09-13 00:00:00.000,66.179930555555586,6935.5850694444443,"Actual"
"NSW",2024-09-14 00:00:00.000,31.403333333333386,6307.7786111111109,"Actual"
"NSW",2024-09-15 00:00:00.000,36.61548611111111,6577.1893750000008,"Actual"
"NSW",2024-09-16 00:00:00.000,57.914652777777732,7078.1151736111105,"Actual"
"NSW",2024-09-17 00:00:00.000,63.564826388888868,6833.1861458333342,"Actual"
"NSW",2024-09-18 00:00:00.000,38.556249999999984,6628.8963194444441,"Actual"
"NSW",2024-09-19 00:00:00.000,36.278506944444437,6538.0096527777787,"Actual"
"NSW",2024-09-20 00:00:00.000,40.087187500000013,6398.7311805555555,"Actual"
"NSW",2024-09-21 00:00:00.000,31.857986111111181,5905.5010763888895,"Actual"
"NSW",2024-09-22 00:00:00.000,35.424027777777795,5838.6195138888888,"Actual"
"NSW",2024-09-23 00:00:00.000,71.574374999999975,6346.1112152777778,"Actual"
"NSW",2024-09-24 00:00:00.000,91.5999305555556,6675.0366666666669,"Actual"
"NSW",2024-09-25 00:00:00.000,86.416145833333331,7102.7699652777774,"Actual"
"NSW",2024-09-26 00:00:00.000,109.20895833333333,8070.9886111111109,"Actual"
"NSW",2024-09-27 00:00:00.000,82.671909722222225,7414.040243055555,"Actual"
"NSW",2024-09-28 00:00:00.000,48.519999999999989,6680.5832986111118,"Actual"
"NSW",2024-09-29 00:00:00.000,122.31447916666666,6516.5175694444442,"Actual"
"NSW",2024-09-30 00:00:00.000,72.6646875,6825.2968402777778,"Actual"
"NSW",2024-10-01 00:00:00.000,72.504340277777686,6522.5243750000009,"Actual"
"NSW",2024-10-02 00:00:00.000,83.3612152777778,7134.6790625,"Actual"
"NSW",2024-10-03 00:00:00.000,63.357743055555567,6718.0838541666672,"Actual"
"NSW",2024-10-04 00:00:00.000,60.042986111111212,6580.5378125,"Actual"
"NSW",2024-10-05 00:00:00.000,14.446840277777767,5956.6904166666673,"Actual"
"NSW",2024-10-06 00:00:00.000,13.570902777777732,5616.5323263888895,"Actual"
"NSW",2024-10-07 00:00:00.000,26.53677083333325,5778.8978819444455,"Actual"
"NSW",2024-10-08 00:00:00.000,105.10559027777776,7198.5249305555562,"Actual"
"NSW",2024-10-09 00:00:00.000,80.015208333333348,7293.6691319444444,"Actual"
"NSW",2024-10-10 00:00:00.000,52.46704861111111,6452.6702430555551,"Actual"
"NSW",2024-10-11 00:00:00.000,71.248472222222233,6528.6316319444441,"Actual"
"NSW",2024-10-12 00:00:00.000,73.873229166666675,6570.1160763888893,"Actual"
"NSW",2024-10-13 00:00:00.000,72.311006944444458,6062.2910763888885,"Actual"
"NSW",2024-10-14 00:00:00.000,89.763402777777941,6872.5295138888887,"Actual"
"NSW",2024-10-15 00:00:00.000,156.90715277777781,7321.9290972222225,"Actual"
"NSW",2024-10-16 00:00:00.000,100.80479166666665,7001.3735069444447,"Actual"
"NSW",2024-10-17 00:00:00.000,79.065034722222222,6397.3840277777781,"Actual"
"NSW",2024-10-18 00:00:00.000,71.257222222222225,7118.7254861111114,"Actual"
"NSW",2024-10-19 00:00:00.000,75.362256944444439,6332.7301736111112,"Actual"
"NSW",2024-10-20 00:00:00.000,43.252847222222293,5684.0156597222212,"Actual"
"NSW",2024-10-21 00:00:00.000,81.813611111111115,6381.9494097222223,"Actual"
"NSW",2024-10-22 00:00:00.000,73.744583333333338,6222.1209375,"Actual"
"NSW",2024-10-23 00:00:00.000,192.83687500000002,6741.7971875,"Actual"
"NSW",2024-10-24 00:00:00.000,90.296458333333334,6567.1701736111117,"Actual"
"NSW",2024-10-25 00:00:00.000,74.997291666666655,6137.4384375,"Actual"
"NSW",2024-10-26 00:00:00.000,72.251493055555613,5631.1272222222224,"Actual"
"NSW",2024-10-27 00:00:00.000,59.212604166666623,5718.4015624999993,"Actual"
"NSW",2024-10-28 00:00:00.000,61.518819444444425,6474.7804513888887,"Actual"
"NSW",2024-10-29 00:00:00.000,101.62118055555557,6408.2274305555547,"Actual"
"NSW",2024-10-30 00:00:00.000,90.0646875000001,6388.5751388888893,"Actual"
"NSW",2024-10-31 00:00:00.000,96.208298611111132,6684.5723958333328,"Actual"
"NSW",2024-11-01 00:00:00.000,61.343402777777804,6518.250243055556,"Actual"
"NSW",2024-11-02 00:00:00.000,56.775763888888889,6482.9328819444445,"Actual"
"NSW",2024-11-03 00:00:00.000,28.708055555555489,6258.9014583333337,"Actual"
"NSW",2024-11-04 00:00:00.000,123.59666666666672,7216.4362152777776,"Actual"
"NSW",2024-11-05 00:00:00.000,107.29642361111112,6971.135,"Actual"
"NSW",2024-11-06 00:00:00.000,111.42371527777779,7157.987465277778,"Actual"
"NSW",2024-11-07 00:00:00.000,1649.8585763888887,7772.7565277777776,"Actual"
"NSW",2024-11-08 00:00:00.000,184.30236111111111,6602.607951388889,"Actual"
"NSW",2024-11-09 00:00:00.000,94.10934027777779,6286.6365972222229,"Actual"
"NSW",2024-11-10 00:00:00.000,74.0930902777778,6183.5323263888895,"Actual"
"NSW",2024-11-11 00:00:00.000,240.68833333333333,7351.3404513888891,"Actual"
"NSW",2024-11-12 00:00:00.000,173.4873263888889,7097.6761805555552,"Actual"
"NSW",2024-11-13 00:00:00.000,124.6578125,7053.3798263888893,"Actual"
"NSW",2024-11-14 00:00:00.000,128.33239583333335,6950.8784027777774,"Actual"
"NSW",2024-11-15 00:00:00.000,127.53954861111107,7276.1714236111111,"Actual"
"NSW",2024-11-16 00:00:00.000,73.650937499999856,6473.835243055556,"Actual"
"NSW",2024-11-17 00:00:00.000,58.452430555555594,6597.3838541666664,"Actual"
"NSW",2024-11-18 00:00:00.000,254.77225694444451,6681.9626736111113,"Actual"
"NSW",2024-11-19 00:00:00.000,140.9402083333334,6825.4188888888893,"Actual"
"NSW",2024-11-20 00:00:00.000,113.60236111111109,6694.1311805555561,"Actual"
"NSW",2024-11-21 00:00:00.000,145.36013888888891,6706.2959375,"Actual"
"NSW",2024-11-22 00:00:00.000,206.57357638888894,6839.366006944445,"Actual"
"NSW",2024-11-23 00:00:00.000,97.087083333333339,6558.8362152777781,"Actual"
"NSW",2024-11-24 00:00:00.000,111.18576388888893,6739.5242708333326,"Actual"
"NSW",2024-11-25 00:00:00.000,153.83458333333331,7564.9036111111109,"Actual"
"NSW",2024-11-26 00:00:00.000,308.34468750000008,8160.92888888889,"Actual"
"NSW",2024-11-27 00:00:00.000,1033.6200000000006,8575.0473958333332,"Actual"
"NSW",2024-11-28 00:00:00.000,168.15958333333333,8422.04579861111,"Actual"
"NSW",2024-11-29 00:00:00.000,278.85298611111114,7956.8608333333332,"Actual"
"NSW",2024-11-30 00:00:00.000,159.5875,7474.1913888888885,"Actual"
"NSW",2024-12-01 00:00:00.000,117.38618055555554,7034.0803472222224,"Actual"
"NSW",2024-12-02 00:00:00.000,639.690520833334,7959.0448611111115,"Actual"
"NSW",2024-12-03 00:00:00.000,365.54934027777779,8390.5211805555555,"Actual"
"NSW",2024-12-04 00:00:00.000,110.94458333333334,7533.5141319444447,"Actual"
"NSW",2024-12-05 00:00:00.000,129.71534722222222,7906.2517708333335,"Actual"
"NSW",2024-12-06 00:00:00.000,358.30805555555565,8688.770347222222,"Actual"
"NSW",2024-12-07 00:00:00.000,111.74579861111098,8217.42295138889,"Actual"
"NSW",2024-12-08 00:00:00.000,85.406770833333326,7201.1261111111107,"Actual"
"NSW",2024-12-09 00:00:00.000,149.78243055555555,7574.7113888888889,"Actual"
"NSW",2024-12-10 00:00:00.000,123.3246527777778,7025.0063541666668,"Actual"
"NSW",2024-12-11 00:00:00.000,118.50829861111097,7057.5392361111117,"Actual"
"NSW",2024-12-12 00:00:00.000,278.12506944444442,7321.4190972222223,"Actual"
"NSW",2024-12-13 00:00:00.000,191.38767361111098,8164.3268402777776,"Actual"
"NSW",2024-12-14 00:00:00.000,172.79555555555555,7622.039791666667,"Actual"
"NSW",2024-12-15 00:00:00.000,143.36913194444452,7667.4351736111112,"Actual"
"NSW",2024-12-16 00:00:00.000,168.92822916666665,8852.90902777778,"Actual"
"NSW",2024-12-17 00:00:00.000,175.27184027777776,8966.8563541666663,"Actual"
"NSW",2024-12-18 00:00:00.000,101.43430555555557,7076.4564930555562,"Actual"
"NSW",2024-12-19 00:00:00.000,66.284131944444468,6512.495243055555,"Actual"
"NSW",2024-12-20 00:00:00.000,85.699722222222164,6523.1195833333331,"Actual"
"NSW",2024-12-21 00:00:00.000,69.7953125,6677.9518402777776,"Actual"
"NSW",2024-12-22 00:00:00.000,54.47274305555554,6686.9707638888885,"Actual"
"NSW",2024-12-23 00:00:00.000,14.557187500000012,6498.4006944444454,"Actual"
"NSW",2024-12-24 00:00:00.000,30.642222222222255,5783.5233680555557,"Actual"
"NSW",2024-12-25 00:00:00.000,31.732569444444465,5551.3951736111121,"Actual"
"NSW",2024-12-26 00:00:00.000,21.884687499999977,6280.0600694444447,"Actual"
"NSW",2024-12-27 00:00:00.000,39.273194444444457,7379.7828125000015,"Actual"
"NSW",2024-12-28 00:00:00.000,32.534166666666678,6254.4347222222232,"Actual"
"NSW",2024-12-29 00:00:00.000,36.909444444444347,6071.1472222222228,"Actual"
"NSW",2024-12-30 00:00:00.000,74.203541666666666,6785.5782291666665,"Actual"
"NSW",2024-12-31 00:00:00.000,76.851840277777853,6944.8239930555565,"Actual"
"NSW",2025-01-01 00:00:00.000,68.465069444444481,6775.977013888888,"Actual"
"NSW",2025-01-02 00:00:00.000,57.4973611111111,6996.4381597222218,"Actual"
"NSW",2025-01-03 00:00:00.000,59.259444444444441,6718.043784722222,"Actual"
"NSW",2025-01-04 00:00:00.000,62.263055555555553,6624.8075,"Actual"
"NSW",2025-01-05 00:00:00.000,74.5372569444445,7140.29638888889,"Actual"
"NSW",2025-01-06 00:00:00.000,87.43875,8228.3873958333334,"Actual"
"NSW",2025-01-07 00:00:00.000,66.596076388888889,7438.3038194444443,"Actual"
"NSW",2025-01-08 00:00:00.000,58.74916666666666,6988.9697569444443,"Actual"
"NSW",2025-01-09 00:00:00.000,93.005590277777785,6916.9161805555559,"Actual"
"NSW",2025-01-10 00:00:00.000,96.896979166666654,7301.003784722222,"Actual"
"NSW",2025-01-11 00:00:00.000,95.153611111111132,6867.81704861111,"Actual"
"NSW",2025-01-12 00:00:00.000,89.634201388888911,6733.5877777777778,"Actual"
"NSW",2025-01-13 00:00:00.000,119.03930555555554,7771.7875,"Actual"
"NSW",2025-01-14 00:00:00.000,132.08645833333335,8316.4216666666671,"Actual"
"NSW",2025-01-15 00:00:00.000,277.13177083333346,8434.913576388888,"Actual"
"NSW",2025-01-16 00:00:00.000,76.66090277777775,7217.6314236111111,"Actual"
"NSW",2025-01-17 00:00:00.000,39.468159722222211,6961.9244444444448,"Actual"
"NSW",2025-01-18 00:00:00.000,14.565104166666551,6447.0236805555551,"Actual"
"NSW",2025-01-19 00:00:00.000,30.327395833333377,6018.116006944445,"Actual"
"NSW",2025-01-20 00:00:00.000,71.074305555555569,6376.6378125,"Actual"
"NSW",2025-01-21 00:00:00.000,98.216909722222212,6949.2096875000007,"Actual"
"NSW",2025-01-22 00:00:00.000,248.89791666666673,7755.1258333333335,"Actual"
"NSW",2025-01-23 00:00:00.000,57.630763888888886,7238.9169444444442,"Actual"
"NSW",2025-01-24 00:00:00.000,77.312222222222218,6868.1495138888895,"Actual"
"NSW",2025-01-25 00:00:00.000,38.495486111111163,6469.4480555555547,"Actual"
"NSW",2025-01-26 00:00:00.000,39.046770833333341,6814.0813541666666,"Actual"
"NSW",2025-01-27 00:00:00.000,62.375312499999993,7968.1894444444442,"Actual"
"NSW",2025-01-28 00:00:00.000,69.7828125,9075.3724652777782,"Actual"
"NSW",2025-01-29 00:00:00.000,78.577916666666667,7504.8603472222221,"Actual"
"NSW",2025-01-30 00:00:00.000,75.237638888888881,7722.8079166666666,"Actual"
"NSW",2025-01-31 00:00:00.000,68.236944444444447,7492.5649652777774,"Actual"
"NSW",2025-02-01 00:00:00.000,85.4725,7035.0946527777778,"Actual"
"NSW",2025-02-02 00:00:00.000,66.169444444444451,6843.8605902777772,"Actual"
"NSW",2025-02-03 00:00:00.000,119.06048611111109,8031.3368055555557,"Actual"
"NSW",2025-02-04 00:00:00.000,172.0387847222222,8602.9660069444435,"Actual"
"NSW",2025-02-05 00:00:00.000,269.96430555555537,8756.59920138889,"Actual"
"NSW",2025-02-06 00:00:00.000,153.66468750000004,8198.3189930555563,"Actual"
"NSW",2025-02-07 00:00:00.000,133.82704861111111,8375.5358333333334,"Actual"
"NSW",2025-02-08 00:00:00.000,144.71524305555567,7510.2035763888889,"Actual"
"NSW",2025-02-09 00:00:00.000,42.996597222222249,7213.2169791666665,"Actual"
"NSW",2025-02-10 00:00:00.000,97.181527777777774,7760.4635416666661,"Actual"
"NSW",2025-02-11 00:00:00.000,97.906076388888891,7437.5356597222226,"Actual"
"NSW",2025-02-12 00:00:00.000,109.75340277777778,7573.9514236111108,"Actual"
"NSW",2025-02-13 00:00:00.000,84.431909722222215,8139.9858680555553,"Actual"
"NSW",2025-02-14 00:00:00.000,106.74795138888889,8273.8074652777777,"Actual"
"NSW",2025-02-15 00:00:00.000,58.805208333333368,6603.5889583333337,"Actual"
"NSW",2025-02-16 00:00:00.000,40.9352083333334,5485.5982291666669,"Actual"
"NSW",2025-02-17 00:00:00.000,56.616666666666639,6151.6924305555549,"Actual"
"NSW",2025-02-18 00:00:00.000,65.481284722222227,6562.0349305555555,"Actual"
"NSW",2025-02-19 00:00:00.000,65.896111111111139,6889.7138194444442,"Actual"
"NSW",2025-02-20 00:00:00.000,30.830798611111113,7181.1775694444441,"Actual"
"NSW",2025-02-21 00:00:00.000,39.9661458333334,7057.3027083333336,"Actual"
"NSW",2025-02-22 00:00:00.000,34.779201388888879,6721.88829861111,"Actual"
"NSW",2025-02-23 00:00:00.000,45.359097222222317,6828.606979166666,"Actual"
"NSW",2025-02-24 00:00:00.000,61.378819444444453,7721.346111111111,"Actual"
"NSW",2025-02-25 00:00:00.000,64.8757986111111,7804.903888888889,"Actual"
"NSW",2025-02-26 00:00:00.000,65.009166666666687,7793.705,"Actual"
"NSW",2025-02-27 00:00:00.000,110.44197916666667,8408.1875694444443,"Actual"
"NSW",2025-02-28 00:00:00.000,104.74809027777776,8848.6767708333336,"Actual"
"NSW",2025-03-01 00:00:00.000,86.201215277777735,8157.1643402777781,"Actual"
"NSW",2025-03-02 00:00:00.000,45.527083333333358,7493.0597916666666,"Actual"
"NSW",2025-03-03 00:00:00.000,68.670729166666689,7642.1647916666661,"Actual"
"NSW",2025-03-04 00:00:00.000,83.645347222222213,7387.5770138888893,"Actual"
"NSW",2025-03-05 00:00:00.000,88.370763888888888,7377.314166666667,"Actual"
"NSW",2025-03-06 00:00:00.000,66.2947222222222,7558.18625,"Actual"
"NSW",2025-03-07 00:00:00.000,46.385000000000034,7478.3723611111109,"Actual"
"NSW",2025-03-08 00:00:00.000,37.30534722222221,7045.0347916666669,"Actual"
"NSW",2025-03-09 00:00:00.000,48.056770833333275,7195.2181944444446,"Actual"
"NSW",2025-03-10 00:00:00.000,74.994340277777781,7937.8665972222216,"Actual"
"NSW",2025-03-11 00:00:00.000,82.003368055555555,7845.0290625,"Actual"
"NSW",2025-03-12 00:00:00.000,93.5575,7697.5146180555557,"Actual"
"NSW",2025-03-13 00:00:00.000,161.59340277777784,7932.5114583333334,"Actual"
"NSW",2025-03-14 00:00:00.000,112.07656250000001,8649.5414583333331,"Actual"
"NSW",2025-03-15 00:00:00.000,391.97895833333331,8554.11125,"Actual"
"NSW",2025-03-16 00:00:00.000,54.934062500000195,8689.02826388889,"Actual"
"NSW",2025-03-17 00:00:00.000,52.221527777777752,6823.7512499999984,"Actual"
"NSW",2025-03-18 00:00:00.000,77.6928125,6961.1974305555559,"Actual"
"NSW",2025-03-19 00:00:00.000,105.51729166666668,7292.3403124999995,"Actual"
"NSW",2025-03-20 00:00:00.000,95.078715277777789,7931.0021875,"Actual"
"NSW",2025-03-21 00:00:00.000,124.0076736111111,7888.1277777777777,"Actual"
"NSW",2025-03-22 00:00:00.000,107.76100694444443,7012.8336805555555,"Actual"
"NSW",2025-03-23 00:00:00.000,84.678402777777777,7188.7536805555555,"Actual"
"NSW",2025-03-24 00:00:00.000,97.49625,7750.9585416666669,"Actual"
"NSW",2025-03-25 00:00:00.000,89.509618055555549,7724.4260069444445,"Actual"
"NSW",2025-03-26 00:00:00.000,73.98267361111111,7594.9307638888886,"Actual"
"NSW",2025-03-27 00:00:00.000,76.201736111111117,7535.8837847222221,"Actual"
"NSW",2025-03-28 00:00:00.000,89.799583333333331,7698.4846875,"Actual"
"NSW",2025-03-29 00:00:00.000,77.530625,7353.7496180555554,"Actual"
"NSW",2025-03-30 00:00:00.000,39.670729166666661,6606.719444444444,"Actual"
"NSW",2025-03-31 00:00:00.000,56.2373611111111,7117.4773611111113,"Actual"
"NSW",2025-04-01 00:00:00.000,75.268680555555562,7038.0620138888889,"Actual"
"NSW",2025-04-02 00:00:00.000,119.05604166666669,6940.2765972222223,"Actual"
"NSW",2025-04-03 00:00:00.000,101.56878472222222,6804.3301041666664,"Actual"
"NSW",2025-04-04 00:00:00.000,119.23656250000002,6900.9048611111111,"Actual"
"NSW",2025-04-05 00:00:00.000,87.573854166666649,6030.3767013888892,"Actual"
"NSW",2025-04-06 00:00:00.000,74.639201388888878,6074.8452430555553,"Actual"
"NSW",2025-04-07 00:00:00.000,213.55281249999996,6561.4842013888883,"Actual"
"NSW",2025-04-08 00:00:00.000,132.15239583333323,6987.0884027777774,"Actual"
"NSW",2025-04-09 00:00:00.000,311.10916666666651,6914.7856597222226,"Actual"
"NSW",2025-04-10 00:00:00.000,117.56038194444446,7088.3989583333332,"Actual"
"NSW",2025-04-11 00:00:00.000,95.842256944444458,6956.40451388889,"Actual"
"NSW",2025-04-12 00:00:00.000,91.122499999999988,6595.950625,"Actual"
"NSW",2025-04-13 00:00:00.000,72.29982638888886,6400.557777777778,"Actual"
"NSW",2025-04-14 00:00:00.000,87.53083333333332,6987.2314930555558,"Actual"
"NSW",2025-04-15 00:00:00.000,94.703993055555529,7016.4148611111113,"Actual"
"NSW",2025-04-16 00:00:00.000,112.9545138888889,6924.6329166666665,"Actual"
"NSW",2025-04-17 00:00:00.000,136.30253472222219,6862.2917361111113,"Actual"
"NSW",2025-04-18 00:00:00.000,93.4988888888888,5987.7395138888887,"Actual"
"NSW",2025-04-19 00:00:00.000,72.932708333333338,6146.3528125000012,"Actual"
"NSW",2025-04-20 00:00:00.000,49.644097222222193,6055.1291319444445,"Actual"
"NSW",2025-04-21 00:00:00.000,52.31479166666665,6410.6990625,"Actual"
"NSW",2025-04-22 00:00:00.000,69.040347222222209,7035.5908680555549,"Actual"
"NSW",2025-04-23 00:00:00.000,67.055312499999985,7117.5260069444448,"Actual"
"NSW",2025-04-24 00:00:00.000,75.999270833333355,7033.904583333333,"Actual"
"NSW",2025-04-25 00:00:00.000,88.261701388888881,6550.2399652777776,"Actual"
"NSW",2025-04-26 00:00:00.000,105.93878472222222,6832.9009722222227,"Actual"
"NSW",2025-04-27 00:00:00.000,116.97288194444444,7112.490069444445,"Actual"
"NSW",2025-04-28 00:00:00.000,107.52993055555555,7308.0351736111115,"Actual"
"NSW",2025-04-29 00:00:00.000,88.811180555555524,7261.0171875000015,"Actual"
"NSW",2025-04-30 00:00:00.000,91.419409722222227,7580.9794444444442,"Actual"
"NSW",2025-05-01 00:00:00.000,74.577222222222218,7421.4587847222219,"Actual"
"NSW",2025-05-02 00:00:00.000,100.31815972222221,7585.8283680555551,"Actual"
"NSW",2025-05-03 00:00:00.000,49.267465277777816,6950.1945486111108,"Actual"
"NSW",2025-05-04 00:00:00.000,53.253888888888881,6760.9922222222222,"Actual"
"NSW",2025-05-05 00:00:00.000,76.99059027777777,7239.4769097222224,"Actual"
"NSW",2025-05-06 00:00:00.000,64.986354166666672,7166.2210069444445,"Actual"
"NSW",2025-05-07 00:00:00.000,51.136354166666656,7095.7325,"Actual"
"NSW",2025-05-08 00:00:00.000,85.564062499999991,7439.3953819444441,"Actual"
"NSW",2025-05-09 00:00:00.000,98.647777777777776,7558.7596527777778,"Actual"
"NSW",2025-05-10 00:00:00.000,75.733125,7037.3523263888883,"Actual"
"NSW",2025-05-11 00:00:00.000,83.232013888888872,7034.1474305555557,"Actual"
"NSW",2025-05-12 00:00:00.000,114.82093750000001,7568.1918055555552,"Actual"
"NSW",2025-05-13 00:00:00.000,545.4078125000002,7611.8334027777773,"Actual"
"NSW",2025-05-14 00:00:00.000,253.19506944444441,7505.5130902777773,"Actual"
"NSW",2025-05-15 00:00:00.000,147.61177083333331,7917.2252430555554,"Actual"
"NSW",2025-05-16 00:00:00.000,202.76194444444451,7788.1852430555555,"Actual"
"NSW",2025-05-17 00:00:00.000,118.0434027777778,6977.8149652777784,"Actual"
"NSW",2025-05-18 00:00:00.000,152.44975694444446,7555.7856597222217,"Actual"
"NSW",2025-05-19 00:00:00.000,106.82350694444446,8381.6423611111113,"Actual"
"NSW",2025-05-20 00:00:00.000,103.41197916666665,8071.80875,"Actual"
"NSW",2025-05-21 00:00:00.000,129.45513888888888,8202.0179166666658,"Actual"
"NSW",2025-05-22 00:00:00.000,127.1504513888889,8401.5074652777785,"Actual"
"NSW",2025-05-23 00:00:00.000,119.74107638888887,7971.4466319444446,"Actual"
"NSW",2025-05-24 00:00:00.000,41.157083333333325,7026.7330902777776,"Actual"
"NSW",2025-05-25 00:00:00.000,61.003784722222214,7312.4448958333332,"Actual"
"NSW",2025-05-26 00:00:00.000,81.881006944444465,8391.5183680555547,"Actual"
"NSW",2025-05-27 00:00:00.000,56.631979166666675,8016.0932986111111,"Actual"
"NSW",2025-05-28 00:00:00.000,249.81930555555567,7936.6348958333338,"Actual"
"NSW",2025-05-29 00:00:00.000,132.17305555555555,8574.1453125,"Actual"
"NSW",2025-05-30 00:00:00.000,125.04729166666667,8130.4461111111113,"Actual"
"NSW",2025-05-31 00:00:00.000,130.95979166666669,7614.769652777778,"Actual"
"NSW",2025-06-01 00:00:00.000,94.026979166666734,7418.6773958333333,"Actual"
"NSW",2025-06-02 00:00:00.000,133.08368055555556,8498.9490277777786,"Actual"
"NSW",2025-06-03 00:00:00.000,115.66774305555556,8332.0316319444446,"Actual"
"NSW",2025-06-04 00:00:00.000,124.16555555555556,8994.46045138889,"Actual"
"NSW",2025-06-05 00:00:00.000,120.39152777777778,8871.981041666666,"Actual"
"NSW",2025-06-06 00:00:00.000,107.20812500000001,9196.998125,"Actual"
"NSW",2025-06-07 00:00:00.000,50.9421875,7904.4953819444445,"Actual"
"NSW",2025-06-08 00:00:00.000,47.685520833333229,7983.6692361111109,"Actual"
"NSW",2025-06-09 00:00:00.000,86.863368055555554,8861.9597222222219,"Actual"
"NSW",2025-06-10 00:00:00.000,132.12809027777774,8868.3914930555547,"Actual"
"NSW",2025-06-11 00:00:00.000,526.79909722222214,9021.82704861111,"Actual"
"NSW",2025-06-12 00:00:00.000,1693.8605902777781,9325.1052083333343,"Actual"
"NSW",2025-06-13 00:00:00.000,210.45638888888888,9539.3732986111117,"Actual"
"NSW",2025-06-14 00:00:00.000,92.549513888888953,8714.9510763888884,"Actual"
"NSW",2025-06-15 00:00:00.000,116.94923611111112,8553.5657986111109,"Actual"
"NSW",2025-06-16 00:00:00.000,120.5661111111111,9291.6435069444451,"Actual"
"NSW",2025-06-17 00:00:00.000,136.55277777777775,9169.5876388888883,"Actual"
"NSW",2025-06-18 00:00:00.000,267.9759375,9331.2536111111112,"Actual"
"NSW",2025-06-19 00:00:00.000,148.37704861111112,9507.0044444444447,"Actual"
"NSW",2025-06-20 00:00:00.000,140.00055555555556,9344.5450694444444,"Actual"
"NSW",2025-06-21 00:00:00.000,100.03420138888893,8636.8869791666657,"Actual"
"NSW",2025-06-22 00:00:00.000,81.023402777777761,8363.701944444445,"Actual"
"NSW",2025-06-23 00:00:00.000,78.990590277777784,8665.615,"Actual"
"NSW",2025-06-24 00:00:00.000,72.167291666666671,8398.4435416666674,"Actual"
"NSW",2025-06-25 00:00:00.000,83.32479166666667,8712.2972222222215,"Actual"
"NSW",2025-06-26 00:00:00.000,1950.2360416666656,9215.5169097222224,"Actual"
"NSW",2025-06-27 00:00:00.000,256.83590277777773,9514.9864236111116,"Actual"
"NSW",2025-06-28 00:00:00.000,174.83496527777777,8566.6844791666663,"Actual"
"NSW",2025-06-29 00:00:00.000,194.0515625,8364.3915624999991,"Actual"
"NSW",2025-06-30 00:00:00.000,228.49347222222221,9355.359618055556,"Actual"
"NSW",2025-07-01 00:00:00.000,184.28454861111112,10294.881979166666,"Actual"
"NSW",2025-07-02 00:00:00.000,116.07496527777778,9389.684166666666,"Actual"
"NSW",2025-07-03 00:00:00.000,147.9052777777778,8669.1677430555555,"Actual"
"NSW",2025-07-04 00:00:00.000,140.66100694444444,8780.2240972222226,"Actual"
"NSW",2025-07-05 00:00:00.000,97.095208333333318,8459.0429166666672,"Actual"
"NSW",2025-07-06 00:00:00.000,91.98385416666666,7708.0935763888892,"Actual"
"NSW",2025-07-07 00:00:00.000,111.38222222222221,8839.2789236111112,"Actual"
"NSW",2025-07-08 00:00:00.000,98.628333333333345,9509.8891666666677,"Actual"
"NSW",2025-07-09 00:00:00.000,84.27302083333332,8668.7522569444445,"Actual"
"NSW",2025-07-10 00:00:00.000,67.143333333333288,8963.2699305555561,"Actual"
"NSW",2025-07-11 00:00:00.000,65.00170138888889,8698.7828819444439,"Actual"
"NSW",2025-07-12 00:00:00.000,82.32083333333334,7943.9610416666665,"Actual"
"NSW",2025-07-13 00:00:00.000,59.993333333333332,8186.3132986111123,"Actual"
"NSW",2025-07-14 00:00:00.000,74.3651388888889,8353.0891666666666,"Actual"
"NSW",2025-07-15 00:00:00.000,118.12680555555555,9761.5696180555569,"Actual"
"NSW",2025-07-16 00:00:00.000,99.873888888888871,8947.2812847222212,"Actual"
"NSW",2025-07-17 00:00:00.000,104.95145833333333,9277.5648958333331,"Actual"
"NSW",2025-07-18 00:00:00.000,124.64770833333334,9565.073402777778,"Actual"
"NSW",2025-07-19 00:00:00.000,82.776284722222215,8476.6731597222224,"Actual"
"NSW",2025-07-20 00:00:00.000,79.100868055555566,8343.6556597222225,"Actual"
"NSW",2025-07-21 00:00:00.000,66.179652777777775,8658.8036805555548,"Actual"
"NSW",2025-07-22 00:00:00.000,61.962083333333332,8820.017013888888,"Actual"
"NSW",2025-07-23 00:00:00.000,79.840520833333329,8453.6304166666669,"Actual"
"NSW",2025-07-24 00:00:00.000,79.184444444444438,8764.18861111111,"Actual"
"NSW",2025-07-25 00:00:00.000,78.1426736111111,9225.4046875,"Actual"
"NSW",2025-07-26 00:00:00.000,72.419479166666662,8564.5573958333334,"Actual"
"NSW",2025-07-27 00:00:00.000,50.450868055555574,7987.4401388888891,"Actual"
"NSW",2025-07-28 00:00:00.000,74.9884375,8603.2186805555557,"Actual"
"NSW",2025-07-29 00:00:00.000,162.13802083333331,8922.92625,"Actual"
"NSW",2025-07-30 00:00:00.000,125.86097222222222,9877.6619444444441,"Actual"
"NSW",2025-07-31 00:00:00.000,123.49375,9453.0035763888882,"Actual"
"NSW",2025-08-01 00:00:00.000,153.47354166666668,9673.1419444444437,"Actual"
"NSW",2025-08-02 00:00:00.000,115.381875,9196.809409722222,"Actual"
"NSW",2025-08-03 00:00:00.000,60.647361111111159,8275.7875,"Actual"
"NSW",2025-08-04 00:00:00.000,86.333784722222219,8495.2715972222231,"Actual"
"NSW",2025-08-05 00:00:00.000,68.17062500000003,7972.4459027777775,"Actual"
"NSW",2025-08-06 00:00:00.000,119.01187499999999,8066.0135763888893,"Actual"
"NSW",2025-08-07 00:00:00.000,161.92222222222222,9012.0284722222223,"Actual"
"NSW",2025-08-08 00:00:00.000,102.99052083333333,8897.1981944444451,"Actual"
"NSW",2025-08-09 00:00:00.000,78.404965277777791,8282.6953125,"Actual"
"NSW",2025-08-10 00:00:00.000,76.960486111111109,8173.7530902777771,"Actual"
"NSW",2025-08-11 00:00:00.000,90.094131944444442,8746.3711111111115,"Actual"
"NSW",2025-08-12 00:00:00.000,104.84899305555557,8540.98357638889,"Actual"
"NSW",2025-08-13 00:00:00.000,141.36253472222222,8680.7834375,"Actual"
"NSW",2025-08-14 00:00:00.000,121.0397916666666,9169.1706249999988,"Actual"
"NSW",2025-08-15 00:00:00.000,80.780972222222218,8324.290486111111,"Actual"
"NSW",2025-08-16 00:00:00.000,75.315069444444447,7850.9796875000011,"Actual"
"NSW",2025-08-17 00:00:00.000,93.933333333333309,7911.2478125,"Actual"
"NSW",2025-08-18 00:00:00.000,227.16656250000014,9447.401770833334,"Actual"
"NSW",2025-08-19 00:00:00.000,185.4145833333333,9214.8190625,"Actual"
"NSW",2025-08-20 00:00:00.000,124.95517361111111,9604.3633680555558,"Actual"
"NSW",2025-08-21 00:00:00.000,138.25531250000006,9525.0237152777772,"Actual"
"NSW",2025-08-22 00:00:00.000,119.06989583333333,8750.9199652777788,"Actual"
"NSW",2025-08-23 00:00:00.000,94.021840277777812,7370.58420138889,"Actual"
"NSW",2025-08-24 00:00:00.000,93.639374999999973,7224.8628472222226,"Actual"
"NSW",2025-08-25 00:00:00.000,80.27013888888888,7637.4617013888892,"Actual"
"NSW",2025-08-26 00:00:00.000,62.903472222222177,7216.0112847222226,"Actual"
"NSW",2025-08-27 00:00:00.000,57.942465277777778,7798.5606597222222,"Actual"
"NSW",2025-08-28 00:00:00.000,54.325902777777785,7462.0751736111106,"Actual"
"NSW",2025-08-29 00:00:00.000,56.712083333333325,7594.2510069444443,"Actual"
"NSW",2025-08-30 00:00:00.000,42.410868055555554,7360.1069791666669,"Actual"
"NSW",2025-08-31 00:00:00.000,71.09878472222222,7038.9019791666669,"Actual"
"NSW",2025-09-01 00:00:00.000,208.64642361111112,7715.4485416666666,"Actual"
"NSW",2025-09-02 00:00:00.000,132.89072916666669,7715.3434375,"Actual"
"NSW",2025-09-03 00:00:00.000,65.296493055555544,7464.7025347222225,"Actual"
"NSW",2025-09-04 00:00:00.000,77.478194444444455,7568.618611111111,"Actual"
"NSW",2025-09-05 00:00:00.000,98.695104166666667,7452.6352430555553,"Actual"
"NSW",2025-09-06 00:00:00.000,47.181354166666736,6818.3364236111111,"Actual"
"NSW",2025-09-07 00:00:00.000,40.385868055555484,6390.2626041666645,"Actual"
"NSW",2025-09-08 00:00:00.000,40.25187500000002,6856.4002083333335,"Actual"
"NSW",2025-09-09 00:00:00.000,107.09711805555551,7153.5802430555559,"Actual"
"NSW",2025-09-10 00:00:00.000,139.44225694444444,8117.1282986111109,"Actual"
"NSW",2025-09-11 00:00:00.000,103.44454861111112,7999.4645486111112,"Actual"
"NSW",2025-09-12 00:00:00.000,92.6467013888889,7157.3736805555545,"Actual"
"NSW",2025-09-13 00:00:00.000,98.888298611111153,6540.354375,"Actual"
"NSW",2025-09-14 00:00:00.000,40.736875000000005,6116.3367361111123,"Actual"
"NSW",2025-09-15 00:00:00.000,40.589791666666642,6479.7434375,"Actual"
"NSW",2025-09-16 00:00:00.000,54.6737152777778,6915.3546527777771,"Actual"
"NSW",2025-09-17 00:00:00.000,64.627291666666665,6575.0261458333325,"Actual"
"NSW",2025-09-18 00:00:00.000,59.031805555555529,6660.89625,"Actual"
"NSW",2025-09-19 00:00:00.000,50.93888888888889,6787.2713194444441,"Actual"
"NSW",2025-09-20 00:00:00.000,28.403749999999995,6197.3698611111113,"Actual"
"NSW",2025-09-21 00:00:00.000,33.018680555555591,6018.372395833333,"Actual"
"NSW",2025-09-22 00:00:00.000,55.424548611111121,6815.651527777778,"Actual"
"NSW",2025-09-23 00:00:00.000,65.619444444444454,6867.4740277777773,"Actual"
"NSW",2025-09-24 00:00:00.000,57.836562500000014,6680.9162152777781,"Actual"
"NSW",2025-09-25 00:00:00.000,52.846840277777773,6545.5261805555556,"Actual"
"NSW",2025-09-26 00:00:00.000,41.200208333333364,6554.7025,"Actual"
"NSW",2025-09-27 00:00:00.000,33.486041666666665,6257.8343749999995,"Actual"
"NSW",2025-09-28 00:00:00.000,65.2984375,6089.2995138888882,"Actual"
"NSW",2025-09-29 00:00:00.000,81.708923611111089,6737.1246527777776,"Actual"
"NSW",2025-09-30 00:00:00.000,59.709513888888829,6739.4444444444434,"Actual"
"NSW",2025-10-01 00:00:00.000,34.892395833333353,6539.9235069444449,"Actual"
"NSW",2025-10-02 00:00:00.000,35.196979166666672,6604.7261458333332,"Actual"
"NSW",2025-10-03 00:00:00.000,48.10940972222226,6319.22486111111,"Actual"
"NSW",2025-10-04 00:00:00.000,47.899548611111051,5904.5111805555562,"Actual"
"NSW",2025-10-05 00:00:00.000,26.599027777777934,5756.6096527777781,"Actual"
"NSW",2025-10-06 00:00:00.000,51.929374999999986,6298.990625,"Actual"
"NSW",2025-10-07 00:00:00.000,115.56982638888891,7004.4662847222226,"Actual"
"NSW",2025-10-08 00:00:00.000,58.414305555555551,6842.1400694444446,"Actual"
"NSW",2025-10-09 00:00:00.000,122.94086805555554,7419.56,"Actual"
"NSW",2025-10-10 00:00:00.000,130.43322916666668,6499.4779513888889,"Actual"
"NSW",2025-10-11 00:00:00.000,32.111979166666615,6034.0389236111114,"Actual"
"NSW",2025-10-12 00:00:00.000,58.230902777777779,6234.4594444444447,"Actual"
"NSW",2025-10-13 00:00:00.000,67.497395833333343,6210.8685416666667,"Actual"
"NSW",2025-10-14 00:00:00.000,59.674374999999941,6279.6255555555554,"Actual"
"NSW",2025-10-15 00:00:00.000,100.64204861111119,6517.1037500000011,"Actual"
"NSW",2025-10-16 00:00:00.000,55.914375000000021,6753.1758680555558,"Actual"
"NSW",2025-10-17 00:00:00.000,93.507881944444435,7310.0533680555554,"Actual"
"NSW",2025-10-18 00:00:00.000,52.0688194444445,6056.6265277777784,"Actual"
"NSW",2025-10-19 00:00:00.000,41.921909722222225,5849.1329513888895,"Actual"
"NSW",2025-10-20 00:00:00.000,65.817604166666669,7506.9695833333335,"Actual"
"NSW",2025-10-21 00:00:00.000,93.136944444444453,7048.5064930555554,"Actual"
"NSW",2025-10-22 00:00:00.000,68.9063888888889,7968.1959722222218,"Actual"
"NSW",2025-10-23 00:00:00.000,94.034444444444446,6671.845173611111,"Actual"
"NSW",2025-10-24 00:00:00.000,82.973958333333314,6347.7906250000015,"Actual"
"NSW",2025-10-25 00:00:00.000,106.16215277777778,6191.1833680555555,"Actual"
"NSW",2025-10-26 00:00:00.000,59.042777777777737,6611.4094444444445,"Actual"
"NSW",2025-10-27 00:00:00.000,63.384930555555542,6680.0503125000005,"Actual"
"NSW",2025-10-28 00:00:00.000,120.22340277777778,7615.9656250000007,"Actual"
"NSW",2025-10-29 00:00:00.000,161.13947916666666,7429.0465972222228,"Actual"
"NSW",2025-10-30 00:00:00.000,121.02993055555558,6612.7938194444441,"Actual"
"NSW",2025-10-31 00:00:00.000,118.02631944444444,6637.3458680555559,"Actual"
"NSW",2025-11-01 00:00:00.000,69.937499999999957,6613.7821527777778,"Actual"
"NSW",2025-11-02 00:00:00.000,61.426493055555568,6411.5245486111116,"Actual"
"NSW",2025-11-03 00:00:00.000,106.05159722222223,7376.0456250000007,"Actual"
"NSW",2025-11-04 00:00:00.000,63.590763888888844,6645.5004513888889,"Actual"
"NSW",2025-11-05 00:00:00.000,44.263055555555539,6054.3388541666664,"Actual"
"NSW",2025-11-06 00:00:00.000,83.289375000000049,6294.690590277778,"Actual"
"NSW",2025-11-07 00:00:00.000,71.7342361111111,7034.3344791666668,"Actual"
"NSW",2025-11-08 00:00:00.000,45.409166666666664,7068.9707986111107,"Actual"
"NSW",2025-11-09 00:00:00.000,67.413680555555558,5873.1829861111109,"Actual"
"NSW",2025-11-10 00:00:00.000,81.514861111111159,6267.3003125000005,"Actual"
"NSW",2025-11-11 00:00:00.000,43.392708333333275,6357.1836805555558,"Actual"
"NSW",2025-11-12 00:00:00.000,48.759027777777789,5968.8458680555559,"Actual"
"NSW",2025-11-13 00:00:00.000,42.500937499999978,6314.3677083333332,"Actual"
"NSW",2025-11-14 00:00:00.000,67.2187152777778,6664.1284375000005,"Actual"
"NSW",2025-11-15 00:00:00.000,61.855208333333387,6577.8819791666665,"Actual"
"NSW",2025-11-16 00:00:00.000,53.1316666666667,6294.7846180555553,"Actual"
"NSW",2025-11-17 00:00:00.000,37.019409722222221,6451.2811111111114,"Actual"
"NSW",2025-11-18 00:00:00.000,54.507638888888856,6226.6953819444443,"Actual"
"NSW",2025-11-19 00:00:00.000,69.797395833333312,6807.4132291666665,"Actual"
"NSW",2025-11-20 00:00:00.000,109.87826388888887,6969.363159722222,"Actual"
"NSW",2025-11-21 00:00:00.000,87.871909722222227,7246.3259027777776,"Actual"
"NSW",2025-11-22 00:00:00.000,65.723437499999989,6922.636875,"Actual"
"NSW",2025-11-23 00:00:00.000,83.9660763888889,6460.1639930555557,"Actual"
"NSW",2025-11-24 00:00:00.000,57.689618055555457,6933.5736458333331,"Actual"
"NSW",2025-11-25 00:00:00.000,175.73204861111108,7652.5849652777779,"Actual"
"NSW",2025-11-26 00:00:00.000,327.15826388888883,8051.6091666666671,"Actual"
"NSW",2025-11-27 00:00:00.000,62.028993055555539,7326.8636111111109,"Actual"
"NSW",2025-11-28 00:00:00.000,80.8506597222222,7228.0816666666669,"Actual"
"NSW",2025-11-29 00:00:00.000,50.051388888888908,7021.0660763888891,"Actual"
"NSW",2025-11-30 00:00:00.000,34.330659722222194,6174.0077083333326,"Actual"
"NSW",2025-12-01 00:00:00.000,41.800833333333337,6565.2469444444441,"Actual"
"NSW",2025-12-02 00:00:00.000,39.378298611111113,6126.7507638888892,"Actual"
"NSW",2025-12-03 00:00:00.000,46.774548611111086,6363.5745138888888,"Actual"
"NSW",2025-12-04 00:00:00.000,58.129062500000039,7130.8980555555554,"Actual"
"NSW",2025-12-05 00:00:00.000,75.193472222222255,8256.3621180555547,"Actual"
"NSW",2025-12-06 00:00:00.000,49.083854166666626,8508.1779166666674,"Actual"
"NSW",2025-12-07 00:00:00.000,49.140590277777754,6849.4213541666659,"Actual"
"NSW",2025-12-08 00:00:00.000,49.5696180555555,7090.1305902777776,"Actual"
"NSW",2025-12-09 00:00:00.000,77.672291666666666,7702.9167013888891,"Actual"
"NSW",2025-12-10 00:00:00.000,75.756111111111082,7387.0028125,"Actual"
"NSW",2025-12-11 00:00:00.000,57.143958333333316,7344.864375,"Actual"
"NSW",2025-12-12 00:00:00.000,69.290555555555557,7364.8713541666666,"Actual"
"NSW",2025-12-13 00:00:00.000,66.676770833333336,6523.6121875000008,"Actual"
"NSW",2025-12-14 00:00:00.000,43.826249999999995,6718.5421180555559,"Actual"
"NSW",2025-12-15 00:00:00.000,70.536597222222213,6845.8013888888891,"Actual"
"NSW",2025-12-16 00:00:00.000,69.648368055555551,7230.963298611111,"Actual"
"NSW",2025-12-17 00:00:00.000,86.415416666666658,7095.146076388889,"Actual"
"NSW",2025-12-18 00:00:00.000,306.22788194444445,8252.0723611111116,"Actual"
"NSW",2025-12-19 00:00:00.000,316.29947916666646,9364.65375,"Actual"
"NSW",2025-12-20 00:00:00.000,88.8304861111111,8347.3538194444445,"Actual"
"NSW",2025-12-21 00:00:00.000,73.581180555555534,8803.91111111111,"Actual"
"NSW",2025-12-22 00:00:00.000,78.197326388888882,7931.2775347222223,"Actual"
"NSW",2025-12-23 00:00:00.000,65.984409722222253,7199.5111805555553,"Actual"
"NSW",2025-12-24 00:00:00.000,54.024479166666666,6983.3894791666671,"Actual"
"NSW",2025-12-25 00:00:00.000,33.901527777777808,5540.8045138888883,"Actual"
"NSW",2025-12-26 00:00:00.000,39.694618055555587,5868.0950694444446,"Actual"
"NSW",2025-12-27 00:00:00.000,11.13173611111111,5231.406736111112,"Actual"
"NSW",2025-12-28 00:00:00.000,18.101493055555579,5248.9935069444437,"Actual"
"NSW",2025-12-29 00:00:00.000,23.547430555555586,5425.3122916666653,"Actual"
"NSW",2025-12-30 00:00:00.000,34.204618055555549,5735.1168055555554,"Actual"
"NSW",2025-12-31 00:00:00.000,42.291666666666622,6194.0919791666674,"Actual"
"NSW",2026-01-01 00:00:00.000,27.500034722222303,6162.6429513888888,"Actual"
"NSW",2026-01-02 00:00:00.000,49.62815972222225,6267.6319444444443,"Actual"
"NSW",2026-01-03 00:00:00.000,46.866284722222218,6078.217083333333,"Actual"
"NSW",2026-01-04 00:00:00.000,57.370694444444418,6572.2942708333339,"Actual"
"NSW",2026-01-05 00:00:00.000,50.424548611111092,6888.1584722222224,"Actual"
"NSW",2026-01-06 00:00:00.000,62.641006944444449,7187.9176736111112,"Actual"
"NSW",2026-01-07 00:00:00.000,71.646805555555545,8239.1606597222217,"Actual"
"NSW",2026-01-08 00:00:00.000,78.505104166666655,8924.3781597222223,"Actual"
"NSW",2026-01-09 00:00:00.000,58.947152777777788,8913.8261458333327,"Actual"
"NSW",2026-01-10 00:00:00.000,499.66260416666682,8890.1084722222222,"Actual"
"NSW",2026-01-11 00:00:00.000,53.864548611111132,7157.9387847222224,"Actual"
"NSW",2026-01-12 00:00:00.000,35.625902777777782,7181.4880902777777,"Actual"
"NSW",2026-01-13 00:00:00.000,59.458888888888886,7344.0439236111115,"Actual"
"NSW",2026-01-14 00:00:00.000,55.168472222222228,7688.0890625,"Actual"
"NSW",2026-01-15 00:00:00.000,68.052916666666661,7888.6185069444446,"Actual"
"NSW",2026-01-16 00:00:00.000,46.031388888888856,7296.3577430555561,"Actual"
"NSW",2026-01-17 00:00:00.000,28.345937499999994,6867.9732986111112,"Actual"
"NSW",2026-01-18 00:00:00.000,30.580624999999998,6570.0440625,"Actual"
"NSW",2026-01-19 00:00:00.000,36.582013888888881,6961.5557638888886,"Actual"
"NSW",2026-01-20 00:00:00.000,47.785902777777778,6846.725625,"Actual"
"NSW",2026-01-21 00:00:00.000,42.082881944444438,6704.220173611111,"Actual"
"NSW",2026-01-22 00:00:00.000,37.254027777777793,6906.2123263888889,"Actual"
"NSW",2026-01-23 00:00:00.000,40.164097222222232,6843.4077083333332,"Actual"
"NSW",2026-01-24 00:00:00.000,43.632951388888941,6632.0924305555554,"Actual"
"NSW",2026-01-25 00:00:00.000,68.08871527777778,8168.397256944445,"Actual"
"NSW",2026-01-26 00:00:00.000,38.808541666666628,7287.7457986111112,"Actual"
"NSW",2026-01-27 00:00:00.000,58.393402777777794,7453.2971527777781,"Actual"
"NSW",2026-01-28 00:00:00.000,64.871111111111119,7959.0073263888889,"Actual"
"NSW",2026-01-29 00:00:00.000,57.8185763888889,8217.08486111111,"Actual"
"NSW",2026-01-30 00:00:00.000,89.127048611111121,8510.1754513888882,"Actual"
"NSW",2026-01-31 00:00:00.000,78.995798611111155,8590.7054513888888,"Actual"
"NSW",2026-02-01 00:00:00.000,56.138506944444458,7955.4293402777776,"Actual"
"NSW",2026-02-02 00:00:00.000,39.167673611111162,6596.4905555555561,"Actual"
"NSW",2026-02-03 00:00:00.000,60.543888888888894,6998.6653125,"Actual"
"NSW",2026-02-04 00:00:00.000,86.168854166666648,7131.9721180555553,"Actual"
"NSW",2026-02-05 00:00:00.000,391.93406249999981,8608.7847222222226,"Actual"
"NSW",2026-02-06 00:00:00.000,208.70097222222225,8379.608194444445,"Actual"
"NSW",2026-02-07 00:00:00.000,101.57913194444444,8171.5944791666661,"Actual"
"NSW",2026-02-08 00:00:00.000,75.037222222222226,7633.152465277778,"Actual"
"NSW",2026-02-09 00:00:00.000,95.4167361111111,8167.101319444444,"Actual"
"NSW",2026-02-10 00:00:00.000,112.77586805555555,8116.1535069444444,"Actual"
"NSW",2026-02-11 00:00:00.000,127.13885416666666,8921.2010416666672,"Actual"
"NSW",2026-02-12 00:00:00.000,68.7761111111111,8124.6746875,"Actual"
"NSW",2026-02-13 00:00:00.000,70.884027777777774,7375.83875,"Actual"
"NSW",2026-02-14 00:00:00.000,43.022291666666625,6736.9353125,"Actual"
"NSW",2026-02-15 00:00:00.000,37.407777777777767,6557.369305555555,"Actual"
"NSW",2026-02-16 00:00:00.000,46.382048611111138,6988.428263888889,"Actual"
"NSW",2026-02-17 00:00:00.000,41.948333333333359,7184.7162152777782,"Actual"
"NSW",2026-02-18 00:00:00.000,54.518090277777773,8161.8596875,"Actual"
"NSW",2026-02-19 00:00:00.000,73.53958333333334,8266.1099652777775,"Actual"
"NSW",2026-02-20 00:00:00.000,80.353090277777767,8414.2735416666674,"Actual"
"NSW",2026-02-21 00:00:00.000,66.861423611111135,8274.8027083333327,"Actual"
"NSW",2026-02-22 00:00:00.000,53.508368055555557,8311.2481597222231,"Actual"
"NSW",2026-02-23 00:00:00.000,71.326319444444451,8895.575312500001,"Actual"
"NSW",2026-02-24 00:00:00.000,83.96041666666666,8780.6289583333328,"Actual"
"NSW",2026-02-25 00:00:00.000,65.734652777777782,8574.3648958333324,"Actual"
"NSW",2026-02-26 00:00:00.000,45.985902777777781,8102.6260416666664,"Actual"
"NSW",2026-02-27 00:00:00.000,49.322430555555556,7928.1869097222225,"Actual"
"NSW",2026-02-28 00:00:00.000,37.115729166666689,7073.8913541666661,"Actual"
"NSW",2026-03-01 00:00:00.000,34.088090277777766,7185.2010763888893,"Actual"
"NSW",2026-03-02 00:00:00.000,67.032916666666665,8096.356284722222,"Actual"
"NSW",2026-03-03 00:00:00.000,76.722326388888888,8195.47545138889,"Actual"
"NSW",2026-03-04 00:00:00.000,85.034097222222215,8372.8401041666657,"Actual"
"NSW",2026-03-05 00:00:00.000,94.961423611111115,8628.5768749999988,"Actual"
"NSW",2026-03-06 00:00:00.000,86.601388888888891,8692.3518402777772,"Actual"
"NSW",2026-03-07 00:00:00.000,79.9148263888889,8122.2432291666664,"Actual"
"NSW",2026-03-08 00:00:00.000,61.735381944444448,7156.7112847222224,"Actual"
"NSW",2026-03-09 00:00:00.000,85.764652777777769,7613.2515625,"Actual"
"NSW",2026-03-10 00:00:00.000,64.460347222222182,7632.609131944444,"Actual"
"NSW",2026-03-11 00:00:00.000,47.790868055555578,7743.534097222222,"Actual"
"NSW",2026-03-12 00:00:00.000,49.358541666666639,7413.5414583333331,"Actual"
"NSW",2026-03-13 00:00:00.000,60.151944444444432,7116.7803125,"Actual"
"NSW",2026-03-14 00:00:00.000,33.151840277777787,6294.0030555555559,"Actual"
"NSW",2026-03-15 00:00:00.000,43.246111111111148,6258.6443402777777,"Actual"
"NSW",2026-03-16 00:00:00.000,89.60368055555557,7474.927326388889,"Actual"
"NSW",2026-03-17 00:00:00.000,114.14159722222222,8074.6870833333332,"Actual"
"NSW",2026-03-18 00:00:00.000,107.68750000000003,7921.1771180555552,"Actual"
"NSW",2026-03-19 00:00:00.000,120.98531249999996,8046.2256597222222,"Actual"
"NSW",2026-03-20 00:00:00.000,88.078958333333347,7626.5095486111113,"Actual"
"NSW",2026-03-21 00:00:00.000,72.656215277777747,7182.4682291666668,"Actual"
"NSW",2026-03-22 00:00:00.000,66.510625,6788.5048958333336,"Actual"
"NSW",2026-03-23 00:00:00.000,80.364965277777785,7551.6859027777782,"Actual"
"NSW",2026-03-24 00:00:00.000,76.834375,7519.9838541666668,"Actual"
"NSW",2026-03-25 00:00:00.000,74.559756944444445,7544.9501041666663,"Actual"
"NSW",2026-03-26 00:00:00.000,74.7573611111111,7810.7071875,"Actual"
"NSW",2026-03-27 00:00:00.000,44.111423611111071,7360.3271180555557,"Actual"
"NSW",2026-03-28 00:00:00.000,44.403611111111069,6236.3142013888883,"Actual"
"NSW",2026-03-29 00:00:00.000,42.256840277777755,6054.3185069444444,"Actual"
"NSW",2026-03-30 00:00:00.000,60.744166666666651,6842.6220138888884,"Actual"
"NSW",2026-03-31 00:00:00.000,53.2898611111111,6993.5993402777776,"Actual"
"NSW",2026-04-01 00:00:00.000,78.682777777777773,7013.2582291666668,"Actual"
"NSW",2026-04-02 00:00:00.000,81.775972222222222,7179.3176388888887,"Actual"
"NSW",2026-04-03 00:00:00.000,57.102534722222238,6543.9353125000007,"Actual"
"NSW",2026-04-04 00:00:00.000,54.556180555555557,6876.2605902777777,"Actual"
"NSW",2026-04-05 00:00:00.000,46.617291666666659,6204.8694444444445,"Actual"
"NSW",2026-04-06 00:00:00.000,75.066076388888888,6727.80125,"Actual"
"NSW",2026-04-07 00:00:00.000,80.433958333333351,7019.80295138889,"Actual"
"NSW",2026-04-08 00:00:00.000,89.631597222222268,7118.289375,"Actual"
"NSW",2026-04-09 00:00:00.000,67.602256944444434,7432.9103125,"Actual"
"NSW",2026-04-10 00:00:00.000,64.611840277777773,7627.6578472222218,"Actual"
"NSW",2026-04-11 00:00:00.000,42.402847222222221,6387.2838541666661,"Actual"
"NSW",2026-04-12 00:00:00.000,33.551701388888958,6097.14111111111,"Actual"
"NSW",2026-04-13 00:00:00.000,54.161597222222206,6731.1747916666664,"Actual"
"NSW",2026-04-14 00:00:00.000,67.010659722222215,6879.1997569444447,"Actual"
"NSW",2026-04-15 00:00:00.000,70.685243055555546,6764.4822916666662,"Actual"
"NSW",2026-04-16 00:00:00.000,53.956180555555484,6962.5310416666671,"Actual"
"NSW",2026-04-17 00:00:00.000,49.804409722222253,7016.6941666666662,"Actual"
"NSW",2026-04-18 00:00:00.000,54.215590277777757,6356.2139236111107,"Actual"
"NSW",2026-04-19 00:00:00.000,58.783993055555555,6282.7974652777766,"Actual"
"NSW",2026-04-20 00:00:00.000,67.043958333333336,6975.8928472222224,"Actual"
"NSW",2026-04-21 00:00:00.000,53.887673611111126,7365.7129166666664,"Actual"
"NSW",2026-04-22 00:00:00.000,48.717256944444458,7295.6522569444442,"Actual"
"NSW",2026-04-23 00:00:00.000,53.695069444444428,7401.111875,"Actual"
"NSW",2026-04-24 00:00:00.000,55.350138888888836,7254.5544097222219,"Actual"
"NSW",2026-04-25 00:00:00.000,46.808159722222236,6462.8,"Actual"
"NSW",2026-04-26 00:00:00.000,50.923090277777753,6277.29875,"Actual"
"NSW",2026-04-27 00:00:00.000,62.367743055555543,6539.1909722222226,"Actual"
"NSW",2026-04-28 00:00:00.000,62.061493055555566,7114.0632638888892,"Actual"
"NSW",2026-04-29 00:00:00.000,56.322569444444426,7184.6914930555558,"Actual"
"NSW",2026-04-30 00:00:00.000,54.222916666666684,7315.1764583333334,"Actual"
"NSW",2026-05-01 00:00:00.000,58.2159375,7315.3551736111112,"Actual"
"NSW",2026-05-02 00:00:00.000,46.203159722222225,6924.3607291666667,"Actual"
"NSW",2026-05-03 00:00:00.000,44.486631944444412,6714.3811458333339,"Actual"
"NSW",2026-05-04 00:00:00.000,67.2571875,7660.6555902777782,"Actual"
"NSW",2026-05-05 00:00:00.000,84.296111111111117,7171.6488888888889,"Actual"
"NSW",2026-05-06 00:00:00.000,82.156215277777775,7345.5442013888887,"Actual"
"NSW",2026-05-07 00:00:00.000,51.217013888888886,7581.8528819444446,"Actual"
"NSW",2026-05-08 00:00:00.000,48.216770833333335,7577.3553125000008,"Actual"
"NSW",2026-05-09 00:00:00.000,76.299305555555549,6975.8618055555544,"Actual"
"NSW",2026-05-10 00:00:00.000,75.1947916666667,6835.981527777778,"Actual"
"NSW",2026-05-11 00:00:00.000,72.394097222222229,7510.0716319444446,"Actual"
"NSW",2026-05-12 00:00:00.000,68.204166666666666,7665.5122569444447,"Actual"
"NSW",2026-05-13 00:00:00.000,71.44125,7728.2847916666669,"Actual"
"NSW",2026-05-14 00:00:00.000,82.005868055555538,7646.64625,"Actual"
"NSW",2026-05-15 00:00:00.000,58.748437499999994,7630.9505902777782,"Actual"
"NSW",2026-05-16 00:00:00.000,69.10375,7041.9310763888889,"Actual"
"NSW",2026-05-17 00:00:00.000,132.36600694444445,7258.2652083333332,"Actual"
"NSW",2026-05-18 00:00:00.000,181.90934027777777,8223.795451388889,"Actual"
"NSW",2026-05-19 00:00:00.000,84.302152777777792,8085.8896527777779,"Actual"
"NSW",2026-05-20 00:00:00.000,71.779791666666682,7667.5863888888889,"Actual"
"NSW",2026-05-21 00:00:00.000,107.46538194444445,7837.3644791666666,"Actual"
"NSW",2026-05-22 00:00:00.000,82.5242013888889,7923.8095138888893,"Actual"
"NSW",2026-05-23 00:00:00.000,58.252291666666679,7563.4063888888886,"Actual"
"NSW",2026-05-24 00:00:00.000,88.8464236111111,7383.9639236111107,"Actual"
"NSW",2026-05-25 00:00:00.000,94.5890625,7839.5627777777772,"Actual"
"NSW",2026-05-26 00:00:00.000,106.54934027777779,8330.200069444445,"Actual"
"NSW",2026-05-27 00:00:00.000,157.06069444444447,7922.3284027777781,"Actual"
"NSW",2026-05-28 00:00:00.000,135.34614583333331,8169.7744097222221,"Actual"
"NSW",2026-05-29 00:00:00.000,97.661250000000024,7923.144409722222,"Actual"
"NSW",2026-05-30 00:00:00.000,40.776597222222215,7311.8942361111112,"Actual"
"NSW",2026-05-31 00:00:00.000,47.480902777777779,7246.1809722222224,"Actual"
"NSW",2026-06-01 00:00:00.000,51.006597222222226,8075.7348611111111,"Actual"
"NSW",2026-06-02 00:00:00.000,51.586111111111123,8745.770590277778,"Actual"
"NSW",2026-06-03 00:00:00.000,42.157395833333339,7909.5112152777774,"Actual"
"NSW",2026-06-04 00:00:00.000,51.202916666666667,8244.2074652777774,"Actual"
"NSW",2026-06-05 00:00:00.000,70.096562499999976,8286.6988541666669,"Actual"
"NSW",2026-06-06 00:00:00.000,77.9582638888889,7744.4795486111116,"Actual"
"NSW",2026-06-07 00:00:00.000,83.986111111111114,7592.4745486111105,"Actual"
"NSW",2026-06-08 00:00:00.000,68.938333333333333,7724.8854861111113,"Actual"
"NSW",2026-06-09 00:00:00.000,80.338819444444425,8223.0331597222212,"Actual"
"NSW",2026-06-10 00:00:00.000,86.207881944444438,8006.324375,"Actual"
"NSW",2026-06-11 00:00:00.000,100.13875000000003,8071.3355555555554,"Actual"
"NSW",2026-06-12 00:00:00.000,69.628159722222222,7949.3051736111111,"Actual"
"NSW",2026-06-13 00:00:00.000,55.724479166666669,7352.4214236111111,"Actual"
"NSW",2026-06-14 00:00:00.000,72.794791666666669,7516.4922916666665,"Actual"
"NSW",2026-06-15 00:00:00.000,67.369930555555555,8109.3905555555557,"Actual"
"NSW",2026-06-16 00:00:00.000,60.372187499999995,7895.3995833333338,"Actual"
"NSW",2026-06-17 00:00:00.000,68.5378125,8262.7477777777785,"Actual"
"NSW",2026-06-18 00:00:00.000,60.097222222222236,8154.838541666667,"Actual"
"NSW",2026-06-19 00:00:00.000,56.205069444444433,8296.3726736111112,"Actual"
"NSW",2026-06-20 00:00:00.000,71.106284722222213,7506.7904513888889,"Actual"
"NSW",2026-06-21 00:00:00.000,89.1121875,7634.2824652777772,"Actual"
"NSW",2026-06-22 00:00:00.000,102.68461805555555,8495.5839930555558,"Actual"
"NSW",2026-06-23 00:00:00.000,121.65128472222221,8861.9588194444441,"Actual"
"NSW",2026-06-24 00:00:00.000,153.90350694444444,8840.5032291666666,"Actual"
"NSW",2026-06-25 00:00:00.000,142.22652777777776,9315.8810763888887,"Actual"
"NSW",2026-06-26 00:00:00.000,130.18350694444445,9073.50111111111,"Actual"
"NSW",2026-06-27 00:00:00.000,111.93201388888889,8635.318923611112,"Actual"
"NSW",2026-06-28 00:00:00.000,81.551805555555575,8350.83375,"Actual"
"NSW",2026-06-29 00:00:00.000,99.618055555555571,8787.3119791666668,"Actual"
"NSW",2026-06-30 00:00:00.000,120.54503472222218,9031.0855208333323,"Actual"
"NSW",2026-07-01 00:00:00.000,89.4,8168.42,"Actual"
"QLD",2021-07-01 00:00:00.000,118.87404255319149,6363.4227659574472,"Actual"
"QLD",2021-07-02 00:00:00.000,99.13958333333332,6231.1175,"Actual"
"QLD",2021-07-03 00:00:00.000,235.23500000000004,6094.401041666667,"Actual"
"QLD",2021-07-04 00:00:00.000,45.925833333333323,5562.61,"Actual"
"QLD",2021-07-05 00:00:00.000,100.95354166666667,6084.9120833333336,"Actual"
"QLD",2021-07-06 00:00:00.000,242.574375,6322.8704166666666,"Actual"
"QLD",2021-07-07 00:00:00.000,185.12354166666665,6126.1779166666665,"Actual"
"QLD",2021-07-08 00:00:00.000,230.80624999999998,6317.2114583333332,"Actual"
"QLD",2021-07-09 00:00:00.000,189.121875,6254.87125,"Actual"
"QLD",2021-07-10 00:00:00.000,102.63416666666666,5771.9995833333332,"Actual"
"QLD",2021-07-11 00:00:00.000,152.76770833333333,5758.668125,"Actual"
"QLD",2021-07-12 00:00:00.000,142.63166666666666,6241.253125,"Actual"
"QLD",2021-07-13 00:00:00.000,130.31333333333333,6098.3220833333335,"Actual"
"QLD",2021-07-14 00:00:00.000,59.199791666666663,6068.1897916666667,"Actual"
"QLD",2021-07-15 00:00:00.000,54.230833333333329,6115.0372916666665,"Actual"
"QLD",2021-07-16 00:00:00.000,113.16520833333337,6256.3414583333333,"Actual"
"QLD",2021-07-17 00:00:00.000,47.032499999999992,5633.676875,"Actual"
"QLD",2021-07-18 00:00:00.000,71.685833333333335,5620.7979166666664,"Actual"
"QLD",2021-07-19 00:00:00.000,166.86354166666666,6207.7816666666668,"Actual"
"QLD",2021-07-20 00:00:00.000,134.4375,6309.0808333333334,"Actual"
"QLD",2021-07-21 00:00:00.000,578.463125,6414.6670833333337,"Actual"
"QLD",2021-07-22 00:00:00.000,272.48083333333341,6368.8325,"Actual"
"QLD",2021-07-23 00:00:00.000,185.03895833333331,6646.991458333333,"Actual"
"QLD",2021-07-24 00:00:00.000,47.965833333333336,5729.7029166666671,"Actual"
"QLD",2021-07-25 00:00:00.000,46.817083333333336,5712.5460416666665,"Actual"
"QLD",2021-07-26 00:00:00.000,124.48666666666665,6289.2683333333334,"Actual"
"QLD",2021-07-27 00:00:00.000,73.348541666666677,6189.1791666666668,"Actual"
"QLD",2021-07-28 00:00:00.000,60.09625,6084.1154166666665,"Actual"
"QLD",2021-07-29 00:00:00.000,67.115625,5967.0591666666669,"Actual"
"QLD",2021-07-30 00:00:00.000,62.47625,5954.57875,"Actual"
"QLD",2021-07-31 00:00:00.000,47.793958333333336,5551.411875,"Actual"
"QLD",2021-08-01 00:00:00.000,62.6975,5432.4604166666668,"Actual"
"QLD",2021-08-02 00:00:00.000,63.73833333333333,5831.0483333333332,"Actual"
"QLD",2021-08-03 00:00:00.000,46.597291666666671,5957.1470833333333,"Actual"
"QLD",2021-08-04 00:00:00.000,53.134583333333339,5748.414375,"Actual"
"QLD",2021-08-05 00:00:00.000,40.980625,5795.3527083333329,"Actual"
"QLD",2021-08-06 00:00:00.000,53.390833333333333,5905.85,"Actual"
"QLD",2021-08-07 00:00:00.000,68.647500000000008,5667.20625,"Actual"
"QLD",2021-08-08 00:00:00.000,70.759791666666672,5620.3704166666666,"Actual"
"QLD",2021-08-09 00:00:00.000,65.256875000000008,6150.5633333333335,"Actual"
"QLD",2021-08-10 00:00:00.000,55.232083333333335,6056.161458333333,"Actual"
"QLD",2021-08-11 00:00:00.000,52.616666666666667,5989.920625,"Actual"
"QLD",2021-08-12 00:00:00.000,56.883333333333333,5823.728125,"Actual"
"QLD",2021-08-13 00:00:00.000,51.797916666666666,5779.654375,"Actual"
"QLD",2021-08-14 00:00:00.000,36.703333333333333,5508.9389583333332,"Actual"
"QLD",2021-08-15 00:00:00.000,17.14083333333334,5428.340625,"Actual"
"QLD",2021-08-16 00:00:00.000,39.677708333333335,5809.1727083333335,"Actual"
"QLD",2021-08-17 00:00:00.000,33.6425,5704.5279166666669,"Actual"
"QLD",2021-08-18 00:00:00.000,79.799375,6042.4597916666662,"Actual"
"QLD",2021-08-19 00:00:00.000,56.117291666666667,5831.270625,"Actual"
"QLD",2021-08-20 00:00:00.000,59.580625,5729.0122916666669,"Actual"
"QLD",2021-08-21 00:00:00.000,45.704375,5389.4591666666665,"Actual"
"QLD",2021-08-22 00:00:00.000,30.096666666666657,5322.9629166666664,"Actual"
"QLD",2021-08-23 00:00:00.000,34.897291666666661,5706.0089583333329,"Actual"
"QLD",2021-08-24 00:00:00.000,54.713333333333338,5855.7927083333334,"Actual"
"QLD",2021-08-25 00:00:00.000,47.861875000000012,5761.1414583333335,"Actual"
"QLD",2021-08-26 00:00:00.000,88.007083333333327,5893.7802083333336,"Actual"
"QLD",2021-08-27 00:00:00.000,77.001666666666665,5828.960208333333,"Actual"
"QLD",2021-08-28 00:00:00.000,46.551458333333329,5522.6447916666666,"Actual"
"QLD",2021-08-29 00:00:00.000,64.897708333333341,5505.7945833333333,"Actual"
"QLD",2021-08-30 00:00:00.000,50.376875,5734.0941666666668,"Actual"
"QLD",2021-08-31 00:00:00.000,55.522291666666668,5934.6002083333333,"Actual"
"QLD",2021-09-01 00:00:00.000,93.483958333333334,5841.03625,"Actual"
"QLD",2021-09-02 00:00:00.000,38.641666666666666,5882.166666666667,"Actual"
"QLD",2021-09-03 00:00:00.000,54.846458333333331,5912.7872916666665,"Actual"
"QLD",2021-09-04 00:00:00.000,48.115833333333327,5589.1497916666667,"Actual"
"QLD",2021-09-05 00:00:00.000,48.13979166666666,5721.70875,"Actual"
"QLD",2021-09-06 00:00:00.000,45.98125,5813.3895833333336,"Actual"
"QLD",2021-09-07 00:00:00.000,37.28854166666666,5667.353125,"Actual"
"QLD",2021-09-08 00:00:00.000,56.285,5779.289375,"Actual"
"QLD",2021-09-09 00:00:00.000,38.282708333333332,5748.2072916666666,"Actual"
"QLD",2021-09-10 00:00:00.000,24.704791666666665,5644.7035416666668,"Actual"
"QLD",2021-09-11 00:00:00.000,19.4475,5350.55875,"Actual"
"QLD",2021-09-12 00:00:00.000,21.921458333333348,5370.178125,"Actual"
"QLD",2021-09-13 00:00:00.000,57.5525,5910.4422916666663,"Actual"
"QLD",2021-09-14 00:00:00.000,37.631458333333327,5587.553958333333,"Actual"
"QLD",2021-09-15 00:00:00.000,50.380208333333336,5557.76125,"Actual"
"QLD",2021-09-16 00:00:00.000,68.012916666666669,5584.5527083333336,"Actual"
"QLD",2021-09-17 00:00:00.000,56.04,5654.1341666666667,"Actual"
"QLD",2021-09-18 00:00:00.000,49.973125,5322.4591666666665,"Actual"
"QLD",2021-09-19 00:00:00.000,78.853541666666658,5257.0272916666663,"Actual"
"QLD",2021-09-20 00:00:00.000,64.420833333333334,5700.708125,"Actual"
"QLD",2021-09-21 00:00:00.000,27.122916666666669,5619.5366666666669,"Actual"
"QLD",2021-09-22 00:00:00.000,63.328125,5457.2002083333336,"Actual"
"QLD",2021-09-23 00:00:00.000,38.774583333333347,5558.92375,"Actual"
"QLD",2021-09-24 00:00:00.000,31.521041666666672,5585.8752083333329,"Actual"
"QLD",2021-09-25 00:00:00.000,38.504999999999995,5388.9927083333332,"Actual"
"QLD",2021-09-26 00:00:00.000,45.303541666666668,5439.9997916666671,"Actual"
"QLD",2021-09-27 00:00:00.000,61.028125,6078.9245833333334,"Actual"
"QLD",2021-09-28 00:00:00.000,60.507291666666667,5993.532916666667,"Actual"
"QLD",2021-09-29 00:00:00.000,68.02625,6067.716875,"Actual"
"QLD",2021-09-30 00:00:00.000,112.47041666666667,5976.339375,"Actual"
"QLD",2021-10-01 00:00:00.000,77.437152777777811,5873.6417013888886,"Actual"
"QLD",2021-10-02 00:00:00.000,29.829513888888897,5281.567465277778,"Actual"
"QLD",2021-10-03 00:00:00.000,30.64079861111113,5214.7143402777774,"Actual"
"QLD",2021-10-04 00:00:00.000,126.13552083333333,5658.81375,"Actual"
"QLD",2021-10-05 00:00:00.000,22.501423611111143,5785.9085416666667,"Actual"
"QLD",2021-10-06 00:00:00.000,31.232673611111135,5643.3999652777775,"Actual"
"QLD",2021-10-07 00:00:00.000,33.262048611111112,5796.5907986111115,"Actual"
"QLD",2021-10-08 00:00:00.000,42.412326388888857,5837.2309722222217,"Actual"
"QLD",2021-10-09 00:00:00.000,16.801354166666719,5543.520347222222,"Actual"
"QLD",2021-10-10 00:00:00.000,22.7951388888889,5494.4656944444441,"Actual"
"QLD",2021-10-11 00:00:00.000,61.610868055555557,5998.0119444444445,"Actual"
"QLD",2021-10-12 00:00:00.000,72.951180555555538,6135.4976736111112,"Actual"
"QLD",2021-10-13 00:00:00.000,50.919374999999995,5980.4630555555559,"Actual"
"QLD",2021-10-14 00:00:00.000,88.443750000000009,6178.7771875,"Actual"
"QLD",2021-10-15 00:00:00.000,112.40861111111109,6060.4974305555552,"Actual"
"QLD",2021-10-16 00:00:00.000,-110.05114583333331,5294.8713888888888,"Actual"
"QLD",2021-10-17 00:00:00.000,51.420590277777784,5282.2271180555554,"Actual"
"QLD",2021-10-18 00:00:00.000,129.51166666666677,6193.4085416666667,"Actual"
"QLD",2021-10-19 00:00:00.000,92.559131944444459,5821.7048958333335,"Actual"
"QLD",2021-10-20 00:00:00.000,187.10527777777779,5923.1606944444447,"Actual"
"QLD",2021-10-21 00:00:00.000,74.8710763888889,6051.6802777777775,"Actual"
"QLD",2021-10-22 00:00:00.000,100.82427083333333,6132.1007638888887,"Actual"
"QLD",2021-10-23 00:00:00.000,93.701111111111118,5918.1608333333334,"Actual"
"QLD",2021-10-24 00:00:00.000,69.03020833333332,5966.0376736111111,"Actual"
"QLD",2021-10-25 00:00:00.000,98.369687499999969,6353.2848263888891,"Actual"
"QLD",2021-10-26 00:00:00.000,81.117013888888877,6192.8602777777778,"Actual"
"QLD",2021-10-27 00:00:00.000,87.813263888888883,6228.5938888888886,"Actual"
"QLD",2021-10-28 00:00:00.000,115.7102083333333,6460.1762152777774,"Actual"
"QLD",2021-10-29 00:00:00.000,63.398194444444442,6281.6890625,"Actual"
"QLD",2021-10-30 00:00:00.000,62.320972222222217,6014.3156944444445,"Actual"
"QLD",2021-10-31 00:00:00.000,43.732743055555595,5617.8610069444449,"Actual"
"QLD",2021-11-01 00:00:00.000,70.620659722222229,5987.446979166667,"Actual"
"QLD",2021-11-02 00:00:00.000,66.443020833333335,6095.531979166667,"Actual"
"QLD",2021-11-03 00:00:00.000,59.805347222222217,5896.1552083333336,"Actual"
"QLD",2021-11-04 00:00:00.000,97.919305555555539,5852.4177430555555,"Actual"
"QLD",2021-11-05 00:00:00.000,62.609583333333333,5957.5495833333334,"Actual"
"QLD",2021-11-06 00:00:00.000,35.833645833333293,5629.3636458333331,"Actual"
"QLD",2021-11-07 00:00:00.000,53.729861111111113,5754.0440972222223,"Actual"
"QLD",2021-11-08 00:00:00.000,189.07819444444434,6443.0907638888893,"Actual"
"QLD",2021-11-09 00:00:00.000,135.44336805555565,6433.5896527777777,"Actual"
"QLD",2021-11-10 00:00:00.000,124.85350694444446,6621.6841319444438,"Actual"
"QLD",2021-11-11 00:00:00.000,571.89218749999986,6894.4729166666675,"Actual"
"QLD",2021-11-12 00:00:00.000,88.251041666666666,6775.7352777777778,"Actual"
"QLD",2021-11-13 00:00:00.000,11.817777777777845,5359.2005902777782,"Actual"
"QLD",2021-11-14 00:00:00.000,18.271944444444454,5293.9577430555564,"Actual"
"QLD",2021-11-15 00:00:00.000,97.026493055555562,5791.0516666666663,"Actual"
"QLD",2021-11-16 00:00:00.000,89.375034722222239,5995.2789236111112,"Actual"
"QLD",2021-11-17 00:00:00.000,71.339652777777772,6162.1060069444447,"Actual"
"QLD",2021-11-18 00:00:00.000,65.758055555555558,6105.6685069444447,"Actual"
"QLD",2021-11-19 00:00:00.000,91.974409722222219,6006.1335763888892,"Actual"
"QLD",2021-11-20 00:00:00.000,129.9446875,5901.4528819444449,"Actual"
"QLD",2021-11-21 00:00:00.000,99.3698263888889,6009.3579166666668,"Actual"
"QLD",2021-11-22 00:00:00.000,47.888229166666669,6283.4093055555559,"Actual"
"QLD",2021-11-23 00:00:00.000,59.772569444444443,6248.3561458333334,"Actual"
"QLD",2021-11-24 00:00:00.000,74.6834375,6469.6584375,"Actual"
"QLD",2021-11-25 00:00:00.000,81.802951388888914,6652.7170486111108,"Actual"
"QLD",2021-11-26 00:00:00.000,120.24746527777778,6483.254722222222,"Actual"
"QLD",2021-11-27 00:00:00.000,65.345,6124.0808333333334,"Actual"
"QLD",2021-11-28 00:00:00.000,41.9688888888889,5870.2107638888892,"Actual"
"QLD",2021-11-29 00:00:00.000,75.87722222222223,6389.5047569444441,"Actual"
"QLD",2021-11-30 00:00:00.000,97.584791666666746,6519.4870138888891,"Actual"
"QLD",2021-12-01 00:00:00.000,72.136041666666671,6492.2223958333334,"Actual"
"QLD",2021-12-02 00:00:00.000,75.885104166666665,6520.4920486111114,"Actual"
"QLD",2021-12-03 00:00:00.000,73.444166666666661,6581.5209722222216,"Actual"
"QLD",2021-12-04 00:00:00.000,51.884097222222245,6081.8728819444441,"Actual"
"QLD",2021-12-05 00:00:00.000,28.763368055555556,5723.6114583333328,"Actual"
"QLD",2021-12-06 00:00:00.000,66.760902777777773,6210.9824305555558,"Actual"
"QLD",2021-12-07 00:00:00.000,78.919548611111111,6425.3495833333336,"Actual"
"QLD",2021-12-08 00:00:00.000,70.48173611111109,6550.2015277777773,"Actual"
"QLD",2021-12-09 00:00:00.000,611.6210416666662,6500.6702777777782,"Actual"
"QLD",2021-12-10 00:00:00.000,113.79628472222224,6522.0165277777778,"Actual"
"QLD",2021-12-11 00:00:00.000,106.3245138888889,5831.4967708333334,"Actual"
"QLD",2021-12-12 00:00:00.000,140.6036458333333,5820.8197569444446,"Actual"
"QLD",2021-12-13 00:00:00.000,102.64916666666662,6246.8412847222226,"Actual"
"QLD",2021-12-14 00:00:00.000,68.800000000000011,6174.173298611111,"Actual"
"QLD",2021-12-15 00:00:00.000,90.633402777777789,6242.9027083333331,"Actual"
"QLD",2021-12-16 00:00:00.000,100.00795138888887,6499.2600347222224,"Actual"
"QLD",2021-12-17 00:00:00.000,87.022083333333327,6587.0798263888892,"Actual"
"QLD",2021-12-18 00:00:00.000,89.4190625,6231.6702777777782,"Actual"
"QLD",2021-12-19 00:00:00.000,86.929236111111123,6100.6977430555562,"Actual"
"QLD",2021-12-20 00:00:00.000,853.1849999999996,6964.9654861111112,"Actual"
"QLD",2021-12-21 00:00:00.000,174.91260416666665,7098.8509375,"Actual"
"QLD",2021-12-22 00:00:00.000,104.24708333333332,6952.8359375,"Actual"
"QLD",2021-12-23 00:00:00.000,202.35819444444445,6988.8979861111111,"Actual"
"QLD",2021-12-24 00:00:00.000,86.439479166666615,6843.8511805555554,"Actual"
"QLD",2021-12-25 00:00:00.000,70.8014236111111,5927.9456597222215,"Actual"
"QLD",2021-12-26 00:00:00.000,66.85486111111112,5779.7468402777777,"Actual"
"QLD",2021-12-27 00:00:00.000,67.175694444444446,6020.887777777778,"Actual"
"QLD",2021-12-28 00:00:00.000,47.609861111111158,5843.1452430555555,"Actual"
"QLD",2021-12-29 00:00:00.000,65.087083333333339,5887.3938194444445,"Actual"
"QLD",2021-12-30 00:00:00.000,54.594999999999978,5791.695555555556,"Actual"
"QLD",2021-12-31 00:00:00.000,77.508263888888891,5990.7342013888892,"Actual"
"QLD",2022-01-01 00:00:00.000,79.972118055555555,5993.8286111111111,"Actual"
"QLD",2022-01-02 00:00:00.000,89.3131944444444,5828.9589930555558,"Actual"
"QLD",2022-01-03 00:00:00.000,78.416006944444433,6070.7055555555553,"Actual"
"QLD",2022-01-04 00:00:00.000,106.80197916666667,6808.4761805555554,"Actual"
"QLD",2022-01-05 00:00:00.000,103.0410069444444,6935.0685416666665,"Actual"
"QLD",2022-01-06 00:00:00.000,127.32986111111111,7001.8306597222227,"Actual"
"QLD",2022-01-07 00:00:00.000,143.26902777777781,7100.8573958333327,"Actual"
"QLD",2022-01-08 00:00:00.000,127.52340277777778,6771.8777430555556,"Actual"
"QLD",2022-01-09 00:00:00.000,115.09645833333332,6557.88875,"Actual"
"QLD",2022-01-10 00:00:00.000,109.54531250000002,6691.6822569444448,"Actual"
"QLD",2022-01-11 00:00:00.000,157.9927777777778,6568.0819444444442,"Actual"
"QLD",2022-01-12 00:00:00.000,136.90784722222216,6436.7917708333334,"Actual"
"QLD",2022-01-13 00:00:00.000,87.233680555555551,6453.1933333333336,"Actual"
"QLD",2022-01-14 00:00:00.000,154.71986111111119,6581.917152777778,"Actual"
"QLD",2022-01-15 00:00:00.000,136.90309027777781,6373.0230208333332,"Actual"
"QLD",2022-01-16 00:00:00.000,85.035937499999989,6544.8521527777784,"Actual"
"QLD",2022-01-17 00:00:00.000,125.65753472222227,7360.3986458333329,"Actual"
"QLD",2022-01-18 00:00:00.000,131.67510416666667,7381.7999652777771,"Actual"
"QLD",2022-01-19 00:00:00.000,171.02732638888921,7342.0612152777776,"Actual"
"QLD",2022-01-20 00:00:00.000,80.569409722222218,6845.8295833333332,"Actual"
"QLD",2022-01-21 00:00:00.000,62.898854166666666,6382.1715625,"Actual"
"QLD",2022-01-22 00:00:00.000,59.324340277777772,5980.3241666666663,"Actual"
"QLD",2022-01-23 00:00:00.000,64.421006944444429,5869.2410763888893,"Actual"
"QLD",2022-01-24 00:00:00.000,110.24072916666667,6511.0880555555559,"Actual"
"QLD",2022-01-25 00:00:00.000,135.87722222222226,6882.2053125,"Actual"
"QLD",2022-01-26 00:00:00.000,186.04461805555533,6488.0079513888886,"Actual"
"QLD",2022-01-27 00:00:00.000,130.11277777777781,6633.3108680555561,"Actual"
"QLD",2022-01-28 00:00:00.000,98.666076388888868,6556.0659722222226,"Actual"
"QLD",2022-01-29 00:00:00.000,107.21694444444444,6171.1279166666664,"Actual"
"QLD",2022-01-30 00:00:00.000,175.02538194444452,6303.5726041666667,"Actual"
"QLD",2022-01-31 00:00:00.000,859.01760416666616,7179.6595486111109,"Actual"
"QLD",2022-02-01 00:00:00.000,1607.7453819444443,7574.716354166666,"Actual"
"QLD",2022-02-02 00:00:00.000,362.14465277777776,7755.55982638889,"Actual"
"QLD",2022-02-03 00:00:00.000,270.15781250000015,7281.6109722222227,"Actual"
"QLD",2022-02-04 00:00:00.000,84.3597222222222,6260.6522569444442,"Actual"
"QLD",2022-02-05 00:00:00.000,50.3051736111111,5629.8263541666665,"Actual"
"QLD",2022-02-06 00:00:00.000,57.026319444444439,5568.7734027777778,"Actual"
"QLD",2022-02-07 00:00:00.000,75.6065625,5922.2273611111113,"Actual"
"QLD",2022-02-08 00:00:00.000,82.499583333333334,5968.9407986111109,"Actual"
"QLD",2022-02-09 00:00:00.000,89.372638888888886,6171.3281944444443,"Actual"
"QLD",2022-02-10 00:00:00.000,94.244618055555563,6248.8039930555551,"Actual"
"QLD",2022-02-11 00:00:00.000,89.986944444444447,6376.9685763888892,"Actual"
"QLD",2022-02-12 00:00:00.000,80.571701388888869,5998.8045486111114,"Actual"
"QLD",2022-02-13 00:00:00.000,66.3698263888889,5763.3119791666668,"Actual"
"QLD",2022-02-14 00:00:00.000,89.354618055555562,6415.872152777778,"Actual"
"QLD",2022-02-15 00:00:00.000,108.20569444444445,6380.8829166666665,"Actual"
"QLD",2022-02-16 00:00:00.000,108.15805555555556,6344.1321875,"Actual"
"QLD",2022-02-17 00:00:00.000,109.42958333333334,6420.2790972222219,"Actual"
"QLD",2022-02-18 00:00:00.000,101.24965277777777,6721.3881597222226,"Actual"
"QLD",2022-02-19 00:00:00.000,70.663368055555551,6384.854409722222,"Actual"
"QLD",2022-02-20 00:00:00.000,90.422395833333326,6222.5193055555555,"Actual"
"QLD",2022-02-21 00:00:00.000,158.16670138888898,6785.2891319444443,"Actual"
"QLD",2022-02-22 00:00:00.000,105.95729166666669,6952.2375694444445,"Actual"
"QLD",2022-02-23 00:00:00.000,106.79822916666666,6969.722083333334,"Actual"
"QLD",2022-02-24 00:00:00.000,104.18489583333331,7003.2496527777785,"Actual"
"QLD",2022-02-25 00:00:00.000,105.46027777777778,7147.0429166666663,"Actual"
"QLD",2022-02-26 00:00:00.000,78.099479166666654,6610.4865625,"Actual"
"QLD",2022-02-27 00:00:00.000,79.067430555555561,6465.8372569444446,"Actual"
"QLD",2022-02-28 00:00:00.000,130.62753472222221,6476.8113888888884,"Actual"
"QLD",2022-03-01 00:00:00.000,88.7423611111111,6778.20625,"Actual"
"QLD",2022-03-02 00:00:00.000,91.895555555555546,7063.3721874999992,"Actual"
"QLD",2022-03-03 00:00:00.000,87.483229166666661,7007.5948263888886,"Actual"
"QLD",2022-03-04 00:00:00.000,99.1840625,6945.5797222222227,"Actual"
"QLD",2022-03-05 00:00:00.000,111.08840277777777,6600.9991666666665,"Actual"
"QLD",2022-03-06 00:00:00.000,135.17545138888889,6945.1355208333334,"Actual"
"QLD",2022-03-07 00:00:00.000,138.2860416666667,6975.5602430555555,"Actual"
"QLD",2022-03-08 00:00:00.000,1297.1865624999982,7558.4178125,"Actual"
"QLD",2022-03-09 00:00:00.000,294.88017361111167,7744.175,"Actual"
"QLD",2022-03-10 00:00:00.000,95.475555555555559,7121.030625,"Actual"
"QLD",2022-03-11 00:00:00.000,90.359756944444442,6774.8769791666664,"Actual"
"QLD",2022-03-12 00:00:00.000,79.807083333333338,6175.0470138888886,"Actual"
"QLD",2022-03-13 00:00:00.000,71.774027777777775,5912.9380208333332,"Actual"
"QLD",2022-03-14 00:00:00.000,84.724166666666662,6350.1147916666669,"Actual"
"QLD",2022-03-15 00:00:00.000,55.516805555555543,6393.6670833333337,"Actual"
"QLD",2022-03-16 00:00:00.000,70.793090277777765,6422.9958333333334,"Actual"
"QLD",2022-03-17 00:00:00.000,115.30878472222233,6521.8589930555554,"Actual"
"QLD",2022-03-18 00:00:00.000,98.507465277777769,6527.4263541666669,"Actual"
"QLD",2022-03-19 00:00:00.000,62.259965277777773,5981.7947222222219,"Actual"
"QLD",2022-03-20 00:00:00.000,80.282465277777774,5935.8666319444446,"Actual"
"QLD",2022-03-21 00:00:00.000,104.33239583333332,6272.7939236111115,"Actual"
"QLD",2022-03-22 00:00:00.000,91.135972222222222,6338.55125,"Actual"
"QLD",2022-03-23 00:00:00.000,100.97871527777775,6493.0409027777778,"Actual"
"QLD",2022-03-24 00:00:00.000,103.95871527777777,6673.1694097222226,"Actual"
"QLD",2022-03-25 00:00:00.000,112.23440972222224,6513.56125,"Actual"
"QLD",2022-03-26 00:00:00.000,103.45125,6128.2754861111107,"Actual"
"QLD",2022-03-27 00:00:00.000,110.60781250000001,6034.1347222222221,"Actual"
"QLD",2022-03-28 00:00:00.000,156.10458333333335,6688.6710069444453,"Actual"
"QLD",2022-03-29 00:00:00.000,125.73173611111112,6410.3556597222223,"Actual"
"QLD",2022-03-30 00:00:00.000,105.57399305555556,6402.4595486111111,"Actual"
"QLD",2022-03-31 00:00:00.000,200.34197916666659,6438.4497569444447,"Actual"
"QLD",2022-04-01 00:00:00.000,248.35319444444417,6059.0479861111107,"Actual"
"QLD",2022-04-02 00:00:00.000,217.65177083333333,5827.8761111111107,"Actual"
"QLD",2022-04-03 00:00:00.000,260.63163194444445,5825.9984722222225,"Actual"
"QLD",2022-04-04 00:00:00.000,364.91350694444446,6364.6031597222218,"Actual"
"QLD",2022-04-05 00:00:00.000,284.86902777777777,6219.8310069444442,"Actual"
"QLD",2022-04-06 00:00:00.000,250.33704861111107,6286.7939583333336,"Actual"
"QLD",2022-04-07 00:00:00.000,195.99118055555556,6182.5453819444447,"Actual"
"QLD",2022-04-08 00:00:00.000,192.08503472222222,6197.9840277777776,"Actual"
"QLD",2022-04-09 00:00:00.000,195.45680555555549,5971.18375,"Actual"
"QLD",2022-04-10 00:00:00.000,177.4316319444444,5738.9934375,"Actual"
"QLD",2022-04-11 00:00:00.000,285.84993055555555,6184.503090277778,"Actual"
"QLD",2022-04-12 00:00:00.000,239.85486111111106,6251.367881944444,"Actual"
"QLD",2022-04-13 00:00:00.000,178.47072916666667,6181.8364583333332,"Actual"
"QLD",2022-04-14 00:00:00.000,168.98277777777776,5926.9157638888892,"Actual"
"QLD",2022-04-15 00:00:00.000,120.43190972222237,5345.5791319444443,"Actual"
"QLD",2022-04-16 00:00:00.000,105.07579861111111,5333.4390972222227,"Actual"
"QLD",2022-04-17 00:00:00.000,103.79489583333333,5414.314375,"Actual"
"QLD",2022-04-18 00:00:00.000,134.61513888888891,5445.683472222222,"Actual"
"QLD",2022-04-19 00:00:00.000,194.33423611111112,5950.3529513888889,"Actual"
"QLD",2022-04-20 00:00:00.000,344.82440972222179,6120.8453472222227,"Actual"
"QLD",2022-04-21 00:00:00.000,215.57749999999993,6155.9033333333336,"Actual"
"QLD",2022-04-22 00:00:00.000,170.4273263888889,6105.10625,"Actual"
"QLD",2022-04-23 00:00:00.000,132.85274305555555,5665.1988194444448,"Actual"
"QLD",2022-04-24 00:00:00.000,116.5667013888889,5539.2780555555555,"Actual"
"QLD",2022-04-25 00:00:00.000,136.93697916666667,5727.8197222222225,"Actual"
"QLD",2022-04-26 00:00:00.000,214.20503472222222,6176.2758680555553,"Actual"
"QLD",2022-04-27 00:00:00.000,246.04437500000003,5940.0759027777776,"Actual"
"QLD",2022-04-28 00:00:00.000,656.94885416666648,6097.7151041666666,"Actual"
"QLD",2022-04-29 00:00:00.000,234.34454861111112,6017.925659722222,"Actual"
"QLD",2022-04-30 00:00:00.000,204.35100694444446,5685.1321527777782,"Actual"
"QLD",2022-05-01 00:00:00.000,217.72451388888882,5705.636840277778,"Actual"
"QLD",2022-05-02 00:00:00.000,222.85256944444441,5494.7043055555559,"Actual"
"QLD",2022-05-03 00:00:00.000,757.70902777777712,5861.6416666666664,"Actual"
"QLD",2022-05-04 00:00:00.000,462.43104166666672,6005.8988194444446,"Actual"
"QLD",2022-05-05 00:00:00.000,572.12756944444459,6108.0800347222221,"Actual"
"QLD",2022-05-06 00:00:00.000,402.53684027777774,6259.7318402777782,"Actual"
"QLD",2022-05-07 00:00:00.000,248.36788194444446,5933.0446527777776,"Actual"
"QLD",2022-05-08 00:00:00.000,239.25170138888888,5737.8145486111116,"Actual"
"QLD",2022-05-09 00:00:00.000,357.3431250000001,6334.6340972222224,"Actual"
"QLD",2022-05-10 00:00:00.000,290.20305555555552,6324.1417708333338,"Actual"
"QLD",2022-05-11 00:00:00.000,354.046076388889,6367.747152777778,"Actual"
"QLD",2022-05-12 00:00:00.000,333.08013888888894,6302.88125,"Actual"
"QLD",2022-05-13 00:00:00.000,338.73406250000005,6259.8464930555556,"Actual"
"QLD",2022-05-14 00:00:00.000,311.19791666666669,5988.5976388888885,"Actual"
"QLD",2022-05-15 00:00:00.000,594.58416666666722,5889.6800694444446,"Actual"
"QLD",2022-05-16 00:00:00.000,387.55041666666671,6317.1040625000005,"Actual"
"QLD",2022-05-17 00:00:00.000,265.03131944444442,6260.5271180555555,"Actual"
"QLD",2022-05-18 00:00:00.000,248.08416666666668,6165.3946527777771,"Actual"
"QLD",2022-05-19 00:00:00.000,294.17756944444449,6129.1536111111109,"Actual"
"QLD",2022-05-20 00:00:00.000,270.95923611111112,6239.7567361111114,"Actual"
"QLD",2022-05-21 00:00:00.000,289.78208333333333,6069.5355555555561,"Actual"
"QLD",2022-05-22 00:00:00.000,302.53378472222221,5857.8732986111108,"Actual"
"QLD",2022-05-23 00:00:00.000,328.78940972222227,6066.7850694444442,"Actual"
"QLD",2022-05-24 00:00:00.000,302.95878472222222,5978.4531597222222,"Actual"
"QLD",2022-05-25 00:00:00.000,333.33090277777762,6028.2435416666667,"Actual"
"QLD",2022-05-26 00:00:00.000,323.18208333333331,5880.4104513888888,"Actual"
"QLD",2022-05-27 00:00:00.000,359.02395833333333,5800.7981597222224,"Actual"
"QLD",2022-05-28 00:00:00.000,309.67715277777779,5425.686770833333,"Actual"
"QLD",2022-05-29 00:00:00.000,268.30930555555557,5289.5499652777771,"Actual"
"QLD",2022-05-30 00:00:00.000,494.49111111111142,6151.6822569444448,"Actual"
"QLD",2022-05-31 00:00:00.000,285.66958333333338,5809.7022569444443,"Actual"
"QLD",2022-06-01 00:00:00.000,354.03444444444449,5887.3050347222224,"Actual"
"QLD",2022-06-02 00:00:00.000,621.41885416666673,5971.0681597222219,"Actual"
"QLD",2022-06-03 00:00:00.000,549.81114583333328,6068.1203819444445,"Actual"
"QLD",2022-06-04 00:00:00.000,370.01010416666668,5610.1258680555557,"Actual"
"QLD",2022-06-05 00:00:00.000,324.04434027777779,5611.7314930555558,"Actual"
"QLD",2022-06-06 00:00:00.000,361.18263888888896,6258.5497916666664,"Actual"
"QLD",2022-06-07 00:00:00.000,712.57555555555621,6522.0550694444446,"Actual"
"QLD",2022-06-08 00:00:00.000,584.07041666666657,6197.0153472222219,"Actual"
"QLD",2022-06-09 00:00:00.000,789.9028124999993,6325.7396527777782,"Actual"
"QLD",2022-06-10 00:00:00.000,933.5146180555555,6394.2954166666668,"Actual"
"QLD",2022-06-11 00:00:00.000,433.21854166666651,5980.1895833333338,"Actual"
"QLD",2022-06-12 00:00:00.000,894.738576388889,6050.7586111111113,"Actual"
"QLD",2022-06-13 00:00:00.000,296.55284722222223,6264.0952430555553,"Actual"
"QLD",2022-06-14 00:00:00.000,292.46670138888891,6213.3284722222224,"Actual"
"QLD",2022-06-15 00:00:00.000,283.56149305555556,6088.5507291666663,"Actual"
"QLD",2022-06-16 00:00:00.000,250.956875,6071.9274305555555,"Actual"
"QLD",2022-06-17 00:00:00.000,247.85600694444443,6056.2832291666664,"Actual"
"QLD",2022-06-18 00:00:00.000,238.91357638888888,5764.7730902777776,"Actual"
"QLD",2022-06-19 00:00:00.000,240.57173611111114,5660.9920138888892,"Actual"
"QLD",2022-06-20 00:00:00.000,247.79187499999998,5988.2216666666664,"Actual"
"QLD",2022-06-21 00:00:00.000,261.87836805555554,5979.5818055555555,"Actual"
"QLD",2022-06-22 00:00:00.000,251.8212847222222,5949.5894791666669,"Actual"
"QLD",2022-06-23 00:00:00.000,292.15694444444443,5833.6480902777776,"Actual"
"QLD",2022-06-24 00:00:00.000,268.68881944444439,5750.1236805555554,"Actual"
"QLD",2022-06-25 00:00:00.000,239.28302083333324,5455.7294444444442,"Actual"
"QLD",2022-06-26 00:00:00.000,238.60614583333347,5476.6591666666664,"Actual"
"QLD",2022-06-27 00:00:00.000,274.2594444444444,5881.5361458333336,"Actual"
"QLD",2022-06-28 00:00:00.000,377.91229166666665,5909.8890972222216,"Actual"
"QLD",2022-06-29 00:00:00.000,387.24079861111113,6175.4057986111111,"Actual"
"QLD",2022-06-30 00:00:00.000,388.26284722222221,6025.4534722222224,"Actual"
"QLD",2022-07-01 00:00:00.000,413.50937500000009,6334.4495138888888,"Actual"
"QLD",2022-07-02 00:00:00.000,374.8709375,6000.1948958333332,"Actual"
"QLD",2022-07-03 00:00:00.000,259.40569444444446,5611.1490625,"Actual"
"QLD",2022-07-04 00:00:00.000,1658.5471874999996,6923.8829861111108,"Actual"
"QLD",2022-07-05 00:00:00.000,1084.5867708333349,7104.25,"Actual"
"QLD",2022-07-06 00:00:00.000,441.8033333333334,6297.6833680555555,"Actual"
"QLD",2022-07-07 00:00:00.000,280.98020833333328,5914.9568402777777,"Actual"
"QLD",2022-07-08 00:00:00.000,323.53024305555562,5916.7060069444442,"Actual"
"QLD",2022-07-09 00:00:00.000,319.85184027777791,5843.3065625,"Actual"
"QLD",2022-07-10 00:00:00.000,320.9121180555556,5948.1030902777775,"Actual"
"QLD",2022-07-11 00:00:00.000,442.66809027777782,6371.8959722222226,"Actual"
"QLD",2022-07-12 00:00:00.000,610.4052430555555,6603.681354166667,"Actual"
"QLD",2022-07-13 00:00:00.000,393.4492708333334,6315.9804166666663,"Actual"
"QLD",2022-07-14 00:00:00.000,515.57118055555566,6282.5557291666664,"Actual"
"QLD",2022-07-15 00:00:00.000,417.7515972222223,6097.3803472222226,"Actual"
"QLD",2022-07-16 00:00:00.000,316.13534722222221,5816.4209375,"Actual"
"QLD",2022-07-17 00:00:00.000,231.76020833333334,5734.016354166667,"Actual"
"QLD",2022-07-18 00:00:00.000,294.83753472222219,5907.2869097222219,"Actual"
"QLD",2022-07-19 00:00:00.000,355.01131944444438,6109.2832291666664,"Actual"
"QLD",2022-07-20 00:00:00.000,350.87593749999996,6423.1783680555563,"Actual"
"QLD",2022-07-21 00:00:00.000,356.00034722222222,6737.4936805555553,"Actual"
"QLD",2022-07-22 00:00:00.000,333.02388888888891,6641.4651388888888,"Actual"
"QLD",2022-07-23 00:00:00.000,229.1495486111111,5695.7143750000005,"Actual"
"QLD",2022-07-24 00:00:00.000,214.43645833333329,5465.79125,"Actual"
"QLD",2022-07-25 00:00:00.000,260.64895833333333,5887.3983680555557,"Actual"
"QLD",2022-07-26 00:00:00.000,217.11722222222215,5827.7305208333337,"Actual"
"QLD",2022-07-27 00:00:00.000,207.11708333333328,5929.6910416666669,"Actual"
"QLD",2022-07-28 00:00:00.000,284.8611458333333,5993.6207291666669,"Actual"
"QLD",2022-07-29 00:00:00.000,290.89326388888884,5940.1129513888891,"Actual"
"QLD",2022-07-30 00:00:00.000,171.07097222222217,5602.3114930555557,"Actual"
"QLD",2022-07-31 00:00:00.000,168.62090277777773,5806.8426736111105,"Actual"
"QLD",2022-08-01 00:00:00.000,179.96277777777777,6297.2910069444442,"Actual"
"QLD",2022-08-02 00:00:00.000,151.30416666666662,5861.9140277777778,"Actual"
"QLD",2022-08-03 00:00:00.000,97.651944444444325,5818.7072222222223,"Actual"
"QLD",2022-08-04 00:00:00.000,90.372256944444445,5794.8770138888885,"Actual"
"QLD",2022-08-05 00:00:00.000,119.58486111111117,5912.8448611111107,"Actual"
"QLD",2022-08-06 00:00:00.000,147.8416666666667,5649.0857986111114,"Actual"
"QLD",2022-08-07 00:00:00.000,167.27357638888887,5295.3022569444447,"Actual"
"QLD",2022-08-08 00:00:00.000,187.48531249999991,5765.3179166666669,"Actual"
"QLD",2022-08-09 00:00:00.000,206.78878472222223,5891.1973263888885,"Actual"
"QLD",2022-08-10 00:00:00.000,125.56093750000002,5751.6773611111112,"Actual"
"QLD",2022-08-11 00:00:00.000,162.1884375,5900.5216319444444,"Actual"
"QLD",2022-08-12 00:00:00.000,191.25430555555556,6111.6712152777782,"Actual"
"QLD",2022-08-13 00:00:00.000,163.71965277777784,6008.9567013888891,"Actual"
"QLD",2022-08-14 00:00:00.000,87.00746527777774,5333.4296527777778,"Actual"
"QLD",2022-08-15 00:00:00.000,183.75465277777769,5769.029375,"Actual"
"QLD",2022-08-16 00:00:00.000,164.62194444444441,5854.2032291666665,"Actual"
"QLD",2022-08-17 00:00:00.000,106.97406249999999,5766.0578472222223,"Actual"
"QLD",2022-08-18 00:00:00.000,102.12538194444448,5724.8809722222222,"Actual"
"QLD",2022-08-19 00:00:00.000,74.3253472222224,5585.8019444444444,"Actual"
"QLD",2022-08-20 00:00:00.000,100.4730902777778,5198.6894444444442,"Actual"
"QLD",2022-08-21 00:00:00.000,100.31427083333332,5337.1207986111112,"Actual"
"QLD",2022-08-22 00:00:00.000,115.09343749999996,5807.403402777778,"Actual"
"QLD",2022-08-23 00:00:00.000,120.07225694444443,5627.7603472222218,"Actual"
"QLD",2022-08-24 00:00:00.000,90.472569444444431,5777.1529861111112,"Actual"
"QLD",2022-08-25 00:00:00.000,143.32211805555553,5824.0958680555559,"Actual"
"QLD",2022-08-26 00:00:00.000,154.46204861111113,5877.8997222222224,"Actual"
"QLD",2022-08-27 00:00:00.000,98.152500000000018,5482.3683680555559,"Actual"
"QLD",2022-08-28 00:00:00.000,81.13961805555553,5380.6644791666668,"Actual"
"QLD",2022-08-29 00:00:00.000,124.74319444444446,5847.8901041666668,"Actual"
"QLD",2022-08-30 00:00:00.000,158.76065972222227,6214.5122916666669,"Actual"
"QLD",2022-08-31 00:00:00.000,141.96684027777778,5816.7778472222226,"Actual"
"QLD",2022-09-01 00:00:00.000,136.9359722222222,5735.6796527777778,"Actual"
"QLD",2022-09-02 00:00:00.000,172.35434027777779,6182.1637847222228,"Actual"
"QLD",2022-09-03 00:00:00.000,207.07729166666661,5772.6663541666667,"Actual"
"QLD",2022-09-04 00:00:00.000,170.72965277777777,5323.0770833333336,"Actual"
"QLD",2022-09-05 00:00:00.000,218.4240625,5754.9305555555557,"Actual"
"QLD",2022-09-06 00:00:00.000,204.16774305555558,5748.5301736111114,"Actual"
"QLD",2022-09-07 00:00:00.000,134.43163194444438,5755.5635069444443,"Actual"
"QLD",2022-09-08 00:00:00.000,133.17180555555555,5867.5294444444444,"Actual"
"QLD",2022-09-09 00:00:00.000,175.14715277777779,5958.2165625,"Actual"
"QLD",2022-09-10 00:00:00.000,89.746701388888823,5195.7538194444442,"Actual"
"QLD",2022-09-11 00:00:00.000,112.35847222222212,5067.0717708333323,"Actual"
"QLD",2022-09-12 00:00:00.000,250.85993055555556,5736.1811458333332,"Actual"
"QLD",2022-09-13 00:00:00.000,172.83420138888886,5437.2198958333338,"Actual"
"QLD",2022-09-14 00:00:00.000,215.00496527777781,5484.311770833333,"Actual"
"QLD",2022-09-15 00:00:00.000,225.02999999999997,5832.8722569444444,"Actual"
"QLD",2022-09-16 00:00:00.000,173.24951388888891,5982.3769097222221,"Actual"
"QLD",2022-09-17 00:00:00.000,129.79121527777775,5345.9676388888893,"Actual"
"QLD",2022-09-18 00:00:00.000,94.467395833333313,5044.2194791666661,"Actual"
"QLD",2022-09-19 00:00:00.000,163.78500000000003,5525.36,"Actual"
"QLD",2022-09-20 00:00:00.000,139.630625,5549.4717013888885,"Actual"
"QLD",2022-09-21 00:00:00.000,162.55121527777777,6019.7988541666664,"Actual"
"QLD",2022-09-22 00:00:00.000,171.59041666666667,5782.4892013888893,"Actual"
"QLD",2022-09-23 00:00:00.000,147.01749999999998,5602.5817361111112,"Actual"
"QLD",2022-09-24 00:00:00.000,99.229722222222179,5133.8714236111109,"Actual"
"QLD",2022-09-25 00:00:00.000,103.94079861111109,4995.35763888889,"Actual"
"QLD",2022-09-26 00:00:00.000,156.5313888888889,5535.4468402777775,"Actual"
"QLD",2022-09-27 00:00:00.000,160.95499999999998,5852.3533680555556,"Actual"
"QLD",2022-09-28 00:00:00.000,153.82690972222221,5776.1170138888883,"Actual"
"QLD",2022-09-29 00:00:00.000,139.22090277777778,5658.999375,"Actual"
"QLD",2022-09-30 00:00:00.000,93.028888888888872,5312.3563888888893,"Actual"
"QLD",2022-10-01 00:00:00.000,113.95982638888889,5339.3554513888894,"Actual"
"QLD",2022-10-02 00:00:00.000,126.74503472222219,5489.6311111111108,"Actual"
"QLD",2022-10-03 00:00:00.000,110.03548611111117,5047.0864930555554,"Actual"
"QLD",2022-10-04 00:00:00.000,127.12482638888893,5484.0409027777778,"Actual"
"QLD",2022-10-05 00:00:00.000,163.11378472222225,5682.0841319444444,"Actual"
"QLD",2022-10-06 00:00:00.000,181.36930555555554,5896.3105208333336,"Actual"
"QLD",2022-10-07 00:00:00.000,139.26156249999991,5691.4944791666667,"Actual"
"QLD",2022-10-08 00:00:00.000,175.74770833333335,5473.4660416666666,"Actual"
"QLD",2022-10-09 00:00:00.000,210.92833333333337,5536.4687152777778,"Actual"
"QLD",2022-10-10 00:00:00.000,216.03236111111113,6076.7887500000006,"Actual"
"QLD",2022-10-11 00:00:00.000,155.12791666666664,5658.6601736111115,"Actual"
"QLD",2022-10-12 00:00:00.000,145.27475694444445,5669.7182986111111,"Actual"
"QLD",2022-10-13 00:00:00.000,134.9863194444444,5636.0872222222224,"Actual"
"QLD",2022-10-14 00:00:00.000,128.94065972222222,5808.880208333333,"Actual"
"QLD",2022-10-15 00:00:00.000,110.96715277777778,5250.6930902777776,"Actual"
"QLD",2022-10-16 00:00:00.000,127.34718749999999,5414.9026388888888,"Actual"
"QLD",2022-10-17 00:00:00.000,161.22204861111112,5968.3204166666665,"Actual"
"QLD",2022-10-18 00:00:00.000,158.92197916666666,5823.6079166666668,"Actual"
"QLD",2022-10-19 00:00:00.000,181.05121527777777,6177.1425694444442,"Actual"
"QLD",2022-10-20 00:00:00.000,170.37295138888888,6081.9739930555552,"Actual"
"QLD",2022-10-21 00:00:00.000,176.16986111111109,6092.9694097222227,"Actual"
"QLD",2022-10-22 00:00:00.000,135.40208333333334,5804.64,"Actual"
"QLD",2022-10-23 00:00:00.000,131.31982638888891,5731.6932986111115,"Actual"
"QLD",2022-10-24 00:00:00.000,183.47513888888892,5828.5067708333336,"Actual"
"QLD",2022-10-25 00:00:00.000,204.87215277777779,6039.6327430555557,"Actual"
"QLD",2022-10-26 00:00:00.000,181.0315625,6034.4259375,"Actual"
"QLD",2022-10-27 00:00:00.000,164.47652777777776,6245.8479513888888,"Actual"
"QLD",2022-10-28 00:00:00.000,159.05350694444445,6001.8199652777776,"Actual"
"QLD",2022-10-29 00:00:00.000,83.632430555555629,5432.531493055556,"Actual"
"QLD",2022-10-30 00:00:00.000,108.96638888888891,5385.7298958333331,"Actual"
"QLD",2022-10-31 00:00:00.000,208.43340277777776,6225.072916666667,"Actual"
"QLD",2022-11-01 00:00:00.000,173.70722222222219,6300.7891666666665,"Actual"
"QLD",2022-11-02 00:00:00.000,120.30104166666671,5261.2289930555562,"Actual"
"QLD",2022-11-03 00:00:00.000,86.195659722222189,5223.3029166666665,"Actual"
"QLD",2022-11-04 00:00:00.000,120.3079513888889,5295.6120138888891,"Actual"
"QLD",2022-11-05 00:00:00.000,64.531458333333418,5077.8351736111117,"Actual"
"QLD",2022-11-06 00:00:00.000,69.861145833333239,4952.7122222222224,"Actual"
"QLD",2022-11-07 00:00:00.000,107.90534722222225,5365.8090972222226,"Actual"
"QLD",2022-11-08 00:00:00.000,96.038611111111166,5492.9921527777778,"Actual"
"QLD",2022-11-09 00:00:00.000,93.48899305555554,5387.2181944444446,"Actual"
"QLD",2022-11-10 00:00:00.000,85.09840277777775,5353.8995138888895,"Actual"
"QLD",2022-11-11 00:00:00.000,116.30118055555556,5315.5937847222222,"Actual"
"QLD",2022-11-12 00:00:00.000,111.58305555555555,5178.73611111111,"Actual"
"QLD",2022-11-13 00:00:00.000,112.65972222222229,5241.2233680555555,"Actual"
"QLD",2022-11-14 00:00:00.000,106.48364583333338,6013.6123958333328,"Actual"
"QLD",2022-11-15 00:00:00.000,160.62847222222223,5982.028888888889,"Actual"
"QLD",2022-11-16 00:00:00.000,141.36309027777781,5813.9180555555558,"Actual"
"QLD",2022-11-17 00:00:00.000,150.89847222222227,5540.1953472222222,"Actual"
"QLD",2022-11-18 00:00:00.000,130.25135416666669,5461.3456944444442,"Actual"
"QLD",2022-11-19 00:00:00.000,127.43979166666664,5448.7534375,"Actual"
"QLD",2022-11-20 00:00:00.000,166.18305555555554,6080.0671875,"Actual"
"QLD",2022-11-21 00:00:00.000,120.20038194444446,6360.9622569444446,"Actual"
"QLD",2022-11-22 00:00:00.000,110.50961805555559,5863.4186458333334,"Actual"
"QLD",2022-11-23 00:00:00.000,131.25635416666671,5940.9853819444443,"Actual"
"QLD",2022-11-24 00:00:00.000,171.75454861111109,6004.9145833333332,"Actual"
"QLD",2022-11-25 00:00:00.000,143.49590277777784,5826.7196527777778,"Actual"
"QLD",2022-11-26 00:00:00.000,89.416493055555577,5530.4863888888885,"Actual"
"QLD",2022-11-27 00:00:00.000,111.08475694444445,5730.3105555555558,"Actual"
"QLD",2022-11-28 00:00:00.000,136.30854166666668,6257.0776388888889,"Actual"
"QLD",2022-11-29 00:00:00.000,151.50937499999992,6303.0579861111109,"Actual"
"QLD",2022-11-30 00:00:00.000,138.39524305555557,6180.3684375,"Actual"
"QLD",2022-12-01 00:00:00.000,124.0873263888889,6001.5826388888891,"Actual"
"QLD",2022-12-02 00:00:00.000,107.85496527777779,5473.6492708333335,"Actual"
"QLD",2022-12-03 00:00:00.000,77.5940277777778,5138.5385069444446,"Actual"
"QLD",2022-12-04 00:00:00.000,69.9873958333333,5202.305,"Actual"
"QLD",2022-12-05 00:00:00.000,131.94395833333337,5757.8130208333332,"Actual"
"QLD",2022-12-06 00:00:00.000,152.58826388888892,6369.9137152777785,"Actual"
"QLD",2022-12-07 00:00:00.000,124.69673611111108,6360.4073958333338,"Actual"
"QLD",2022-12-08 00:00:00.000,76.570590277777626,6470.4693055555554,"Actual"
"QLD",2022-12-09 00:00:00.000,99.531423611111109,6008.1928125,"Actual"
"QLD",2022-12-10 00:00:00.000,84.954409722222252,5660.7473611111109,"Actual"
"QLD",2022-12-11 00:00:00.000,102.65302083333333,5446.0244444444443,"Actual"
"QLD",2022-12-12 00:00:00.000,100.8578125,6269.9951388888894,"Actual"
"QLD",2022-12-13 00:00:00.000,97.964374999999777,6339.3830208333338,"Actual"
"QLD",2022-12-14 00:00:00.000,109.21774305555557,6192.495,"Actual"
"QLD",2022-12-15 00:00:00.000,91.988611111111112,5949.8511805555554,"Actual"
"QLD",2022-12-16 00:00:00.000,91.697118055555592,5884.0667708333331,"Actual"
"QLD",2022-12-17 00:00:00.000,58.54114583333341,5479.5734722222223,"Actual"
"QLD",2022-12-18 00:00:00.000,48.349930555555716,5239.4070833333344,"Actual"
"QLD",2022-12-19 00:00:00.000,77.741493055555523,5586.8759375,"Actual"
"QLD",2022-12-20 00:00:00.000,58.9938888888889,5419.2429513888892,"Actual"
"QLD",2022-12-21 00:00:00.000,63.9599652777779,5591.82,"Actual"
"QLD",2022-12-22 00:00:00.000,80.430451388889,5746.3566319444444,"Actual"
"QLD",2022-12-23 00:00:00.000,87.42552083333338,5898.4503472222223,"Actual"
"QLD",2022-12-24 00:00:00.000,115.34121527777778,6001.3585416666665,"Actual"
"QLD",2022-12-25 00:00:00.000,57.892673611111107,5354.3814583333333,"Actual"
"QLD",2022-12-26 00:00:00.000,50.0039930555555,5234.9909027777776,"Actual"
"QLD",2022-12-27 00:00:00.000,34.565347222222115,5385.1841319444447,"Actual"
"QLD",2022-12-28 00:00:00.000,48.523298611111159,5445.9459027777775,"Actual"
"QLD",2022-12-29 00:00:00.000,73.406354166666617,5644.4475,"Actual"
"QLD",2022-12-30 00:00:00.000,76.903819444444423,5808.9400694444439,"Actual"
"QLD",2022-12-31 00:00:00.000,73.113159722222164,5467.7613194444448,"Actual"
"QLD",2023-01-01 00:00:00.000,66.343506944444528,5432.3135069444443,"Actual"
"QLD",2023-01-02 00:00:00.000,74.749374999999972,5516.2951388888887,"Actual"
"QLD",2023-01-03 00:00:00.000,75.831111111111127,5873.9954513888888,"Actual"
"QLD",2023-01-04 00:00:00.000,96.273194444444442,6371.2815972222224,"Actual"
"QLD",2023-01-05 00:00:00.000,86.44944444444441,6432.8204166666665,"Actual"
"QLD",2023-01-06 00:00:00.000,67.4011805555556,5915.6110763888892,"Actual"
"QLD",2023-01-07 00:00:00.000,46.776458333333395,5658.3013194444438,"Actual"
"QLD",2023-01-08 00:00:00.000,53.711180555555572,5784.4749652777773,"Actual"
"QLD",2023-01-09 00:00:00.000,103.82680555555555,6384.7329166666668,"Actual"
"QLD",2023-01-10 00:00:00.000,91.969444444444434,6298.669375,"Actual"
"QLD",2023-01-11 00:00:00.000,108.12711805555557,6230.1907986111109,"Actual"
"QLD",2023-01-12 00:00:00.000,111.98034722222224,6191.3840277777781,"Actual"
"QLD",2023-01-13 00:00:00.000,131.70239583333336,6093.7192013888889,"Actual"
"QLD",2023-01-14 00:00:00.000,99.067743055555553,5776.5682638888884,"Actual"
"QLD",2023-01-15 00:00:00.000,69.908645833333367,5474.7447569444439,"Actual"
"QLD",2023-01-16 00:00:00.000,105.48197916666663,6256.7496875000006,"Actual"
"QLD",2023-01-17 00:00:00.000,95.261909722222214,6094.9451041666671,"Actual"
"QLD",2023-01-18 00:00:00.000,64.713958333333323,5883.9042013888893,"Actual"
"QLD",2023-01-19 00:00:00.000,64.16534722222228,5978.7060763888894,"Actual"
"QLD",2023-01-20 00:00:00.000,61.941423611111112,6240.0817361111112,"Actual"
"QLD",2023-01-21 00:00:00.000,53.314305555555563,5629.8900694444446,"Actual"
"QLD",2023-01-22 00:00:00.000,70.193715277777855,5771.0719444444449,"Actual"
"QLD",2023-01-23 00:00:00.000,104.3448611111111,6451.3236111111109,"Actual"
"QLD",2023-01-24 00:00:00.000,112.44100694444447,6779.5355555555561,"Actual"
"QLD",2023-01-25 00:00:00.000,119.47729166666667,6869.2066666666669,"Actual"
"QLD",2023-01-26 00:00:00.000,177.41996527777775,6721.1080208333333,"Actual"
"QLD",2023-01-27 00:00:00.000,118.52361111111112,7199.773125,"Actual"
"QLD",2023-01-28 00:00:00.000,109.63052083333334,6677.8398263888885,"Actual"
"QLD",2023-01-29 00:00:00.000,110.68107638888887,6607.5839236111115,"Actual"
"QLD",2023-01-30 00:00:00.000,130.4084375,7084.6430902777774,"Actual"
"QLD",2023-01-31 00:00:00.000,285.66784722222206,7300.9475347222215,"Actual"
"QLD",2023-02-01 00:00:00.000,152.28236111111113,7486.4780902777784,"Actual"
"QLD",2023-02-02 00:00:00.000,135.27763888888887,7482.7996180555556,"Actual"
"QLD",2023-02-03 00:00:00.000,124.85163194444442,7802.4335763888885,"Actual"
"QLD",2023-02-04 00:00:00.000,94.021111111111111,6904.4217361111114,"Actual"
"QLD",2023-02-05 00:00:00.000,89.729618055555548,6460.1029513888889,"Actual"
"QLD",2023-02-06 00:00:00.000,110.61350694444445,6750.4472916666664,"Actual"
"QLD",2023-02-07 00:00:00.000,101.99361111111111,6639.9544791666667,"Actual"
"QLD",2023-02-08 00:00:00.000,89.01072916666665,6564.66375,"Actual"
"QLD",2023-02-09 00:00:00.000,101.30736111111112,6624.1419097222224,"Actual"
"QLD",2023-02-10 00:00:00.000,83.442118055555568,6402.0451736111108,"Actual"
"QLD",2023-02-11 00:00:00.000,62.027986111111225,6152.3319097222211,"Actual"
"QLD",2023-02-12 00:00:00.000,84.697361111111135,6710.201701388889,"Actual"
"QLD",2023-02-13 00:00:00.000,113.05354166666666,7483.5277777777783,"Actual"
"QLD",2023-02-14 00:00:00.000,95.202881944444442,7055.3755208333332,"Actual"
"QLD",2023-02-15 00:00:00.000,77.334027777777749,6408.7164930555555,"Actual"
"QLD",2023-02-16 00:00:00.000,90.578993055555571,6324.9802083333334,"Actual"
"QLD",2023-02-17 00:00:00.000,80.40173611111112,6262.6790277777782,"Actual"
"QLD",2023-02-18 00:00:00.000,81.082326388888873,6125.9571180555558,"Actual"
"QLD",2023-02-19 00:00:00.000,87.757013888888878,6121.477256944444,"Actual"
"QLD",2023-02-20 00:00:00.000,114.9520486111111,6679.9222916666668,"Actual"
"QLD",2023-02-21 00:00:00.000,89.138784722222226,6617.6314930555554,"Actual"
"QLD",2023-02-22 00:00:00.000,66.6890625,6311.9116666666669,"Actual"
"QLD",2023-02-23 00:00:00.000,62.672465277777789,6210.6592708333337,"Actual"
"QLD",2023-02-24 00:00:00.000,51.906041666666638,6172.2391666666663,"Actual"
"QLD",2023-02-25 00:00:00.000,31.691111111111191,5670.4009027777774,"Actual"
"QLD",2023-02-26 00:00:00.000,48.824826388888916,5794.2553125,"Actual"
"QLD",2023-02-27 00:00:00.000,85.7863888888889,6412.7751388888892,"Actual"
"QLD",2023-02-28 00:00:00.000,79.963125000000019,6528.870972222222,"Actual"
"QLD",2023-03-01 00:00:00.000,205.4366666666667,6562.0840972222222,"Actual"
"QLD",2023-03-02 00:00:00.000,103.2765625,6823.9743055555555,"Actual"
"QLD",2023-03-03 00:00:00.000,81.684965277777764,6562.0407638888892,"Actual"
"QLD",2023-03-04 00:00:00.000,75.758645833333347,5944.838541666667,"Actual"
"QLD",2023-03-05 00:00:00.000,59.187534722222239,5884.4598611111105,"Actual"
"QLD",2023-03-06 00:00:00.000,83.485243055555529,6476.829791666667,"Actual"
"QLD",2023-03-07 00:00:00.000,83.655,6767.7598958333328,"Actual"
"QLD",2023-03-08 00:00:00.000,83.664270833333333,7155.06482638889,"Actual"
"QLD",2023-03-09 00:00:00.000,101.58715277777777,7152.4843055555548,"Actual"
"QLD",2023-03-10 00:00:00.000,96.059513888888887,6780.6169791666671,"Actual"
"QLD",2023-03-11 00:00:00.000,96.6942013888889,6484.3494097222228,"Actual"
"QLD",2023-03-12 00:00:00.000,94.271493055555553,6485.2748263888889,"Actual"
"QLD",2023-03-13 00:00:00.000,106.41229166666666,6795.751423611111,"Actual"
"QLD",2023-03-14 00:00:00.000,115.6075347222222,6710.2240625,"Actual"
"QLD",2023-03-15 00:00:00.000,113.60343749999998,6941.0069444444443,"Actual"
"QLD",2023-03-16 00:00:00.000,523.88493055555546,7255.2822222222221,"Actual"
"QLD",2023-03-17 00:00:00.000,288.55020833333339,7560.7671180555553,"Actual"
"QLD",2023-03-18 00:00:00.000,94.994722222222222,6838.9658333333327,"Actual"
"QLD",2023-03-19 00:00:00.000,127.8394444444445,6493.9349652777782,"Actual"
"QLD",2023-03-20 00:00:00.000,75.508194444444442,6800.28375,"Actual"
"QLD",2023-03-21 00:00:00.000,66.830034722222223,6591.7359722222218,"Actual"
"QLD",2023-03-22 00:00:00.000,85.518229166666671,6557.6921875,"Actual"
"QLD",2023-03-23 00:00:00.000,69.654166666666683,6388.1245486111111,"Actual"
"QLD",2023-03-24 00:00:00.000,85.720590277777774,6416.0133680555555,"Actual"
"QLD",2023-03-25 00:00:00.000,77.745833333333323,6301.0978125,"Actual"
"QLD",2023-03-26 00:00:00.000,91.442465277777785,6205.3198611111111,"Actual"
"QLD",2023-03-27 00:00:00.000,152.833125,6743.1772222222226,"Actual"
"QLD",2023-03-28 00:00:00.000,231.79440972222227,6953.3044791666671,"Actual"
"QLD",2023-03-29 00:00:00.000,149.48975694444442,7061.0084375000006,"Actual"
"QLD",2023-03-30 00:00:00.000,116.25986111111111,6630.3914236111113,"Actual"
"QLD",2023-03-31 00:00:00.000,76.8203125,6071.2159375,"Actual"
"QLD",2023-04-01 00:00:00.000,155.11496527777774,6147.3512152777776,"Actual"
"QLD",2023-04-02 00:00:00.000,116.3610763888889,5755.1047916666666,"Actual"
"QLD",2023-04-03 00:00:00.000,137.11760416666667,6156.4023958333337,"Actual"
"QLD",2023-04-04 00:00:00.000,152.78815972222219,6288.8794791666669,"Actual"
"QLD",2023-04-05 00:00:00.000,187.63055555555556,6200.0401388888886,"Actual"
"QLD",2023-04-06 00:00:00.000,107.71336805555558,6276.721597222222,"Actual"
"QLD",2023-04-07 00:00:00.000,84.768506944444454,6029.7031597222222,"Actual"
"QLD",2023-04-08 00:00:00.000,31.239618055555518,5511.7003819444435,"Actual"
"QLD",2023-04-09 00:00:00.000,24.539895833333333,5240.7048263888892,"Actual"
"QLD",2023-04-10 00:00:00.000,62.170937499999994,5379.0473263888889,"Actual"
"QLD",2023-04-11 00:00:00.000,102.33770833333332,5735.3129861111111,"Actual"
"QLD",2023-04-12 00:00:00.000,182.81086805555555,5874.1386458333336,"Actual"
"QLD",2023-04-13 00:00:00.000,90.944618055555551,5932.1958333333332,"Actual"
"QLD",2023-04-14 00:00:00.000,87.51840277777778,5953.4547569444449,"Actual"
"QLD",2023-04-15 00:00:00.000,87.1610763888889,5720.8933680555556,"Actual"
"QLD",2023-04-16 00:00:00.000,123.30843750000004,5835.2927430555555,"Actual"
"QLD",2023-04-17 00:00:00.000,137.67951388888886,6453.1442013888891,"Actual"
"QLD",2023-04-18 00:00:00.000,107.39475694444454,6068.0081944444446,"Actual"
"QLD",2023-04-19 00:00:00.000,133.16083333333333,6175.2697916666666,"Actual"
"QLD",2023-04-20 00:00:00.000,118.12381944444439,6005.3561111111112,"Actual"
"QLD",2023-04-21 00:00:00.000,117.89399305555555,6068.3069444444445,"Actual"
"QLD",2023-04-22 00:00:00.000,65.950138888888958,5686.0932638888889,"Actual"
"QLD",2023-04-23 00:00:00.000,64.509548611111114,5514.3202083333335,"Actual"
"QLD",2023-04-24 00:00:00.000,84.588680555555555,6023.1495833333329,"Actual"
"QLD",2023-04-25 00:00:00.000,81.381284722222233,5632.8813541666668,"Actual"
"QLD",2023-04-26 00:00:00.000,91.726319444444442,6048.5224652777779,"Actual"
"QLD",2023-04-27 00:00:00.000,96.125833333333347,6091.7532291666666,"Actual"
"QLD",2023-04-28 00:00:00.000,117.61947916666665,6009.6063541666672,"Actual"
"QLD",2023-04-29 00:00:00.000,171.27072916666668,5771.151041666667,"Actual"
"QLD",2023-04-30 00:00:00.000,176.96430555555565,5421.56375,"Actual"
"QLD",2023-05-01 00:00:00.000,137.72465277777786,5293.8462500000005,"Actual"
"QLD",2023-05-02 00:00:00.000,140.08496527777777,5988.3190625,"Actual"
"QLD",2023-05-03 00:00:00.000,102.94243055555559,5864.0263541666664,"Actual"
"QLD",2023-05-04 00:00:00.000,130.04121527777784,5828.7048958333335,"Actual"
"QLD",2023-05-05 00:00:00.000,133.14833333333334,5943.5435416666669,"Actual"
"QLD",2023-05-06 00:00:00.000,134.44423611111108,5582.4097222222226,"Actual"
"QLD",2023-05-07 00:00:00.000,114.45989583333335,5751.3145486111107,"Actual"
"QLD",2023-05-08 00:00:00.000,84.483402777777769,5850.6613541666666,"Actual"
"QLD",2023-05-09 00:00:00.000,125.19736111111109,5875.9901388888893,"Actual"
"QLD",2023-05-10 00:00:00.000,160.98972222222221,5891.6690972222223,"Actual"
"QLD",2023-05-11 00:00:00.000,128.2592013888889,5966.4348611111109,"Actual"
"QLD",2023-05-12 00:00:00.000,152.06010416666666,5908.5969444444445,"Actual"
"QLD",2023-05-13 00:00:00.000,121.11899305555558,5663.8065277777778,"Actual"
"QLD",2023-05-14 00:00:00.000,127.47479166666668,5881.2838888888891,"Actual"
"QLD",2023-05-15 00:00:00.000,159.05892361111111,6319.3195833333339,"Actual"
"QLD",2023-05-16 00:00:00.000,193.80503472222225,6421.6427083333338,"Actual"
"QLD",2023-05-17 00:00:00.000,201.35944444444448,6040.7001388888893,"Actual"
"QLD",2023-05-18 00:00:00.000,143.2353125,5972.3802777777773,"Actual"
"QLD",2023-05-19 00:00:00.000,146.84944444444446,5913.2607291666664,"Actual"
"QLD",2023-05-20 00:00:00.000,185.27760416666663,5578.6780555555561,"Actual"
"QLD",2023-05-21 00:00:00.000,82.906076388888849,5599.8910763888889,"Actual"
"QLD",2023-05-22 00:00:00.000,149.4940625,5973.1598611111112,"Actual"
"QLD",2023-05-23 00:00:00.000,209.2822222222222,6024.0893055555553,"Actual"
"QLD",2023-05-24 00:00:00.000,477.357361111111,6055.4201736111108,"Actual"
"QLD",2023-05-25 00:00:00.000,346.26680555555549,6053.0255208333338,"Actual"
"QLD",2023-05-26 00:00:00.000,120.58211805555553,6034.2687847222223,"Actual"
"QLD",2023-05-27 00:00:00.000,190.22996527777775,5710.383125,"Actual"
"QLD",2023-05-28 00:00:00.000,88.548715277777589,5660.4252777777783,"Actual"
"QLD",2023-05-29 00:00:00.000,109.09840277777779,6118.4371180555554,"Actual"
"QLD",2023-05-30 00:00:00.000,397.80333333333317,6092.4406944444445,"Actual"
"QLD",2023-05-31 00:00:00.000,118.69958333333332,6146.9444097222222,"Actual"
"QLD",2023-06-01 00:00:00.000,113.51312500000003,6019.0694097222222,"Actual"
"QLD",2023-06-02 00:00:00.000,118.25350694444445,5981.0289583333333,"Actual"
"QLD",2023-06-03 00:00:00.000,96.502534722222236,5854.9276388888893,"Actual"
"QLD",2023-06-04 00:00:00.000,86.815173611111121,5971.6274305555553,"Actual"
"QLD",2023-06-05 00:00:00.000,89.734965277777732,6294.6185416666667,"Actual"
"QLD",2023-06-06 00:00:00.000,96.370833333333309,6108.6116666666667,"Actual"
"QLD",2023-06-07 00:00:00.000,79.814861111111114,6071.3303125,"Actual"
"QLD",2023-06-08 00:00:00.000,96.933124999999976,6087.5912847222226,"Actual"
"QLD",2023-06-09 00:00:00.000,82.605173611111113,5858.9598263888893,"Actual"
"QLD",2023-06-10 00:00:00.000,81.805590277777782,5633.3392361111109,"Actual"
"QLD",2023-06-11 00:00:00.000,93.369583333333324,5669.9132291666665,"Actual"
"QLD",2023-06-12 00:00:00.000,296.10312500000003,6266.8157638888888,"Actual"
"QLD",2023-06-13 00:00:00.000,106.68996527777779,6018.2284375,"Actual"
"QLD",2023-06-14 00:00:00.000,63.837256944444448,5978.2709027777782,"Actual"
"QLD",2023-06-15 00:00:00.000,68.28309027777776,6153.9136805555554,"Actual"
"QLD",2023-06-16 00:00:00.000,75.888645833333328,6193.4577777777777,"Actual"
"QLD",2023-06-17 00:00:00.000,93.357187500000038,5823.7301041666669,"Actual"
"QLD",2023-06-18 00:00:00.000,72.8890972222222,5655.307777777778,"Actual"
"QLD",2023-06-19 00:00:00.000,194.98937500000014,6002.7498263888883,"Actual"
"QLD",2023-06-20 00:00:00.000,134.89197916666669,6191.6669444444442,"Actual"
"QLD",2023-06-21 00:00:00.000,190.80677083333336,6249.3830902777772,"Actual"
"QLD",2023-06-22 00:00:00.000,120.34548611111113,6334.5836805555555,"Actual"
"QLD",2023-06-23 00:00:00.000,85.932395833333331,6155.9604861111111,"Actual"
"QLD",2023-06-24 00:00:00.000,68.461770833333333,5621.526284722222,"Actual"
"QLD",2023-06-25 00:00:00.000,64.271388888888907,5550.1426041666664,"Actual"
"QLD",2023-06-26 00:00:00.000,77.029097222222234,5909.0023958333331,"Actual"
"QLD",2023-06-27 00:00:00.000,76.806736111111121,5994.2188541666665,"Actual"
"QLD",2023-06-28 00:00:00.000,95.980902777777786,6009.5825694444447,"Actual"
"QLD",2023-06-29 00:00:00.000,87.409166666666664,6171.5279166666669,"Actual"
"QLD",2023-06-30 00:00:00.000,68.891840277777774,6092.1363194444448,"Actual"
"QLD",2023-07-01 00:00:00.000,113.20211805555556,6109.4706597222221,"Actual"
"QLD",2023-07-02 00:00:00.000,94.029062499999966,5854.9295486111105,"Actual"
"QLD",2023-07-03 00:00:00.000,159.74500000000006,6562.6115972222215,"Actual"
"QLD",2023-07-04 00:00:00.000,148.73402777777773,6624.8398611111115,"Actual"
"QLD",2023-07-05 00:00:00.000,87.47999999999999,6062.2165972222219,"Actual"
"QLD",2023-07-06 00:00:00.000,79.494374999999991,6098.8720138888893,"Actual"
"QLD",2023-07-07 00:00:00.000,41.9586111111111,5938.1179166666661,"Actual"
"QLD",2023-07-08 00:00:00.000,39.5007986111111,5701.3753125,"Actual"
"QLD",2023-07-09 00:00:00.000,44.042743055555562,5845.9505555555552,"Actual"
"QLD",2023-07-10 00:00:00.000,58.845520833333353,6152.4620138888886,"Actual"
"QLD",2023-07-11 00:00:00.000,78.677743055555553,6121.3481597222226,"Actual"
"QLD",2023-07-12 00:00:00.000,71.56593749999999,6357.9079513888892,"Actual"
"QLD",2023-07-13 00:00:00.000,68.05690972222223,6112.8227430555553,"Actual"
"QLD",2023-07-14 00:00:00.000,42.345,6023.1996527777774,"Actual"
"QLD",2023-07-15 00:00:00.000,62.455868055555548,5936.8770486111116,"Actual"
"QLD",2023-07-16 00:00:00.000,69.747048611111111,5653.0650347222227,"Actual"
"QLD",2023-07-17 00:00:00.000,94.307465277777766,6237.3157638888888,"Actual"
"QLD",2023-07-18 00:00:00.000,82.769583333333344,6124.1040972222227,"Actual"
"QLD",2023-07-19 00:00:00.000,64.006354166666654,5822.2504861111111,"Actual"
"QLD",2023-07-20 00:00:00.000,56.483784722222268,5928.593993055556,"Actual"
"QLD",2023-07-21 00:00:00.000,82.2153125,5950.2729166666668,"Actual"
"QLD",2023-07-22 00:00:00.000,57.281423611111123,5597.1082291666671,"Actual"
"QLD",2023-07-23 00:00:00.000,78.008680555555557,5683.1340972222224,"Actual"
"QLD",2023-07-24 00:00:00.000,114.85857638888889,6471.229652777778,"Actual"
"QLD",2023-07-25 00:00:00.000,100.80402777777778,6072.7023611111108,"Actual"
"QLD",2023-07-26 00:00:00.000,99.512638888888887,6223.4564583333331,"Actual"
"QLD",2023-07-27 00:00:00.000,71.26243055555554,6187.6931944444441,"Actual"
"QLD",2023-07-28 00:00:00.000,71.532222222222217,5949.9121875,"Actual"
"QLD",2023-07-29 00:00:00.000,56.7089236111111,5598.7236458333336,"Actual"
"QLD",2023-07-30 00:00:00.000,41.585625000000078,5516.4655902777777,"Actual"
"QLD",2023-07-31 00:00:00.000,64.293506944444445,5950.3036111111114,"Actual"
"QLD",2023-08-01 00:00:00.000,150.30694444444447,5945.379722222222,"Actual"
"QLD",2023-08-02 00:00:00.000,74.787916666666661,6037.9929861111113,"Actual"
"QLD",2023-08-03 00:00:00.000,50.210694444444471,5985.6247916666662,"Actual"
"QLD",2023-08-04 00:00:00.000,44.11944444444444,5943.0532986111111,"Actual"
"QLD",2023-08-05 00:00:00.000,43.581076388888896,5538.3255902777773,"Actual"
"QLD",2023-08-06 00:00:00.000,69.373854166666661,5754.9018750000005,"Actual"
"QLD",2023-08-07 00:00:00.000,81.031944444444434,6042.7871180555558,"Actual"
"QLD",2023-08-08 00:00:00.000,95.457395833333337,5982.4073611111107,"Actual"
"QLD",2023-08-09 00:00:00.000,55.844965277777739,5823.8680902777778,"Actual"
"QLD",2023-08-10 00:00:00.000,84.39524305555554,5743.3545833333337,"Actual"
"QLD",2023-08-11 00:00:00.000,52.384201388888869,5557.5562500000015,"Actual"
"QLD",2023-08-12 00:00:00.000,47.789687499999964,5181.8371875,"Actual"
"QLD",2023-08-13 00:00:00.000,52.045868055555559,5059.1116319444445,"Actual"
"QLD",2023-08-14 00:00:00.000,93.688506944444441,5476.5724305555559,"Actual"
"QLD",2023-08-15 00:00:00.000,134.09374999999994,5725.7660763888889,"Actual"
"QLD",2023-08-16 00:00:00.000,101.62038194444443,5552.3677083333332,"Actual"
"QLD",2023-08-17 00:00:00.000,95.7098958333333,5848.576944444445,"Actual"
"QLD",2023-08-18 00:00:00.000,61.491944444444449,5909.8391666666666,"Actual"
"QLD",2023-08-19 00:00:00.000,27.059166666666677,5223.1493402777778,"Actual"
"QLD",2023-08-20 00:00:00.000,57.318541666666661,5210.8907291666665,"Actual"
"QLD",2023-08-21 00:00:00.000,70.143020833333324,5746.5318055555554,"Actual"
"QLD",2023-08-22 00:00:00.000,68.828680555555579,5758.6892708333335,"Actual"
"QLD",2023-08-23 00:00:00.000,60.839930555555547,5703.2934722222226,"Actual"
"QLD",2023-08-24 00:00:00.000,51.663437499999986,5734.508506944444,"Actual"
"QLD",2023-08-25 00:00:00.000,49.743090277777782,5683.1064583333336,"Actual"
"QLD",2023-08-26 00:00:00.000,42.895763888888887,5483.7907986111113,"Actual"
"QLD",2023-08-27 00:00:00.000,42.5887847222222,5305.4414930555549,"Actual"
"QLD",2023-08-28 00:00:00.000,74.809409722222227,5660.6656944444439,"Actual"
"QLD",2023-08-29 00:00:00.000,55.769513888888909,5762.8800694444444,"Actual"
"QLD",2023-08-30 00:00:00.000,62.876423611111164,5674.4644097222226,"Actual"
"QLD",2023-08-31 00:00:00.000,44.079166666666694,5537.6580555555556,"Actual"
"QLD",2023-09-01 00:00:00.000,60.203437499999993,5503.8432638888889,"Actual"
"QLD",2023-09-02 00:00:00.000,52.258923611111122,5268.5785416666668,"Actual"
"QLD",2023-09-03 00:00:00.000,38.522708333333327,5339.148680555556,"Actual"
"QLD",2023-09-04 00:00:00.000,182.93357638888884,5949.303020833333,"Actual"
"QLD",2023-09-05 00:00:00.000,44.898506944444449,5555.1375,"Actual"
"QLD",2023-09-06 00:00:00.000,123.62288194444453,5572.1170486111114,"Actual"
"QLD",2023-09-07 00:00:00.000,52.828506944444442,5726.2466319444447,"Actual"
"QLD",2023-09-08 00:00:00.000,57.799722222222229,5811.3709375,"Actual"
"QLD",2023-09-09 00:00:00.000,36.304756944444449,5158.5453125,"Actual"
"QLD",2023-09-10 00:00:00.000,48.536701388888851,5306.7684375,"Actual"
"QLD",2023-09-11 00:00:00.000,76.209166666666675,5719.7804861111108,"Actual"
"QLD",2023-09-12 00:00:00.000,65.262430555555554,5628.9885416666666,"Actual"
"QLD",2023-09-13 00:00:00.000,65.937361111111059,5571.6327083333335,"Actual"
"QLD",2023-09-14 00:00:00.000,39.613263888888874,5535.5325694444446,"Actual"
"QLD",2023-09-15 00:00:00.000,29.366493055555544,5407.4187152777777,"Actual"
"QLD",2023-09-16 00:00:00.000,24.614826388888979,5084.3454861111113,"Actual"
"QLD",2023-09-17 00:00:00.000,34.320659722222224,5034.589027777778,"Actual"
"QLD",2023-09-18 00:00:00.000,54.387673611111119,5484.8778125,"Actual"
"QLD",2023-09-19 00:00:00.000,45.664201388888841,5649.7830208333335,"Actual"
"QLD",2023-09-20 00:00:00.000,38.803923611111117,5589.0207291666666,"Actual"
"QLD",2023-09-21 00:00:00.000,46.880625000000009,5678.2311805555555,"Actual"
"QLD",2023-09-22 00:00:00.000,43.495625,5731.4990972222222,"Actual"
"QLD",2023-09-23 00:00:00.000,28.598506944444367,5373.05125,"Actual"
"QLD",2023-09-24 00:00:00.000,25.954652777777689,5264.518472222222,"Actual"
"QLD",2023-09-25 00:00:00.000,32.2021527777778,5633.2293055555556,"Actual"
"QLD",2023-09-26 00:00:00.000,36.764166666666647,5420.1419097222224,"Actual"
"QLD",2023-09-27 00:00:00.000,35.6829166666666,5516.2423263888895,"Actual"
"QLD",2023-09-28 00:00:00.000,42.360069444444434,5856.3156944444445,"Actual"
"QLD",2023-09-29 00:00:00.000,32.608541666666667,5528.7068055555555,"Actual"
"QLD",2023-09-30 00:00:00.000,26.619652777777745,5047.2143402777774,"Actual"
"QLD",2023-10-01 00:00:00.000,10.651215277777709,4864.1659375,"Actual"
"QLD",2023-10-02 00:00:00.000,23.75975694444444,5023.3878125,"Actual"
"QLD",2023-10-03 00:00:00.000,49.039930555555529,5483.973506944445,"Actual"
"QLD",2023-10-04 00:00:00.000,67.55572916666668,5763.6648263888892,"Actual"
"QLD",2023-10-05 00:00:00.000,42.962881944444433,5799.151493055555,"Actual"
"QLD",2023-10-06 00:00:00.000,27.24385416666669,5556.3158333333331,"Actual"
"QLD",2023-10-07 00:00:00.000,38.962222222222223,5364.2590277777781,"Actual"
"QLD",2023-10-08 00:00:00.000,33.623576388888907,5293.8897569444443,"Actual"
"QLD",2023-10-09 00:00:00.000,32.079131944444427,5459.9088888888891,"Actual"
"QLD",2023-10-10 00:00:00.000,40.289513888888919,5442.590902777778,"Actual"
"QLD",2023-10-11 00:00:00.000,33.548368055555528,5593.5811805555559,"Actual"
"QLD",2023-10-12 00:00:00.000,18.69253472222227,5573.883125,"Actual"
"QLD",2023-10-13 00:00:00.000,16.034895833333309,5624.4443055555557,"Actual"
"QLD",2023-10-14 00:00:00.000,16.510520833333352,5331.5272916666672,"Actual"
"QLD",2023-10-15 00:00:00.000,29.425694444444474,5377.1556597222225,"Actual"
"QLD",2023-10-16 00:00:00.000,86.627222222222144,6045.4856597222224,"Actual"
"QLD",2023-10-17 00:00:00.000,39.16590277777776,5636.7813194444443,"Actual"
"QLD",2023-10-18 00:00:00.000,71.213923611111113,5720.3917708333338,"Actual"
"QLD",2023-10-19 00:00:00.000,54.193749999999966,5642.5846875,"Actual"
"QLD",2023-10-20 00:00:00.000,34.19118055555559,5620.9142708333329,"Actual"
"QLD",2023-10-21 00:00:00.000,28.648749999999993,5318.7292708333325,"Actual"
"QLD",2023-10-22 00:00:00.000,17.656423611111059,5444.6541319444441,"Actual"
"QLD",2023-10-23 00:00:00.000,33.394444444444467,6089.5642708333335,"Actual"
"QLD",2023-10-24 00:00:00.000,45.6974305555556,6123.8535763888885,"Actual"
"QLD",2023-10-25 00:00:00.000,32.718819444444449,6153.028159722222,"Actual"
"QLD",2023-10-26 00:00:00.000,56.852118055555565,6159.8069097222224,"Actual"
"QLD",2023-10-27 00:00:00.000,41.502291666666672,5961.3475694444442,"Actual"
"QLD",2023-10-28 00:00:00.000,17.505104166666662,5207.4580555555567,"Actual"
"QLD",2023-10-29 00:00:00.000,30.052083333333357,5207.3194444444443,"Actual"
"QLD",2023-10-30 00:00:00.000,26.291180555555556,5573.0960416666667,"Actual"
"QLD",2023-10-31 00:00:00.000,52.416006944444447,5965.5611458333333,"Actual"
"QLD",2023-11-01 00:00:00.000,56.321423611111143,5939.6467361111108,"Actual"
"QLD",2023-11-02 00:00:00.000,47.462048611111108,5726.9245833333334,"Actual"
"QLD",2023-11-03 00:00:00.000,57.0210763888889,6043.9777430555559,"Actual"
"QLD",2023-11-04 00:00:00.000,36.87256944444443,5713.1725,"Actual"
"QLD",2023-11-05 00:00:00.000,54.067673611111111,5902.7298958333331,"Actual"
"QLD",2023-11-06 00:00:00.000,59.3365625,6095.6189930555556,"Actual"
"QLD",2023-11-07 00:00:00.000,53.475034722222212,5826.8717013888891,"Actual"
"QLD",2023-11-08 00:00:00.000,91.490138888888879,5829.5976388888894,"Actual"
"QLD",2023-11-09 00:00:00.000,75.5806944444445,5726.7301041666669,"Actual"
"QLD",2023-11-10 00:00:00.000,66.623576388888893,5840.1099305555554,"Actual"
"QLD",2023-11-11 00:00:00.000,86.111562499999934,5559.135659722222,"Actual"
"QLD",2023-11-12 00:00:00.000,99.1446875,5401.4388541666658,"Actual"
"QLD",2023-11-13 00:00:00.000,63.4066319444445,5990.3415277777776,"Actual"
"QLD",2023-11-14 00:00:00.000,89.856736111111118,6223.7665972222221,"Actual"
"QLD",2023-11-15 00:00:00.000,106.55506944444443,6566.1223263888887,"Actual"
"QLD",2023-11-16 00:00:00.000,181.45163194444436,7068.6694444444447,"Actual"
"QLD",2023-11-17 00:00:00.000,85.27986111111106,6754.9658680555558,"Actual"
"QLD",2023-11-18 00:00:00.000,42.974062499999981,5602.1912152777777,"Actual"
"QLD",2023-11-19 00:00:00.000,67.329895833333254,5677.4589583333336,"Actual"
"QLD",2023-11-20 00:00:00.000,109.69597222222222,6616.9454166666665,"Actual"
"QLD",2023-11-21 00:00:00.000,99.663159722222218,6394.5018402777778,"Actual"
"QLD",2023-11-22 00:00:00.000,79.040972222222223,6475.3632638888885,"Actual"
"QLD",2023-11-23 00:00:00.000,69.15163194444446,6145.7220833333331,"Actual"
"QLD",2023-11-24 00:00:00.000,67.903680555555553,5911.6946180555551,"Actual"
"QLD",2023-11-25 00:00:00.000,69.841736111111118,5763.9745833333327,"Actual"
"QLD",2023-11-26 00:00:00.000,53.585624999999986,5518.1467361111108,"Actual"
"QLD",2023-11-27 00:00:00.000,62.867291666666667,6125.5895138888891,"Actual"
"QLD",2023-11-28 00:00:00.000,72.575763888888872,6207.627361111111,"Actual"
"QLD",2023-11-29 00:00:00.000,42.557673611111113,6124.2203125,"Actual"
"QLD",2023-11-30 00:00:00.000,41.865277777777763,6308.6344444444439,"Actual"
"QLD",2023-12-01 00:00:00.000,83.49097222222224,6671.9010416666661,"Actual"
"QLD",2023-12-02 00:00:00.000,75.518645833333281,6172.5098263888885,"Actual"
"QLD",2023-12-03 00:00:00.000,74.942986111111125,6256.0770486111114,"Actual"
"QLD",2023-12-04 00:00:00.000,90.241006944444464,6878.5927083333336,"Actual"
"QLD",2023-12-05 00:00:00.000,106.31548611111113,6793.3305555555553,"Actual"
"QLD",2023-12-06 00:00:00.000,76.641805555555578,6843.0838541666672,"Actual"
"QLD",2023-12-07 00:00:00.000,93.309444444444466,6739.8908333333338,"Actual"
"QLD",2023-12-08 00:00:00.000,66.417812500000025,6752.0629513888889,"Actual"
"QLD",2023-12-09 00:00:00.000,46.4224652777778,6246.1769791666666,"Actual"
"QLD",2023-12-10 00:00:00.000,21.005381944444437,6067.0739930555555,"Actual"
"QLD",2023-12-11 00:00:00.000,69.017604166666672,6422.3863541666669,"Actual"
"QLD",2023-12-12 00:00:00.000,78.008437500000028,6558.555868055555,"Actual"
"QLD",2023-12-13 00:00:00.000,68.729722222222236,6532.1839930555552,"Actual"
"QLD",2023-12-14 00:00:00.000,87.782152777777767,6989.3368402777778,"Actual"
"QLD",2023-12-15 00:00:00.000,101.37666666666664,7366.3277777777785,"Actual"
"QLD",2023-12-16 00:00:00.000,88.515729166666659,6845.7005902777782,"Actual"
"QLD",2023-12-17 00:00:00.000,99.001284722222209,6950.987465277778,"Actual"
"QLD",2023-12-18 00:00:00.000,123.68177083333333,7369.2814930555551,"Actual"
"QLD",2023-12-19 00:00:00.000,93.878125000000011,6916.8478125,"Actual"
"QLD",2023-12-20 00:00:00.000,97.810347222222219,6865.1180208333335,"Actual"
"QLD",2023-12-21 00:00:00.000,107.85798611111109,6875.87125,"Actual"
"QLD",2023-12-22 00:00:00.000,52.426805555555589,6301.8434027777776,"Actual"
"QLD",2023-12-23 00:00:00.000,62.500694444444477,5946.4013541666664,"Actual"
"QLD",2023-12-24 00:00:00.000,47.1936111111111,6233.0391319444443,"Actual"
"QLD",2023-12-25 00:00:00.000,36.301076388888887,5710.6709027777779,"Actual"
"QLD",2023-12-26 00:00:00.000,45.991944444444464,5893.9524999999994,"Actual"
"QLD",2023-12-27 00:00:00.000,71.868437499999956,6411.1843402777777,"Actual"
"QLD",2023-12-28 00:00:00.000,263.28739583333328,7022.8659722222228,"Actual"
"QLD",2023-12-29 00:00:00.000,448.9630208333337,7264.4050694444441,"Actual"
"QLD",2023-12-30 00:00:00.000,69.684930555555624,6754.677569444445,"Actual"
"QLD",2023-12-31 00:00:00.000,34.690104166666558,6014.3161805555555,"Actual"
"QLD",2024-01-01 00:00:00.000,45.55715277777778,6267.12125,"Actual"
"QLD",2024-01-02 00:00:00.000,49.769444444444474,6508.4030208333334,"Actual"
"QLD",2024-01-03 00:00:00.000,59.31288194444447,6520.2380902777777,"Actual"
"QLD",2024-01-04 00:00:00.000,70.218680555555551,6922.244791666667,"Actual"
"QLD",2024-01-05 00:00:00.000,55.285972222222242,6933.5001388888886,"Actual"
"QLD",2024-01-06 00:00:00.000,40.798263888888883,6270.7008680555555,"Actual"
"QLD",2024-01-07 00:00:00.000,45.673472222222259,6099.0035069444439,"Actual"
"QLD",2024-01-08 00:00:00.000,93.134479166666651,6995.3708680555555,"Actual"
"QLD",2024-01-09 00:00:00.000,100.75249999999998,7282.534097222222,"Actual"
"QLD",2024-01-10 00:00:00.000,108.30413194444445,7258.9607291666671,"Actual"
"QLD",2024-01-11 00:00:00.000,78.920416666666668,6847.3206944444446,"Actual"
"QLD",2024-01-12 00:00:00.000,70.126805555555521,6709.4461111111113,"Actual"
"QLD",2024-01-13 00:00:00.000,57.519340277777744,6428.7684027777777,"Actual"
"QLD",2024-01-14 00:00:00.000,70.175138888888867,6381.0890625,"Actual"
"QLD",2024-01-15 00:00:00.000,76.500208333333333,7067.8121180555554,"Actual"
"QLD",2024-01-16 00:00:00.000,87.975173611111117,6920.1630555555557,"Actual"
"QLD",2024-01-17 00:00:00.000,118.16798611111112,7186.6539930555555,"Actual"
"QLD",2024-01-18 00:00:00.000,216.4251041666667,7670.5044097222217,"Actual"
"QLD",2024-01-19 00:00:00.000,553.2529513888885,7663.4710763888888,"Actual"
"QLD",2024-01-20 00:00:00.000,130.57496527777772,7329.6551388888893,"Actual"
"QLD",2024-01-21 00:00:00.000,679.32472222222236,7353.7481597222222,"Actual"
"QLD",2024-01-22 00:00:00.000,200.6719791666668,8207.6321527777782,"Actual"
"QLD",2024-01-23 00:00:00.000,78.8814236111111,7419.8062847222227,"Actual"
"QLD",2024-01-24 00:00:00.000,98.318541666666675,6895.5698263888889,"Actual"
"QLD",2024-01-25 00:00:00.000,94.218611111111144,6867.7506944444449,"Actual"
"QLD",2024-01-26 00:00:00.000,149.00652777777771,7102.471875,"Actual"
"QLD",2024-01-27 00:00:00.000,491.26993055555613,7739.775625,"Actual"
"QLD",2024-01-28 00:00:00.000,215.24593750000003,7542.9646527777777,"Actual"
"QLD",2024-01-29 00:00:00.000,586.3375347222219,8113.830972222222,"Actual"
"QLD",2024-01-30 00:00:00.000,136.16413194444442,7746.722777777778,"Actual"
"QLD",2024-01-31 00:00:00.000,115.54305555555555,7079.5307291666668,"Actual"
"QLD",2024-02-01 00:00:00.000,107.13802083333333,6977.7835416666667,"Actual"
"QLD",2024-02-02 00:00:00.000,149.39260416666664,7106.9938888888892,"Actual"
"QLD",2024-02-03 00:00:00.000,95.5681597222223,7165.8097916666666,"Actual"
"QLD",2024-02-04 00:00:00.000,105.70736111111108,7150.1780902777773,"Actual"
"QLD",2024-02-05 00:00:00.000,156.62072916666662,7412.8730902777779,"Actual"
"QLD",2024-02-06 00:00:00.000,146.48809027777779,7824.8509374999994,"Actual"
"QLD",2024-02-07 00:00:00.000,82.9629861111111,7605.4051388888884,"Actual"
"QLD",2024-02-08 00:00:00.000,82.445624999999993,7226.1925694444444,"Actual"
"QLD",2024-02-09 00:00:00.000,81.309027777777771,6961.3379513888885,"Actual"
"QLD",2024-02-10 00:00:00.000,44.069305555555566,6542.716631944445,"Actual"
"QLD",2024-02-11 00:00:00.000,44.421979166666674,6367.3766319444439,"Actual"
"QLD",2024-02-12 00:00:00.000,88.893402777777737,6867.4353819444441,"Actual"
"QLD",2024-02-13 00:00:00.000,77.507118055555566,6936.1414583333335,"Actual"
"QLD",2024-02-14 00:00:00.000,101.61760416666667,7152.5069444444443,"Actual"
"QLD",2024-02-15 00:00:00.000,90.659930555555547,7198.7115277777775,"Actual"
"QLD",2024-02-16 00:00:00.000,79.37843749999999,6916.409375,"Actual"
"QLD",2024-02-17 00:00:00.000,52.09864583333335,6139.0857291666671,"Actual"
"QLD",2024-02-18 00:00:00.000,56.641319444444441,6154.67375,"Actual"
"QLD",2024-02-19 00:00:00.000,72.647465277777769,6799.1505902777781,"Actual"
"QLD",2024-02-20 00:00:00.000,117.83326388888894,6634.4417361111109,"Actual"
"QLD",2024-02-21 00:00:00.000,82.909791666666649,6877.9484375,"Actual"
"QLD",2024-02-22 00:00:00.000,111.85236111111112,7160.1222222222223,"Actual"
"QLD",2024-02-23 00:00:00.000,318.37159722222236,7549.7500694444443,"Actual"
"QLD",2024-02-24 00:00:00.000,131.18888888888887,7256.975381944445,"Actual"
"QLD",2024-02-25 00:00:00.000,73.0682638888889,6685.748576388889,"Actual"
"QLD",2024-02-26 00:00:00.000,467.35312499999992,7302.0400347222221,"Actual"
"QLD",2024-02-27 00:00:00.000,107.60819444444445,7355.0753819444444,"Actual"
"QLD",2024-02-28 00:00:00.000,93.340277777777786,7137.2457986111112,"Actual"
"QLD",2024-02-29 00:00:00.000,253.15559027777783,7166.9583680555552,"Actual"
"QLD",2024-03-01 00:00:00.000,94.646388888888879,7027.8041319444446,"Actual"
"QLD",2024-03-02 00:00:00.000,74.292361111111092,6626.8839583333329,"Actual"
"QLD",2024-03-03 00:00:00.000,106.72624999999998,7038.7349305555554,"Actual"
"QLD",2024-03-04 00:00:00.000,95.893715277777758,7375.4841666666662,"Actual"
"QLD",2024-03-05 00:00:00.000,69.64618055555556,6748.7260763888889,"Actual"
"QLD",2024-03-06 00:00:00.000,78.339097222222222,6383.424722222222,"Actual"
"QLD",2024-03-07 00:00:00.000,84.1861111111111,6597.922604166667,"Actual"
"QLD",2024-03-08 00:00:00.000,99.512256944444417,6672.9513888888887,"Actual"
"QLD",2024-03-09 00:00:00.000,65.6360416666667,6125.6068055555561,"Actual"
"QLD",2024-03-10 00:00:00.000,63.082187500000074,6145.885173611111,"Actual"
"QLD",2024-03-11 00:00:00.000,85.411805555555546,6622.4899305555555,"Actual"
"QLD",2024-03-12 00:00:00.000,68.805243055555508,6418.0303472222222,"Actual"
"QLD",2024-03-13 00:00:00.000,77.893194444444447,6525.2213194444448,"Actual"
"QLD",2024-03-14 00:00:00.000,87.944305555555545,6767.3000694444445,"Actual"
"QLD",2024-03-15 00:00:00.000,72.6138888888889,6753.4757638888887,"Actual"
"QLD",2024-03-16 00:00:00.000,59.57625,6125.1696875,"Actual"
"QLD",2024-03-17 00:00:00.000,60.909444444444432,6124.8177430555552,"Actual"
"QLD",2024-03-18 00:00:00.000,74.476666666666659,6708.54125,"Actual"
"QLD",2024-03-19 00:00:00.000,74.124618055555558,6832.5550694444446,"Actual"
"QLD",2024-03-20 00:00:00.000,77.44586805555555,6889.4243750000005,"Actual"
"QLD",2024-03-21 00:00:00.000,58.1023611111111,6847.3302430555559,"Actual"
"QLD",2024-03-22 00:00:00.000,60.767395833333339,6532.5052430555552,"Actual"
"QLD",2024-03-23 00:00:00.000,67.568888888888893,6201.8443402777775,"Actual"
"QLD",2024-03-24 00:00:00.000,67.057083333333338,6274.1577430555553,"Actual"
"QLD",2024-03-25 00:00:00.000,78.250590277777775,6701.110798611111,"Actual"
"QLD",2024-03-26 00:00:00.000,101.12684027777777,6731.6693055555552,"Actual"
"QLD",2024-03-27 00:00:00.000,76.47722222222221,6780.1397916666665,"Actual"
"QLD",2024-03-28 00:00:00.000,65.534201388888889,6379.251875,"Actual"
"QLD",2024-03-29 00:00:00.000,52.694236111111124,5867.362430555555,"Actual"
"QLD",2024-03-30 00:00:00.000,49.676319444444481,5750.0668055555552,"Actual"
"QLD",2024-03-31 00:00:00.000,48.559340277777785,5728.0915972222228,"Actual"
"QLD",2024-04-01 00:00:00.000,53.443506944444458,6018.5998611111117,"Actual"
"QLD",2024-04-02 00:00:00.000,53.852395833333361,6343.614583333333,"Actual"
"QLD",2024-04-03 00:00:00.000,99.474062499999974,6623.9222222222224,"Actual"
"QLD",2024-04-04 00:00:00.000,74.784965277777772,6775.2377430555553,"Actual"
"QLD",2024-04-05 00:00:00.000,93.022083333333327,6812.3737847222219,"Actual"
"QLD",2024-04-06 00:00:00.000,111.86944444444444,6216.7370138888891,"Actual"
"QLD",2024-04-07 00:00:00.000,97.631979166666667,6223.0335763888888,"Actual"
"QLD",2024-04-08 00:00:00.000,96.048784722222223,6452.724201388889,"Actual"
"QLD",2024-04-09 00:00:00.000,70.221180555555563,6416.4761111111111,"Actual"
"QLD",2024-04-10 00:00:00.000,43.300208333333345,5807.143472222223,"Actual"
"QLD",2024-04-11 00:00:00.000,69.184618055555575,5788.7589583333329,"Actual"
"QLD",2024-04-12 00:00:00.000,70.879687499999989,5894.9458680555554,"Actual"
"QLD",2024-04-13 00:00:00.000,78.081249999999983,5640.1974652777781,"Actual"
"QLD",2024-04-14 00:00:00.000,82.753645833333351,5611.4656597222229,"Actual"
"QLD",2024-04-15 00:00:00.000,127.55312500000001,6136.8245138888888,"Actual"
"QLD",2024-04-16 00:00:00.000,123.18986111111099,6187.5325347222224,"Actual"
"QLD",2024-04-17 00:00:00.000,110.24256944444444,6342.5035416666669,"Actual"
"QLD",2024-04-18 00:00:00.000,103.06736111111113,6384.2934374999995,"Actual"
"QLD",2024-04-19 00:00:00.000,75.003645833333323,6029.3040277777782,"Actual"
"QLD",2024-04-20 00:00:00.000,82.622118055555561,6045.8684722222224,"Actual"
"QLD",2024-04-21 00:00:00.000,80.235902777777724,6060.2671527777775,"Actual"
"QLD",2024-04-22 00:00:00.000,78.342465277777819,6009.0672916666663,"Actual"
"QLD",2024-04-23 00:00:00.000,71.555729166666652,6069.9455208333329,"Actual"
"QLD",2024-04-24 00:00:00.000,71.987465277777773,6011.2714930555558,"Actual"
"QLD",2024-04-25 00:00:00.000,69.073402777777744,5589.1554513888887,"Actual"
"QLD",2024-04-26 00:00:00.000,105.33138888888888,6059.9526736111111,"Actual"
"QLD",2024-04-27 00:00:00.000,78.397708333333142,5565.4721875000005,"Actual"
"QLD",2024-04-28 00:00:00.000,76.289131944444421,5603.5913541666669,"Actual"
"QLD",2024-04-29 00:00:00.000,95.188784722222209,5952.6877430555551,"Actual"
"QLD",2024-04-30 00:00:00.000,101.66555555555556,6073.616006944445,"Actual"
"QLD",2024-05-01 00:00:00.000,76.060034722222213,5930.2713194444441,"Actual"
"QLD",2024-05-02 00:00:00.000,84.977916666666673,6182.544756944445,"Actual"
"QLD",2024-05-03 00:00:00.000,115.68416666666667,6222.5361805555558,"Actual"
"QLD",2024-05-04 00:00:00.000,95.558611111111148,5966.8249652777777,"Actual"
"QLD",2024-05-05 00:00:00.000,101.10413194444445,5771.9886458333331,"Actual"
"QLD",2024-05-06 00:00:00.000,70.111979166666671,5633.7231944444447,"Actual"
"QLD",2024-05-07 00:00:00.000,115.06951388888891,6101.0733333333337,"Actual"
"QLD",2024-05-08 00:00:00.000,104.36350694444445,6121.8839583333329,"Actual"
"QLD",2024-05-09 00:00:00.000,109.25645833333334,6221.0884375,"Actual"
"QLD",2024-05-10 00:00:00.000,101.54600694444446,6018.4597569444441,"Actual"
"QLD",2024-05-11 00:00:00.000,88.906805555555536,5821.7052083333338,"Actual"
"QLD",2024-05-12 00:00:00.000,94.108715277777691,5819.748125,"Actual"
"QLD",2024-05-13 00:00:00.000,79.869687500000026,5832.7671875,"Actual"
"QLD",2024-05-14 00:00:00.000,98.440243055555527,5891.6770486111109,"Actual"
"QLD",2024-05-15 00:00:00.000,98.13180555555553,6086.5713194444443,"Actual"
"QLD",2024-05-16 00:00:00.000,110.84618055555565,6375.0439930555558,"Actual"
"QLD",2024-05-17 00:00:00.000,69.9490972222222,6093.600625,"Actual"
"QLD",2024-05-18 00:00:00.000,20.904131944444423,5547.6428819444445,"Actual"
"QLD",2024-05-19 00:00:00.000,31.564791666666665,5411.6309375,"Actual"
"QLD",2024-05-20 00:00:00.000,88.236145833333353,5738.1835069444442,"Actual"
"QLD",2024-05-21 00:00:00.000,94.017812500000034,5957.9778125,"Actual"
"QLD",2024-05-22 00:00:00.000,141.3542013888889,5998.7714583333336,"Actual"
"QLD",2024-05-23 00:00:00.000,139.82999999999998,5892.5051736111109,"Actual"
"QLD",2024-05-24 00:00:00.000,125.64857638888888,6022.3428125,"Actual"
"QLD",2024-05-25 00:00:00.000,93.233854166666674,5931.9674652777776,"Actual"
"QLD",2024-05-26 00:00:00.000,80.420659722222169,5653.65,"Actual"
"QLD",2024-05-27 00:00:00.000,96.27729166666667,6030.0897916666672,"Actual"
"QLD",2024-05-28 00:00:00.000,119.26618055555555,6329.1248263888892,"Actual"
"QLD",2024-05-29 00:00:00.000,68.2089583333333,6154.0455902777776,"Actual"
"QLD",2024-05-30 00:00:00.000,64.053576388888871,6271.1400694444446,"Actual"
"QLD",2024-05-31 00:00:00.000,96.073229166666678,6195.1539930555555,"Actual"
"QLD",2024-06-01 00:00:00.000,127.16725694444447,6245.9165277777774,"Actual"
"QLD",2024-06-02 00:00:00.000,81.983159722222169,5643.4550347222221,"Actual"
"QLD",2024-06-03 00:00:00.000,100.52097222222221,6004.8392708333331,"Actual"
"QLD",2024-06-04 00:00:00.000,132.42975694444445,6185.5607638888887,"Actual"
"QLD",2024-06-05 00:00:00.000,130.96260416666667,6251.8209027777775,"Actual"
"QLD",2024-06-06 00:00:00.000,95.862569444444446,6055.1713541666668,"Actual"
"QLD",2024-06-07 00:00:00.000,93.295277777777756,6105.0967708333337,"Actual"
"QLD",2024-06-08 00:00:00.000,76.292916666666628,5753.1552777777779,"Actual"
"QLD",2024-06-09 00:00:00.000,74.674826388888889,5723.0625,"Actual"
"QLD",2024-06-10 00:00:00.000,79.048402777777753,6111.1772916666669,"Actual"
"QLD",2024-06-11 00:00:00.000,75.200069444444438,6157.2743055555557,"Actual"
"QLD",2024-06-12 00:00:00.000,74.328819444444449,6121.0894791666669,"Actual"
"QLD",2024-06-13 00:00:00.000,129.41590277777775,6095.7883680555551,"Actual"
"QLD",2024-06-14 00:00:00.000,169.23246527777778,6217.9220486111108,"Actual"
"QLD",2024-06-15 00:00:00.000,97.1427777777779,5781.4015972222223,"Actual"
"QLD",2024-06-16 00:00:00.000,85.10895833333332,5693.2094097222225,"Actual"
"QLD",2024-06-17 00:00:00.000,138.96586805555555,6263.3861458333331,"Actual"
"QLD",2024-06-18 00:00:00.000,167.81767361111108,6292.3772222222224,"Actual"
"QLD",2024-06-19 00:00:00.000,195.19434027777774,6386.4698611111116,"Actual"
"QLD",2024-06-20 00:00:00.000,278.41871527777778,6593.6719791666665,"Actual"
"QLD",2024-06-21 00:00:00.000,238.86343749999997,6320.2348958333332,"Actual"
"QLD",2024-06-22 00:00:00.000,208.96291666666667,6343.3235416666666,"Actual"
"QLD",2024-06-23 00:00:00.000,178.40576388888894,5892.55875,"Actual"
"QLD",2024-06-24 00:00:00.000,159.76795138888889,6245.9523263888887,"Actual"
"QLD",2024-06-25 00:00:00.000,122.66972222222222,6302.2186111111114,"Actual"
"QLD",2024-06-26 00:00:00.000,98.489861111111125,6242.7829513888892,"Actual"
"QLD",2024-06-27 00:00:00.000,119.78270833333332,6305.1072569444441,"Actual"
"QLD",2024-06-28 00:00:00.000,81.281527777777782,6012.0836805555555,"Actual"
"QLD",2024-06-29 00:00:00.000,61.971631944444439,5894.9284027777776,"Actual"
"QLD",2024-06-30 00:00:00.000,67.066006944444453,5593.5806944444448,"Actual"
"QLD",2024-07-01 00:00:00.000,137.02100694444448,6484.1294097222226,"Actual"
"QLD",2024-07-02 00:00:00.000,132.27569444444447,6657.9654861111121,"Actual"
"QLD",2024-07-03 00:00:00.000,112.24500000000003,6565.175659722222,"Actual"
"QLD",2024-07-04 00:00:00.000,131.66256944444444,6300.614826388889,"Actual"
"QLD",2024-07-05 00:00:00.000,139.51239583333336,6241.8354861111111,"Actual"
"QLD",2024-07-06 00:00:00.000,99.226562500000057,5975.6292708333331,"Actual"
"QLD",2024-07-07 00:00:00.000,77.276006944444475,5916.8398611111115,"Actual"
"QLD",2024-07-08 00:00:00.000,153.09118055555552,6504.7011111111105,"Actual"
"QLD",2024-07-09 00:00:00.000,149.24989583333326,6387.6690625,"Actual"
"QLD",2024-07-10 00:00:00.000,120.23288194444444,6104.819583333333,"Actual"
"QLD",2024-07-11 00:00:00.000,104.93576388888889,5909.6731597222224,"Actual"
"QLD",2024-07-12 00:00:00.000,115.81006944444444,5882.7905208333332,"Actual"
"QLD",2024-07-13 00:00:00.000,95.421215277777776,5734.5672916666672,"Actual"
"QLD",2024-07-14 00:00:00.000,78.499895833333312,5697.5332638888895,"Actual"
"QLD",2024-07-15 00:00:00.000,87.562152777777783,6286.86625,"Actual"
"QLD",2024-07-16 00:00:00.000,85.740833333333342,6379.9818055555561,"Actual"
"QLD",2024-07-17 00:00:00.000,128.86763888888891,6496.0882638888888,"Actual"
"QLD",2024-07-18 00:00:00.000,124.48263888888889,6401.9763888888892,"Actual"
"QLD",2024-07-19 00:00:00.000,81.751527777777767,6103.5493055555553,"Actual"
"QLD",2024-07-20 00:00:00.000,46.69857638888891,5631.8691666666664,"Actual"
"QLD",2024-07-21 00:00:00.000,43.32017361111113,5582.1007291666665,"Actual"
"QLD",2024-07-22 00:00:00.000,81.833298611111118,6104.6871527777776,"Actual"
"QLD",2024-07-23 00:00:00.000,83.062361111111116,6104.200034722222,"Actual"
"QLD",2024-07-24 00:00:00.000,80.474861111111125,6066.9351041666669,"Actual"
"QLD",2024-07-25 00:00:00.000,79.481006944444459,6026.7003472222223,"Actual"
"QLD",2024-07-26 00:00:00.000,97.17874999999998,5905.0535416666662,"Actual"
"QLD",2024-07-27 00:00:00.000,124.46420138888888,5748.1332638888889,"Actual"
"QLD",2024-07-28 00:00:00.000,109.06322916666667,5696.4750694444447,"Actual"
"QLD",2024-07-29 00:00:00.000,228.69354166666673,6172.451875,"Actual"
"QLD",2024-07-30 00:00:00.000,320.51788194444453,6189.1571180555557,"Actual"
"QLD",2024-07-31 00:00:00.000,240.71437500000005,6116.575,"Actual"
"QLD",2024-08-01 00:00:00.000,134.82017361111116,6091.4048958333333,"Actual"
"QLD",2024-08-02 00:00:00.000,211.52635416666664,6114.8367361111113,"Actual"
"QLD",2024-08-03 00:00:00.000,136.00340277777781,5761.03392361111,"Actual"
"QLD",2024-08-04 00:00:00.000,163.15954861111115,5677.4374652777778,"Actual"
"QLD",2024-08-05 00:00:00.000,1039.6813888888887,6225.3247569444438,"Actual"
"QLD",2024-08-06 00:00:00.000,148.21097222222221,6105.4216666666671,"Actual"
"QLD",2024-08-07 00:00:00.000,130.69385416666668,6007.3170138888891,"Actual"
"QLD",2024-08-08 00:00:00.000,117.18715277777778,6231.8724305555552,"Actual"
"QLD",2024-08-09 00:00:00.000,138.44913194444445,6156.6958680555554,"Actual"
"QLD",2024-08-10 00:00:00.000,109.61527777777779,5648.0116666666663,"Actual"
"QLD",2024-08-11 00:00:00.000,118.22232638888889,5637.4219097222222,"Actual"
"QLD",2024-08-12 00:00:00.000,164.53802083333332,6348.2963541666668,"Actual"
"QLD",2024-08-13 00:00:00.000,143.69291666666666,6497.1032638888892,"Actual"
"QLD",2024-08-14 00:00:00.000,136.66263888888886,6247.0370833333336,"Actual"
"QLD",2024-08-15 00:00:00.000,106.12378472222224,5972.3374652777775,"Actual"
"QLD",2024-08-16 00:00:00.000,115.46045138888887,5814.317222222222,"Actual"
"QLD",2024-08-17 00:00:00.000,58.98888888888898,5300.2132291666667,"Actual"
"QLD",2024-08-18 00:00:00.000,84.7674652777778,5130.1895833333328,"Actual"
"QLD",2024-08-19 00:00:00.000,82.762465277777792,5627.3800347222223,"Actual"
"QLD",2024-08-20 00:00:00.000,74.410381944444438,5852.432534722222,"Actual"
"QLD",2024-08-21 00:00:00.000,66.846805555555576,5707.258125,"Actual"
"QLD",2024-08-22 00:00:00.000,67.223090277777786,5642.5155208333335,"Actual"
"QLD",2024-08-23 00:00:00.000,63.373472222222162,5753.0989236111109,"Actual"
"QLD",2024-08-24 00:00:00.000,36.385069444444326,5252.1709027777779,"Actual"
"QLD",2024-08-25 00:00:00.000,49.088993055555555,5279.1090972222219,"Actual"
"QLD",2024-08-26 00:00:00.000,48.554861111111109,5737.9417361111109,"Actual"
"QLD",2024-08-27 00:00:00.000,82.147986111111123,5891.2319444444447,"Actual"
"QLD",2024-08-28 00:00:00.000,40.10045138888897,5841.8512152777785,"Actual"
"QLD",2024-08-29 00:00:00.000,83.090763888888873,5855.3799305555558,"Actual"
"QLD",2024-08-30 00:00:00.000,48.093888888888785,5745.9695833333335,"Actual"
"QLD",2024-08-31 00:00:00.000,33.76812500000004,5645.2511111111107,"Actual"
"QLD",2024-09-01 00:00:00.000,35.399652777777789,5573.8784375000005,"Actual"
"QLD",2024-09-02 00:00:00.000,24.331423611111106,5835.4959027777777,"Actual"
"QLD",2024-09-03 00:00:00.000,25.679826388888905,5269.791909722222,"Actual"
"QLD",2024-09-04 00:00:00.000,28.308055555555576,5526.4052777777779,"Actual"
"QLD",2024-09-05 00:00:00.000,33.065694444444446,5639.6151736111115,"Actual"
"QLD",2024-09-06 00:00:00.000,31.186909722222289,5442.5646527777781,"Actual"
"QLD",2024-09-07 00:00:00.000,33.089409722222143,5173.0500694444436,"Actual"
"QLD",2024-09-08 00:00:00.000,90.348368055555568,5185.6847222222223,"Actual"
"QLD",2024-09-09 00:00:00.000,57.995798611111113,5658.7559027777779,"Actual"
"QLD",2024-09-10 00:00:00.000,72.264340277777762,5930.6367361111106,"Actual"
"QLD",2024-09-11 00:00:00.000,54.599861111111089,5798.111979166667,"Actual"
"QLD",2024-09-12 00:00:00.000,49.01861111111107,5721.5717708333332,"Actual"
"QLD",2024-09-13 00:00:00.000,48.797916666666538,5469.9866666666667,"Actual"
"QLD",2024-09-14 00:00:00.000,29.175451388888902,5168.1769791666666,"Actual"
"QLD",2024-09-15 00:00:00.000,35.9300694444444,5066.8359722222212,"Actual"
"QLD",2024-09-16 00:00:00.000,45.849548611111153,5339.9591319444444,"Actual"
"QLD",2024-09-17 00:00:00.000,50.240590277777763,5502.1230902777779,"Actual"
"QLD",2024-09-18 00:00:00.000,38.622847222222227,5540.1285416666669,"Actual"
"QLD",2024-09-19 00:00:00.000,42.713680555555484,5722.294270833333,"Actual"
"QLD",2024-09-20 00:00:00.000,39.141180555555607,5567.4292708333332,"Actual"
"QLD",2024-09-21 00:00:00.000,24.328437499999936,5265.99625,"Actual"
"QLD",2024-09-22 00:00:00.000,30.1930902777778,5068.9686458333335,"Actual"
"QLD",2024-09-23 00:00:00.000,56.7655555555556,5487.5382986111108,"Actual"
"QLD",2024-09-24 00:00:00.000,64.5470486111112,5589.635416666667,"Actual"
"QLD",2024-09-25 00:00:00.000,42.763055555555631,5474.4578819444441,"Actual"
"QLD",2024-09-26 00:00:00.000,93.47885416666665,5906.3741319444443,"Actual"
"QLD",2024-09-27 00:00:00.000,79.49215277777779,5901.4617361111113,"Actual"
"QLD",2024-09-28 00:00:00.000,52.952916666666724,5669.4065972222224,"Actual"
"QLD",2024-09-29 00:00:00.000,109.12895833333329,5293.1154166666665,"Actual"
"QLD",2024-09-30 00:00:00.000,70.400868055555534,5650.6640277777778,"Actual"
"QLD",2024-10-01 00:00:00.000,70.953159722222267,5567.7790972222228,"Actual"
"QLD",2024-10-02 00:00:00.000,68.040138888888777,5673.1154166666665,"Actual"
"QLD",2024-10-03 00:00:00.000,49.95392361111108,5540.8096875,"Actual"
"QLD",2024-10-04 00:00:00.000,43.062604166666517,5270.1839236111109,"Actual"
"QLD",2024-10-05 00:00:00.000,32.837673611111157,5080.3599652777775,"Actual"
"QLD",2024-10-06 00:00:00.000,59.870833333333437,5265.6252777777781,"Actual"
"QLD",2024-10-07 00:00:00.000,87.948229166666621,5426.5742361111115,"Actual"
"QLD",2024-10-08 00:00:00.000,117.05500000000002,6098.848125,"Actual"
"QLD",2024-10-09 00:00:00.000,108.97697916666665,6069.705729166667,"Actual"
"QLD",2024-10-10 00:00:00.000,87.863229166666642,5883.3603125,"Actual"
"QLD",2024-10-11 00:00:00.000,100.83611111111112,5521.9424305555549,"Actual"
"QLD",2024-10-12 00:00:00.000,65.213958333333252,5090.6251388888895,"Actual"
"QLD",2024-10-13 00:00:00.000,36.22239583333338,5408.2151736111109,"Actual"
"QLD",2024-10-14 00:00:00.000,82.920520833333342,5606.6066666666666,"Actual"
"QLD",2024-10-15 00:00:00.000,72.185694444444451,5641.627847222222,"Actual"
"QLD",2024-10-16 00:00:00.000,36.347499999999968,5729.9791319444448,"Actual"
"QLD",2024-10-17 00:00:00.000,48.732986111111131,5581.2811458333335,"Actual"
"QLD",2024-10-18 00:00:00.000,51.248576388888864,5720.067708333333,"Actual"
"QLD",2024-10-19 00:00:00.000,48.949826388888823,5584.3137847222215,"Actual"
"QLD",2024-10-20 00:00:00.000,39.879756944444416,5314.7656944444443,"Actual"
"QLD",2024-10-21 00:00:00.000,81.217152777777812,5728.2295486111116,"Actual"
"QLD",2024-10-22 00:00:00.000,73.835555555555587,5754.3351041666665,"Actual"
"QLD",2024-10-23 00:00:00.000,178.14499999999992,5934.7729166666668,"Actual"
"QLD",2024-10-24 00:00:00.000,88.921249999999972,6264.6681944444445,"Actual"
"QLD",2024-10-25 00:00:00.000,51.96045138888875,5567.1274652777784,"Actual"
"QLD",2024-10-26 00:00:00.000,48.528854166666591,5258.7861458333336,"Actual"
"QLD",2024-10-27 00:00:00.000,56.089166666666692,5383.8755555555563,"Actual"
"QLD",2024-10-28 00:00:00.000,97.410381944444524,6026.4712152777774,"Actual"
"QLD",2024-10-29 00:00:00.000,80.70607638888886,5600.4370138888889,"Actual"
"QLD",2024-10-30 00:00:00.000,61.800208333333288,5842.3295833333332,"Actual"
"QLD",2024-10-31 00:00:00.000,68.612881944444482,5899.9560069444442,"Actual"
"QLD",2024-11-01 00:00:00.000,58.914305555555579,5832.2731597222219,"Actual"
"QLD",2024-11-02 00:00:00.000,42.3052083333333,5434.1640972222231,"Actual"
"QLD",2024-11-03 00:00:00.000,35.219027777777718,5437.359618055556,"Actual"
"QLD",2024-11-04 00:00:00.000,78.724513888888865,6067.2759375,"Actual"
"QLD",2024-11-05 00:00:00.000,79.927812499999987,6203.6588888888891,"Actual"
"QLD",2024-11-06 00:00:00.000,108.49489583333337,6283.9332291666669,"Actual"
"QLD",2024-11-07 00:00:00.000,1597.5290277777756,6611.5910069444444,"Actual"
"QLD",2024-11-08 00:00:00.000,238.92975694444442,7167.2823958333338,"Actual"
"QLD",2024-11-09 00:00:00.000,96.656458333333262,6256.2922916666657,"Actual"
"QLD",2024-11-10 00:00:00.000,98.813298611111179,6231.4082986111116,"Actual"
"QLD",2024-11-11 00:00:00.000,239.47291666666695,6638.7054513888888,"Actual"
"QLD",2024-11-12 00:00:00.000,250.87847222222229,6729.8698611111113,"Actual"
"QLD",2024-11-13 00:00:00.000,126.5735763888888,6467.020347222222,"Actual"
"QLD",2024-11-14 00:00:00.000,117.20451388888893,6232.5941319444446,"Actual"
"QLD",2024-11-15 00:00:00.000,139.12131944444448,6351.5015972222227,"Actual"
"QLD",2024-11-16 00:00:00.000,106.9870833333335,5963.6074305555558,"Actual"
"QLD",2024-11-17 00:00:00.000,60.261388888889,5526.7051388888895,"Actual"
"QLD",2024-11-18 00:00:00.000,247.70100694444443,6092.6273958333331,"Actual"
"QLD",2024-11-19 00:00:00.000,148.54555555555589,6415.3390972222223,"Actual"
"QLD",2024-11-20 00:00:00.000,160.3040625,6330.3372916666667,"Actual"
"QLD",2024-11-21 00:00:00.000,149.10430555555553,6102.6752777777783,"Actual"
"QLD",2024-11-22 00:00:00.000,191.96944444444441,6194.5635069444443,"Actual"
"QLD",2024-11-23 00:00:00.000,72.145972222222241,5476.4191319444453,"Actual"
"QLD",2024-11-24 00:00:00.000,76.149166666666616,5341.3798958333336,"Actual"
"QLD",2024-11-25 00:00:00.000,118.34440972222239,5875.1639930555548,"Actual"
"QLD",2024-11-26 00:00:00.000,117.32090277777786,6193.8205208333329,"Actual"
"QLD",2024-11-27 00:00:00.000,124.03885416666668,6538.3491319444447,"Actual"
"QLD",2024-11-28 00:00:00.000,137.71312500000002,6875.2610416666666,"Actual"
"QLD",2024-11-29 00:00:00.000,146.73618055555556,6848.2082638888887,"Actual"
"QLD",2024-11-30 00:00:00.000,158.3180902777778,6580.5499305555559,"Actual"
"QLD",2024-12-01 00:00:00.000,125.85701388888891,6459.9620833333338,"Actual"
"QLD",2024-12-02 00:00:00.000,575.14274305555568,6864.1245833333332,"Actual"
"QLD",2024-12-03 00:00:00.000,161.83947916666671,6907.77625,"Actual"
"QLD",2024-12-04 00:00:00.000,134.61180555555555,7148.6620486111105,"Actual"
"QLD",2024-12-05 00:00:00.000,140.57666666666668,7021.0384722222225,"Actual"
"QLD",2024-12-06 00:00:00.000,115.71024305555549,6785.1652083333338,"Actual"
"QLD",2024-12-07 00:00:00.000,118.58249999999992,6430.3733680555561,"Actual"
"QLD",2024-12-08 00:00:00.000,196.03375,6864.1253125,"Actual"
"QLD",2024-12-09 00:00:00.000,176.49142361111109,7598.9534027777772,"Actual"
"QLD",2024-12-10 00:00:00.000,148.79086805555553,7248.1041666666661,"Actual"
"QLD",2024-12-11 00:00:00.000,145.88781249999988,6724.1624999999995,"Actual"
"QLD",2024-12-12 00:00:00.000,271.13965277777788,6490.3072569444448,"Actual"
"QLD",2024-12-13 00:00:00.000,196.32885416666653,6889.9354166666672,"Actual"
"QLD",2024-12-14 00:00:00.000,174.26781250000002,6722.571041666667,"Actual"
"QLD",2024-12-15 00:00:00.000,150.38920138888903,6438.0444791666669,"Actual"
"QLD",2024-12-16 00:00:00.000,171.20888888888885,6926.540486111111,"Actual"
"QLD",2024-12-17 00:00:00.000,179.28843750000004,7165.505208333333,"Actual"
"QLD",2024-12-18 00:00:00.000,189.74246527777777,7197.9258333333337,"Actual"
"QLD",2024-12-19 00:00:00.000,74.487187499999877,6197.5809027777777,"Actual"
"QLD",2024-12-20 00:00:00.000,92.634374999999849,6098.7139236111107,"Actual"
"QLD",2024-12-21 00:00:00.000,87.458333333333329,6029.5594444444441,"Actual"
"QLD",2024-12-22 00:00:00.000,67.213124999999962,5977.0889236111116,"Actual"
"QLD",2024-12-23 00:00:00.000,67.8045833333333,6485.7213888888891,"Actual"
"QLD",2024-12-24 00:00:00.000,34.638229166666605,6222.3919097222215,"Actual"
"QLD",2024-12-25 00:00:00.000,30.598888888888879,5358.5766319444447,"Actual"
"QLD",2024-12-26 00:00:00.000,27.5970486111111,5412.4576388888891,"Actual"
"QLD",2024-12-27 00:00:00.000,49.9354861111111,6117.5641319444449,"Actual"
"QLD",2024-12-28 00:00:00.000,68.328229166666645,6665.6367361111115,"Actual"
"QLD",2024-12-29 00:00:00.000,42.764687500000107,6799.1443402777777,"Actual"
"QLD",2024-12-30 00:00:00.000,80.096527777777752,6734.0990277777782,"Actual"
"QLD",2024-12-31 00:00:00.000,72.285138888888781,6424.2168055555558,"Actual"
"QLD",2025-01-01 00:00:00.000,144.54041666666686,6040.8770486111107,"Actual"
"QLD",2025-01-02 00:00:00.000,84.173888888888811,6345.7370138888891,"Actual"
"QLD",2025-01-03 00:00:00.000,48.968750000000085,6089.90375,"Actual"
"QLD",2025-01-04 00:00:00.000,44.179965277777839,5914.2475347222226,"Actual"
"QLD",2025-01-05 00:00:00.000,43.028402777777721,5839.3811111111117,"Actual"
"QLD",2025-01-06 00:00:00.000,50.315590277777851,6258.7798958333333,"Actual"
"QLD",2025-01-07 00:00:00.000,39.751423611110987,6275.5955208333335,"Actual"
"QLD",2025-01-08 00:00:00.000,47.235937499999977,6434.4052083333327,"Actual"
"QLD",2025-01-09 00:00:00.000,93.093263888888941,6520.7256944444443,"Actual"
"QLD",2025-01-10 00:00:00.000,96.995624999999961,6547.2454513888888,"Actual"
"QLD",2025-01-11 00:00:00.000,96.843541666666681,6308.3284027777772,"Actual"
"QLD",2025-01-12 00:00:00.000,72.664375000000049,6074.7785763888887,"Actual"
"QLD",2025-01-13 00:00:00.000,108.63604166666666,6590.430381944444,"Actual"
"QLD",2025-01-14 00:00:00.000,134.68756944444442,6838.6580208333335,"Actual"
"QLD",2025-01-15 00:00:00.000,124.67284722222223,7254.4195486111112,"Actual"
"QLD",2025-01-16 00:00:00.000,103.37729166666662,7616.7267361111108,"Actual"
"QLD",2025-01-17 00:00:00.000,63.821215277777824,6681.1603125,"Actual"
"QLD",2025-01-18 00:00:00.000,61.356979166666619,6430.724375,"Actual"
"QLD",2025-01-19 00:00:00.000,36.183298611111,6161.2104166666668,"Actual"
"QLD",2025-01-20 00:00:00.000,77.0697222222222,6351.230590277778,"Actual"
"QLD",2025-01-21 00:00:00.000,106.01993055555559,7021.9919097222219,"Actual"
"QLD",2025-01-22 00:00:00.000,1133.3022569444427,7873.1076041666674,"Actual"
"QLD",2025-01-23 00:00:00.000,89.8035416666667,7680.364375,"Actual"
"QLD",2025-01-24 00:00:00.000,120.6403125,8144.9654513888881,"Actual"
"QLD",2025-01-25 00:00:00.000,41.917638888888796,6790.0812847222223,"Actual"
"QLD",2025-01-26 00:00:00.000,43.689340277777809,6711.9166666666661,"Actual"
"QLD",2025-01-27 00:00:00.000,63.517395833333325,6834.5900694444445,"Actual"
"QLD",2025-01-28 00:00:00.000,79.409895833333337,6986.7501388888886,"Actual"
"QLD",2025-01-29 00:00:00.000,89.962569444444455,7156.4763541666671,"Actual"
"QLD",2025-01-30 00:00:00.000,101.99163194444445,7132.8479166666666,"Actual"
"QLD",2025-01-31 00:00:00.000,92.644513888888824,7309.0558333333338,"Actual"
"QLD",2025-02-01 00:00:00.000,90.330277777777781,6764.9386805555559,"Actual"
"QLD",2025-02-02 00:00:00.000,69.279965277777791,6326.7728472222225,"Actual"
"QLD",2025-02-03 00:00:00.000,123.12357638888886,6872.8731597222222,"Actual"
"QLD",2025-02-04 00:00:00.000,129.92791666666665,6922.0067708333336,"Actual"
"QLD",2025-02-05 00:00:00.000,118.44791666666669,6970.871875,"Actual"
"QLD",2025-02-06 00:00:00.000,97.080347222222215,6646.1646527777775,"Actual"
"QLD",2025-02-07 00:00:00.000,92.447986111111163,6476.3575,"Actual"
"QLD",2025-02-08 00:00:00.000,50.176909722222113,6012.7527777777777,"Actual"
"QLD",2025-02-09 00:00:00.000,44.9356597222222,6130.635902777778,"Actual"
"QLD",2025-02-10 00:00:00.000,78.5220486111111,6845.3879513888887,"Actual"
"QLD",2025-02-11 00:00:00.000,99.522430555555559,7076.8641319444441,"Actual"
"QLD",2025-02-12 00:00:00.000,110.73739583333334,7153.6310069444444,"Actual"
"QLD",2025-02-13 00:00:00.000,94.034270833333323,7092.7281944444449,"Actual"
"QLD",2025-02-14 00:00:00.000,103.61253472222222,7147.9063194444443,"Actual"
"QLD",2025-02-15 00:00:00.000,79.3226041666666,7028.5636458333338,"Actual"
"QLD",2025-02-16 00:00:00.000,54.70309027777774,6709.4952083333337,"Actual"
"QLD",2025-02-17 00:00:00.000,57.209895833333377,6769.2902777777772,"Actual"
"QLD",2025-02-18 00:00:00.000,65.706249999999955,6716.7998611111107,"Actual"
"QLD",2025-02-19 00:00:00.000,69.420104166666732,6752.7853472222223,"Actual"
"QLD",2025-02-20 00:00:00.000,36.573402777777687,6526.8639583333334,"Actual"
"QLD",2025-02-21 00:00:00.000,39.685347222222255,6458.3964583333327,"Actual"
"QLD",2025-02-22 00:00:00.000,31.655208333333469,6044.0713541666664,"Actual"
"QLD",2025-02-23 00:00:00.000,44.320763888888827,6038.7329861111111,"Actual"
"QLD",2025-02-24 00:00:00.000,61.590555555555554,6838.9160069444442,"Actual"
"QLD",2025-02-25 00:00:00.000,52.484305555555558,6678.7957986111114,"Actual"
"QLD",2025-02-26 00:00:00.000,54.801076388888887,6427.7369444444439,"Actual"
"QLD",2025-02-27 00:00:00.000,74.708680555555532,6510.1436111111107,"Actual"
"QLD",2025-02-28 00:00:00.000,73.065729166666742,6449.115763888889,"Actual"
"QLD",2025-03-01 00:00:00.000,61.481493055555568,6237.3586111111108,"Actual"
"QLD",2025-03-02 00:00:00.000,36.816562500000032,6222.0577083333337,"Actual"
"QLD",2025-03-03 00:00:00.000,66.7826736111111,6941.5813541666666,"Actual"
"QLD",2025-03-04 00:00:00.000,84.648541666666645,6906.3576388888887,"Actual"
"QLD",2025-03-05 00:00:00.000,88.066979166666684,6918.7723611111114,"Actual"
"QLD",2025-03-06 00:00:00.000,68.007708333333326,6552.2865972222226,"Actual"
"QLD",2025-03-07 00:00:00.000,48.032986111111114,6467.2746875,"Actual"
"QLD",2025-03-08 00:00:00.000,36.171215277777733,6173.2652430555554,"Actual"
"QLD",2025-03-09 00:00:00.000,48.120243055555591,6345.9392361111113,"Actual"
"QLD",2025-03-10 00:00:00.000,76.461770833333333,6809.4146527777775,"Actual"
"QLD",2025-03-11 00:00:00.000,73.009826388888882,6600.1660763888885,"Actual"
"QLD",2025-03-12 00:00:00.000,86.036597222222227,6610.7537152777777,"Actual"
"QLD",2025-03-13 00:00:00.000,131.86177083333334,6549.8335416666669,"Actual"
"QLD",2025-03-14 00:00:00.000,81.580972222222272,6513.0835069444447,"Actual"
"QLD",2025-03-15 00:00:00.000,67.810208333333293,6177.3076736111107,"Actual"
"QLD",2025-03-16 00:00:00.000,43.103680555555442,6136.5296874999995,"Actual"
"QLD",2025-03-17 00:00:00.000,54.120555555555541,6734.6634375,"Actual"
"QLD",2025-03-18 00:00:00.000,78.805625,6737.3576736111108,"Actual"
"QLD",2025-03-19 00:00:00.000,101.93899305555556,6627.0745138888888,"Actual"
"QLD",2025-03-20 00:00:00.000,91.3987152777778,6752.1624652777773,"Actual"
"QLD",2025-03-21 00:00:00.000,108.86211805555556,6807.6677430555555,"Actual"
"QLD",2025-03-22 00:00:00.000,104.73319444444448,6701.0421180555559,"Actual"
"QLD",2025-03-23 00:00:00.000,91.724409722222219,6651.8026736111115,"Actual"
"QLD",2025-03-24 00:00:00.000,100.90159722222221,6945.0548958333329,"Actual"
"QLD",2025-03-25 00:00:00.000,94.189618055555542,7057.2215625,"Actual"
"QLD",2025-03-26 00:00:00.000,88.210451388888885,7040.8903472222228,"Actual"
"QLD",2025-03-27 00:00:00.000,81.64513888888888,6964.4813541666663,"Actual"
"QLD",2025-03-28 00:00:00.000,96.160416666666649,7003.7847916666669,"Actual"
"QLD",2025-03-29 00:00:00.000,84.6776388888889,6687.6377083333336,"Actual"
"QLD",2025-03-30 00:00:00.000,85.736979166666671,6431.0915625,"Actual"
"QLD",2025-03-31 00:00:00.000,88.520069444444445,6799.2824305555559,"Actual"
"QLD",2025-04-01 00:00:00.000,80.188819444444434,6801.0890972222223,"Actual"
"QLD",2025-04-02 00:00:00.000,125.65430555555551,7065.505,"Actual"
"QLD",2025-04-03 00:00:00.000,118.29875000000001,6813.1204166666666,"Actual"
"QLD",2025-04-04 00:00:00.000,115.77378472222222,6585.2513194444446,"Actual"
"QLD",2025-04-05 00:00:00.000,82.500104166666674,5961.7317013888887,"Actual"
"QLD",2025-04-06 00:00:00.000,73.431041666666644,5869.0747222222217,"Actual"
"QLD",2025-04-07 00:00:00.000,201.75565972222216,6054.0055902777776,"Actual"
"QLD",2025-04-08 00:00:00.000,118.60993055555534,6160.2957291666671,"Actual"
"QLD",2025-04-09 00:00:00.000,267.61545138888869,6128.3441319444446,"Actual"
"QLD",2025-04-10 00:00:00.000,104.06194444444446,6097.6978472222218,"Actual"
"QLD",2025-04-11 00:00:00.000,88.196875000000034,6170.2213194444448,"Actual"
"QLD",2025-04-12 00:00:00.000,85.310729166666647,6123.7773263888894,"Actual"
"QLD",2025-04-13 00:00:00.000,67.598472222222242,5707.6818749999993,"Actual"
"QLD",2025-04-14 00:00:00.000,80.889166666666739,6163.0174305555556,"Actual"
"QLD",2025-04-15 00:00:00.000,89.172986111111115,6059.820625,"Actual"
"QLD",2025-04-16 00:00:00.000,93.785173611111034,5889.6234722222225,"Actual"
"QLD",2025-04-17 00:00:00.000,117.55288194444438,5826.4174652777774,"Actual"
"QLD",2025-04-18 00:00:00.000,92.507812499999943,5419.0839236111105,"Actual"
"QLD",2025-04-19 00:00:00.000,74.423611111111143,5554.6602430555558,"Actual"
"QLD",2025-04-20 00:00:00.000,56.387951388888872,5641.0208680555561,"Actual"
"QLD",2025-04-21 00:00:00.000,65.497916666666683,5848.4499652777786,"Actual"
"QLD",2025-04-22 00:00:00.000,62.583541666666704,5883.2645486111114,"Actual"
"QLD",2025-04-23 00:00:00.000,68.999340277777762,5913.8673958333329,"Actual"
"QLD",2025-04-24 00:00:00.000,79.05586805555555,6270.6955208333329,"Actual"
"QLD",2025-04-25 00:00:00.000,86.038472222222225,5797.3963194444441,"Actual"
"QLD",2025-04-26 00:00:00.000,103.57454861111114,5766.032673611111,"Actual"
"QLD",2025-04-27 00:00:00.000,83.775173611111057,5658.2013194444435,"Actual"
"QLD",2025-04-28 00:00:00.000,86.342743055555573,5921.8545833333328,"Actual"
"QLD",2025-04-29 00:00:00.000,91.886527777777772,6016.5079513888886,"Actual"
"QLD",2025-04-30 00:00:00.000,93.359131944444457,6162.8108680555551,"Actual"
"QLD",2025-05-01 00:00:00.000,74.137638888888873,5875.4261458333331,"Actual"
"QLD",2025-05-02 00:00:00.000,94.301284722222221,6047.5481597222224,"Actual"
"QLD",2025-05-03 00:00:00.000,49.859479166666681,5611.1971875,"Actual"
"QLD",2025-05-04 00:00:00.000,51.132673611111109,5493.97142361111,"Actual"
"QLD",2025-05-05 00:00:00.000,74.26892361111112,5670.5449305555558,"Actual"
"QLD",2025-05-06 00:00:00.000,65.95871527777777,6003.6940277777776,"Actual"
"QLD",2025-05-07 00:00:00.000,55.298263888888869,5916.1154861111108,"Actual"
"QLD",2025-05-08 00:00:00.000,77.685555555555553,5956.0874305555553,"Actual"
"QLD",2025-05-09 00:00:00.000,94.3746875,6072.6722222222224,"Actual"
"QLD",2025-05-10 00:00:00.000,72.575659722222284,5775.754965277778,"Actual"
"QLD",2025-05-11 00:00:00.000,78.2223611111111,5749.7785069444444,"Actual"
"QLD",2025-05-12 00:00:00.000,107.07402777777779,6184.100138888889,"Actual"
"QLD",2025-05-13 00:00:00.000,112.89774305555557,6136.4016666666666,"Actual"
"QLD",2025-05-14 00:00:00.000,199.29451388888884,6389.3705555555553,"Actual"
"QLD",2025-05-15 00:00:00.000,145.78465277777775,6303.9596875,"Actual"
"QLD",2025-05-16 00:00:00.000,195.38913194444444,6388.8945138888894,"Actual"
"QLD",2025-05-17 00:00:00.000,108.69996527777774,5904.8638541666669,"Actual"
"QLD",2025-05-18 00:00:00.000,81.165034722222245,5574.4017361111109,"Actual"
"QLD",2025-05-19 00:00:00.000,101.8201736111111,6007.9132291666665,"Actual"
"QLD",2025-05-20 00:00:00.000,102.44704861111114,5940.4567708333334,"Actual"
"QLD",2025-05-21 00:00:00.000,124.38802083333331,5914.0945486111113,"Actual"
"QLD",2025-05-22 00:00:00.000,110.12239583333336,5851.9397569444445,"Actual"
"QLD",2025-05-23 00:00:00.000,106.33503472222222,5789.5859027777778,"Actual"
"QLD",2025-05-24 00:00:00.000,54.645833333333314,5560.6030902777784,"Actual"
"QLD",2025-05-25 00:00:00.000,63.750208333333369,5496.3120138888889,"Actual"
"QLD",2025-05-26 00:00:00.000,83.506562500000015,6016.7912847222224,"Actual"
"QLD",2025-05-27 00:00:00.000,67.850104166666668,6161.5493055555553,"Actual"
"QLD",2025-05-28 00:00:00.000,56.513506944444423,5783.8301736111107,"Actual"
"QLD",2025-05-29 00:00:00.000,127.54447916666668,6134.9305555555557,"Actual"
"QLD",2025-05-30 00:00:00.000,119.79416666666667,6347.8327777777777,"Actual"
"QLD",2025-05-31 00:00:00.000,107.48003472222221,6012.474201388889,"Actual"
"QLD",2025-06-01 00:00:00.000,65.646111111111139,5691.7582986111111,"Actual"
"QLD",2025-06-02 00:00:00.000,105.93493055555555,6247.6845138888893,"Actual"
"QLD",2025-06-03 00:00:00.000,88.605555555555526,6002.987222222222,"Actual"
"QLD",2025-06-04 00:00:00.000,84.367812499999971,5986.7228125,"Actual"
"QLD",2025-06-05 00:00:00.000,96.65361111111109,6021.6222916666666,"Actual"
"QLD",2025-06-06 00:00:00.000,97.296701388888891,6093.5841319444444,"Actual"
"QLD",2025-06-07 00:00:00.000,50.13069444444443,5712.2265625,"Actual"
"QLD",2025-06-08 00:00:00.000,43.800798611111183,5523.4487500000005,"Actual"
"QLD",2025-06-09 00:00:00.000,58.725625000000008,6155.2910416666664,"Actual"
"QLD",2025-06-10 00:00:00.000,105.13315972222219,6243.9207986111114,"Actual"
"QLD",2025-06-11 00:00:00.000,492.27031249999987,6372.138263888889,"Actual"
"QLD",2025-06-12 00:00:00.000,1546.4721527777774,6657.673298611111,"Actual"
"QLD",2025-06-13 00:00:00.000,162.12875000000003,6661.6160416666662,"Actual"
"QLD",2025-06-14 00:00:00.000,84.0473958333333,6282.5488541666664,"Actual"
"QLD",2025-06-15 00:00:00.000,90.081597222222214,6059.4539583333335,"Actual"
"QLD",2025-06-16 00:00:00.000,124.61493055555553,6532.6558333333332,"Actual"
"QLD",2025-06-17 00:00:00.000,150.07465277777783,7077.1154166666665,"Actual"
"QLD",2025-06-18 00:00:00.000,185.39059027777779,6657.8296180555553,"Actual"
"QLD",2025-06-19 00:00:00.000,104.92329861111115,6402.4663541666669,"Actual"
"QLD",2025-06-20 00:00:00.000,120.13892361111112,6597.9765625,"Actual"
"QLD",2025-06-21 00:00:00.000,90.625,6242.7625,"Actual"
"QLD",2025-06-22 00:00:00.000,72.7215277777778,6050.0346527777774,"Actual"
"QLD",2025-06-23 00:00:00.000,78.756284722222219,6432.8864583333334,"Actual"
"QLD",2025-06-24 00:00:00.000,74.216562500000009,6311.2492361111108,"Actual"
"QLD",2025-06-25 00:00:00.000,64.090590277777792,6035.3825000000006,"Actual"
"QLD",2025-06-26 00:00:00.000,156.42479166666664,6212.8696527777774,"Actual"
"QLD",2025-06-27 00:00:00.000,128.33927083333336,6429.6611111111115,"Actual"
"QLD",2025-06-28 00:00:00.000,147.1689236111111,6007.0926041666662,"Actual"
"QLD",2025-06-29 00:00:00.000,186.14458333333332,6351.8630208333334,"Actual"
"QLD",2025-06-30 00:00:00.000,225.38236111111109,6937.8144097222212,"Actual"
"QLD",2025-07-01 00:00:00.000,93.138819444444437,6159.3660416666662,"Actual"
"QLD",2025-07-02 00:00:00.000,88.9498263888889,6335.8774305555553,"Actual"
"QLD",2025-07-03 00:00:00.000,117.2288888888889,6155.6384027777776,"Actual"
"QLD",2025-07-04 00:00:00.000,111.56552083333338,6203.2379513888891,"Actual"
"QLD",2025-07-05 00:00:00.000,60.37534722222216,5907.1911111111112,"Actual"
"QLD",2025-07-06 00:00:00.000,80.905763888888913,5840.9466319444446,"Actual"
"QLD",2025-07-07 00:00:00.000,82.946249999999992,5926.4264930555555,"Actual"
"QLD",2025-07-08 00:00:00.000,80.461875,6150.4758680555551,"Actual"
"QLD",2025-07-09 00:00:00.000,85.379236111111112,6311.7032291666665,"Actual"
"QLD",2025-07-10 00:00:00.000,58.395347222222206,5978.346111111111,"Actual"
"QLD",2025-07-11 00:00:00.000,52.19253472222222,6102.9590972222222,"Actual"
"QLD",2025-07-12 00:00:00.000,60.597673611111141,5881.0015625000015,"Actual"
"QLD",2025-07-13 00:00:00.000,60.098055555555504,5865.5722916666664,"Actual"
"QLD",2025-07-14 00:00:00.000,74.605625,6206.7373958333337,"Actual"
"QLD",2025-07-15 00:00:00.000,116.21802083333338,6507.6031597222218,"Actual"
"QLD",2025-07-16 00:00:00.000,87.435659722222212,6153.9667361111105,"Actual"
"QLD",2025-07-17 00:00:00.000,80.912743055555552,6199.0991666666669,"Actual"
"QLD",2025-07-18 00:00:00.000,116.77579861111113,6473.0708333333332,"Actual"
"QLD",2025-07-19 00:00:00.000,76.208750000000009,5732.811770833333,"Actual"
"QLD",2025-07-20 00:00:00.000,71.175416666666649,5746.6764583333334,"Actual"
"QLD",2025-07-21 00:00:00.000,65.633402777777761,6161.6,"Actual"
"QLD",2025-07-22 00:00:00.000,67.193784722222219,6237.3929513888888,"Actual"
"QLD",2025-07-23 00:00:00.000,83.140208333333362,6437.3215624999993,"Actual"
"QLD",2025-07-24 00:00:00.000,69.3266319444444,6132.4490625,"Actual"
"QLD",2025-07-25 00:00:00.000,55.818576388888907,6385.1526736111109,"Actual"
"QLD",2025-07-26 00:00:00.000,71.953576388888891,6400.8175694444444,"Actual"
"QLD",2025-07-27 00:00:00.000,42.146145833333307,5706.8521527777784,"Actual"
"QLD",2025-07-28 00:00:00.000,73.711944444444441,6164.5484722222218,"Actual"
"QLD",2025-07-29 00:00:00.000,144.41336805555554,6362.1627430555554,"Actual"
"QLD",2025-07-30 00:00:00.000,100.33552083333333,6277.9691319444446,"Actual"
"QLD",2025-07-31 00:00:00.000,116.79885416666664,6270.2541319444445,"Actual"
"QLD",2025-08-01 00:00:00.000,151.75597222222225,6709.1557638888889,"Actual"
"QLD",2025-08-02 00:00:00.000,99.92381944444449,5929.6815625,"Actual"
"QLD",2025-08-03 00:00:00.000,62.708159722222248,5904.6886111111107,"Actual"
"QLD",2025-08-04 00:00:00.000,82.383437499999985,5911.6307291666662,"Actual"
"QLD",2025-08-05 00:00:00.000,73.02638888888886,5858.105347222222,"Actual"
"QLD",2025-08-06 00:00:00.000,84.554236111111109,5827.2602430555553,"Actual"
"QLD",2025-08-07 00:00:00.000,114.26322916666668,6113.4517361111111,"Actual"
"QLD",2025-08-08 00:00:00.000,90.862569444444446,6530.8858333333337,"Actual"
"QLD",2025-08-09 00:00:00.000,74.56753472222222,6174.4752777777776,"Actual"
"QLD",2025-08-10 00:00:00.000,55.822638888888896,5750.5447569444441,"Actual"
"QLD",2025-08-11 00:00:00.000,55.429236111111067,5908.1665972222227,"Actual"
"QLD",2025-08-12 00:00:00.000,85.283333333333346,6014.1599305555555,"Actual"
"QLD",2025-08-13 00:00:00.000,96.655486111111117,6082.5800347222221,"Actual"
"QLD",2025-08-14 00:00:00.000,77.974999999999966,6161.1481250000006,"Actual"
"QLD",2025-08-15 00:00:00.000,62.53246527777776,5871.3320486111115,"Actual"
"QLD",2025-08-16 00:00:00.000,65.454479166666658,5447.5359027777777,"Actual"
"QLD",2025-08-17 00:00:00.000,72.6535763888889,5384.243611111111,"Actual"
"QLD",2025-08-18 00:00:00.000,117.59038194444445,5933.6173263888886,"Actual"
"QLD",2025-08-19 00:00:00.000,119.20590277777777,6663.2125,"Actual"
"QLD",2025-08-20 00:00:00.000,102.66416666666667,6654.5465972222219,"Actual"
"QLD",2025-08-21 00:00:00.000,124.76593749999998,6461.5498263888885,"Actual"
"QLD",2025-08-22 00:00:00.000,82.580104166666629,5870.9843402777778,"Actual"
"QLD",2025-08-23 00:00:00.000,58.069027777777727,5313.2772916666672,"Actual"
"QLD",2025-08-24 00:00:00.000,61.40107638888886,5321.0714930555559,"Actual"
"QLD",2025-08-25 00:00:00.000,60.458194444444416,5588.0997569444444,"Actual"
"QLD",2025-08-26 00:00:00.000,55.848819444444572,5823.4674652777776,"Actual"
"QLD",2025-08-27 00:00:00.000,45.81868055555563,5662.3488541666666,"Actual"
"QLD",2025-08-28 00:00:00.000,51.597499999999982,5591.0303125,"Actual"
"QLD",2025-08-29 00:00:00.000,53.10611111111109,5493.858125,"Actual"
"QLD",2025-08-30 00:00:00.000,32.715590277777871,5253.3439930555551,"Actual"
"QLD",2025-08-31 00:00:00.000,52.784895833333294,5195.0013194444446,"Actual"
"QLD",2025-09-01 00:00:00.000,154.36072916666672,6107.5145138888884,"Actual"
"QLD",2025-09-02 00:00:00.000,99.241840277777726,5774.8614236111107,"Actual"
"QLD",2025-09-03 00:00:00.000,60.50225694444439,5612.6824652777777,"Actual"
"QLD",2025-09-04 00:00:00.000,77.089444444444467,5612.4717013888894,"Actual"
"QLD",2025-09-05 00:00:00.000,74.647152777777748,5725.0499305555559,"Actual"
"QLD",2025-09-06 00:00:00.000,38.514340277777755,5387.4186805555546,"Actual"
"QLD",2025-09-07 00:00:00.000,24.544756944444472,5187.6343402777784,"Actual"
"QLD",2025-09-08 00:00:00.000,34.847395833333344,5517.547569444444,"Actual"
"QLD",2025-09-09 00:00:00.000,63.886597222222228,5562.3296180555553,"Actual"
"QLD",2025-09-10 00:00:00.000,63.830659722222173,5778.063125,"Actual"
"QLD",2025-09-11 00:00:00.000,49.906284722222161,5382.4541319444443,"Actual"
"QLD",2025-09-12 00:00:00.000,62.428645833333306,5529.3555902777771,"Actual"
"QLD",2025-09-13 00:00:00.000,68.147048611111074,5586.5464236111111,"Actual"
"QLD",2025-09-14 00:00:00.000,37.533159722222244,5226.5543402777776,"Actual"
"QLD",2025-09-15 00:00:00.000,33.272986111111159,5493.4017708333331,"Actual"
"QLD",2025-09-16 00:00:00.000,40.057638888888881,5664.7169791666665,"Actual"
"QLD",2025-09-17 00:00:00.000,44.065902777777779,5783.635625,"Actual"
"QLD",2025-09-18 00:00:00.000,44.782222222222181,5762.971145833334,"Actual"
"QLD",2025-09-19 00:00:00.000,42.098923611111118,5890.853229166667,"Actual"
"QLD",2025-09-20 00:00:00.000,48.473784722222291,5808.3420138888887,"Actual"
"QLD",2025-09-21 00:00:00.000,33.656041666666667,5162.3446180555547,"Actual"
"QLD",2025-09-22 00:00:00.000,49.192118055555568,5597.9699305555559,"Actual"
"QLD",2025-09-23 00:00:00.000,56.3353125,5525.0090972222215,"Actual"
"QLD",2025-09-24 00:00:00.000,51.396180555555574,5397.0425694444448,"Actual"
"QLD",2025-09-25 00:00:00.000,43.182708333333366,5365.7364583333338,"Actual"
"QLD",2025-09-26 00:00:00.000,41.587951388888833,5376.8605902777781,"Actual"
"QLD",2025-09-27 00:00:00.000,33.941527777777708,5100.1800347222224,"Actual"
"QLD",2025-09-28 00:00:00.000,48.421215277777748,5226.9228472222221,"Actual"
"QLD",2025-09-29 00:00:00.000,70.082222222222185,5793.4975694444447,"Actual"
"QLD",2025-09-30 00:00:00.000,40.596041666666636,5772.7134027777784,"Actual"
"QLD",2025-10-01 00:00:00.000,53.362743055555569,6210.6301388888887,"Actual"
"QLD",2025-10-02 00:00:00.000,37.157013888888855,5910.1480208333332,"Actual"
"QLD",2025-10-03 00:00:00.000,28.92302083333335,5455.0659027777774,"Actual"
"QLD",2025-10-04 00:00:00.000,28.245590277777818,5113.2424652777781,"Actual"
"QLD",2025-10-05 00:00:00.000,22.242881944444512,5049.6696875,"Actual"
"QLD",2025-10-06 00:00:00.000,26.339340277777872,5287.615520833333,"Actual"
"QLD",2025-10-07 00:00:00.000,50.200381944444437,5832.7525000000005,"Actual"
"QLD",2025-10-08 00:00:00.000,40.202013888888821,5906.5333333333338,"Actual"
"QLD",2025-10-09 00:00:00.000,45.3297222222222,6015.015625,"Actual"
"QLD",2025-10-10 00:00:00.000,54.139965277777762,6074.2849652777777,"Actual"
"QLD",2025-10-11 00:00:00.000,39.871770833333322,5737.443194444445,"Actual"
"QLD",2025-10-12 00:00:00.000,60.456527777777765,6064.5607291666665,"Actual"
"QLD",2025-10-13 00:00:00.000,79.520590277777728,6483.7841319444442,"Actual"
"QLD",2025-10-14 00:00:00.000,43.90534722222219,6110.270833333333,"Actual"
"QLD",2025-10-15 00:00:00.000,59.058576388888838,6108.644375,"Actual"
"QLD",2025-10-16 00:00:00.000,39.838229166666707,5797.854375,"Actual"
"QLD",2025-10-17 00:00:00.000,36.271041666666605,5728.2359027777775,"Actual"
"QLD",2025-10-18 00:00:00.000,39.827812499999929,5642.834513888889,"Actual"
"QLD",2025-10-19 00:00:00.000,38.737395833333281,5538.3053472222218,"Actual"
"QLD",2025-10-20 00:00:00.000,55.529999999999987,6032.3944791666663,"Actual"
"QLD",2025-10-21 00:00:00.000,60.071076388888827,6028.6007638888887,"Actual"
"QLD",2025-10-22 00:00:00.000,43.361284722222216,6106.806111111111,"Actual"
"QLD",2025-10-23 00:00:00.000,89.324652777777786,6613.2892013888886,"Actual"
"QLD",2025-10-24 00:00:00.000,69.705208333333388,6515.8796180555555,"Actual"
"QLD",2025-10-25 00:00:00.000,97.062708333333262,6029.703611111112,"Actual"
"QLD",2025-10-26 00:00:00.000,54.34097222222222,6218.9405208333328,"Actual"
"QLD",2025-10-27 00:00:00.000,80.285798611111119,7117.5903472222226,"Actual"
"QLD",2025-10-28 00:00:00.000,114.63541666666663,6917.5361805555558,"Actual"
"QLD",2025-10-29 00:00:00.000,76.855937500000039,6034.3499652777773,"Actual"
"QLD",2025-10-30 00:00:00.000,69.73020833333328,6304.7352777777778,"Actual"
"QLD",2025-10-31 00:00:00.000,90.8854513888889,6577.6530208333334,"Actual"
"QLD",2025-11-01 00:00:00.000,46.258368055555557,6132.6956944444446,"Actual"
"QLD",2025-11-02 00:00:00.000,54.634270833333318,6071.71267361111,"Actual"
"QLD",2025-11-03 00:00:00.000,93.163159722222218,7012.3164583333337,"Actual"
"QLD",2025-11-04 00:00:00.000,80.750972222222117,6622.7877777777776,"Actual"
"QLD",2025-11-05 00:00:00.000,39.164652777777775,5915.4720486111109,"Actual"
"QLD",2025-11-06 00:00:00.000,58.32503472222227,6048.3169097222226,"Actual"
"QLD",2025-11-07 00:00:00.000,46.672951388888862,6008.3813541666668,"Actual"
"QLD",2025-11-08 00:00:00.000,33.673645833333353,5795.3703124999993,"Actual"
"QLD",2025-11-09 00:00:00.000,99.388506944444487,6350.7424652777781,"Actual"
"QLD",2025-11-10 00:00:00.000,89.345729166666629,6279.0284722222223,"Actual"
"QLD",2025-11-11 00:00:00.000,44.546249999999972,5856.1718055555557,"Actual"
"QLD",2025-11-12 00:00:00.000,52.288229166666675,5853.5570138888888,"Actual"
"QLD",2025-11-13 00:00:00.000,41.692916666666846,5955.6410416666668,"Actual"
"QLD",2025-11-14 00:00:00.000,74.690486111111142,6628.3637152777774,"Actual"
"QLD",2025-11-15 00:00:00.000,59.218020833333348,6093.122638888889,"Actual"
"QLD",2025-11-16 00:00:00.000,79.164652777777789,6486.2377083333331,"Actual"
"QLD",2025-11-17 00:00:00.000,36.477430555555557,6368.2776041666666,"Actual"
"QLD",2025-11-18 00:00:00.000,50.965659722222242,6184.6134722222223,"Actual"
"QLD",2025-11-19 00:00:00.000,58.112881944444474,6205.5498263888885,"Actual"
"QLD",2025-11-20 00:00:00.000,43.305347222222245,6287.160034722222,"Actual"
"QLD",2025-11-21 00:00:00.000,31.953333333333383,6605.544375,"Actual"
"QLD",2025-11-22 00:00:00.000,54.582222222222221,6336.1255208333332,"Actual"
"QLD",2025-11-23 00:00:00.000,84.420555555555524,6357.7912847222215,"Actual"
"QLD",2025-11-24 00:00:00.000,61.988923611111083,6969.6999652777777,"Actual"
"QLD",2025-11-25 00:00:00.000,66.633055555555529,7091.1556249999994,"Actual"
"QLD",2025-11-26 00:00:00.000,87.38559027777778,7390.3832638888889,"Actual"
"QLD",2025-11-27 00:00:00.000,100.22434027777776,7477.9367361111108,"Actual"
"QLD",2025-11-28 00:00:00.000,90.0895486111111,7296.9260416666666,"Actual"
"QLD",2025-11-29 00:00:00.000,86.159027777777823,7312.6345486111113,"Actual"
"QLD",2025-11-30 00:00:00.000,46.444062500000086,6768.8327777777777,"Actual"
"QLD",2025-12-01 00:00:00.000,44.665416666666687,6604.2503124999994,"Actual"
"QLD",2025-12-02 00:00:00.000,37.5425,5862.0798958333335,"Actual"
"QLD",2025-12-03 00:00:00.000,47.023645833333305,6012.1444444444442,"Actual"
"QLD",2025-12-04 00:00:00.000,53.074375000000046,6174.6392708333333,"Actual"
"QLD",2025-12-05 00:00:00.000,44.259895833333331,6177.6152777777779,"Actual"
"QLD",2025-12-06 00:00:00.000,54.893437499999912,5968.1454861111106,"Actual"
"QLD",2025-12-07 00:00:00.000,47.035173611111112,6219.5546527777778,"Actual"
"QLD",2025-12-08 00:00:00.000,48.011701388888866,6685.4148958333335,"Actual"
"QLD",2025-12-09 00:00:00.000,67.694375,6813.8992361111113,"Actual"
"QLD",2025-12-10 00:00:00.000,72.469097222222231,6817.9118402777776,"Actual"
"QLD",2025-12-11 00:00:00.000,56.844097222222246,6710.1623263888887,"Actual"
"QLD",2025-12-12 00:00:00.000,66.77239583333332,6646.6603472222223,"Actual"
"QLD",2025-12-13 00:00:00.000,50.810937499999937,6294.0739583333334,"Actual"
"QLD",2025-12-14 00:00:00.000,45.844687500000006,6578.8340972222222,"Actual"
"QLD",2025-12-15 00:00:00.000,96.836145833333333,7441.1094444444443,"Actual"
"QLD",2025-12-16 00:00:00.000,74.292118055555562,7030.9631597222224,"Actual"
"QLD",2025-12-17 00:00:00.000,59.207465277777814,6611.3443750000006,"Actual"
"QLD",2025-12-18 00:00:00.000,57.388437499999959,6343.2490277777779,"Actual"
"QLD",2025-12-19 00:00:00.000,56.058923611111041,6551.4909722222228,"Actual"
"QLD",2025-12-20 00:00:00.000,68.089166666666671,6570.0800347222221,"Actual"
"QLD",2025-12-21 00:00:00.000,62.852048611111094,6670.2543055555552,"Actual"
"QLD",2025-12-22 00:00:00.000,90.628368055555555,7694.9976041666669,"Actual"
"QLD",2025-12-23 00:00:00.000,101.16673611111111,7762.4357638888887,"Actual"
"QLD",2025-12-24 00:00:00.000,79.741874999999965,7186.291666666667,"Actual"
"QLD",2025-12-25 00:00:00.000,38.113506944444282,6168.7676041666673,"Actual"
"QLD",2025-12-26 00:00:00.000,38.346493055555555,6048.307534722222,"Actual"
"QLD",2025-12-27 00:00:00.000,11.672187499999982,5855.5939236111117,"Actual"
"QLD",2025-12-28 00:00:00.000,17.951701388888928,5762.1914583333328,"Actual"
"QLD",2025-12-29 00:00:00.000,21.970208333333325,5588.6814930555556,"Actual"
"QLD",2025-12-30 00:00:00.000,32.155208333333341,5593.4434722222222,"Actual"
"QLD",2025-12-31 00:00:00.000,42.12437499999988,6032.1556249999994,"Actual"
"QLD",2026-01-01 00:00:00.000,34.944027777777841,5897.3288888888892,"Actual"
"QLD",2026-01-02 00:00:00.000,51.374340277777783,6324.0436111111112,"Actual"
"QLD",2026-01-03 00:00:00.000,45.931979166666594,6009.716875,"Actual"
"QLD",2026-01-04 00:00:00.000,54.778472222222213,6159.6683333333331,"Actual"
"QLD",2026-01-05 00:00:00.000,54.79680555555553,6625.138020833333,"Actual"
"QLD",2026-01-06 00:00:00.000,56.279131944444458,6561.6005902777779,"Actual"
"QLD",2026-01-07 00:00:00.000,48.353194444444355,6478.1555902777782,"Actual"
"QLD",2026-01-08 00:00:00.000,50.874236111111124,6462.7577083333335,"Actual"
"QLD",2026-01-09 00:00:00.000,37.760694444444439,6504.8873958333334,"Actual"
"QLD",2026-01-10 00:00:00.000,56.803020833333335,6565.4317361111107,"Actual"
"QLD",2026-01-11 00:00:00.000,58.6205555555556,6761.6347916666664,"Actual"
"QLD",2026-01-12 00:00:00.000,42.648923611111108,6913.7175347222219,"Actual"
"QLD",2026-01-13 00:00:00.000,60.804340277777776,6800.0403125,"Actual"
"QLD",2026-01-14 00:00:00.000,58.571666666666658,6682.0167708333338,"Actual"
"QLD",2026-01-15 00:00:00.000,243.13715277777777,6865.5887152777777,"Actual"
"QLD",2026-01-16 00:00:00.000,104.42104166666667,7336.9649305555558,"Actual"
"QLD",2026-01-17 00:00:00.000,75.62385416666686,7277.4423611111115,"Actual"
"QLD",2026-01-18 00:00:00.000,46.711909722222273,6769.2458680555555,"Actual"
"QLD",2026-01-19 00:00:00.000,43.059062500000032,6625.340625,"Actual"
"QLD",2026-01-20 00:00:00.000,47.212118055555564,6336.8494097222219,"Actual"
"QLD",2026-01-21 00:00:00.000,41.24027777777782,6418.2892708333338,"Actual"
"QLD",2026-01-22 00:00:00.000,69.792326388888881,7001.3628472222217,"Actual"
"QLD",2026-01-23 00:00:00.000,54.814409722222223,7165.0512499999995,"Actual"
"QLD",2026-01-24 00:00:00.000,44.755347222222227,6573.7084722222216,"Actual"
"QLD",2026-01-25 00:00:00.000,72.06142361111111,6907.051597222222,"Actual"
"QLD",2026-01-26 00:00:00.000,80.945104166666681,7274.6504513888885,"Actual"
"QLD",2026-01-27 00:00:00.000,72.568506944444451,7529.3655902777782,"Actual"
"QLD",2026-01-28 00:00:00.000,71.198472222222222,6775.9566666666669,"Actual"
"QLD",2026-01-29 00:00:00.000,49.484895833333347,6663.7117013888892,"Actual"
"QLD",2026-01-30 00:00:00.000,79.632986111111137,6818.5406944444439,"Actual"
"QLD",2026-01-31 00:00:00.000,75.817256944444452,6429.6056597222214,"Actual"
"QLD",2026-02-01 00:00:00.000,69.106041666666655,6753.108125,"Actual"
"QLD",2026-02-02 00:00:00.000,77.674583333333317,7412.5350694444442,"Actual"
"QLD",2026-02-03 00:00:00.000,58.014131944444451,6597.0950347222224,"Actual"
"QLD",2026-02-04 00:00:00.000,76.892673611111093,6505.0659722222217,"Actual"
"QLD",2026-02-05 00:00:00.000,102.00024305555556,6519.5757986111112,"Actual"
"QLD",2026-02-06 00:00:00.000,84.460833333333312,6627.2718055555561,"Actual"
"QLD",2026-02-07 00:00:00.000,40.698576388888874,6242.2839583333334,"Actual"
"QLD",2026-02-08 00:00:00.000,53.139930555555537,6315.9835069444434,"Actual"
"QLD",2026-02-09 00:00:00.000,87.417986111111119,6999.3485763888893,"Actual"
"QLD",2026-02-10 00:00:00.000,127.84624999999998,7411.653159722222,"Actual"
"QLD",2026-02-11 00:00:00.000,108.00069444444443,7522.5973263888891,"Actual"
"QLD",2026-02-12 00:00:00.000,91.811041666666654,7732.3819791666665,"Actual"
"QLD",2026-02-13 00:00:00.000,84.400104166666679,7366.1939583333333,"Actual"
"QLD",2026-02-14 00:00:00.000,47.931736111111114,6465.31375,"Actual"
"QLD",2026-02-15 00:00:00.000,54.291493055555556,6406.8563888888884,"Actual"
"QLD",2026-02-16 00:00:00.000,45.598680555555553,6324.4643750000005,"Actual"
"QLD",2026-02-17 00:00:00.000,42.479270833333359,6204.6861111111111,"Actual"
"QLD",2026-02-18 00:00:00.000,73.3054861111111,6486.6250694444443,"Actual"
"QLD",2026-02-19 00:00:00.000,83.325798611111111,7031.4270486111109,"Actual"
"QLD",2026-02-20 00:00:00.000,81.842361111111117,6860.0789930555557,"Actual"
"QLD",2026-02-21 00:00:00.000,54.93895833333336,6177.4399652777774,"Actual"
"QLD",2026-02-22 00:00:00.000,47.700104166666677,6317.1815972222221,"Actual"
"QLD",2026-02-23 00:00:00.000,74.81625,6921.6190277777778,"Actual"
"QLD",2026-02-24 00:00:00.000,83.959236111111125,6930.3315277777774,"Actual"
"QLD",2026-02-25 00:00:00.000,71.4545138888889,6804.3881597222226,"Actual"
"QLD",2026-02-26 00:00:00.000,50.651631944444425,6793.9844791666665,"Actual"
"QLD",2026-02-27 00:00:00.000,51.006562500000015,6809.1946875,"Actual"
"QLD",2026-02-28 00:00:00.000,31.484305555555515,6028.3947569444445,"Actual"
"QLD",2026-03-01 00:00:00.000,31.513159722222241,6152.5942013888889,"Actual"
"QLD",2026-03-02 00:00:00.000,43.884652777777774,6461.2761458333334,"Actual"
"QLD",2026-03-03 00:00:00.000,53.642638888888918,6339.9104166666666,"Actual"
"QLD",2026-03-04 00:00:00.000,70.807118055555549,6530.0580208333331,"Actual"
"QLD",2026-03-05 00:00:00.000,77.558680555555569,6728.8158333333331,"Actual"
"QLD",2026-03-06 00:00:00.000,82.930416666666673,7088.7240972222226,"Actual"
"QLD",2026-03-07 00:00:00.000,76.998159722222226,6841.3098263888887,"Actual"
"QLD",2026-03-08 00:00:00.000,76.099965277777741,6827.4264236111112,"Actual"
"QLD",2026-03-09 00:00:00.000,86.87670138888889,7029.8477083333328,"Actual"
"QLD",2026-03-10 00:00:00.000,61.992152777777804,6424.7867361111112,"Actual"
"QLD",2026-03-11 00:00:00.000,46.87722222222223,6392.1213541666666,"Actual"
"QLD",2026-03-12 00:00:00.000,58.385520833333324,6641.7855555555552,"Actual"
"QLD",2026-03-13 00:00:00.000,64.937291666666681,6988.2103125,"Actual"
"QLD",2026-03-14 00:00:00.000,30.418645833333308,5975.5070833333339,"Actual"
"QLD",2026-03-15 00:00:00.000,39.039618055555607,5951.427777777777,"Actual"
"QLD",2026-03-16 00:00:00.000,70.743958333333339,6407.535277777778,"Actual"
"QLD",2026-03-17 00:00:00.000,95.009097222222209,6409.7663888888892,"Actual"
"QLD",2026-03-18 00:00:00.000,106.27409722222222,6510.9988194444441,"Actual"
"QLD",2026-03-19 00:00:00.000,118.53010416666663,6695.9685763888892,"Actual"
"QLD",2026-03-20 00:00:00.000,71.89513888888888,6359.3333680555552,"Actual"
"QLD",2026-03-21 00:00:00.000,62.355868055555582,6059.48125,"Actual"
"QLD",2026-03-22 00:00:00.000,57.704826388888875,6062.465,"Actual"
"QLD",2026-03-23 00:00:00.000,51.853194444444433,6477.1732638888889,"Actual"
"QLD",2026-03-24 00:00:00.000,64.2370486111111,6478.6323611111111,"Actual"
"QLD",2026-03-25 00:00:00.000,62.831250000000011,6486.5352430555549,"Actual"
"QLD",2026-03-26 00:00:00.000,74.158923611111064,6826.9379513888889,"Actual"
"QLD",2026-03-27 00:00:00.000,48.18013888888887,6383.834270833333,"Actual"
"QLD",2026-03-28 00:00:00.000,33.59434027777781,5354.5785416666658,"Actual"
"QLD",2026-03-29 00:00:00.000,34.7117361111111,5538.4542013888886,"Actual"
"QLD",2026-03-30 00:00:00.000,40.77232638888885,6154.0908680555558,"Actual"
"QLD",2026-03-31 00:00:00.000,46.960659722222232,6443.7021527777779,"Actual"
"QLD",2026-04-01 00:00:00.000,51.755590277777777,6352.1634722222225,"Actual"
"QLD",2026-04-02 00:00:00.000,62.670590277777784,6342.30875,"Actual"
"QLD",2026-04-03 00:00:00.000,39.920590277777826,5868.5564583333335,"Actual"
"QLD",2026-04-04 00:00:00.000,37.958090277777785,5634.3570833333333,"Actual"
"QLD",2026-04-05 00:00:00.000,40.590138888888951,5663.7741666666661,"Actual"
"QLD",2026-04-06 00:00:00.000,49.009826388888875,5626.8590625,"Actual"
"QLD",2026-04-07 00:00:00.000,70.901145833333317,6082.193888888889,"Actual"
"QLD",2026-04-08 00:00:00.000,80.067395833333364,6409.4706597222221,"Actual"
"QLD",2026-04-09 00:00:00.000,66.224097222222227,6462.2636111111115,"Actual"
"QLD",2026-04-10 00:00:00.000,61.956666666666663,6327.5761805555558,"Actual"
"QLD",2026-04-11 00:00:00.000,52.89722222222224,6018.1598958333334,"Actual"
"QLD",2026-04-12 00:00:00.000,42.1037847222222,5702.8930208333331,"Actual"
"QLD",2026-04-13 00:00:00.000,65.008923611111115,5873.236875,"Actual"
"QLD",2026-04-14 00:00:00.000,68.095694444444433,6217.7210069444445,"Actual"
"QLD",2026-04-15 00:00:00.000,76.085000000000008,6240.6273263888888,"Actual"
"QLD",2026-04-16 00:00:00.000,63.90246527777775,6282.4863541666673,"Actual"
"QLD",2026-04-17 00:00:00.000,57.626423611111129,6375.1541666666662,"Actual"
"QLD",2026-04-18 00:00:00.000,51.8846527777778,5868.4582291666675,"Actual"
"QLD",2026-04-19 00:00:00.000,48.30812500000004,5702.9755902777779,"Actual"
"QLD",2026-04-20 00:00:00.000,53.218194444444435,6065.6940625,"Actual"
"QLD",2026-04-21 00:00:00.000,41.645208333333329,5936.4689930555551,"Actual"
"QLD",2026-04-22 00:00:00.000,40.712256944444448,6033.6864583333336,"Actual"
"QLD",2026-04-23 00:00:00.000,38.1205555555555,6021.4127430555554,"Actual"
"QLD",2026-04-24 00:00:00.000,47.79527777777777,6113.970625,"Actual"
"QLD",2026-04-25 00:00:00.000,41.738020833333309,5909.999375,"Actual"
"QLD",2026-04-26 00:00:00.000,46.813750000000041,5753.4035069444444,"Actual"
"QLD",2026-04-27 00:00:00.000,56.737986111111127,6176.3473263888891,"Actual"
"QLD",2026-04-28 00:00:00.000,51.212013888888883,6164.5671180555555,"Actual"
"QLD",2026-04-29 00:00:00.000,43.874513888888906,6136.0458333333336,"Actual"
"QLD",2026-04-30 00:00:00.000,50.357951388888878,6347.7168402777779,"Actual"
"QLD",2026-05-01 00:00:00.000,60.272951388888885,6228.5250347222218,"Actual"
"QLD",2026-05-02 00:00:00.000,45.455798611111135,5917.3599652777775,"Actual"
"QLD",2026-05-03 00:00:00.000,37.953298611111109,5638.7532986111109,"Actual"
"QLD",2026-05-04 00:00:00.000,60.385312500000005,5782.8051041666668,"Actual"
"QLD",2026-05-05 00:00:00.000,83.351493055555565,6228.61625,"Actual"
"QLD",2026-05-06 00:00:00.000,85.164930555555557,6348.0234027777778,"Actual"
"QLD",2026-05-07 00:00:00.000,62.082013888888859,6166.577395833333,"Actual"
"QLD",2026-05-08 00:00:00.000,42.9296875,5771.7588888888886,"Actual"
"QLD",2026-05-09 00:00:00.000,59.178715277777755,5592.2210416666667,"Actual"
"QLD",2026-05-10 00:00:00.000,71.462847222222237,5799.5444097222226,"Actual"
"QLD",2026-05-11 00:00:00.000,69.90899305555557,6220.8372569444446,"Actual"
"QLD",2026-05-12 00:00:00.000,61.288784722222232,6196.4414236111115,"Actual"
"QLD",2026-05-13 00:00:00.000,67.956006944444439,6193.7910069444442,"Actual"
"QLD",2026-05-14 00:00:00.000,84.438368055555586,6267.3229861111113,"Actual"
"QLD",2026-05-15 00:00:00.000,62.736250000000013,6030.3412152777782,"Actual"
"QLD",2026-05-16 00:00:00.000,69.549618055555555,5807.6096875,"Actual"
"QLD",2026-05-17 00:00:00.000,103.708125,5840.8454513888892,"Actual"
"QLD",2026-05-18 00:00:00.000,176.53121527777773,6724.964965277778,"Actual"
"QLD",2026-05-19 00:00:00.000,99.244479166666679,6701.4220486111108,"Actual"
"QLD",2026-05-20 00:00:00.000,62.087465277777724,5895.8762847222224,"Actual"
"QLD",2026-05-21 00:00:00.000,65.419618055555588,5737.3459027777781,"Actual"
"QLD",2026-05-22 00:00:00.000,60.888854166666746,5677.2340625,"Actual"
"QLD",2026-05-23 00:00:00.000,58.037569444444429,5397.7176388888893,"Actual"
"QLD",2026-05-24 00:00:00.000,82.948854166666663,5560.3304166666667,"Actual"
"QLD",2026-05-25 00:00:00.000,94.952187500000022,5986.7126041666661,"Actual"
"QLD",2026-05-26 00:00:00.000,112.0101736111111,6206.6841666666669,"Actual"
"QLD",2026-05-27 00:00:00.000,141.20444444444448,6387.1016319444443,"Actual"
"QLD",2026-05-28 00:00:00.000,103.36364583333334,6316.221840277778,"Actual"
"QLD",2026-05-29 00:00:00.000,75.6352083333333,5968.5723263888885,"Actual"
"QLD",2026-05-30 00:00:00.000,54.659097222222243,5389.5425000000005,"Actual"
"QLD",2026-05-31 00:00:00.000,51.599513888888936,5419.006631944445,"Actual"
"QLD",2026-06-01 00:00:00.000,84.503368055555569,5764.0019791666664,"Actual"
"QLD",2026-06-02 00:00:00.000,78.571076388888912,5862.1234375,"Actual"
"QLD",2026-06-03 00:00:00.000,62.174930555555534,5847.1391666666668,"Actual"
"QLD",2026-06-04 00:00:00.000,49.65020833333331,5939.5262152777777,"Actual"
"QLD",2026-06-05 00:00:00.000,46.098368055555568,5939.5787847222227,"Actual"
"QLD",2026-06-06 00:00:00.000,63.445729166666673,5644.5790625,"Actual"
"QLD",2026-06-07 00:00:00.000,75.116111111111124,5823.9505555555552,"Actual"
"QLD",2026-06-08 00:00:00.000,68.743402777777789,6200.435138888889,"Actual"
"QLD",2026-06-09 00:00:00.000,80.373784722222226,6420.5938194444443,"Actual"
"QLD",2026-06-10 00:00:00.000,83.191249999999982,6608.6605208333331,"Actual"
"QLD",2026-06-11 00:00:00.000,83.456701388888874,6522.1519444444448,"Actual"
"QLD",2026-06-12 00:00:00.000,57.36625,6193.9287847222222,"Actual"
"QLD",2026-06-13 00:00:00.000,46.40659722222221,5811.594375,"Actual"
"QLD",2026-06-14 00:00:00.000,61.549513888888875,5726.7115277777775,"Actual"
"QLD",2026-06-15 00:00:00.000,60.468923611111109,6180.5999652777773,"Actual"
"QLD",2026-06-16 00:00:00.000,54.140000000000008,6125.9521875,"Actual"
"QLD",2026-06-17 00:00:00.000,57.91628472222223,6206.739375,"Actual"
"QLD",2026-06-18 00:00:00.000,62.16704861111112,6367.2282638888892,"Actual"
"QLD",2026-06-19 00:00:00.000,44.36996527777778,5984.4510416666662,"Actual"
"QLD",2026-06-20 00:00:00.000,65.751354166666658,5658.7242361111112,"Actual"
"QLD",2026-06-21 00:00:00.000,78.45871527777777,5867.2282638888892,"Actual"
"QLD",2026-06-22 00:00:00.000,73.205659722222222,6041.7710069444447,"Actual"
"QLD",2026-06-23 00:00:00.000,82.201388888888886,6059.6774652777776,"Actual"
"QLD",2026-06-24 00:00:00.000,99.238229166666684,6140.778645833333,"Actual"
"QLD",2026-06-25 00:00:00.000,90.464965277777779,6335.2513194444446,"Actual"
"QLD",2026-06-26 00:00:00.000,115.35052083333332,6459.2998263888894,"Actual"
"QLD",2026-06-27 00:00:00.000,85.8554861111111,5927.0332638888885,"Actual"
"QLD",2026-06-28 00:00:00.000,66.856944444444437,6030.9951388888885,"Actual"
"QLD",2026-06-29 00:00:00.000,64.6003125,6305.4006249999993,"Actual"
"QLD",2026-06-30 00:00:00.000,101.02614583333336,6460.565555555555,"Actual"
"QLD",2026-07-01 00:00:00.000,84.5,6006.48,"Actual"
"SA",2021-07-01 00:00:00.000,100.08170212765958,1485.9908510638297,"Actual"
"SA",2021-07-02 00:00:00.000,69.24499999999999,1536.299375,"Actual"
"SA",2021-07-03 00:00:00.000,75.555416666666673,1432.2224999999999,"Actual"
"SA",2021-07-04 00:00:00.000,64.848958333333329,1379.5195833333335,"Actual"
"SA",2021-07-05 00:00:00.000,149.479375,1705.738125,"Actual"
"SA",2021-07-06 00:00:00.000,241.19375,1506.6833333333334,"Actual"
"SA",2021-07-07 00:00:00.000,169.601875,1418.1927083333333,"Actual"
"SA",2021-07-08 00:00:00.000,236.41208333333333,1491.9129166666667,"Actual"
"SA",2021-07-09 00:00:00.000,263.63416666666666,1619.9527083333332,"Actual"
"SA",2021-07-10 00:00:00.000,218.97645833333331,1383.7739583333334,"Actual"
"SA",2021-07-11 00:00:00.000,53.932083333333338,1320.27625,"Actual"
"SA",2021-07-12 00:00:00.000,106.75708333333333,1490.1025,"Actual"
"SA",2021-07-13 00:00:00.000,60.218333333333327,1446.925,"Actual"
"SA",2021-07-14 00:00:00.000,36.9075,1327.2845833333333,"Actual"
"SA",2021-07-15 00:00:00.000,21.896250000000006,1347.0729166666667,"Actual"
"SA",2021-07-16 00:00:00.000,52.625833333333333,1533.3397916666668,"Actual"
"SA",2021-07-17 00:00:00.000,19.215208333333337,1355.4758333333334,"Actual"
"SA",2021-07-18 00:00:00.000,100.89770833333333,1483.6433333333334,"Actual"
"SA",2021-07-19 00:00:00.000,103.154375,1544.6408333333334,"Actual"
"SA",2021-07-20 00:00:00.000,46.153333333333336,1415.585,"Actual"
"SA",2021-07-21 00:00:00.000,157.18875,1651.2535416666667,"Actual"
"SA",2021-07-22 00:00:00.000,120.67458333333333,1841.5008333333333,"Actual"
"SA",2021-07-23 00:00:00.000,158.09541666666667,1597.2627083333334,"Actual"
"SA",2021-07-24 00:00:00.000,45.736458333333331,1514.950625,"Actual"
"SA",2021-07-25 00:00:00.000,20.107291666666669,1384.4414583333332,"Actual"
"SA",2021-07-26 00:00:00.000,11.759583333333332,1297.3474999999999,"Actual"
"SA",2021-07-27 00:00:00.000,15.19625,1314.286875,"Actual"
"SA",2021-07-28 00:00:00.000,-12.110624999999995,1435.7929166666668,"Actual"
"SA",2021-07-29 00:00:00.000,58.14479166666667,1325.1545833333332,"Actual"
"SA",2021-07-30 00:00:00.000,27.624583333333334,1314.7433333333333,"Actual"
"SA",2021-07-31 00:00:00.000,33.379791666666669,1467.4125,"Actual"
"SA",2021-08-01 00:00:00.000,86.69583333333334,1263.1354166666665,"Actual"
"SA",2021-08-02 00:00:00.000,25.680416666666659,1531.2429166666666,"Actual"
"SA",2021-08-03 00:00:00.000,16.543333333333329,1453.4958333333334,"Actual"
"SA",2021-08-04 00:00:00.000,55.275416666666665,1451.5522916666666,"Actual"
"SA",2021-08-05 00:00:00.000,45.444791666666674,1505.3208333333332,"Actual"
"SA",2021-08-06 00:00:00.000,67.457916666666662,1483.5758333333333,"Actual"
"SA",2021-08-07 00:00:00.000,77.518333333333331,1396.3497916666665,"Actual"
"SA",2021-08-08 00:00:00.000,77.545,1222.535,"Actual"
"SA",2021-08-09 00:00:00.000,47.43312499999999,1207.8781250000002,"Actual"
"SA",2021-08-10 00:00:00.000,15.188958333333353,1233.8889583333334,"Actual"
"SA",2021-08-11 00:00:00.000,18.2625,1399.8283333333334,"Actual"
"SA",2021-08-12 00:00:00.000,60.403125,1379.6579166666666,"Actual"
"SA",2021-08-13 00:00:00.000,51.819583333333334,1361.3775,"Actual"
"SA",2021-08-14 00:00:00.000,48.871874999999996,1176.6620833333334,"Actual"
"SA",2021-08-15 00:00:00.000,4.7606249999999761,1123.9752083333333,"Actual"
"SA",2021-08-16 00:00:00.000,28.531041666666667,1371.9175,"Actual"
"SA",2021-08-17 00:00:00.000,77.43020833333334,1503.6541666666667,"Actual"
"SA",2021-08-18 00:00:00.000,68.069791666666674,1415.9006249999998,"Actual"
"SA",2021-08-19 00:00:00.000,26.742708333333326,1246.6681250000001,"Actual"
"SA",2021-08-20 00:00:00.000,17.463541666666668,1273.2068749999999,"Actual"
"SA",2021-08-21 00:00:00.000,31.319375000000008,1127.2139583333333,"Actual"
"SA",2021-08-22 00:00:00.000,-29.004374999999996,1035.5989583333333,"Actual"
"SA",2021-08-23 00:00:00.000,6.516875000000006,1344.1702083333334,"Actual"
"SA",2021-08-24 00:00:00.000,51.718541666666667,1412.3489583333333,"Actual"
"SA",2021-08-25 00:00:00.000,96.805833333333339,1478.56,"Actual"
"SA",2021-08-26 00:00:00.000,103.39979166666666,1459.6129166666667,"Actual"
"SA",2021-08-27 00:00:00.000,63.970208333333339,1314.8966666666665,"Actual"
"SA",2021-08-28 00:00:00.000,26.605833333333329,1231.2427083333332,"Actual"
"SA",2021-08-29 00:00:00.000,58.568541666666668,1195.6983333333335,"Actual"
"SA",2021-08-30 00:00:00.000,34.855416666666677,1175.1004166666667,"Actual"
"SA",2021-08-31 00:00:00.000,-14.888333333333327,1167.2545833333334,"Actual"
"SA",2021-09-01 00:00:00.000,-1.8308333333333451,1165.579375,"Actual"
"SA",2021-09-02 00:00:00.000,-39.514166666666668,1126.1547916666666,"Actual"
"SA",2021-09-03 00:00:00.000,40.333541666666662,1271.1416666666667,"Actual"
"SA",2021-09-04 00:00:00.000,18.615833333333349,1209.558125,"Actual"
"SA",2021-09-05 00:00:00.000,24.884791666666665,1170.7139583333335,"Actual"
"SA",2021-09-06 00:00:00.000,47.803125,1304.6489583333334,"Actual"
"SA",2021-09-07 00:00:00.000,52.695208333333333,1291.3833333333332,"Actual"
"SA",2021-09-08 00:00:00.000,25.329583333333318,1152.02375,"Actual"
"SA",2021-09-09 00:00:00.000,-25.001249999999995,1126.395625,"Actual"
"SA",2021-09-10 00:00:00.000,-12.949166666666642,1103.0416666666665,"Actual"
"SA",2021-09-11 00:00:00.000,-20.877916666666664,1027.6487499999998,"Actual"
"SA",2021-09-12 00:00:00.000,-10.550416666666672,1155.2583333333334,"Actual"
"SA",2021-09-13 00:00:00.000,37.914791666666666,1313.5579166666666,"Actual"
"SA",2021-09-14 00:00:00.000,61.655,1357.9810416666667,"Actual"
"SA",2021-09-15 00:00:00.000,67.039999999999992,1188.353125,"Actual"
"SA",2021-09-16 00:00:00.000,34.080208333333346,1092.795625,"Actual"
"SA",2021-09-17 00:00:00.000,-1.1925000000000132,964.77604166666652,"Actual"
"SA",2021-09-18 00:00:00.000,-6.4422916666666712,972.8422916666666,"Actual"
"SA",2021-09-19 00:00:00.000,-32.430833333333325,937.65083333333337,"Actual"
"SA",2021-09-20 00:00:00.000,13.029166666666663,1189.834375,"Actual"
"SA",2021-09-21 00:00:00.000,59.873125,1301.451875,"Actual"
"SA",2021-09-22 00:00:00.000,77.6425,1348.4612499999998,"Actual"
"SA",2021-09-23 00:00:00.000,32.28749999999998,1115.6622916666668,"Actual"
"SA",2021-09-24 00:00:00.000,-33.03125,1150.6681250000001,"Actual"
"SA",2021-09-25 00:00:00.000,23.565625,1102.0916666666667,"Actual"
"SA",2021-09-26 00:00:00.000,19.489166666666662,958.81291666666687,"Actual"
"SA",2021-09-27 00:00:00.000,9.3787499999999966,1035.8489583333333,"Actual"
"SA",2021-09-28 00:00:00.000,-4.2279166666666725,1220.5179166666667,"Actual"
"SA",2021-09-29 00:00:00.000,52.688958333333339,1051.0575000000001,"Actual"
"SA",2021-09-30 00:00:00.000,54.28125,1244.809375,"Actual"
"SA",2021-10-01 00:00:00.000,38.31125,1170.5237152777777,"Actual"
"SA",2021-10-02 00:00:00.000,20.137013888888937,894.18902777777816,"Actual"
"SA",2021-10-03 00:00:00.000,-17.502638888888981,925.0159027777778,"Actual"
"SA",2021-10-04 00:00:00.000,-25.766909722222195,992.44499999999994,"Actual"
"SA",2021-10-05 00:00:00.000,20.8507638888889,1003.9989930555556,"Actual"
"SA",2021-10-06 00:00:00.000,1.3654513888888857,1156.3552430555555,"Actual"
"SA",2021-10-07 00:00:00.000,19.812430555555519,1021.6595138888889,"Actual"
"SA",2021-10-08 00:00:00.000,25.863888888888837,998.94590277777752,"Actual"
"SA",2021-10-09 00:00:00.000,1.3905902777777897,1020.7913541666667,"Actual"
"SA",2021-10-10 00:00:00.000,6.3155555555555409,951.54621527777772,"Actual"
"SA",2021-10-11 00:00:00.000,26.831180555555559,1102.144236111111,"Actual"
"SA",2021-10-12 00:00:00.000,-1.4739583333333535,1014.5981944444443,"Actual"
"SA",2021-10-13 00:00:00.000,-14.888090277777707,1175.9044097222222,"Actual"
"SA",2021-10-14 00:00:00.000,57.107708333333356,1233.9870138888889,"Actual"
"SA",2021-10-15 00:00:00.000,-15.735347222222208,1129.3450347222222,"Actual"
"SA",2021-10-16 00:00:00.000,24.482083333333328,1104.2055902777777,"Actual"
"SA",2021-10-17 00:00:00.000,42.503854166666784,893.98506944444432,"Actual"
"SA",2021-10-18 00:00:00.000,10.075312499999924,962.74881944444462,"Actual"
"SA",2021-10-19 00:00:00.000,11.165868055555649,868.48399305555563,"Actual"
"SA",2021-10-20 00:00:00.000,-18.733715277777755,1089.8765277777777,"Actual"
"SA",2021-10-21 00:00:00.000,14.455520833333329,944.21163194444455,"Actual"
"SA",2021-10-22 00:00:00.000,23.921319444444443,996.24024305555577,"Actual"
"SA",2021-10-23 00:00:00.000,-25.82034722222221,823.319375,"Actual"
"SA",2021-10-24 00:00:00.000,-11.000243055555559,912.765347222222,"Actual"
"SA",2021-10-25 00:00:00.000,26.719722222222231,914.00815972222222,"Actual"
"SA",2021-10-26 00:00:00.000,27.445729166666684,933.47673611111168,"Actual"
"SA",2021-10-27 00:00:00.000,120.84753472222216,1126.4333333333334,"Actual"
"SA",2021-10-28 00:00:00.000,-18.450138888888958,1041.3125347222222,"Actual"
"SA",2021-10-29 00:00:00.000,6.6422916666666678,948.61927083333308,"Actual"
"SA",2021-10-30 00:00:00.000,38.452847222222317,869.57635416666653,"Actual"
"SA",2021-10-31 00:00:00.000,35.323229166666678,842.30506944444437,"Actual"
"SA",2021-11-01 00:00:00.000,55.944652777777769,933.31038194444432,"Actual"
"SA",2021-11-02 00:00:00.000,18.755729166666658,1166.3534722222223,"Actual"
"SA",2021-11-03 00:00:00.000,65.536909722222219,1124.1873611111112,"Actual"
"SA",2021-11-04 00:00:00.000,34.097083333333337,925.39493055555567,"Actual"
"SA",2021-11-05 00:00:00.000,56.296076388888892,1014.9098611111109,"Actual"
"SA",2021-11-06 00:00:00.000,9.9678124999999582,996.74670138888882,"Actual"
"SA",2021-11-07 00:00:00.000,23.275208333333282,846.19427083333358,"Actual"
"SA",2021-11-08 00:00:00.000,51.716666666666669,970.703125,"Actual"
"SA",2021-11-09 00:00:00.000,48.36871527777776,1041.9305555555557,"Actual"
"SA",2021-11-10 00:00:00.000,4.6421527777776674,956.5777777777779,"Actual"
"SA",2021-11-11 00:00:00.000,18.648368055555562,1360.8834027777777,"Actual"
"SA",2021-11-12 00:00:00.000,3.7051388888889072,1165.4730555555554,"Actual"
"SA",2021-11-13 00:00:00.000,6.2095138888888961,898.08177083333362,"Actual"
"SA",2021-11-14 00:00:00.000,-59.108854166666539,919.348159722222,"Actual"
"SA",2021-11-15 00:00:00.000,14.814861111111112,1108.9774999999997,"Actual"
"SA",2021-11-16 00:00:00.000,94.396423611111146,1040.6616319444443,"Actual"
"SA",2021-11-17 00:00:00.000,49.264375000000008,1009.7293402777777,"Actual"
"SA",2021-11-18 00:00:00.000,-7.53204861111108,1158.0333680555555,"Actual"
"SA",2021-11-19 00:00:00.000,109.37965277777778,1240.7991319444445,"Actual"
"SA",2021-11-20 00:00:00.000,51.32149305555555,973.56055555555577,"Actual"
"SA",2021-11-21 00:00:00.000,-6.9393055555555918,750.518819444444,"Actual"
"SA",2021-11-22 00:00:00.000,40.7984375,973.01579861111111,"Actual"
"SA",2021-11-23 00:00:00.000,67.131597222222169,1206.2606250000001,"Actual"
"SA",2021-11-24 00:00:00.000,100.641875,1168.7103125,"Actual"
"SA",2021-11-25 00:00:00.000,19.313645833333339,889.65750000000048,"Actual"
"SA",2021-11-26 00:00:00.000,-11.012951388888968,849.96142361111106,"Actual"
"SA",2021-11-27 00:00:00.000,10.159062499999987,717.5567708333333,"Actual"
"SA",2021-11-28 00:00:00.000,46.7094791666667,790.73579861111068,"Actual"
"SA",2021-11-29 00:00:00.000,79.819166666666661,1024.4406597222223,"Actual"
"SA",2021-11-30 00:00:00.000,134.33458333333334,1192.989097222222,"Actual"
"SA",2021-12-01 00:00:00.000,75.405937499999979,1234.8349305555553,"Actual"
"SA",2021-12-02 00:00:00.000,48.9498958333333,1038.8870486111114,"Actual"
"SA",2021-12-03 00:00:00.000,36.360659722222216,983.72229166666671,"Actual"
"SA",2021-12-04 00:00:00.000,8.534131944444443,861.31111111111125,"Actual"
"SA",2021-12-05 00:00:00.000,24.808090277777783,851.9911805555555,"Actual"
"SA",2021-12-06 00:00:00.000,49.203854166666666,971.1465625,"Actual"
"SA",2021-12-07 00:00:00.000,32.940312499999919,932.49781249999955,"Actual"
"SA",2021-12-08 00:00:00.000,15.435868055555545,1008.7615277777777,"Actual"
"SA",2021-12-09 00:00:00.000,23.810624999999995,1083.5413541666667,"Actual"
"SA",2021-12-10 00:00:00.000,46.417361111111127,976.41100694444435,"Actual"
"SA",2021-12-11 00:00:00.000,60.250833333333333,937.36777777777775,"Actual"
"SA",2021-12-12 00:00:00.000,70.060486111111118,1143.0480555555557,"Actual"
"SA",2021-12-13 00:00:00.000,308.67920138888883,1329.3385069444446,"Actual"
"SA",2021-12-14 00:00:00.000,63.425798611111091,1077.9899652777779,"Actual"
"SA",2021-12-15 00:00:00.000,96.113472222222228,1080.2459027777777,"Actual"
"SA",2021-12-16 00:00:00.000,88.681319444444441,1112.7870833333332,"Actual"
"SA",2021-12-17 00:00:00.000,75.7470486111111,1474.9912152777777,"Actual"
"SA",2021-12-18 00:00:00.000,171.23878472222231,1156.4604513888892,"Actual"
"SA",2021-12-19 00:00:00.000,4.1708680555555588,982.10260416666688,"Actual"
"SA",2021-12-20 00:00:00.000,14.93090277777778,1018.4087847222222,"Actual"
"SA",2021-12-21 00:00:00.000,45.836736111111115,1045.6377430555556,"Actual"
"SA",2021-12-22 00:00:00.000,47.953888888888883,1060.5164930555559,"Actual"
"SA",2021-12-23 00:00:00.000,43.483020833333306,1023.9841666666664,"Actual"
"SA",2021-12-24 00:00:00.000,29.6062152777778,1046.2267013888888,"Actual"
"SA",2021-12-25 00:00:00.000,-2.1557638888890409,824.60107638888849,"Actual"
"SA",2021-12-26 00:00:00.000,-31.490173611111288,813.95836805555564,"Actual"
"SA",2021-12-27 00:00:00.000,-24.878645833333398,815.51208333333329,"Actual"
"SA",2021-12-28 00:00:00.000,-2.6125000000000203,846.96826388888894,"Actual"
"SA",2021-12-29 00:00:00.000,68.383368055555565,1201.194236111111,"Actual"
"SA",2021-12-30 00:00:00.000,408.55059027777781,1460.3469791666664,"Actual"
"SA",2021-12-31 00:00:00.000,281.79843750000009,1620.7070138888889,"Actual"
"SA",2022-01-01 00:00:00.000,99.65336805555539,1489.5200694444445,"Actual"
"SA",2022-01-02 00:00:00.000,51.14666666666669,1191.3064236111109,"Actual"
"SA",2022-01-03 00:00:00.000,2.709965277777755,909.48048611111062,"Actual"
"SA",2022-01-04 00:00:00.000,3.3217013888889007,927.25809027777791,"Actual"
"SA",2022-01-05 00:00:00.000,4.9902777777777558,1142.3042013888887,"Actual"
"SA",2022-01-06 00:00:00.000,18.434548611111133,1137.9457638888887,"Actual"
"SA",2022-01-07 00:00:00.000,30.749374999999979,1139.3522222222223,"Actual"
"SA",2022-01-08 00:00:00.000,46.190312500000019,1025.2093055555551,"Actual"
"SA",2022-01-09 00:00:00.000,52.220416666666672,948.66111111111081,"Actual"
"SA",2022-01-10 00:00:00.000,464.58385416666653,1557.5494791666665,"Actual"
"SA",2022-01-11 00:00:00.000,209.69173611111148,1818.3509375,"Actual"
"SA",2022-01-12 00:00:00.000,79.080034722222223,1535.1334374999997,"Actual"
"SA",2022-01-13 00:00:00.000,98.209756944444464,1171.7970486111112,"Actual"
"SA",2022-01-14 00:00:00.000,73.750902777777753,1226.7425694444444,"Actual"
"SA",2022-01-15 00:00:00.000,63.286354166666683,1066.4761458333332,"Actual"
"SA",2022-01-16 00:00:00.000,51.646770833333349,1165.4193402777778,"Actual"
"SA",2022-01-17 00:00:00.000,85.481597222222248,1152.2763194444447,"Actual"
"SA",2022-01-18 00:00:00.000,0.079201388888861857,1090.1770486111109,"Actual"
"SA",2022-01-19 00:00:00.000,-19.959513888888889,1154.9185416666669,"Actual"
"SA",2022-01-20 00:00:00.000,-2.262673611111083,1488.9274305555555,"Actual"
"SA",2022-01-21 00:00:00.000,30.879444444444424,1756.5693402777777,"Actual"
"SA",2022-01-22 00:00:00.000,38.458506944444466,1472.5979861111114,"Actual"
"SA",2022-01-23 00:00:00.000,52.981979166666662,1316.7137500000001,"Actual"
"SA",2022-01-24 00:00:00.000,88.926006944444438,1485.8832986111111,"Actual"
"SA",2022-01-25 00:00:00.000,168.13888888888897,1664.3402777777778,"Actual"
"SA",2022-01-26 00:00:00.000,135.8987152777778,1476.2819097222223,"Actual"
"SA",2022-01-27 00:00:00.000,113.21687499999997,1760.7382638888889,"Actual"
"SA",2022-01-28 00:00:00.000,83.031423611111109,1400.3754513888887,"Actual"
"SA",2022-01-29 00:00:00.000,26.980937499999996,1114.0910069444442,"Actual"
"SA",2022-01-30 00:00:00.000,141.09902777777768,1242.3369791666669,"Actual"
"SA",2022-01-31 00:00:00.000,464.66725694444426,1654.8669444444442,"Actual"
"SA",2022-02-01 00:00:00.000,32.05770833333338,1266.3569791666669,"Actual"
"SA",2022-02-02 00:00:00.000,-7.7407291666667746,1152.4652083333337,"Actual"
"SA",2022-02-03 00:00:00.000,23.473993055555582,1160.1832291666665,"Actual"
"SA",2022-02-04 00:00:00.000,20.880833333333378,1101.3887152777779,"Actual"
"SA",2022-02-05 00:00:00.000,31.244513888888896,1139.4462847222226,"Actual"
"SA",2022-02-06 00:00:00.000,24.660972222222277,1317.8465277777777,"Actual"
"SA",2022-02-07 00:00:00.000,65.909618055555569,1642.0250694444444,"Actual"
"SA",2022-02-08 00:00:00.000,83.948402777777773,1658.9649305555556,"Actual"
"SA",2022-02-09 00:00:00.000,84.088472222222222,1241.4062847222222,"Actual"
"SA",2022-02-10 00:00:00.000,56.142152777777795,1133.6786805555555,"Actual"
"SA",2022-02-11 00:00:00.000,12.03822916666666,1152.4083333333335,"Actual"
"SA",2022-02-12 00:00:00.000,41.456319444444439,1088.4422916666667,"Actual"
"SA",2022-02-13 00:00:00.000,54.433819444444438,1317.6411805555554,"Actual"
"SA",2022-02-14 00:00:00.000,94.115347222222226,1539.1252083333334,"Actual"
"SA",2022-02-15 00:00:00.000,94.018055555555549,1546.3701388888887,"Actual"
"SA",2022-02-16 00:00:00.000,102.4670138888889,1452.9393402777778,"Actual"
"SA",2022-02-17 00:00:00.000,57.988194444444424,1240.3103472222222,"Actual"
"SA",2022-02-18 00:00:00.000,41.001284722222216,1209.2808680555559,"Actual"
"SA",2022-02-19 00:00:00.000,55.836597222222217,963.40475694444444,"Actual"
"SA",2022-02-20 00:00:00.000,47.52114583333335,1156.4609027777781,"Actual"
"SA",2022-02-21 00:00:00.000,48.375972222222231,1224.5712152777778,"Actual"
"SA",2022-02-22 00:00:00.000,47.520243055555575,1096.3593402777781,"Actual"
"SA",2022-02-23 00:00:00.000,105.59034722222222,1286.7045833333334,"Actual"
"SA",2022-02-24 00:00:00.000,78.13440972222223,1410.0306944444446,"Actual"
"SA",2022-02-25 00:00:00.000,28.541805555555563,1321.4498958333334,"Actual"
"SA",2022-02-26 00:00:00.000,36.047013888888927,1206.1638541666666,"Actual"
"SA",2022-02-27 00:00:00.000,84.328402777777782,1277.3944444444444,"Actual"
"SA",2022-02-28 00:00:00.000,74.028680555555525,1416.1809027777779,"Actual"
"SA",2022-03-01 00:00:00.000,102.89993055555556,1325.3386458333332,"Actual"
"SA",2022-03-02 00:00:00.000,95.416215277777781,1275.5064236111111,"Actual"
"SA",2022-03-03 00:00:00.000,149.20795138888894,1542.1887152777779,"Actual"
"SA",2022-03-04 00:00:00.000,96.866805555555558,1474.103576388889,"Actual"
"SA",2022-03-05 00:00:00.000,8.4745833333333849,1117.3419791666665,"Actual"
"SA",2022-03-06 00:00:00.000,-18.654687499999952,1059.2848958333332,"Actual"
"SA",2022-03-07 00:00:00.000,21.306319444444444,1235.1080208333333,"Actual"
"SA",2022-03-08 00:00:00.000,-26.546041666666643,1229.4298611111112,"Actual"
"SA",2022-03-09 00:00:00.000,4.0374652777777769,1227.0816666666665,"Actual"
"SA",2022-03-10 00:00:00.000,36.340347222222249,1147.7347569444446,"Actual"
"SA",2022-03-11 00:00:00.000,67.3707638888889,1146.7041666666667,"Actual"
"SA",2022-03-12 00:00:00.000,43.559513888888851,1073.1846875,"Actual"
"SA",2022-03-13 00:00:00.000,46.445243055555565,1175.7749652777777,"Actual"
"SA",2022-03-14 00:00:00.000,74.7526388888889,1379.5547569444443,"Actual"
"SA",2022-03-15 00:00:00.000,151.30770833333332,1579.3586805555556,"Actual"
"SA",2022-03-16 00:00:00.000,63.061527777777783,1606.7734027777778,"Actual"
"SA",2022-03-17 00:00:00.000,104.86430555555556,1367.9462847222221,"Actual"
"SA",2022-03-18 00:00:00.000,64.131875000000008,1306.581736111111,"Actual"
"SA",2022-03-19 00:00:00.000,180.46666666666673,1339.1890625,"Actual"
"SA",2022-03-20 00:00:00.000,87.246701388888908,1302.9049305555557,"Actual"
"SA",2022-03-21 00:00:00.000,124.68645833333332,1313.9800694444443,"Actual"
"SA",2022-03-22 00:00:00.000,108.53673611111111,1394.8080208333333,"Actual"
"SA",2022-03-23 00:00:00.000,38.955243055555542,1230.5953472222222,"Actual"
"SA",2022-03-24 00:00:00.000,56.972708333333337,1131.7413888888889,"Actual"
"SA",2022-03-25 00:00:00.000,42.410243055555554,1131.1796527777776,"Actual"
"SA",2022-03-26 00:00:00.000,59.208576388888886,1029.3244097222223,"Actual"
"SA",2022-03-27 00:00:00.000,66.734131944444428,1117.6754513888891,"Actual"
"SA",2022-03-28 00:00:00.000,100.63086805555557,1216.9711458333334,"Actual"
"SA",2022-03-29 00:00:00.000,100.57215277777777,1153.1095138888888,"Actual"
"SA",2022-03-30 00:00:00.000,37.356736111111104,1240.1230902777779,"Actual"
"SA",2022-03-31 00:00:00.000,-11.433749999999971,1230.8630902777779,"Actual"
"SA",2022-04-01 00:00:00.000,-3.4743055555555635,1198.2559722222225,"Actual"
"SA",2022-04-02 00:00:00.000,93.221979166666642,1067.2735416666665,"Actual"
"SA",2022-04-03 00:00:00.000,192.54583333333335,984.09343750000016,"Actual"
"SA",2022-04-04 00:00:00.000,270.7060763888889,1129.4847569444446,"Actual"
"SA",2022-04-05 00:00:00.000,256.88347222222222,1315.4004166666666,"Actual"
"SA",2022-04-06 00:00:00.000,204.46253472222222,1187.8822569444446,"Actual"
"SA",2022-04-07 00:00:00.000,111.51503472222221,1180.6740625000002,"Actual"
"SA",2022-04-08 00:00:00.000,175.32927083333328,1177.5468055555557,"Actual"
"SA",2022-04-09 00:00:00.000,113.17708333333333,1060.5731250000001,"Actual"
"SA",2022-04-10 00:00:00.000,113.48649305555561,1178.5861458333334,"Actual"
"SA",2022-04-11 00:00:00.000,167.14385416666673,1314.2486458333333,"Actual"
"SA",2022-04-12 00:00:00.000,129.61256944444443,1354.2155902777779,"Actual"
"SA",2022-04-13 00:00:00.000,111.99246527777777,1229.7702083333334,"Actual"
"SA",2022-04-14 00:00:00.000,252.96038194444441,1394.2251041666666,"Actual"
"SA",2022-04-15 00:00:00.000,160.14586805555552,1140.7467708333336,"Actual"
"SA",2022-04-16 00:00:00.000,114.41222222222221,1104.2975694444442,"Actual"
"SA",2022-04-17 00:00:00.000,39.998923611111117,1265.7357291666665,"Actual"
"SA",2022-04-18 00:00:00.000,197.78187499999999,1259.9101736111113,"Actual"
"SA",2022-04-19 00:00:00.000,165.68569444444444,1201.5910069444444,"Actual"
"SA",2022-04-20 00:00:00.000,185.11583333333334,1280.1531597222224,"Actual"
"SA",2022-04-21 00:00:00.000,227.95815972222221,1327.399027777778,"Actual"
"SA",2022-04-22 00:00:00.000,114.04329861111113,1281.1075347222222,"Actual"
"SA",2022-04-23 00:00:00.000,78.710312499999958,1130.3685069444443,"Actual"
"SA",2022-04-24 00:00:00.000,73.467152777777784,1140.5646527777778,"Actual"
"SA",2022-04-25 00:00:00.000,126.64302083333332,1199.0877777777778,"Actual"
"SA",2022-04-26 00:00:00.000,195.06510416666663,1370.9846527777779,"Actual"
"SA",2022-04-27 00:00:00.000,264.67593750000003,1318.3194444444446,"Actual"
"SA",2022-04-28 00:00:00.000,125.29368055555545,1298.4500694444446,"Actual"
"SA",2022-04-29 00:00:00.000,206.97722222222214,1431.5069444444446,"Actual"
"SA",2022-04-30 00:00:00.000,104.61284722222217,1179.0996875,"Actual"
"SA",2022-05-01 00:00:00.000,168.15048611111115,1098.3570833333335,"Actual"
"SA",2022-05-02 00:00:00.000,179.27625,1257.7565972222224,"Actual"
"SA",2022-05-03 00:00:00.000,71.083368055555624,1258.4140625,"Actual"
"SA",2022-05-04 00:00:00.000,189.89170138888889,1334.6503125,"Actual"
"SA",2022-05-05 00:00:00.000,256.98545138888892,1444.1172569444443,"Actual"
"SA",2022-05-06 00:00:00.000,270.00017361111117,1463.21875,"Actual"
"SA",2022-05-07 00:00:00.000,196.76767361111112,1433.6611111111113,"Actual"
"SA",2022-05-08 00:00:00.000,247.61468749999995,1284.9866319444443,"Actual"
"SA",2022-05-09 00:00:00.000,746.73701388888912,1320.4025694444445,"Actual"
"SA",2022-05-10 00:00:00.000,428.66475694444432,1335.4438541666666,"Actual"
"SA",2022-05-11 00:00:00.000,659.79680555555535,1359.869375,"Actual"
"SA",2022-05-12 00:00:00.000,430.20031250000011,1454.3785416666667,"Actual"
"SA",2022-05-13 00:00:00.000,337.32472222222219,1351.7324652777779,"Actual"
"SA",2022-05-14 00:00:00.000,161.78357638888892,1263.1551736111112,"Actual"
"SA",2022-05-15 00:00:00.000,132.02468749999997,1289.9412847222225,"Actual"
"SA",2022-05-16 00:00:00.000,188.75204861111106,1428.4763888888888,"Actual"
"SA",2022-05-17 00:00:00.000,1140.8837152777764,1481.112048611111,"Actual"
"SA",2022-05-18 00:00:00.000,280.89097222222222,1394.2379166666665,"Actual"
"SA",2022-05-19 00:00:00.000,291.74208333333331,1475.0602777777776,"Actual"
"SA",2022-05-20 00:00:00.000,188.16402777777779,1473.07625,"Actual"
"SA",2022-05-21 00:00:00.000,194.59010416666663,1313.9901041666667,"Actual"
"SA",2022-05-22 00:00:00.000,263.2029861111111,1224.6528472222224,"Actual"
"SA",2022-05-23 00:00:00.000,309.57256944444447,1324.1289236111111,"Actual"
"SA",2022-05-24 00:00:00.000,215.90812499999998,1397.5827430555555,"Actual"
"SA",2022-05-25 00:00:00.000,256.01204861111114,1552.3631944444444,"Actual"
"SA",2022-05-26 00:00:00.000,443.45166666666671,1349.1157986111111,"Actual"
"SA",2022-05-27 00:00:00.000,391.42666666666668,1464.9248611111111,"Actual"
"SA",2022-05-28 00:00:00.000,345.9346875,1342.5821180555556,"Actual"
"SA",2022-05-29 00:00:00.000,281.41871527777778,1316.9546527777779,"Actual"
"SA",2022-05-30 00:00:00.000,285.58795138888877,1667.7746527777779,"Actual"
"SA",2022-05-31 00:00:00.000,127.79642361111092,1677.2878472222224,"Actual"
"SA",2022-06-01 00:00:00.000,393.087951388889,1647.3901041666666,"Actual"
"SA",2022-06-02 00:00:00.000,628.07211805555573,1704.7237152777777,"Actual"
"SA",2022-06-03 00:00:00.000,291.81975694444452,1686.8872222222221,"Actual"
"SA",2022-06-04 00:00:00.000,126.96038194444441,1549.1845138888889,"Actual"
"SA",2022-06-05 00:00:00.000,205.19434027777785,1733.960173611111,"Actual"
"SA",2022-06-06 00:00:00.000,317.59833333333336,1696.2963194444444,"Actual"
"SA",2022-06-07 00:00:00.000,263.54288194444445,1666.0028125,"Actual"
"SA",2022-06-08 00:00:00.000,418.70920138888886,1708.9189930555556,"Actual"
"SA",2022-06-09 00:00:00.000,294.98034722222229,1716.0689236111111,"Actual"
"SA",2022-06-10 00:00:00.000,289.58836805555552,1627.9844444444445,"Actual"
"SA",2022-06-11 00:00:00.000,281.3609375000002,1500.6341666666665,"Actual"
"SA",2022-06-12 00:00:00.000,481.15864583333337,1456.0358680555555,"Actual"
"SA",2022-06-13 00:00:00.000,649.3079513888888,1425.8122222222223,"Actual"
"SA",2022-06-14 00:00:00.000,157.08986111111125,1639.4150347222221,"Actual"
"SA",2022-06-15 00:00:00.000,177.19562499999978,1647.221875,"Actual"
"SA",2022-06-16 00:00:00.000,250.99166666666679,1573.2359027777777,"Actual"
"SA",2022-06-17 00:00:00.000,246.57083333333344,1568.4910416666667,"Actual"
"SA",2022-06-18 00:00:00.000,189.66180555555556,1368.0660069444446,"Actual"
"SA",2022-06-19 00:00:00.000,179.8284375,1567.6740625,"Actual"
"SA",2022-06-20 00:00:00.000,232.81763888888889,1686.8224652777778,"Actual"
"SA",2022-06-21 00:00:00.000,264.49003472222211,1588.4054166666667,"Actual"
"SA",2022-06-22 00:00:00.000,264.28055555555557,1521.9263888888888,"Actual"
"SA",2022-06-23 00:00:00.000,158.49666666666667,1462.5910069444444,"Actual"
"SA",2022-06-24 00:00:00.000,269.78243055555561,1515.7589583333333,"Actual"
"SA",2022-06-25 00:00:00.000,240.43201388888883,1351.3023958333331,"Actual"
"SA",2022-06-26 00:00:00.000,257.08822916666668,1364.9382638888885,"Actual"
"SA",2022-06-27 00:00:00.000,499.72461805555542,1549.4487152777779,"Actual"
"SA",2022-06-28 00:00:00.000,370.30965277777779,1565.3478819444442,"Actual"
"SA",2022-06-29 00:00:00.000,352.0350694444445,1773.0697916666668,"Actual"
"SA",2022-06-30 00:00:00.000,324.80975694444447,1595.7872916666668,"Actual"
"SA",2022-07-01 00:00:00.000,448.97017361111108,1707.6521875,"Actual"
"SA",2022-07-02 00:00:00.000,412.74982638888889,1553.6157291666668,"Actual"
"SA",2022-07-03 00:00:00.000,229.6454166666667,1528.6021875,"Actual"
"SA",2022-07-04 00:00:00.000,183.21503472222219,1636.9611111111112,"Actual"
"SA",2022-07-05 00:00:00.000,274.22927083333337,1587.819236111111,"Actual"
"SA",2022-07-06 00:00:00.000,445.37229166666668,1642.1861458333333,"Actual"
"SA",2022-07-07 00:00:00.000,556.99086805555567,1690.7444444444445,"Actual"
"SA",2022-07-08 00:00:00.000,807.65222222222178,1602.7166319444443,"Actual"
"SA",2022-07-09 00:00:00.000,511.81069444444444,1554.4878819444446,"Actual"
"SA",2022-07-10 00:00:00.000,293.77302083333348,1576.423125,"Actual"
"SA",2022-07-11 00:00:00.000,365.45708333333334,1841.3168055555557,"Actual"
"SA",2022-07-12 00:00:00.000,576.53364583333337,1733.0662152777777,"Actual"
"SA",2022-07-13 00:00:00.000,513.56631944444439,1684.8580208333335,"Actual"
"SA",2022-07-14 00:00:00.000,764.29354166666667,1665.1425000000002,"Actual"
"SA",2022-07-15 00:00:00.000,435.65736111111119,1690.7606597222223,"Actual"
"SA",2022-07-16 00:00:00.000,90.701076388889277,1644.787465277778,"Actual"
"SA",2022-07-17 00:00:00.000,96.093680555555835,1568.0216666666665,"Actual"
"SA",2022-07-18 00:00:00.000,573.36083333333318,1693.4302777777777,"Actual"
"SA",2022-07-19 00:00:00.000,489.1728125,1854.0245833333333,"Actual"
"SA",2022-07-20 00:00:00.000,423.13315972222222,1669.6367361111111,"Actual"
"SA",2022-07-21 00:00:00.000,288.94600694444443,1543.4008680555553,"Actual"
"SA",2022-07-22 00:00:00.000,207.72270833333332,1725.6223958333333,"Actual"
"SA",2022-07-23 00:00:00.000,301.4739236111111,1275.6081249999997,"Actual"
"SA",2022-07-24 00:00:00.000,188.81951388888862,1441.2858333333334,"Actual"
"SA",2022-07-25 00:00:00.000,146.84673611111111,1580.8792708333333,"Actual"
"SA",2022-07-26 00:00:00.000,230.49833333333331,1610.2992013888888,"Actual"
"SA",2022-07-27 00:00:00.000,477.70677083333317,1548.3035416666667,"Actual"
"SA",2022-07-28 00:00:00.000,757.3424652777785,1624.5721180555556,"Actual"
"SA",2022-07-29 00:00:00.000,322.85152777777785,1593.1714236111111,"Actual"
"SA",2022-07-30 00:00:00.000,77.847951388888845,1637.4404861111111,"Actual"
"SA",2022-07-31 00:00:00.000,55.394583333333451,1597.5436458333334,"Actual"
"SA",2022-08-01 00:00:00.000,63.704097222222231,1555.8055902777776,"Actual"
"SA",2022-08-02 00:00:00.000,31.168229166666688,1839.7997569444444,"Actual"
"SA",2022-08-03 00:00:00.000,-14.300694444444446,1500.7170486111113,"Actual"
"SA",2022-08-04 00:00:00.000,41.706388888888888,1590.2412847222224,"Actual"
"SA",2022-08-05 00:00:00.000,48.09041666666667,1674.5173263888889,"Actual"
"SA",2022-08-06 00:00:00.000,129.78298611111111,1457.8472222222219,"Actual"
"SA",2022-08-07 00:00:00.000,202.19361111111107,1345.994548611111,"Actual"
"SA",2022-08-08 00:00:00.000,335.47277777777776,1555.1703125,"Actual"
"SA",2022-08-09 00:00:00.000,211.42079861111097,1424.133888888889,"Actual"
"SA",2022-08-10 00:00:00.000,122.98982638888889,1774.2621180555557,"Actual"
"SA",2022-08-11 00:00:00.000,94.897986111111123,1637.544375,"Actual"
"SA",2022-08-12 00:00:00.000,150.95559027777779,1605.4459722222223,"Actual"
"SA",2022-08-13 00:00:00.000,101.03121527777773,1412.861736111111,"Actual"
"SA",2022-08-14 00:00:00.000,86.051249999999982,1393.030486111111,"Actual"
"SA",2022-08-15 00:00:00.000,85.9177430555555,1560.8422222222223,"Actual"
"SA",2022-08-16 00:00:00.000,167.16680555555556,1472.1878124999998,"Actual"
"SA",2022-08-17 00:00:00.000,99.604548611111142,1754.2406597222223,"Actual"
"SA",2022-08-18 00:00:00.000,113.42204861111111,1602.578888888889,"Actual"
"SA",2022-08-19 00:00:00.000,87.086458333333326,1550.4860416666666,"Actual"
"SA",2022-08-20 00:00:00.000,189.23472222222222,1266.8565624999999,"Actual"
"SA",2022-08-21 00:00:00.000,154.55940972222254,1365.8894444444443,"Actual"
"SA",2022-08-22 00:00:00.000,114.92583333333336,1858.9539236111109,"Actual"
"SA",2022-08-23 00:00:00.000,135.8836458333333,1635.5677083333333,"Actual"
"SA",2022-08-24 00:00:00.000,166.76253472222223,1591.3221875000002,"Actual"
"SA",2022-08-25 00:00:00.000,531.90791666666689,1569.8437847222219,"Actual"
"SA",2022-08-26 00:00:00.000,1469.7246874999958,1489.2975000000001,"Actual"
"SA",2022-08-27 00:00:00.000,101.74326388888889,1322.1527430555552,"Actual"
"SA",2022-08-28 00:00:00.000,-9.840416666666691,1161.4242708333334,"Actual"
"SA",2022-08-29 00:00:00.000,109.61961805555552,1548.1197916666667,"Actual"
"SA",2022-08-30 00:00:00.000,87.0823263888889,1543.9127430555557,"Actual"
"SA",2022-08-31 00:00:00.000,154.14708333333334,1448.2944444444445,"Actual"
"SA",2022-09-01 00:00:00.000,428.96392361111151,1439.6793055555559,"Actual"
"SA",2022-09-02 00:00:00.000,116.33871527777778,1566.5267708333333,"Actual"
"SA",2022-09-03 00:00:00.000,99.126527777777781,1421.7645486111114,"Actual"
"SA",2022-09-04 00:00:00.000,103.11437499999998,1264.2254513888886,"Actual"
"SA",2022-09-05 00:00:00.000,197.76038194444445,1417.0618055555556,"Actual"
"SA",2022-09-06 00:00:00.000,202.36517361111112,1253.1635763888889,"Actual"
"SA",2022-09-07 00:00:00.000,533.56246527777785,1495.9289583333334,"Actual"
"SA",2022-09-08 00:00:00.000,352.46083333333672,1445.4437847222223,"Actual"
"SA",2022-09-09 00:00:00.000,82.545277777777812,1575.1765277777779,"Actual"
"SA",2022-09-10 00:00:00.000,88.058229166666763,1183.9621874999998,"Actual"
"SA",2022-09-11 00:00:00.000,175.6686458333333,1299.5065625,"Actual"
"SA",2022-09-12 00:00:00.000,262.27145833333333,1349.1193750000002,"Actual"
"SA",2022-09-13 00:00:00.000,126.45277777777777,1255.4570138888889,"Actual"
"SA",2022-09-14 00:00:00.000,-2.3704166666666993,1602.4529861111112,"Actual"
"SA",2022-09-15 00:00:00.000,110.65788194444434,1307.0965277777775,"Actual"
"SA",2022-09-16 00:00:00.000,-7.037638888888921,1469.8260416666667,"Actual"
"SA",2022-09-17 00:00:00.000,-40.95906250000008,1350.4315277777778,"Actual"
"SA",2022-09-18 00:00:00.000,18.846631944444418,1250.821736111111,"Actual"
"SA",2022-09-19 00:00:00.000,151.79673611111107,1198.8545486111111,"Actual"
"SA",2022-09-20 00:00:00.000,69.771666666666661,1558.0183680555556,"Actual"
"SA",2022-09-21 00:00:00.000,144.0246875,1468.190173611111,"Actual"
"SA",2022-09-22 00:00:00.000,174.55715277777776,1131.4091666666666,"Actual"
"SA",2022-09-23 00:00:00.000,144.9003819444444,1332.8105555555558,"Actual"
"SA",2022-09-24 00:00:00.000,85.160416666666649,1061.3090625000004,"Actual"
"SA",2022-09-25 00:00:00.000,157.42874999999998,1287.0161458333334,"Actual"
"SA",2022-09-26 00:00:00.000,152.29989583333338,1385.9931944444445,"Actual"
"SA",2022-09-27 00:00:00.000,149.84184027777775,1471.4612499999998,"Actual"
"SA",2022-09-28 00:00:00.000,118.49385416666669,1419.4422222222222,"Actual"
"SA",2022-09-29 00:00:00.000,132.44559027777774,1258.0620833333337,"Actual"
"SA",2022-09-30 00:00:00.000,106.67947916666665,1177.1627430555557,"Actual"
"SA",2022-10-01 00:00:00.000,109.75576388888888,978.20309027777807,"Actual"
"SA",2022-10-02 00:00:00.000,100.23375,924.06281250000029,"Actual"
"SA",2022-10-03 00:00:00.000,103.06743055555557,1041.3804166666669,"Actual"
"SA",2022-10-04 00:00:00.000,109.18312500000005,1493.2690972222222,"Actual"
"SA",2022-10-05 00:00:00.000,148.43194444444444,1226.2313888888889,"Actual"
"SA",2022-10-06 00:00:00.000,129.0803125,1064.9261111111111,"Actual"
"SA",2022-10-07 00:00:00.000,108.9785763888888,1123.6648611111111,"Actual"
"SA",2022-10-08 00:00:00.000,121.43111111111112,943.20954861111113,"Actual"
"SA",2022-10-09 00:00:00.000,169.09809027777771,957.98652777777761,"Actual"
"SA",2022-10-10 00:00:00.000,134.43930555555553,1129.8804861111112,"Actual"
"SA",2022-10-11 00:00:00.000,69.576145833333356,1300.1480555555556,"Actual"
"SA",2022-10-12 00:00:00.000,162.76704861111108,1445.8272916666667,"Actual"
"SA",2022-10-13 00:00:00.000,138.70829861111113,1338.7139236111111,"Actual"
"SA",2022-10-14 00:00:00.000,37.910347222222228,1223.9291319444446,"Actual"
"SA",2022-10-15 00:00:00.000,224.41847222222222,962.44979166666678,"Actual"
"SA",2022-10-16 00:00:00.000,113.03138888888881,859.07204861111109,"Actual"
"SA",2022-10-17 00:00:00.000,86.210937500000043,1086.7613541666665,"Actual"
"SA",2022-10-18 00:00:00.000,5.1642361111109665,1156.0126388888889,"Actual"
"SA",2022-10-19 00:00:00.000,8.0129513888888937,1070.5643055555558,"Actual"
"SA",2022-10-20 00:00:00.000,45.536354166666655,1123.6396875,"Actual"
"SA",2022-10-21 00:00:00.000,129.97618055555554,1059.6839236111111,"Actual"
"SA",2022-10-22 00:00:00.000,119.39288194444445,1043.5315624999998,"Actual"
"SA",2022-10-23 00:00:00.000,61.549548611111177,1269.3147222222221,"Actual"
"SA",2022-10-24 00:00:00.000,88.54916666666665,1281.1454513888889,"Actual"
"SA",2022-10-25 00:00:00.000,179.31440972222222,1194.7241319444445,"Actual"
"SA",2022-10-26 00:00:00.000,124.8335416666667,1191.0716666666665,"Actual"
"SA",2022-10-27 00:00:00.000,13.591180555555511,1195.0797222222222,"Actual"
"SA",2022-10-28 00:00:00.000,-7.4998958333333023,1082.7269097222222,"Actual"
"SA",2022-10-29 00:00:00.000,64.650694444444426,899.77986111111113,"Actual"
"SA",2022-10-30 00:00:00.000,-32.310486111111459,1170.9482986111111,"Actual"
"SA",2022-10-31 00:00:00.000,31.523750000000017,1427.45875,"Actual"
"SA",2022-11-01 00:00:00.000,-2.8565625000000878,1452.7136458333334,"Actual"
"SA",2022-11-02 00:00:00.000,1.3727430555555582,1350.5653125,"Actual"
"SA",2022-11-03 00:00:00.000,100.15142361111111,1186.018333333333,"Actual"
"SA",2022-11-04 00:00:00.000,131.2265625,1027.1321180555553,"Actual"
"SA",2022-11-05 00:00:00.000,67.498784722222211,850.305625,"Actual"
"SA",2022-11-06 00:00:00.000,68.808437499999982,816.71802083333318,"Actual"
"SA",2022-11-07 00:00:00.000,111.79864583333334,1049.1865277777779,"Actual"
"SA",2022-11-08 00:00:00.000,79.551979166666726,1211.1433333333332,"Actual"
"SA",2022-11-09 00:00:00.000,31.58180555555559,1369.9070833333333,"Actual"
"SA",2022-11-10 00:00:00.000,74.587465277777824,1155.6370138888888,"Actual"
"SA",2022-11-11 00:00:00.000,93.678194444444458,1019.5340625000001,"Actual"
"SA",2022-11-12 00:00:00.000,69.095381944444441,1234.6096874999998,"Actual"
"SA",2022-11-13 00:00:00.000,161.64958333333294,1029.7097222222221,"Actual"
"SA",2022-11-14 00:00:00.000,-39.688020833333326,1293.5472222222222,"Actual"
"SA",2022-11-15 00:00:00.000,172.71128472222216,1190.7082291666666,"Actual"
"SA",2022-11-16 00:00:00.000,164.5906597222222,1202.6386805555555,"Actual"
"SA",2022-11-17 00:00:00.000,176.93149305555556,1151.1795486111112,"Actual"
"SA",2022-11-18 00:00:00.000,-59.945659722222288,1271.8753819444444,"Actual"
"SA",2022-11-19 00:00:00.000,32.85902777777774,1188.4472569444447,"Actual"
"SA",2022-11-20 00:00:00.000,-132.05291666666687,1079.4662847222221,"Actual"
"SA",2022-11-21 00:00:00.000,-78.979618055555449,1197.0928472222222,"Actual"
"SA",2022-11-22 00:00:00.000,71.1284722222222,1204.5484027777777,"Actual"
"SA",2022-11-23 00:00:00.000,74.241284722222389,1077.2837152777777,"Actual"
"SA",2022-11-24 00:00:00.000,150.38059027777774,965.87600694444438,"Actual"
"SA",2022-11-25 00:00:00.000,96.6011458333334,1110.5522916666664,"Actual"
"SA",2022-11-26 00:00:00.000,0.58343749999999339,1204.3460416666667,"Actual"
"SA",2022-11-27 00:00:00.000,14.377673611111049,960.73052083333323,"Actual"
"SA",2022-11-28 00:00:00.000,75.969722222222288,1086.2721527777776,"Actual"
"SA",2022-11-29 00:00:00.000,93.314340277777873,1072.4645138888891,"Actual"
"SA",2022-11-30 00:00:00.000,74.0353819444444,986.03868055555529,"Actual"
"SA",2022-12-01 00:00:00.000,57.804340277777783,1012.2998611111109,"Actual"
"SA",2022-12-02 00:00:00.000,88.893090277777844,1062.9383333333335,"Actual"
"SA",2022-12-03 00:00:00.000,93.510763888888931,1099.0158680555553,"Actual"
"SA",2022-12-04 00:00:00.000,61.498159722222326,1212.3027083333334,"Actual"
"SA",2022-12-05 00:00:00.000,20.833402777777849,1164.5117361111113,"Actual"
"SA",2022-12-06 00:00:00.000,181.484375,1151.2762499999997,"Actual"
"SA",2022-12-07 00:00:00.000,10.983298611110968,1109.7604166666665,"Actual"
"SA",2022-12-08 00:00:00.000,17.185312499999995,1070.6465624999998,"Actual"
"SA",2022-12-09 00:00:00.000,55.133993055555557,1076.428402777778,"Actual"
"SA",2022-12-10 00:00:00.000,27.737187500000026,1226.9915625,"Actual"
"SA",2022-12-11 00:00:00.000,7.3185763888889426,1105.0724652777778,"Actual"
"SA",2022-12-12 00:00:00.000,-26.996180555555824,1127.9180208333332,"Actual"
"SA",2022-12-13 00:00:00.000,0.14100694444447015,1188.3653472222222,"Actual"
"SA",2022-12-14 00:00:00.000,-1.1548611111111171,1113.8019097222223,"Actual"
"SA",2022-12-15 00:00:00.000,-13.136875000000074,1078.9498263888891,"Actual"
"SA",2022-12-16 00:00:00.000,-11.244930555555573,980.7985069444444,"Actual"
"SA",2022-12-17 00:00:00.000,-27.989270833333318,899.26253472222243,"Actual"
"SA",2022-12-18 00:00:00.000,-39.267604166666686,1054.4510763888889,"Actual"
"SA",2022-12-19 00:00:00.000,10.854375000000001,1334.1014930555557,"Actual"
"SA",2022-12-20 00:00:00.000,20.760520833333352,1452.4610069444445,"Actual"
"SA",2022-12-21 00:00:00.000,74.607708333333349,1321.7187152777778,"Actual"
"SA",2022-12-22 00:00:00.000,63.624305555555679,1059.3497569444451,"Actual"
"SA",2022-12-23 00:00:00.000,56.770208333333308,972.96256944444417,"Actual"
"SA",2022-12-24 00:00:00.000,71.997118055555575,931.81374999999991,"Actual"
"SA",2022-12-25 00:00:00.000,50.854340277777737,1029.0280555555555,"Actual"
"SA",2022-12-26 00:00:00.000,82.7114930555556,1398.227986111111,"Actual"
"SA",2022-12-27 00:00:00.000,44.301319444444438,1874.2575,"Actual"
"SA",2022-12-28 00:00:00.000,16.707430555555554,1121.8710763888889,"Actual"
"SA",2022-12-29 00:00:00.000,8.5115277777778715,946.387013888889,"Actual"
"SA",2022-12-30 00:00:00.000,39.37194444444448,964.61663194444452,"Actual"
"SA",2022-12-31 00:00:00.000,54.60541666666667,1043.2685069444442,"Actual"
"SA",2023-01-01 00:00:00.000,57.865590277777791,1278.2798958333331,"Actual"
"SA",2023-01-02 00:00:00.000,28.018749999999898,1144.3261805555558,"Actual"
"SA",2023-01-03 00:00:00.000,10.02413194444452,1056.9455208333334,"Actual"
"SA",2023-01-04 00:00:00.000,-29.992812500000085,1076.8147569444443,"Actual"
"SA",2023-01-05 00:00:00.000,-20.271076388888886,1027.2317013888894,"Actual"
"SA",2023-01-06 00:00:00.000,-20.445555555555536,1104.4039583333335,"Actual"
"SA",2023-01-07 00:00:00.000,92.45381944444452,1341.5430555555554,"Actual"
"SA",2023-01-08 00:00:00.000,79.236736111111114,1469.6545833333332,"Actual"
"SA",2023-01-09 00:00:00.000,51.82125,1347.0331944444447,"Actual"
"SA",2023-01-10 00:00:00.000,49.573923611111077,1273.2425347222222,"Actual"
"SA",2023-01-11 00:00:00.000,128.00982638888891,1356.2501388888891,"Actual"
"SA",2023-01-12 00:00:00.000,126.01649305555554,1397.3059375,"Actual"
"SA",2023-01-13 00:00:00.000,154.73437500000003,1627.2593402777777,"Actual"
"SA",2023-01-14 00:00:00.000,65.069756944444435,1681.2357638888889,"Actual"
"SA",2023-01-15 00:00:00.000,-12.503055555555594,1041.2481944444439,"Actual"
"SA",2023-01-16 00:00:00.000,101.24767361111111,1386.4403125000001,"Actual"
"SA",2023-01-17 00:00:00.000,68.725729166666667,1735.3505208333333,"Actual"
"SA",2023-01-18 00:00:00.000,48.426979166666712,1356.1464583333336,"Actual"
"SA",2023-01-19 00:00:00.000,-22.558506944444389,1070.082152777778,"Actual"
"SA",2023-01-20 00:00:00.000,27.248541666666693,1054.2729166666668,"Actual"
"SA",2023-01-21 00:00:00.000,22.661736111111132,985.31378472222241,"Actual"
"SA",2023-01-22 00:00:00.000,23.450000000000138,1038.633888888889,"Actual"
"SA",2023-01-23 00:00:00.000,96.280208333333334,1328.9380208333332,"Actual"
"SA",2023-01-24 00:00:00.000,88.8688888888889,1227.642048611111,"Actual"
"SA",2023-01-25 00:00:00.000,41.715138888889015,1174.8642013888887,"Actual"
"SA",2023-01-26 00:00:00.000,25.283506944444539,989.18208333333325,"Actual"
"SA",2023-01-27 00:00:00.000,160.81524305555553,1395.7840625,"Actual"
"SA",2023-01-28 00:00:00.000,54.246423611111126,1467.5581944444446,"Actual"
"SA",2023-01-29 00:00:00.000,133.30434027777778,1173.3502430555554,"Actual"
"SA",2023-01-30 00:00:00.000,74.475451388888928,1122.1084722222222,"Actual"
"SA",2023-01-31 00:00:00.000,69.298472222222216,1030.426076388889,"Actual"
"SA",2023-02-01 00:00:00.000,59.114722222222241,1182.6964236111112,"Actual"
"SA",2023-02-02 00:00:00.000,2.6055555555554406,1280.1667708333332,"Actual"
"SA",2023-02-03 00:00:00.000,-23.933402777777793,1153.0707638888889,"Actual"
"SA",2023-02-04 00:00:00.000,21.218611111111073,1013.2463194444446,"Actual"
"SA",2023-02-05 00:00:00.000,43.332604166666655,859.84100694444419,"Actual"
"SA",2023-02-06 00:00:00.000,64.2190625,1070.2068749999999,"Actual"
"SA",2023-02-07 00:00:00.000,45.85777777777777,1198.326354166667,"Actual"
"SA",2023-02-08 00:00:00.000,75.029479166666675,1336.18625,"Actual"
"SA",2023-02-09 00:00:00.000,329.26291666666674,1478.8241666666665,"Actual"
"SA",2023-02-10 00:00:00.000,90.299340277777674,1318.6101041666666,"Actual"
"SA",2023-02-11 00:00:00.000,22.048958333333402,1106.3752430555551,"Actual"
"SA",2023-02-12 00:00:00.000,24.932777777777886,958.15993055555577,"Actual"
"SA",2023-02-13 00:00:00.000,50.66524305555555,1077.4543055555553,"Actual"
"SA",2023-02-14 00:00:00.000,57.395868055555539,1092.1097916666668,"Actual"
"SA",2023-02-15 00:00:00.000,250.80347222222227,1405.4787152777776,"Actual"
"SA",2023-02-16 00:00:00.000,608.7835069444443,1778.6152083333334,"Actual"
"SA",2023-02-17 00:00:00.000,97.617916666666673,1337.0468055555555,"Actual"
"SA",2023-02-18 00:00:00.000,56.121701388888923,1047.9896875,"Actual"
"SA",2023-02-19 00:00:00.000,63.901041666666657,1075.7613541666665,"Actual"
"SA",2023-02-20 00:00:00.000,75.937152777777783,1451.0340277777777,"Actual"
"SA",2023-02-21 00:00:00.000,22.276666666666685,1691.4208333333333,"Actual"
"SA",2023-02-22 00:00:00.000,120.01815972222215,1834.0342361111111,"Actual"
"SA",2023-02-23 00:00:00.000,185.18451388888889,2098.4388888888889,"Actual"
"SA",2023-02-24 00:00:00.000,50.650972222222236,2073.8208333333332,"Actual"
"SA",2023-02-25 00:00:00.000,148.68756944444442,1232.4221180555555,"Actual"
"SA",2023-02-26 00:00:00.000,22.160555555555526,966.81076388888869,"Actual"
"SA",2023-02-27 00:00:00.000,63.396354166666654,1090.8320486111111,"Actual"
"SA",2023-02-28 00:00:00.000,89.936180555555552,1249.7787847222221,"Actual"
"SA",2023-03-01 00:00:00.000,45.208472222222227,1200.0574652777777,"Actual"
"SA",2023-03-02 00:00:00.000,67.330034722222223,1191.0742013888889,"Actual"
"SA",2023-03-03 00:00:00.000,31.400243055555563,1092.3305902777779,"Actual"
"SA",2023-03-04 00:00:00.000,59.5659722222222,1028.1796874999998,"Actual"
"SA",2023-03-05 00:00:00.000,19.545104166666746,1293.3031944444444,"Actual"
"SA",2023-03-06 00:00:00.000,6.4061458333332908,1251.9969791666667,"Actual"
"SA",2023-03-07 00:00:00.000,-14.281701388888887,1274.834340277778,"Actual"
"SA",2023-03-08 00:00:00.000,23.6426388888889,1209.7373611111111,"Actual"
"SA",2023-03-09 00:00:00.000,58.755624999999995,1170.3609722222222,"Actual"
"SA",2023-03-10 00:00:00.000,70.168506944444431,1041.9239583333333,"Actual"
"SA",2023-03-11 00:00:00.000,47.461076388888941,957.20111111111123,"Actual"
"SA",2023-03-12 00:00:00.000,37.379652777777778,900.88541666666674,"Actual"
"SA",2023-03-13 00:00:00.000,27.411527777777721,920.53663194444459,"Actual"
"SA",2023-03-14 00:00:00.000,91.267361111111114,1132.4970833333334,"Actual"
"SA",2023-03-15 00:00:00.000,109.11322916666664,1187.4891319444444,"Actual"
"SA",2023-03-16 00:00:00.000,32.360486111111086,1203.3265972222223,"Actual"
"SA",2023-03-17 00:00:00.000,130.93479166666685,1308.5225,"Actual"
"SA",2023-03-18 00:00:00.000,14.363784722222299,1238.9927777777777,"Actual"
"SA",2023-03-19 00:00:00.000,46.140381944444442,1099.4377430555558,"Actual"
"SA",2023-03-20 00:00:00.000,10.590104166666665,1300.1132986111111,"Actual"
"SA",2023-03-21 00:00:00.000,104.41524305555558,1238.3835416666666,"Actual"
"SA",2023-03-22 00:00:00.000,104.18444444444445,1241.2452083333333,"Actual"
"SA",2023-03-23 00:00:00.000,78.475104166666654,1161.0329861111109,"Actual"
"SA",2023-03-24 00:00:00.000,73.28972222222221,1232.0355208333333,"Actual"
"SA",2023-03-25 00:00:00.000,45.935312499999966,1030.5634722222221,"Actual"
"SA",2023-03-26 00:00:00.000,94.8296875,1238.0803125,"Actual"
"SA",2023-03-27 00:00:00.000,154.96618055555558,1311.5867708333333,"Actual"
"SA",2023-03-28 00:00:00.000,156.16138888888889,1256.1369444444445,"Actual"
"SA",2023-03-29 00:00:00.000,63.659340277777787,1158.0172916666666,"Actual"
"SA",2023-03-30 00:00:00.000,111.24159722222223,1158.953715277778,"Actual"
"SA",2023-03-31 00:00:00.000,110.43954861111112,1141.1406944444445,"Actual"
"SA",2023-04-01 00:00:00.000,89.508680555555557,1047.2423263888888,"Actual"
"SA",2023-04-02 00:00:00.000,94.030937500000007,925.909027777778,"Actual"
"SA",2023-04-03 00:00:00.000,109.64892361111113,1060.9559027777777,"Actual"
"SA",2023-04-04 00:00:00.000,130.43069444444444,1129.5411805555557,"Actual"
"SA",2023-04-05 00:00:00.000,123.29684027777779,1201.4534722222222,"Actual"
"SA",2023-04-06 00:00:00.000,96.5111111111111,1274.2954166666668,"Actual"
"SA",2023-04-07 00:00:00.000,-2.8107986111111032,1099.0975694444446,"Actual"
"SA",2023-04-08 00:00:00.000,-2.0645486111111992,1135.6632638888889,"Actual"
"SA",2023-04-09 00:00:00.000,37.8198263888889,1114.3734375000004,"Actual"
"SA",2023-04-10 00:00:00.000,79.564583333333317,981.65138888888873,"Actual"
"SA",2023-04-11 00:00:00.000,65.89215277777781,1445.5189236111112,"Actual"
"SA",2023-04-12 00:00:00.000,4.9171180555555907,1306.6354513888889,"Actual"
"SA",2023-04-13 00:00:00.000,115.30944444444444,1236.0171875,"Actual"
"SA",2023-04-14 00:00:00.000,25.696666666666815,1273.7238888888887,"Actual"
"SA",2023-04-15 00:00:00.000,35.954062500000042,1271.2119097222223,"Actual"
"SA",2023-04-16 00:00:00.000,56.246770833333329,1056.8617013888888,"Actual"
"SA",2023-04-17 00:00:00.000,142.66534722222221,1122.6918055555554,"Actual"
"SA",2023-04-18 00:00:00.000,117.79770833333336,1158.6249305555555,"Actual"
"SA",2023-04-19 00:00:00.000,113.98229166666667,1289.3588194444444,"Actual"
"SA",2023-04-20 00:00:00.000,133.48583333333335,1357.8788888888889,"Actual"
"SA",2023-04-21 00:00:00.000,135.33510416666667,1202.8326736111112,"Actual"
"SA",2023-04-22 00:00:00.000,99.86423611111104,1038.6828472222223,"Actual"
"SA",2023-04-23 00:00:00.000,54.464930555555554,1017.8053472222221,"Actual"
"SA",2023-04-24 00:00:00.000,84.277847222222221,1134.3520138888889,"Actual"
"SA",2023-04-25 00:00:00.000,70.324236111111148,1098.7272916666666,"Actual"
"SA",2023-04-26 00:00:00.000,3.041388888888946,1370.9257291666665,"Actual"
"SA",2023-04-27 00:00:00.000,115.75343749999999,1232.0099652777778,"Actual"
"SA",2023-04-28 00:00:00.000,64.385416666666629,1268.2826388888889,"Actual"
"SA",2023-04-29 00:00:00.000,149.78364583333331,1128.1515625000002,"Actual"
"SA",2023-04-30 00:00:00.000,205.097951388889,1202.3240972222225,"Actual"
"SA",2023-05-01 00:00:00.000,332.1387499999999,1341.5249305555556,"Actual"
"SA",2023-05-02 00:00:00.000,96.999861111111159,1355.7056597222222,"Actual"
"SA",2023-05-03 00:00:00.000,72.914861111111151,1407.1994097222223,"Actual"
"SA",2023-05-04 00:00:00.000,1142.8204166666637,1472.4900694444445,"Actual"
"SA",2023-05-05 00:00:00.000,148.8788194444445,1535.6823263888889,"Actual"
"SA",2023-05-06 00:00:00.000,171.56979166666665,1313.7817013888887,"Actual"
"SA",2023-05-07 00:00:00.000,124.52934027777769,1354.6172916666665,"Actual"
"SA",2023-05-08 00:00:00.000,159.5178125,1607.5471527777777,"Actual"
"SA",2023-05-09 00:00:00.000,213.10361111111106,1523.1695486111112,"Actual"
"SA",2023-05-10 00:00:00.000,314.59184027777781,1292.8105208333332,"Actual"
"SA",2023-05-11 00:00:00.000,124.3404166666667,1333.3548958333333,"Actual"
"SA",2023-05-12 00:00:00.000,229.04142361111113,1352.0367013888888,"Actual"
"SA",2023-05-13 00:00:00.000,164.51993055555556,1193.0570833333334,"Actual"
"SA",2023-05-14 00:00:00.000,142.15208333333331,1117.2789236111112,"Actual"
"SA",2023-05-15 00:00:00.000,143.62479166666668,1294.3618402777779,"Actual"
"SA",2023-05-16 00:00:00.000,202.35944444444445,1485.7549305555556,"Actual"
"SA",2023-05-17 00:00:00.000,227.78100694444444,1509.2802777777779,"Actual"
"SA",2023-05-18 00:00:00.000,221.45777777777778,1588.6986458333333,"Actual"
"SA",2023-05-19 00:00:00.000,251.18187499999996,1621.0240277777777,"Actual"
"SA",2023-05-20 00:00:00.000,135.55093749999997,1380.822326388889,"Actual"
"SA",2023-05-21 00:00:00.000,85.5565625,1363.201840277778,"Actual"
"SA",2023-05-22 00:00:00.000,236.07079861111114,1534.0067013888888,"Actual"
"SA",2023-05-23 00:00:00.000,291.5931597222222,1583.1936805555556,"Actual"
"SA",2023-05-24 00:00:00.000,38.368090277777753,1512.7220138888888,"Actual"
"SA",2023-05-25 00:00:00.000,84.400659722222244,1766.6786458333333,"Actual"
"SA",2023-05-26 00:00:00.000,136.19218750000005,1567.0374652777778,"Actual"
"SA",2023-05-27 00:00:00.000,75.5468055555556,1422.5044791666667,"Actual"
"SA",2023-05-28 00:00:00.000,55.956458333333345,1401.3017013888889,"Actual"
"SA",2023-05-29 00:00:00.000,175.92211805555556,1517.555,"Actual"
"SA",2023-05-30 00:00:00.000,284.5040625,1502.6707986111112,"Actual"
"SA",2023-05-31 00:00:00.000,64.687118055555459,1483.6761111111111,"Actual"
"SA",2023-06-01 00:00:00.000,206.48913194444441,1495.578298611111,"Actual"
"SA",2023-06-02 00:00:00.000,167.22260416666668,1535.3864930555555,"Actual"
"SA",2023-06-03 00:00:00.000,71.572256944444433,1214.7761111111113,"Actual"
"SA",2023-06-04 00:00:00.000,23.364652777777792,1323.4570486111111,"Actual"
"SA",2023-06-05 00:00:00.000,63.919965277777777,1510.5813888888888,"Actual"
"SA",2023-06-06 00:00:00.000,28.090972222222241,1344.8323611111111,"Actual"
"SA",2023-06-07 00:00:00.000,1.0209027777777706,1478.3521527777777,"Actual"
"SA",2023-06-08 00:00:00.000,7.6871180555555556,1524.4903125,"Actual"
"SA",2023-06-09 00:00:00.000,61.164444444444456,1482.1537847222223,"Actual"
"SA",2023-06-10 00:00:00.000,127.2824652777779,1354.8779861111111,"Actual"
"SA",2023-06-11 00:00:00.000,97.608263888888885,1365.4965277777778,"Actual"
"SA",2023-06-12 00:00:00.000,-1.3539236111110569,1296.9080208333332,"Actual"
"SA",2023-06-13 00:00:00.000,25.203506944444435,1586.633888888889,"Actual"
"SA",2023-06-14 00:00:00.000,61.421562499999979,1618.7366319444445,"Actual"
"SA",2023-06-15 00:00:00.000,34.638854166666675,1620.7215972222223,"Actual"
"SA",2023-06-16 00:00:00.000,-40.43583333333337,1464.4400694444444,"Actual"
"SA",2023-06-17 00:00:00.000,-6.5562152777777669,1537.000763888889,"Actual"
"SA",2023-06-18 00:00:00.000,-1.9827777777777555,1369.8800347222223,"Actual"
"SA",2023-06-19 00:00:00.000,83.691249999999982,1545.8147916666667,"Actual"
"SA",2023-06-20 00:00:00.000,188.60770833333333,1589.811875,"Actual"
"SA",2023-06-21 00:00:00.000,90.790902777777745,1822.08625,"Actual"
"SA",2023-06-22 00:00:00.000,112.12468749999998,1940.9623958333334,"Actual"
"SA",2023-06-23 00:00:00.000,100.12562499999999,1638.1793055555556,"Actual"
"SA",2023-06-24 00:00:00.000,-17.741909722222182,1600.1376736111113,"Actual"
"SA",2023-06-25 00:00:00.000,-21.182847222222229,1556.1774305555555,"Actual"
"SA",2023-06-26 00:00:00.000,152.04260416666685,1608.1290972222223,"Actual"
"SA",2023-06-27 00:00:00.000,233.04930555555566,1816.4474305555555,"Actual"
"SA",2023-06-28 00:00:00.000,464.08399305555571,1595.3583333333333,"Actual"
"SA",2023-06-29 00:00:00.000,187.30288194444444,1629.4852083333333,"Actual"
"SA",2023-06-30 00:00:00.000,67.838923611111085,1629.0835069444445,"Actual"
"SA",2023-07-01 00:00:00.000,117.44458333333334,1374.8731944444444,"Actual"
"SA",2023-07-02 00:00:00.000,124.13739583333329,1494.829375,"Actual"
"SA",2023-07-03 00:00:00.000,211.33277777777778,1767.0231597222223,"Actual"
"SA",2023-07-04 00:00:00.000,182.29149305555558,1610.4351736111112,"Actual"
"SA",2023-07-05 00:00:00.000,67.333611111111111,1582.9578819444444,"Actual"
"SA",2023-07-06 00:00:00.000,11.146006944444458,1798.2025694444444,"Actual"
"SA",2023-07-07 00:00:00.000,-9.7729861111111145,1590.6449652777778,"Actual"
"SA",2023-07-08 00:00:00.000,-33.729236111111121,1529.0764583333334,"Actual"
"SA",2023-07-09 00:00:00.000,28.576145833333381,1481.5160416666668,"Actual"
"SA",2023-07-10 00:00:00.000,120.9949305555554,1617.8402430555554,"Actual"
"SA",2023-07-11 00:00:00.000,138.00996527777775,1484.7088194444445,"Actual"
"SA",2023-07-12 00:00:00.000,102.98913194444442,1499.5139583333332,"Actual"
"SA",2023-07-13 00:00:00.000,-9.2570486111111041,1564.2310763888888,"Actual"
"SA",2023-07-14 00:00:00.000,-13.715763888888887,1475.1405208333335,"Actual"
"SA",2023-07-15 00:00:00.000,46.448124999999941,1498.4413541666668,"Actual"
"SA",2023-07-16 00:00:00.000,64.9082291666666,1345.7174305555559,"Actual"
"SA",2023-07-17 00:00:00.000,124.83840277777776,1550.5084027777777,"Actual"
"SA",2023-07-18 00:00:00.000,99.104270833333246,1681.3514236111112,"Actual"
"SA",2023-07-19 00:00:00.000,59.379375000000032,1590.7818750000001,"Actual"
"SA",2023-07-20 00:00:00.000,15.991736111111088,1674.8230208333334,"Actual"
"SA",2023-07-21 00:00:00.000,119.81732638888892,1549.943888888889,"Actual"
"SA",2023-07-22 00:00:00.000,70.560486111111089,1535.8794444444443,"Actual"
"SA",2023-07-23 00:00:00.000,67.126805555555563,1482.3191666666667,"Actual"
"SA",2023-07-24 00:00:00.000,154.88527777777779,1628.9995833333332,"Actual"
"SA",2023-07-25 00:00:00.000,131.93010416666667,1438.0374652777778,"Actual"
"SA",2023-07-26 00:00:00.000,103.10763888888889,1428.0353472222223,"Actual"
"SA",2023-07-27 00:00:00.000,11.450034722222217,1692.5163194444444,"Actual"
"SA",2023-07-28 00:00:00.000,73.0743402777778,1484.3046875,"Actual"
"SA",2023-07-29 00:00:00.000,46.662222222222226,1293.5536111111114,"Actual"
"SA",2023-07-30 00:00:00.000,-12.108993055555572,1404.3354166666668,"Actual"
"SA",2023-07-31 00:00:00.000,40.990277777777791,1560.2926041666667,"Actual"
"SA",2023-08-01 00:00:00.000,465.89895833333372,1492.3342361111111,"Actual"
"SA",2023-08-02 00:00:00.000,32.973854166666754,1360.6410069444444,"Actual"
"SA",2023-08-03 00:00:00.000,-82.4628125,1315.7547222222224,"Actual"
"SA",2023-08-04 00:00:00.000,-18.49451388888891,1428.3436111111112,"Actual"
"SA",2023-08-05 00:00:00.000,150.9525347222222,1409.6973263888888,"Actual"
"SA",2023-08-06 00:00:00.000,60.660486111111076,1352.4579513888891,"Actual"
"SA",2023-08-07 00:00:00.000,105.48694444444445,1443.6740972222221,"Actual"
"SA",2023-08-08 00:00:00.000,117.93170138888891,1389.2377777777779,"Actual"
"SA",2023-08-09 00:00:00.000,3.5261111111111347,1325.609375,"Actual"
"SA",2023-08-10 00:00:00.000,132.95944444444439,1408.7094097222223,"Actual"
"SA",2023-08-11 00:00:00.000,1605.67375,1401.4247222222223,"Actual"
"SA",2023-08-12 00:00:00.000,292.63534722222221,1484.4548263888889,"Actual"
"SA",2023-08-13 00:00:00.000,230.2484375,1464.4829861111111,"Actual"
"SA",2023-08-14 00:00:00.000,237.72475694444472,1386.7649652777777,"Actual"
"SA",2023-08-15 00:00:00.000,235.19236111111115,1353.0443055555556,"Actual"
"SA",2023-08-16 00:00:00.000,102.85729166666667,1387.2075347222224,"Actual"
"SA",2023-08-17 00:00:00.000,50.204652777777817,1624.2330208333333,"Actual"
"SA",2023-08-18 00:00:00.000,4.9249999999999918,1496.5622916666666,"Actual"
"SA",2023-08-19 00:00:00.000,22.781493055555547,1415.4309027777779,"Actual"
"SA",2023-08-20 00:00:00.000,63.6057986111111,1297.7408333333335,"Actual"
"SA",2023-08-21 00:00:00.000,61.350937499999986,1341.9584722222223,"Actual"
"SA",2023-08-22 00:00:00.000,74.173125,1344.6713541666666,"Actual"
"SA",2023-08-23 00:00:00.000,122.44545138888888,1505.5242361111111,"Actual"
"SA",2023-08-24 00:00:00.000,66.038055555555587,1309.7607986111111,"Actual"
"SA",2023-08-25 00:00:00.000,64.723958333333343,1259.6737152777778,"Actual"
"SA",2023-08-26 00:00:00.000,47.390243055555473,1110.3888194444444,"Actual"
"SA",2023-08-27 00:00:00.000,63.5779513888889,1153.1386805555558,"Actual"
"SA",2023-08-28 00:00:00.000,123.88277777777778,1256.8484722222222,"Actual"
"SA",2023-08-29 00:00:00.000,32.472986111111148,1294.20625,"Actual"
"SA",2023-08-30 00:00:00.000,425.81888888888858,1300.9252777777776,"Actual"
"SA",2023-08-31 00:00:00.000,70.582673611111119,1389.6880902777777,"Actual"
"SA",2023-09-01 00:00:00.000,117.53968749999999,1347.087048611111,"Actual"
"SA",2023-09-02 00:00:00.000,77.626597222222159,1063.4892708333334,"Actual"
"SA",2023-09-03 00:00:00.000,-47.684618055555518,1026.812673611111,"Actual"
"SA",2023-09-04 00:00:00.000,39.466284722222184,1239.2842708333333,"Actual"
"SA",2023-09-05 00:00:00.000,47.530868055555615,1183.4035763888887,"Actual"
"SA",2023-09-06 00:00:00.000,-2.1409027777777254,1190.6128472222222,"Actual"
"SA",2023-09-07 00:00:00.000,-29.123333333333324,1471.8783333333333,"Actual"
"SA",2023-09-08 00:00:00.000,42.771770833333314,1467.2726388888889,"Actual"
"SA",2023-09-09 00:00:00.000,60.954444444444469,1248.7781944444444,"Actual"
"SA",2023-09-10 00:00:00.000,55.455173611111114,1030.5118055555558,"Actual"
"SA",2023-09-11 00:00:00.000,94.294270833333343,1077.2293750000001,"Actual"
"SA",2023-09-12 00:00:00.000,72.443645833333562,1067.3377777777778,"Actual"
"SA",2023-09-13 00:00:00.000,81.412048611111118,1039.1405555555552,"Actual"
"SA",2023-09-14 00:00:00.000,-20.43125000000002,1171.9145486111111,"Actual"
"SA",2023-09-15 00:00:00.000,53.063611111111108,997.61131944444469,"Actual"
"SA",2023-09-16 00:00:00.000,13.820416666666517,898.26409722222218,"Actual"
"SA",2023-09-17 00:00:00.000,5.2332291666666482,955.79899305555591,"Actual"
"SA",2023-09-18 00:00:00.000,57.398854166666688,1157.6617013888888,"Actual"
"SA",2023-09-19 00:00:00.000,48.377951388888874,1035.1296527777779,"Actual"
"SA",2023-09-20 00:00:00.000,-12.456180555555569,1200.1399999999999,"Actual"
"SA",2023-09-21 00:00:00.000,69.494652777777787,1105.2927777777779,"Actual"
"SA",2023-09-22 00:00:00.000,55.684965277777792,1038.0145138888893,"Actual"
"SA",2023-09-23 00:00:00.000,22.705381944444447,907.18368055555629,"Actual"
"SA",2023-09-24 00:00:00.000,46.165555555555592,920.16642361111076,"Actual"
"SA",2023-09-25 00:00:00.000,71.691666666666265,1036.4722916666667,"Actual"
"SA",2023-09-26 00:00:00.000,81.602395833333318,1029.3342708333337,"Actual"
"SA",2023-09-27 00:00:00.000,42.569097222222183,1134.4481944444444,"Actual"
"SA",2023-09-28 00:00:00.000,51.055486111111151,1064.0846875000002,"Actual"
"SA",2023-09-29 00:00:00.000,40.463715277777759,1092.0661111111112,"Actual"
"SA",2023-09-30 00:00:00.000,2.9355555555555384,1036.6562152777778,"Actual"
"SA",2023-10-01 00:00:00.000,-22.179895833333326,920.21125000000006,"Actual"
"SA",2023-10-02 00:00:00.000,-1.1892013888888968,984.273888888889,"Actual"
"SA",2023-10-03 00:00:00.000,48.874687500000007,1116.592986111111,"Actual"
"SA",2023-10-04 00:00:00.000,30.851597222222239,1100.8256597222221,"Actual"
"SA",2023-10-05 00:00:00.000,27.484583333333333,1397.5125,"Actual"
"SA",2023-10-06 00:00:00.000,37.011631944444446,1093.7382986111113,"Actual"
"SA",2023-10-07 00:00:00.000,31.176388888888873,967.83020833333364,"Actual"
"SA",2023-10-08 00:00:00.000,35.562986111111115,880.92059027777759,"Actual"
"SA",2023-10-09 00:00:00.000,43.224236111111104,1007.7623263888888,"Actual"
"SA",2023-10-10 00:00:00.000,68.9934375,1019.3186458333334,"Actual"
"SA",2023-10-11 00:00:00.000,7.5873611111110932,1211.1859722222221,"Actual"
"SA",2023-10-12 00:00:00.000,-14.128298611111124,1153.162951388889,"Actual"
"SA",2023-10-13 00:00:00.000,5.9906250000000085,1201.5358680555557,"Actual"
"SA",2023-10-14 00:00:00.000,-8.0517361111111025,1100.6237847222221,"Actual"
"SA",2023-10-15 00:00:00.000,25.905798611111116,1095.4701041666667,"Actual"
"SA",2023-10-16 00:00:00.000,-3.5732291666666622,1244.7484027777778,"Actual"
"SA",2023-10-17 00:00:00.000,40.939062499999991,1036.2707638888887,"Actual"
"SA",2023-10-18 00:00:00.000,68.442986111111111,1032.2336805555556,"Actual"
"SA",2023-10-19 00:00:00.000,70.288090277777783,1102.635173611111,"Actual"
"SA",2023-10-20 00:00:00.000,27.255138888888869,1178.484375,"Actual"
"SA",2023-10-21 00:00:00.000,-32.072291666666672,1037.7767708333331,"Actual"
"SA",2023-10-22 00:00:00.000,-12.5173263888889,987.06961805555579,"Actual"
"SA",2023-10-23 00:00:00.000,14.3154166666667,1080.348784722222,"Actual"
"SA",2023-10-24 00:00:00.000,-46.676111111111112,1154.4467708333332,"Actual"
"SA",2023-10-25 00:00:00.000,1.4656944444444591,1177.4517013888892,"Actual"
"SA",2023-10-26 00:00:00.000,12.328819444444441,1173.7638541666668,"Actual"
"SA",2023-10-27 00:00:00.000,37.927534722222191,1008.2402083333334,"Actual"
"SA",2023-10-28 00:00:00.000,-15.687256944444373,963.07798611111093,"Actual"
"SA",2023-10-29 00:00:00.000,-0.61885416666660831,899.79548611111113,"Actual"
"SA",2023-10-30 00:00:00.000,-19.881631944444493,1096.9389583333332,"Actual"
"SA",2023-10-31 00:00:00.000,9.22291666666668,1110.0401736111112,"Actual"
"SA",2023-11-01 00:00:00.000,31.957708333333343,999.11621527777777,"Actual"
"SA",2023-11-02 00:00:00.000,63.9620138888889,1039.1627083333333,"Actual"
"SA",2023-11-03 00:00:00.000,16.158472222222223,1051.3268402777776,"Actual"
"SA",2023-11-04 00:00:00.000,-31.586979166666687,920.07472222222236,"Actual"
"SA",2023-11-05 00:00:00.000,-32.320520833333376,888.95277777777846,"Actual"
"SA",2023-11-06 00:00:00.000,22.807083333333352,1049.6187847222222,"Actual"
"SA",2023-11-07 00:00:00.000,53.128749999999968,1008.9806597222221,"Actual"
"SA",2023-11-08 00:00:00.000,62.491423611111131,999.82930555555549,"Actual"
"SA",2023-11-09 00:00:00.000,320.92100694444451,1041.9655208333334,"Actual"
"SA",2023-11-10 00:00:00.000,51.206458333333323,1520.9042361111112,"Actual"
"SA",2023-11-11 00:00:00.000,-5.13173611111111,999.64677083333311,"Actual"
"SA",2023-11-12 00:00:00.000,-0.74739583333336412,1061.3439236111112,"Actual"
"SA",2023-11-13 00:00:00.000,64.892013888888954,1110.3685069444443,"Actual"
"SA",2023-11-14 00:00:00.000,115.57052083333333,1189.7085069444445,"Actual"
"SA",2023-11-15 00:00:00.000,76.998541666666668,960.49958333333336,"Actual"
"SA",2023-11-16 00:00:00.000,42.954548611111164,1000.0919791666668,"Actual"
"SA",2023-11-17 00:00:00.000,32.522291666666661,937.78732638888926,"Actual"
"SA",2023-11-18 00:00:00.000,38.995694444444474,908.8310069444442,"Actual"
"SA",2023-11-19 00:00:00.000,27.504062499999932,890.531840277778,"Actual"
"SA",2023-11-20 00:00:00.000,96.302708333333328,1054.1137152777778,"Actual"
"SA",2023-11-21 00:00:00.000,38.197708333333253,1022.9202777777778,"Actual"
"SA",2023-11-22 00:00:00.000,13.028819444444373,1041.7910416666666,"Actual"
"SA",2023-11-23 00:00:00.000,47.99892361111111,1424.4898958333333,"Actual"
"SA",2023-11-24 00:00:00.000,63.521180555555553,1109.4299652777775,"Actual"
"SA",2023-11-25 00:00:00.000,18.158993055555506,964.63534722222232,"Actual"
"SA",2023-11-26 00:00:00.000,13.382430555555572,944.789201388889,"Actual"
"SA",2023-11-27 00:00:00.000,5.0348263888888383,1045.9813541666665,"Actual"
"SA",2023-11-28 00:00:00.000,116.55593750000007,1364.3110416666666,"Actual"
"SA",2023-11-29 00:00:00.000,-13.922881944444519,1115.4096180555555,"Actual"
"SA",2023-11-30 00:00:00.000,-2.8897569444444535,1016.3322916666664,"Actual"
"SA",2023-12-01 00:00:00.000,21.190937499999993,1020.8009027777775,"Actual"
"SA",2023-12-02 00:00:00.000,23.346111111111135,1002.9942708333333,"Actual"
"SA",2023-12-03 00:00:00.000,17.547881944444519,859.26979166666683,"Actual"
"SA",2023-12-04 00:00:00.000,40.593124999999986,1296.861875,"Actual"
"SA",2023-12-05 00:00:00.000,76.21541666666667,1312.3697916666665,"Actual"
"SA",2023-12-06 00:00:00.000,65.397916666666674,1239.9504861111111,"Actual"
"SA",2023-12-07 00:00:00.000,109.34225694444444,1402.010486111111,"Actual"
"SA",2023-12-08 00:00:00.000,389.02579861111082,1587.7643055555554,"Actual"
"SA",2023-12-09 00:00:00.000,57.987152777777744,1310.9584375,"Actual"
"SA",2023-12-10 00:00:00.000,15.131909722222233,1293.6964236111112,"Actual"
"SA",2023-12-11 00:00:00.000,99.451249999999987,1338.7438541666666,"Actual"
"SA",2023-12-12 00:00:00.000,76.4073263888889,1167.3685763888891,"Actual"
"SA",2023-12-13 00:00:00.000,56.902013888888916,1164.2531597222223,"Actual"
"SA",2023-12-14 00:00:00.000,33.197881944444447,1130.6213541666668,"Actual"
"SA",2023-12-15 00:00:00.000,37.7788888888888,940.13270833333331,"Actual"
"SA",2023-12-16 00:00:00.000,6.1047569444443752,866.95899305555531,"Actual"
"SA",2023-12-17 00:00:00.000,40.416076388888882,900.37815972222256,"Actual"
"SA",2023-12-18 00:00:00.000,72.868993055555549,1425.705798611111,"Actual"
"SA",2023-12-19 00:00:00.000,-7.3758680555554861,1012.4045833333332,"Actual"
"SA",2023-12-20 00:00:00.000,-18.701284722222194,979.5415625,"Actual"
"SA",2023-12-21 00:00:00.000,-9.9439930555556728,1000.4301388888891,"Actual"
"SA",2023-12-22 00:00:00.000,1.8496874999999946,1042.5627430555553,"Actual"
"SA",2023-12-23 00:00:00.000,24.407083333333322,955.39920138888874,"Actual"
"SA",2023-12-24 00:00:00.000,-27.667256944444361,1007.0020833333333,"Actual"
"SA",2023-12-25 00:00:00.000,-27.406631944444413,1157.5374305555556,"Actual"
"SA",2023-12-26 00:00:00.000,-1.7245486111111177,1050.3232291666664,"Actual"
"SA",2023-12-27 00:00:00.000,46.0823611111111,986.70847222222255,"Actual"
"SA",2023-12-28 00:00:00.000,34.096875,1119.7336805555556,"Actual"
"SA",2023-12-29 00:00:00.000,3.8277430555555867,876.39784722222248,"Actual"
"SA",2023-12-30 00:00:00.000,-11.036909722222241,959.32486111111143,"Actual"
"SA",2023-12-31 00:00:00.000,-66.542743055555619,790.04302083333357,"Actual"
"SA",2024-01-01 00:00:00.000,4.2467361111110691,982.68569444444415,"Actual"
"SA",2024-01-02 00:00:00.000,18.2274305555555,1116.6853472222222,"Actual"
"SA",2024-01-03 00:00:00.000,77.867604166666652,1315.3125347222222,"Actual"
"SA",2024-01-04 00:00:00.000,28.67086805555553,1366.8802430555554,"Actual"
"SA",2024-01-05 00:00:00.000,23.602743055555592,1428.9976388888888,"Actual"
"SA",2024-01-06 00:00:00.000,77.396250000000009,1385.9306944444443,"Actual"
"SA",2024-01-07 00:00:00.000,40.69583333333334,1143.2972569444446,"Actual"
"SA",2024-01-08 00:00:00.000,54.106458333333308,1100.6840625,"Actual"
"SA",2024-01-09 00:00:00.000,55.329548611111115,993.90256944444445,"Actual"
"SA",2024-01-10 00:00:00.000,45.742604166666666,1044.5902777777778,"Actual"
"SA",2024-01-11 00:00:00.000,29.440590277777808,1233.8315972222222,"Actual"
"SA",2024-01-12 00:00:00.000,77.567256944444452,1493.7853819444445,"Actual"
"SA",2024-01-13 00:00:00.000,24.664479166666659,1324.385729166667,"Actual"
"SA",2024-01-14 00:00:00.000,-38.557430555555484,1049.8580555555554,"Actual"
"SA",2024-01-15 00:00:00.000,56.152569444444481,1433.1369444444447,"Actual"
"SA",2024-01-16 00:00:00.000,47.308715277777772,1539.0792708333333,"Actual"
"SA",2024-01-17 00:00:00.000,9.1829166666666815,1007.3735763888892,"Actual"
"SA",2024-01-18 00:00:00.000,-9.0377777777778618,938.5129861111111,"Actual"
"SA",2024-01-19 00:00:00.000,40.121631944444438,1009.2934722222222,"Actual"
"SA",2024-01-20 00:00:00.000,7.2653472222222319,1237.1529166666664,"Actual"
"SA",2024-01-21 00:00:00.000,-15.103506944444447,935.28451388888857,"Actual"
"SA",2024-01-22 00:00:00.000,12.186631944444418,1208.8623611111111,"Actual"
"SA",2024-01-23 00:00:00.000,90.370138888888931,1749.2369444444444,"Actual"
"SA",2024-01-24 00:00:00.000,106.50878472222225,1633.8071180555557,"Actual"
"SA",2024-01-25 00:00:00.000,131.1416319444445,1465.7757986111112,"Actual"
"SA",2024-01-26 00:00:00.000,-44.37836805555559,914.94402777777771,"Actual"
"SA",2024-01-27 00:00:00.000,-48.01131944444456,874.59843749999982,"Actual"
"SA",2024-01-28 00:00:00.000,22.686701388888881,925.3297569444444,"Actual"
"SA",2024-01-29 00:00:00.000,56.4153819444445,1224.9824999999998,"Actual"
"SA",2024-01-30 00:00:00.000,28.421805555555558,1129.3938194444449,"Actual"
"SA",2024-01-31 00:00:00.000,4.8039930555555479,1111.0614236111114,"Actual"
"SA",2024-02-01 00:00:00.000,10.468055555555566,1073.2680902777777,"Actual"
"SA",2024-02-02 00:00:00.000,20.782118055555557,1130.6071874999998,"Actual"
"SA",2024-02-03 00:00:00.000,78.023194444444442,1187.3171180555555,"Actual"
"SA",2024-02-04 00:00:00.000,59.561041666666668,1429.6984375000002,"Actual"
"SA",2024-02-05 00:00:00.000,40.47479166666669,1263.1552083333336,"Actual"
"SA",2024-02-06 00:00:00.000,13.717430555555538,997.44822916666658,"Actual"
"SA",2024-02-07 00:00:00.000,16.773611111111123,1052.5686111111108,"Actual"
"SA",2024-02-08 00:00:00.000,23.786631944444469,1086.975659722222,"Actual"
"SA",2024-02-09 00:00:00.000,8.06815972222222,1099.3995138888888,"Actual"
"SA",2024-02-10 00:00:00.000,-3.1453472222222345,1027.5165972222221,"Actual"
"SA",2024-02-11 00:00:00.000,38.523541666666681,1183.4650694444445,"Actual"
"SA",2024-02-12 00:00:00.000,118.68687499999997,1594.3695833333334,"Actual"
"SA",2024-02-13 00:00:00.000,-1.1626388888890489,1346.3922222222222,"Actual"
"SA",2024-02-14 00:00:00.000,31.437291666666681,1060.3647569444445,"Actual"
"SA",2024-02-15 00:00:00.000,19.2687152777778,1058.2047569444444,"Actual"
"SA",2024-02-16 00:00:00.000,48.412500000000023,1116.8084374999999,"Actual"
"SA",2024-02-17 00:00:00.000,54.000659722222267,1147.161388888889,"Actual"
"SA",2024-02-18 00:00:00.000,33.589618055555562,1248.9461458333335,"Actual"
"SA",2024-02-19 00:00:00.000,30.329687500000002,1462.0351736111111,"Actual"
"SA",2024-02-20 00:00:00.000,97.296354166666674,1608.4442361111112,"Actual"
"SA",2024-02-21 00:00:00.000,646.35548611111119,1638.981111111111,"Actual"
"SA",2024-02-22 00:00:00.000,35.9725694444445,1572.4065624999998,"Actual"
"SA",2024-02-23 00:00:00.000,-11.99097222222224,1241.6978819444446,"Actual"
"SA",2024-02-24 00:00:00.000,16.956215277777822,910.70968749999975,"Actual"
"SA",2024-02-25 00:00:00.000,61.673020833333453,1007.0176736111109,"Actual"
"SA",2024-02-26 00:00:00.000,42.220104166666694,1342.6465972222222,"Actual"
"SA",2024-02-27 00:00:00.000,245.53413194444448,1537.4152083333333,"Actual"
"SA",2024-02-28 00:00:00.000,42.89690972222219,1589.7571527777779,"Actual"
"SA",2024-02-29 00:00:00.000,97.529305555555567,1300.0163541666668,"Actual"
"SA",2024-03-01 00:00:00.000,82.435625000000016,1237.7852083333332,"Actual"
"SA",2024-03-02 00:00:00.000,36.111701388888939,1074.2453125,"Actual"
"SA",2024-03-03 00:00:00.000,-5.6826388888888317,982.38076388888862,"Actual"
"SA",2024-03-04 00:00:00.000,60.714444444444425,1209.3682291666664,"Actual"
"SA",2024-03-05 00:00:00.000,76.4917361111111,1363.5861458333334,"Actual"
"SA",2024-03-06 00:00:00.000,96.553229166666668,1468.8551041666667,"Actual"
"SA",2024-03-07 00:00:00.000,34.636805555555561,1458.9853125000002,"Actual"
"SA",2024-03-08 00:00:00.000,116.85312499999999,1658.0540972222223,"Actual"
"SA",2024-03-09 00:00:00.000,75.636631944444446,1921.4249305555554,"Actual"
"SA",2024-03-10 00:00:00.000,107.53951388888891,1822.5946874999997,"Actual"
"SA",2024-03-11 00:00:00.000,230.36159722222246,1845.4653819444445,"Actual"
"SA",2024-03-12 00:00:00.000,139.62107638888884,1890.914826388889,"Actual"
"SA",2024-03-13 00:00:00.000,108.88642361111113,1776.3944444444444,"Actual"
"SA",2024-03-14 00:00:00.000,57.147569444444443,1509.0952777777777,"Actual"
"SA",2024-03-15 00:00:00.000,42.67774305555556,1308.4220833333334,"Actual"
"SA",2024-03-16 00:00:00.000,67.87618055555555,1343.9255902777779,"Actual"
"SA",2024-03-17 00:00:00.000,57.995833333333344,1297.2481250000003,"Actual"
"SA",2024-03-18 00:00:00.000,72.623541666666668,1531.3643402777777,"Actual"
"SA",2024-03-19 00:00:00.000,57.727916666666665,1350.10875,"Actual"
"SA",2024-03-20 00:00:00.000,22.769618055555561,1159.4084375000002,"Actual"
"SA",2024-03-21 00:00:00.000,37.314930555555549,1096.7795486111113,"Actual"
"SA",2024-03-22 00:00:00.000,53.655937500000014,1090.3317013888886,"Actual"
"SA",2024-03-23 00:00:00.000,21.172118055555579,1029.4928472222225,"Actual"
"SA",2024-03-24 00:00:00.000,22.755555555555539,952.694236111111,"Actual"
"SA",2024-03-25 00:00:00.000,60.591666666666669,1096.9901041666667,"Actual"
"SA",2024-03-26 00:00:00.000,79.113541666666663,1070.9209027777779,"Actual"
"SA",2024-03-27 00:00:00.000,48.457430555555575,1100.7258333333334,"Actual"
"SA",2024-03-28 00:00:00.000,33.195729166666666,1123.3084722222222,"Actual"
"SA",2024-03-29 00:00:00.000,54.406250000000014,997.98815972222235,"Actual"
"SA",2024-03-30 00:00:00.000,51.391180555555543,1098.0615277777777,"Actual"
"SA",2024-03-31 00:00:00.000,79.951562500000009,1151.7947222222222,"Actual"
"SA",2024-04-01 00:00:00.000,56.207222222222249,1186.7695486111111,"Actual"
"SA",2024-04-02 00:00:00.000,22.82107638888882,1273.9552083333333,"Actual"
"SA",2024-04-03 00:00:00.000,140.99809027777783,1206.7570486111113,"Actual"
"SA",2024-04-04 00:00:00.000,52.554201388888927,1156.7935763888891,"Actual"
"SA",2024-04-05 00:00:00.000,77.947708333333281,1099.5700347222221,"Actual"
"SA",2024-04-06 00:00:00.000,83.389618055555545,1025.7823263888888,"Actual"
"SA",2024-04-07 00:00:00.000,65.981527777777728,1056.7249652777778,"Actual"
"SA",2024-04-08 00:00:00.000,83.778958333333378,1231.2554861111112,"Actual"
"SA",2024-04-09 00:00:00.000,58.902361111111084,1276.819375,"Actual"
"SA",2024-04-10 00:00:00.000,88.727847222222238,1263.2415277777777,"Actual"
"SA",2024-04-11 00:00:00.000,128.56006944444445,1231.1283333333333,"Actual"
"SA",2024-04-12 00:00:00.000,129.6803125,1219.1692708333333,"Actual"
"SA",2024-04-13 00:00:00.000,98.464930555555583,1028.9605208333337,"Actual"
"SA",2024-04-14 00:00:00.000,131.12357638888889,991.23677083333314,"Actual"
"SA",2024-04-15 00:00:00.000,172.50875000000005,1132.5701736111109,"Actual"
"SA",2024-04-16 00:00:00.000,136.55833333333328,1182.0982638888891,"Actual"
"SA",2024-04-17 00:00:00.000,121.81899305555554,1285.0554861111113,"Actual"
"SA",2024-04-18 00:00:00.000,114.8290625,1422.7693055555555,"Actual"
"SA",2024-04-19 00:00:00.000,71.9437152777778,1275.6335763888887,"Actual"
"SA",2024-04-20 00:00:00.000,66.554618055555508,1056.7408333333333,"Actual"
"SA",2024-04-21 00:00:00.000,90.2349305555556,1013.5308333333335,"Actual"
"SA",2024-04-22 00:00:00.000,99.898055555555558,1161.4425694444444,"Actual"
"SA",2024-04-23 00:00:00.000,10.355104166666621,1347.2899652777778,"Actual"
"SA",2024-04-24 00:00:00.000,43.96649305555556,1366.5713194444443,"Actual"
"SA",2024-04-25 00:00:00.000,71.98625,1157.9027430555557,"Actual"
"SA",2024-04-26 00:00:00.000,145.05052083333334,1284.4312152777775,"Actual"
"SA",2024-04-27 00:00:00.000,111.1087152777778,1140.3443055555558,"Actual"
"SA",2024-04-28 00:00:00.000,89.639097222222219,1043.373159722222,"Actual"
"SA",2024-04-29 00:00:00.000,136.04763888888888,1371.056701388889,"Actual"
"SA",2024-04-30 00:00:00.000,73.340868055555546,1299.206909722222,"Actual"
"SA",2024-05-01 00:00:00.000,68.379756944444438,1374.7878125000002,"Actual"
"SA",2024-05-02 00:00:00.000,103.00840277777772,1324.2331944444443,"Actual"
"SA",2024-05-03 00:00:00.000,161.68246527777777,1224.164826388889,"Actual"
"SA",2024-05-04 00:00:00.000,127.85013888888892,1118.9925694444444,"Actual"
"SA",2024-05-05 00:00:00.000,64.947013888888875,1104.4126736111114,"Actual"
"SA",2024-05-06 00:00:00.000,75.015763888888912,1243.8356597222223,"Actual"
"SA",2024-05-07 00:00:00.000,108.49552083333333,1227.5378472222224,"Actual"
"SA",2024-05-08 00:00:00.000,139.14878472222216,1193.8567708333335,"Actual"
"SA",2024-05-09 00:00:00.000,201.4767013888889,1210.005138888889,"Actual"
"SA",2024-05-10 00:00:00.000,183.17364583333335,1224.0126388888891,"Actual"
"SA",2024-05-11 00:00:00.000,132.07093749999999,1146.3186458333334,"Actual"
"SA",2024-05-12 00:00:00.000,144.76940972222221,1138.9377083333334,"Actual"
"SA",2024-05-13 00:00:00.000,184.8235416666667,1309.8639236111112,"Actual"
"SA",2024-05-14 00:00:00.000,161.3013541666667,1303.3047916666667,"Actual"
"SA",2024-05-15 00:00:00.000,161.95152777777778,1324.5778819444445,"Actual"
"SA",2024-05-16 00:00:00.000,154.98722222222221,1304.227326388889,"Actual"
"SA",2024-05-17 00:00:00.000,105.68236111111113,1315.2272916666666,"Actual"
"SA",2024-05-18 00:00:00.000,71.8248611111111,1230.6532638888889,"Actual"
"SA",2024-05-19 00:00:00.000,78.372812500000023,1417.799826388889,"Actual"
"SA",2024-05-20 00:00:00.000,161.01583333333338,1425.5484027777777,"Actual"
"SA",2024-05-21 00:00:00.000,196.67236111111106,1450.5677777777778,"Actual"
"SA",2024-05-22 00:00:00.000,226.87895833333334,1428.0863541666665,"Actual"
"SA",2024-05-23 00:00:00.000,250.11576388888889,1537.4114236111111,"Actual"
"SA",2024-05-24 00:00:00.000,237.71916666666669,1484.2825,"Actual"
"SA",2024-05-25 00:00:00.000,180.88920138888889,1249.5218750000004,"Actual"
"SA",2024-05-26 00:00:00.000,173.03121527777779,1217.4199305555553,"Actual"
"SA",2024-05-27 00:00:00.000,168.25996527777778,1369.5532291666666,"Actual"
"SA",2024-05-28 00:00:00.000,135.46621527777776,1344.5955902777778,"Actual"
"SA",2024-05-29 00:00:00.000,7.3051041666666787,1435.4607986111109,"Actual"
"SA",2024-05-30 00:00:00.000,-10.581770833333302,1572.2255555555555,"Actual"
"SA",2024-05-31 00:00:00.000,50.880625000000023,1599.3184375,"Actual"
"SA",2024-06-01 00:00:00.000,151.79708333333332,1410.508125,"Actual"
"SA",2024-06-02 00:00:00.000,123.41135416666664,1362.1401388888889,"Actual"
"SA",2024-06-03 00:00:00.000,174.05319444444442,1765.4069791666668,"Actual"
"SA",2024-06-04 00:00:00.000,293.25406249999992,1694.8617013888888,"Actual"
"SA",2024-06-05 00:00:00.000,199.32118055555554,1551.8386458333334,"Actual"
"SA",2024-06-06 00:00:00.000,222.45923611111112,1608.4112499999999,"Actual"
"SA",2024-06-07 00:00:00.000,164.4106944444444,1602.3661111111112,"Actual"
"SA",2024-06-08 00:00:00.000,218.5193055555556,1518.3484027777777,"Actual"
"SA",2024-06-09 00:00:00.000,169.73833333333334,1358.0138541666665,"Actual"
"SA",2024-06-10 00:00:00.000,75.785937500000117,1386.3888888888887,"Actual"
"SA",2024-06-11 00:00:00.000,1.1813541666666332,1519.9578125,"Actual"
"SA",2024-06-12 00:00:00.000,185.68329861111116,1421.868263888889,"Actual"
"SA",2024-06-13 00:00:00.000,325.48076388888904,1640.7009027777776,"Actual"
"SA",2024-06-14 00:00:00.000,164.12687500000004,1652.9146875,"Actual"
"SA",2024-06-15 00:00:00.000,143.815,1514.0254166666666,"Actual"
"SA",2024-06-16 00:00:00.000,122.13263888888891,1379.2575694444445,"Actual"
"SA",2024-06-17 00:00:00.000,217.44572916666667,1707.1407291666667,"Actual"
"SA",2024-06-18 00:00:00.000,338.67281249999985,1719.3180902777779,"Actual"
"SA",2024-06-19 00:00:00.000,244.845625,1588.1950694444445,"Actual"
"SA",2024-06-20 00:00:00.000,256.58107638888896,1688.7471874999999,"Actual"
"SA",2024-06-21 00:00:00.000,327.18902777777788,1602.433125,"Actual"
"SA",2024-06-22 00:00:00.000,302.14131944444443,1495.998576388889,"Actual"
"SA",2024-06-23 00:00:00.000,112.27427083333322,1564.7884027777777,"Actual"
"SA",2024-06-24 00:00:00.000,136.60006944444433,1831.6558333333335,"Actual"
"SA",2024-06-25 00:00:00.000,114.44607638888887,1914.3748958333335,"Actual"
"SA",2024-06-26 00:00:00.000,84.0552777777778,1774.507048611111,"Actual"
"SA",2024-06-27 00:00:00.000,149.33020833333333,1640.9404861111111,"Actual"
"SA",2024-06-28 00:00:00.000,60.505451388888886,1824.2466666666667,"Actual"
"SA",2024-06-29 00:00:00.000,102.96197916666671,1699.9600347222222,"Actual"
"SA",2024-06-30 00:00:00.000,118.18809027777777,1581.6536458333333,"Actual"
"SA",2024-07-01 00:00:00.000,291.98427083333337,1749.5921527777778,"Actual"
"SA",2024-07-02 00:00:00.000,245.22253472222224,1679.6172222222222,"Actual"
"SA",2024-07-03 00:00:00.000,195.3296875,1757.1347916666666,"Actual"
"SA",2024-07-04 00:00:00.000,174.72847222222225,1671.1445833333332,"Actual"
"SA",2024-07-05 00:00:00.000,105.08131944444443,1551.0507291666668,"Actual"
"SA",2024-07-06 00:00:00.000,69.210659722222289,1372.928263888889,"Actual"
"SA",2024-07-07 00:00:00.000,136.83045138888889,1513.9321875,"Actual"
"SA",2024-07-08 00:00:00.000,192.87020833333332,1697.5434027777776,"Actual"
"SA",2024-07-09 00:00:00.000,198.13260416666668,1510.2864930555556,"Actual"
"SA",2024-07-10 00:00:00.000,152.46267361111114,1537.9789236111112,"Actual"
"SA",2024-07-11 00:00:00.000,149.01149305555552,1766.1263888888889,"Actual"
"SA",2024-07-12 00:00:00.000,213.79138888888886,1589.0171527777777,"Actual"
"SA",2024-07-13 00:00:00.000,172.10163194444448,1438.7854513888888,"Actual"
"SA",2024-07-14 00:00:00.000,167.05190972222218,1383.7389583333334,"Actual"
"SA",2024-07-15 00:00:00.000,114.66753472222221,1673.6106597222222,"Actual"
"SA",2024-07-16 00:00:00.000,85.59041666666667,1721.3298263888889,"Actual"
"SA",2024-07-17 00:00:00.000,135.73482638888888,1784.4851041666666,"Actual"
"SA",2024-07-18 00:00:00.000,783.50229166666691,1744.6210069444444,"Actual"
"SA",2024-07-19 00:00:00.000,144.68482638888889,2018.3978472222223,"Actual"
"SA",2024-07-20 00:00:00.000,7.7207291666666649,1566.711111111111,"Actual"
"SA",2024-07-21 00:00:00.000,37.5579861111111,1535.7340625000002,"Actual"
"SA",2024-07-22 00:00:00.000,55.936979166666674,1524.548298611111,"Actual"
"SA",2024-07-23 00:00:00.000,20.077361111111113,1524.5752430555556,"Actual"
"SA",2024-07-24 00:00:00.000,-14.379374999999985,1570.3506597222222,"Actual"
"SA",2024-07-25 00:00:00.000,105.52565972222219,1566.8974305555555,"Actual"
"SA",2024-07-26 00:00:00.000,37.9553124999999,1439.4245833333334,"Actual"
"SA",2024-07-27 00:00:00.000,78.6157291666666,1420.770625,"Actual"
"SA",2024-07-28 00:00:00.000,1394.6615277777773,1438.0181250000003,"Actual"
"SA",2024-07-29 00:00:00.000,303.89968749999997,1594.8245486111111,"Actual"
"SA",2024-07-30 00:00:00.000,1483.3730208333329,1522.9102430555556,"Actual"
"SA",2024-07-31 00:00:00.000,239.13020833333334,1460.1460416666666,"Actual"
"SA",2024-08-01 00:00:00.000,100.85017361111116,1462.5637152777779,"Actual"
"SA",2024-08-02 00:00:00.000,92.20541666666648,1648.3702083333333,"Actual"
"SA",2024-08-03 00:00:00.000,182.81128472222224,1301.6542013888889,"Actual"
"SA",2024-08-04 00:00:00.000,229.00375,1598.1290625000001,"Actual"
"SA",2024-08-05 00:00:00.000,1635.4436458333341,1461.5691319444445,"Actual"
"SA",2024-08-06 00:00:00.000,859.03572916666678,1498.4993749999999,"Actual"
"SA",2024-08-07 00:00:00.000,126.39093749999984,1431.1425694444445,"Actual"
"SA",2024-08-08 00:00:00.000,64.832743055555554,1758.4961805555556,"Actual"
"SA",2024-08-09 00:00:00.000,190.88204861111114,1453.894826388889,"Actual"
"SA",2024-08-10 00:00:00.000,148.98892361111115,1263.2560069444444,"Actual"
"SA",2024-08-11 00:00:00.000,130.98690972222218,1186.2731944444442,"Actual"
"SA",2024-08-12 00:00:00.000,72.448784722222143,1337.2683680555556,"Actual"
"SA",2024-08-13 00:00:00.000,62.448229166666671,1366.34375,"Actual"
"SA",2024-08-14 00:00:00.000,89.375868055555543,1223.4281249999997,"Actual"
"SA",2024-08-15 00:00:00.000,38.400902777777873,1480.4075347222222,"Actual"
"SA",2024-08-16 00:00:00.000,52.536041666666726,1436.2231597222224,"Actual"
"SA",2024-08-17 00:00:00.000,75.347569444444446,1429.991423611111,"Actual"
"SA",2024-08-18 00:00:00.000,141.38097222222223,1225.3154166666666,"Actual"
"SA",2024-08-19 00:00:00.000,75.80590277777776,1574.6044097222223,"Actual"
"SA",2024-08-20 00:00:00.000,26.214305555555541,1418.8446527777776,"Actual"
"SA",2024-08-21 00:00:00.000,72.39510416666667,1343.5705555555555,"Actual"
"SA",2024-08-22 00:00:00.000,204.76024305555535,1264.3573263888891,"Actual"
"SA",2024-08-23 00:00:00.000,21.653819444444466,1399.7400694444445,"Actual"
"SA",2024-08-24 00:00:00.000,15.079166666666669,1101.1623263888889,"Actual"
"SA",2024-08-25 00:00:00.000,-31.187951388888898,1203.1752083333333,"Actual"
"SA",2024-08-26 00:00:00.000,18.263437499999988,1337.4833333333331,"Actual"
"SA",2024-08-27 00:00:00.000,-49.169375000000052,1221.0660416666667,"Actual"
"SA",2024-08-28 00:00:00.000,-9.9772569444444166,1259.0227777777777,"Actual"
"SA",2024-08-29 00:00:00.000,69.240625000000037,1215.3797916666667,"Actual"
"SA",2024-08-30 00:00:00.000,-32.223611111111111,1224.3177777777778,"Actual"
"SA",2024-08-31 00:00:00.000,-38.511666666666677,1126.6660763888888,"Actual"
"SA",2024-09-01 00:00:00.000,-44.467222222222226,1111.3463194444444,"Actual"
"SA",2024-09-02 00:00:00.000,5.8881250000000271,1214.9500694444444,"Actual"
"SA",2024-09-03 00:00:00.000,75.579131944444384,1137.6360416666666,"Actual"
"SA",2024-09-04 00:00:00.000,-39.175798611111119,1267.6441666666667,"Actual"
"SA",2024-09-05 00:00:00.000,-12.390624999999982,1407.2411111111112,"Actual"
"SA",2024-09-06 00:00:00.000,160.56034722222228,1468.4301736111111,"Actual"
"SA",2024-09-07 00:00:00.000,42.800868055555462,1051.559965277778,"Actual"
"SA",2024-09-08 00:00:00.000,-9.96944444444447,1191.2382638888889,"Actual"
"SA",2024-09-09 00:00:00.000,50.553020833333335,1210.3755208333334,"Actual"
"SA",2024-09-10 00:00:00.000,91.076909722222169,1163.7031944444445,"Actual"
"SA",2024-09-11 00:00:00.000,45.008159722222217,1264.1824652777777,"Actual"
"SA",2024-09-12 00:00:00.000,20.20013888888883,1220.3261458333334,"Actual"
"SA",2024-09-13 00:00:00.000,44.916909722222208,1163.4972569444444,"Actual"
"SA",2024-09-14 00:00:00.000,5.7018055555555307,1299.9898958333333,"Actual"
"SA",2024-09-15 00:00:00.000,-17.375520833333344,1155.4001388888889,"Actual"
"SA",2024-09-16 00:00:00.000,34.991527777777783,1244.7342361111107,"Actual"
"SA",2024-09-17 00:00:00.000,82.607048611111054,1220.9840972222223,"Actual"
"SA",2024-09-18 00:00:00.000,77.596979166666614,1219.2241666666666,"Actual"
"SA",2024-09-19 00:00:00.000,32.543125000000032,1436.9250347222223,"Actual"
"SA",2024-09-20 00:00:00.000,8.1342013888888935,1351.5667708333333,"Actual"
"SA",2024-09-21 00:00:00.000,-9.6758680555555561,1242.7808333333335,"Actual"
"SA",2024-09-22 00:00:00.000,37.427013888888879,1121.5790277777778,"Actual"
"SA",2024-09-23 00:00:00.000,1328.5537499999996,1190.9328125,"Actual"
"SA",2024-09-24 00:00:00.000,259.42631944444452,1319.6003125,"Actual"
"SA",2024-09-25 00:00:00.000,95.867152777777846,1350.558472222222,"Actual"
"SA",2024-09-26 00:00:00.000,16.891111111111108,1166.1245486111113,"Actual"
"SA",2024-09-27 00:00:00.000,27.9564236111111,1090.8896180555557,"Actual"
"SA",2024-09-28 00:00:00.000,-34.007569444444414,1202.4904166666665,"Actual"
"SA",2024-09-29 00:00:00.000,-7.25503472222221,999.21625000000017,"Actual"
"SA",2024-09-30 00:00:00.000,38.317291666666677,1147.1861458333333,"Actual"
"SA",2024-10-01 00:00:00.000,50.857951388888878,1099.7784374999999,"Actual"
"SA",2024-10-02 00:00:00.000,43.0565624999999,1022.1369444444445,"Actual"
"SA",2024-10-03 00:00:00.000,-16.937083333333334,1221.0937847222222,"Actual"
"SA",2024-10-04 00:00:00.000,-3.2466319444444842,1120.8980208333337,"Actual"
"SA",2024-10-05 00:00:00.000,-17.955659722222293,1098.4993402777777,"Actual"
"SA",2024-10-06 00:00:00.000,15.073958333333337,1000.8274652777779,"Actual"
"SA",2024-10-07 00:00:00.000,-40.392465277777852,945.38444444444451,"Actual"
"SA",2024-10-08 00:00:00.000,43.086840277777796,1013.1568055555556,"Actual"
"SA",2024-10-09 00:00:00.000,19.788194444444386,1027.6897222222224,"Actual"
"SA",2024-10-10 00:00:00.000,-5.1653124999999962,1026.9262847222224,"Actual"
"SA",2024-10-11 00:00:00.000,14.544722222222205,996.9853819444445,"Actual"
"SA",2024-10-12 00:00:00.000,-6.6716319444444778,968.18715277777756,"Actual"
"SA",2024-10-13 00:00:00.000,40.145972222222227,1136.2004861111111,"Actual"
"SA",2024-10-14 00:00:00.000,22.443020833333392,1162.4412152777777,"Actual"
"SA",2024-10-15 00:00:00.000,14.070486111111109,1203.2456250000002,"Actual"
"SA",2024-10-16 00:00:00.000,45.180034722222238,1322.6918055555554,"Actual"
"SA",2024-10-17 00:00:00.000,190.46222222222229,1390.9494097222223,"Actual"
"SA",2024-10-18 00:00:00.000,-7.375833333333313,1112.4061111111112,"Actual"
"SA",2024-10-19 00:00:00.000,8.5825694444444416,688.94815972222227,"Actual"
"SA",2024-10-20 00:00:00.000,20.987604166666664,708.68079861111073,"Actual"
"SA",2024-10-21 00:00:00.000,40.999409722222211,1009.2006597222222,"Actual"
"SA",2024-10-22 00:00:00.000,181.04121527777795,1139.9371180555554,"Actual"
"SA",2024-10-23 00:00:00.000,171.80552083333319,895.03142361111122,"Actual"
"SA",2024-10-24 00:00:00.000,17.235451388888904,885.55194444444442,"Actual"
"SA",2024-10-25 00:00:00.000,70.434131944444459,838.39670138888891,"Actual"
"SA",2024-10-26 00:00:00.000,44.278333333333407,896.61548611111118,"Actual"
"SA",2024-10-27 00:00:00.000,-0.83246527777785673,736.457395833333,"Actual"
"SA",2024-10-28 00:00:00.000,-6.12100694444436,830.0559374999998,"Actual"
"SA",2024-10-29 00:00:00.000,48.260416666666693,844.15059027777761,"Actual"
"SA",2024-10-30 00:00:00.000,55.691909722222292,938.92704861111133,"Actual"
"SA",2024-10-31 00:00:00.000,39.068819444444472,878.08062499999983,"Actual"
"SA",2024-11-01 00:00:00.000,17.033020833333325,847.308472222222,"Actual"
"SA",2024-11-02 00:00:00.000,-49.375555555555508,1079.0964236111108,"Actual"
"SA",2024-11-03 00:00:00.000,1.9545833333333249,876.911215277778,"Actual"
"SA",2024-11-04 00:00:00.000,67.9121875,983.69340277777769,"Actual"
"SA",2024-11-05 00:00:00.000,70.3388888888889,1214.7336805555556,"Actual"
"SA",2024-11-06 00:00:00.000,23.052256944444437,1104.1015624999998,"Actual"
"SA",2024-11-07 00:00:00.000,49.2501388888889,1054.4719444444443,"Actual"
"SA",2024-11-08 00:00:00.000,12.061527777777734,955.33781250000015,"Actual"
"SA",2024-11-09 00:00:00.000,86.498541666666739,1050.0869444444443,"Actual"
"SA",2024-11-10 00:00:00.000,46.867881944444406,849.06621527777759,"Actual"
"SA",2024-11-11 00:00:00.000,96.9353125000001,1180.5354166666664,"Actual"
"SA",2024-11-12 00:00:00.000,123.76121527777778,1076.6705208333333,"Actual"
"SA",2024-11-13 00:00:00.000,48.744409722222343,1018.7482638888889,"Actual"
"SA",2024-11-14 00:00:00.000,90.409131944444468,952.00836805555582,"Actual"
"SA",2024-11-15 00:00:00.000,69.602395833333233,1012.9806944444447,"Actual"
"SA",2024-11-16 00:00:00.000,2.4928125000001842,1245.9654166666667,"Actual"
"SA",2024-11-17 00:00:00.000,-73.820173611111244,877.92868055555539,"Actual"
"SA",2024-11-18 00:00:00.000,5.9593749999999908,936.7927777777777,"Actual"
"SA",2024-11-19 00:00:00.000,51.423541666666793,908.94750000000022,"Actual"
"SA",2024-11-20 00:00:00.000,52.781597222222132,1021.6746874999997,"Actual"
"SA",2024-11-21 00:00:00.000,98.714618055555491,1285.4105902777776,"Actual"
"SA",2024-11-22 00:00:00.000,110.79781250000002,1710.9878125,"Actual"
"SA",2024-11-23 00:00:00.000,86.069305555555559,1454.2627430555556,"Actual"
"SA",2024-11-24 00:00:00.000,135.27270833333336,1163.6774652777776,"Actual"
"SA",2024-11-25 00:00:00.000,163.55180555555555,1277.0378819444443,"Actual"
"SA",2024-11-26 00:00:00.000,136.08607638888887,1397.9339583333333,"Actual"
"SA",2024-11-27 00:00:00.000,33.583680555555645,1200.4629166666668,"Actual"
"SA",2024-11-28 00:00:00.000,84.206145833333323,1185.9413541666668,"Actual"
"SA",2024-11-29 00:00:00.000,92.828923611111065,937.41944444444437,"Actual"
"SA",2024-11-30 00:00:00.000,92.1909374999999,917.9313194444444,"Actual"
"SA",2024-12-01 00:00:00.000,37.4155555555555,855.79684027777751,"Actual"
"SA",2024-12-02 00:00:00.000,79.538993055555579,1344.7802083333333,"Actual"
"SA",2024-12-03 00:00:00.000,66.427256944444537,1096.5029513888892,"Actual"
"SA",2024-12-04 00:00:00.000,94.264027777777784,1034.3316666666669,"Actual"
"SA",2024-12-05 00:00:00.000,334.76326388888879,1733.4555555555557,"Actual"
"SA",2024-12-06 00:00:00.000,129.39847222222224,1650.5045833333331,"Actual"
"SA",2024-12-07 00:00:00.000,35.949930555554943,1088.2354513888888,"Actual"
"SA",2024-12-08 00:00:00.000,19.719409722222188,837.15572916666713,"Actual"
"SA",2024-12-09 00:00:00.000,111.53319444444443,1092.9552430555557,"Actual"
"SA",2024-12-10 00:00:00.000,78.887465277777835,993.68934027777789,"Actual"
"SA",2024-12-11 00:00:00.000,55.884791666666487,973.69208333333336,"Actual"
"SA",2024-12-12 00:00:00.000,103.45784722222223,1033.0142013888888,"Actual"
"SA",2024-12-13 00:00:00.000,104.12572916666662,1081.0524652777781,"Actual"
"SA",2024-12-14 00:00:00.000,119.38361111111111,1188.4033680555556,"Actual"
"SA",2024-12-15 00:00:00.000,178.29000000000002,1565.5714583333333,"Actual"
"SA",2024-12-16 00:00:00.000,58.543090277777765,1958.831388888889,"Actual"
"SA",2024-12-17 00:00:00.000,27.967152777777812,1056.7082291666666,"Actual"
"SA",2024-12-18 00:00:00.000,17.903958333333335,1057.9077777777775,"Actual"
"SA",2024-12-19 00:00:00.000,51.946319444444512,1235.6265277777777,"Actual"
"SA",2024-12-20 00:00:00.000,40.1822916666666,1180.5393055555555,"Actual"
"SA",2024-12-21 00:00:00.000,-11.69722222222218,910.94249999999943,"Actual"
"SA",2024-12-22 00:00:00.000,-13.145729166666882,851.33156249999945,"Actual"
"SA",2024-12-23 00:00:00.000,-22.831527777777762,949.85614583333358,"Actual"
"SA",2024-12-24 00:00:00.000,44.5797222222222,948.21864583333354,"Actual"
"SA",2024-12-25 00:00:00.000,37.051041666666613,1218.8475347222225,"Actual"
"SA",2024-12-26 00:00:00.000,-27.599097222222184,1329.2576736111114,"Actual"
"SA",2024-12-27 00:00:00.000,-7.8365624999999923,924.93586805555515,"Actual"
"SA",2024-12-28 00:00:00.000,18.924236111111142,997.9228125,"Actual"
"SA",2024-12-29 00:00:00.000,32.608194444444479,872.07475694444474,"Actual"
"SA",2024-12-30 00:00:00.000,54.028506944444388,1062.9614583333334,"Actual"
"SA",2024-12-31 00:00:00.000,55.732083333333378,1018.2263888888888,"Actual"
"SA",2025-01-01 00:00:00.000,-14.299722222222016,864.02805555555517,"Actual"
"SA",2025-01-02 00:00:00.000,-2.8523611111111506,973.59836805555528,"Actual"
"SA",2025-01-03 00:00:00.000,62.68440972222222,1198.9501388888891,"Actual"
"SA",2025-01-04 00:00:00.000,86.632847222222267,1533.756736111111,"Actual"
"SA",2025-01-05 00:00:00.000,97.514965277777776,1459.1166319444444,"Actual"
"SA",2025-01-06 00:00:00.000,44.276597222222222,1178.9041666666667,"Actual"
"SA",2025-01-07 00:00:00.000,-12.731493055555536,981.45673611111113,"Actual"
"SA",2025-01-08 00:00:00.000,44.819444444444457,1181.51875,"Actual"
"SA",2025-01-09 00:00:00.000,119.15920138888887,1292.1863541666667,"Actual"
"SA",2025-01-10 00:00:00.000,98.323541666666728,1265.4462152777776,"Actual"
"SA",2025-01-11 00:00:00.000,84.684270833333244,1279.2211111111114,"Actual"
"SA",2025-01-12 00:00:00.000,84.9218055555556,1239.7423611111112,"Actual"
"SA",2025-01-13 00:00:00.000,87.243055555555571,1398.1947569444442,"Actual"
"SA",2025-01-14 00:00:00.000,105.5529861111111,1341.2795138888887,"Actual"
"SA",2025-01-15 00:00:00.000,19.493993055555606,1158.389722222222,"Actual"
"SA",2025-01-16 00:00:00.000,56.486076388888939,1146.9675694444445,"Actual"
"SA",2025-01-17 00:00:00.000,6.8857986111110989,1205.113402777778,"Actual"
"SA",2025-01-18 00:00:00.000,19.422326388888877,1286.6781249999997,"Actual"
"SA",2025-01-19 00:00:00.000,129.04621527777766,1577.1088541666666,"Actual"
"SA",2025-01-20 00:00:00.000,140.650625,1674.6213888888888,"Actual"
"SA",2025-01-21 00:00:00.000,67.244861111110993,1344.1550694444445,"Actual"
"SA",2025-01-22 00:00:00.000,-6.8543749999999051,1190.1656944444449,"Actual"
"SA",2025-01-23 00:00:00.000,58.617291666666674,1285.4816319444444,"Actual"
"SA",2025-01-24 00:00:00.000,9.2034374999999784,1056.443888888889,"Actual"
"SA",2025-01-25 00:00:00.000,30.32697916666659,1090.6352777777777,"Actual"
"SA",2025-01-26 00:00:00.000,55.777951388888951,1376.9482986111109,"Actual"
"SA",2025-01-27 00:00:00.000,2.1784722222221262,1609.1782638888888,"Actual"
"SA",2025-01-28 00:00:00.000,-18.724062499999896,1245.1444097222222,"Actual"
"SA",2025-01-29 00:00:00.000,-13.219201388888905,1103.6082638888888,"Actual"
"SA",2025-01-30 00:00:00.000,20.581493055555612,1115.9185416666667,"Actual"
"SA",2025-01-31 00:00:00.000,32.112500000000026,1173.9725347222225,"Actual"
"SA",2025-02-01 00:00:00.000,480.54562500000054,1374.5711805555557,"Actual"
"SA",2025-02-02 00:00:00.000,110.71993055555551,1684.4983333333334,"Actual"
"SA",2025-02-03 00:00:00.000,343.68680555555568,2136.9431944444445,"Actual"
"SA",2025-02-04 00:00:00.000,76.80229166666669,1812.5425694444441,"Actual"
"SA",2025-02-05 00:00:00.000,38.655034722222283,1313.3014583333334,"Actual"
"SA",2025-02-06 00:00:00.000,112.59927083333335,1480.2481597222222,"Actual"
"SA",2025-02-07 00:00:00.000,79.380555555555532,1209.5929166666667,"Actual"
"SA",2025-02-08 00:00:00.000,-24.819236111111209,1018.8230902777777,"Actual"
"SA",2025-02-09 00:00:00.000,-21.737708333333291,1083.1452083333334,"Actual"
"SA",2025-02-10 00:00:00.000,26.521909722222226,1447.0106250000001,"Actual"
"SA",2025-02-11 00:00:00.000,141.32482638888891,1860.2813541666667,"Actual"
"SA",2025-02-12 00:00:00.000,467.7790624999999,2215.265034722222,"Actual"
"SA",2025-02-13 00:00:00.000,12.920972222222275,1610.1463194444445,"Actual"
"SA",2025-02-14 00:00:00.000,20.460868055555522,1251.6327777777778,"Actual"
"SA",2025-02-15 00:00:00.000,-8.0973263888889164,1104.9941319444447,"Actual"
"SA",2025-02-16 00:00:00.000,17.5140972222222,936.08579861111093,"Actual"
"SA",2025-02-17 00:00:00.000,66.293159722222271,1118.5556597222223,"Actual"
"SA",2025-02-18 00:00:00.000,37.510763888888832,1172.8449305555557,"Actual"
"SA",2025-02-19 00:00:00.000,-24.279756944444642,1123.2777083333335,"Actual"
"SA",2025-02-20 00:00:00.000,-7.16819444444441,1147.1792708333332,"Actual"
"SA",2025-02-21 00:00:00.000,38.92006944444443,1279.0709027777775,"Actual"
"SA",2025-02-22 00:00:00.000,50.812430555555508,1595.2941666666666,"Actual"
"SA",2025-02-23 00:00:00.000,46.870729166666649,1125.7719791666664,"Actual"
"SA",2025-02-24 00:00:00.000,40.326770833333342,1229.0419791666666,"Actual"
"SA",2025-02-25 00:00:00.000,97.863645833333351,1378.2359374999999,"Actual"
"SA",2025-02-26 00:00:00.000,75.607291666666725,1466.6739583333333,"Actual"
"SA",2025-02-27 00:00:00.000,127.6985069444445,1508.4285763888888,"Actual"
"SA",2025-02-28 00:00:00.000,132.61840277777773,1520.7865972222223,"Actual"
"SA",2025-03-01 00:00:00.000,81.875347222222217,1196.444375,"Actual"
"SA",2025-03-02 00:00:00.000,-5.0509722222223417,1104.6613888888892,"Actual"
"SA",2025-03-03 00:00:00.000,-8.2497916666665958,1170.2402430555558,"Actual"
"SA",2025-03-04 00:00:00.000,57.933368055555555,1300.6076388888887,"Actual"
"SA",2025-03-05 00:00:00.000,39.294201388888752,1357.4777777777776,"Actual"
"SA",2025-03-06 00:00:00.000,-5.0408680555555634,1269.8282291666669,"Actual"
"SA",2025-03-07 00:00:00.000,43.044374999999988,1474.6169097222221,"Actual"
"SA",2025-03-08 00:00:00.000,45.948506944444389,1561.205486111111,"Actual"
"SA",2025-03-09 00:00:00.000,154.18965277777775,1585.6988194444446,"Actual"
"SA",2025-03-10 00:00:00.000,98.015243055555558,1768.1334027777777,"Actual"
"SA",2025-03-11 00:00:00.000,124.40847222222223,1727.720625,"Actual"
"SA",2025-03-12 00:00:00.000,89.91461805555555,1589.5499305555556,"Actual"
"SA",2025-03-13 00:00:00.000,113.81246527777779,1393.6450694444443,"Actual"
"SA",2025-03-14 00:00:00.000,118.30069444444443,1610.7150694444445,"Actual"
"SA",2025-03-15 00:00:00.000,90.690729166666671,1908.1950347222221,"Actual"
"SA",2025-03-16 00:00:00.000,-1.4108333333334144,1380.1740277777783,"Actual"
"SA",2025-03-17 00:00:00.000,-3.6915972222222608,1138.4598958333331,"Actual"
"SA",2025-03-18 00:00:00.000,93.826215277777777,1108.108958333333,"Actual"
"SA",2025-03-19 00:00:00.000,113.97062500000001,1238.5885069444444,"Actual"
"SA",2025-03-20 00:00:00.000,78.9520138888889,1568.4964583333333,"Actual"
"SA",2025-03-21 00:00:00.000,116.89677083333335,1170.0803819444445,"Actual"
"SA",2025-03-22 00:00:00.000,74.062152777777726,1020.2464930555557,"Actual"
"SA",2025-03-23 00:00:00.000,57.982812500000009,1014.0510416666665,"Actual"
"SA",2025-03-24 00:00:00.000,36.426597222222242,1198.1815277777778,"Actual"
"SA",2025-03-25 00:00:00.000,48.984305555555594,1239.7014236111108,"Actual"
"SA",2025-03-26 00:00:00.000,60.337951388888875,1364.3296527777777,"Actual"
"SA",2025-03-27 00:00:00.000,53.317881944444451,1317.5629166666668,"Actual"
"SA",2025-03-28 00:00:00.000,108.71038194444444,1453.8772916666667,"Actual"
"SA",2025-03-29 00:00:00.000,54.193576388888985,1203.5314930555555,"Actual"
"SA",2025-03-30 00:00:00.000,-9.8437499999999911,1017.0818055555554,"Actual"
"SA",2025-03-31 00:00:00.000,-5.9444444444444358,1236.6816319444445,"Actual"
"SA",2025-04-01 00:00:00.000,53.413298611111131,1161.9172569444445,"Actual"
"SA",2025-04-02 00:00:00.000,112.45343749999999,1175.1570833333333,"Actual"
"SA",2025-04-03 00:00:00.000,72.277499999999961,1267.8930555555557,"Actual"
"SA",2025-04-04 00:00:00.000,90.922222222222217,1233.5898611111111,"Actual"
"SA",2025-04-05 00:00:00.000,60.020555555555532,1065.758576388889,"Actual"
"SA",2025-04-06 00:00:00.000,58.741180555555481,1074.1667361111108,"Actual"
"SA",2025-04-07 00:00:00.000,110.1607986111111,1248.4022569444444,"Actual"
"SA",2025-04-08 00:00:00.000,136.06402777777782,1178.7665277777776,"Actual"
"SA",2025-04-09 00:00:00.000,176.7429166666667,1440.4026041666666,"Actual"
"SA",2025-04-10 00:00:00.000,91.365694444444472,1258.2601388888888,"Actual"
"SA",2025-04-11 00:00:00.000,103.67708333333334,1222.0622916666666,"Actual"
"SA",2025-04-12 00:00:00.000,90.609583333333319,1219.9160069444445,"Actual"
"SA",2025-04-13 00:00:00.000,52.435833333333406,1332.9031944444446,"Actual"
"SA",2025-04-14 00:00:00.000,120.54489583333324,1479.3183333333334,"Actual"
"SA",2025-04-15 00:00:00.000,112.47694444444448,1564.9408680555555,"Actual"
"SA",2025-04-16 00:00:00.000,122.20270833333333,1488.0521875000002,"Actual"
"SA",2025-04-17 00:00:00.000,139.53222222222223,1382.6219791666667,"Actual"
"SA",2025-04-18 00:00:00.000,82.3159722222222,1136.0118055555556,"Actual"
"SA",2025-04-19 00:00:00.000,20.241006944444322,1347.5957986111111,"Actual"
"SA",2025-04-20 00:00:00.000,-3.0827430555555564,1176.9802083333336,"Actual"
"SA",2025-04-21 00:00:00.000,28.155937499999993,1278.1459375,"Actual"
"SA",2025-04-22 00:00:00.000,16.903715277777735,1205.6028124999998,"Actual"
"SA",2025-04-23 00:00:00.000,47.916493055555563,1175.4107638888891,"Actual"
"SA",2025-04-24 00:00:00.000,94.066770833333351,1210.1900694444444,"Actual"
"SA",2025-04-25 00:00:00.000,123.14628472222221,1323.6166666666668,"Actual"
"SA",2025-04-26 00:00:00.000,107.04124999999996,1110.1445486111115,"Actual"
"SA",2025-04-27 00:00:00.000,93.817256944444523,1186.4480208333334,"Actual"
"SA",2025-04-28 00:00:00.000,143.6816319444444,1298.398611111111,"Actual"
"SA",2025-04-29 00:00:00.000,147.82298611111111,1312.1550347222224,"Actual"
"SA",2025-04-30 00:00:00.000,58.857326388888886,1260.5515625,"Actual"
"SA",2025-05-01 00:00:00.000,86.2629861111111,1259.9725694444446,"Actual"
"SA",2025-05-02 00:00:00.000,95.024340277777782,1221.2310416666669,"Actual"
"SA",2025-05-03 00:00:00.000,7.4990277777778189,1167.0640624999996,"Actual"
"SA",2025-05-04 00:00:00.000,-11.537118055555545,1115.2952430555556,"Actual"
"SA",2025-05-05 00:00:00.000,-32.541006944444376,1276.9297916666667,"Actual"
"SA",2025-05-06 00:00:00.000,-5.0499305555555658,1300.9843055555555,"Actual"
"SA",2025-05-07 00:00:00.000,12.044409722222218,1338.1613194444444,"Actual"
"SA",2025-05-08 00:00:00.000,77.993229166666652,1254.4686458333331,"Actual"
"SA",2025-05-09 00:00:00.000,101.5953125,1243.9926388888891,"Actual"
"SA",2025-05-10 00:00:00.000,86.147881944444435,1140.1982291666668,"Actual"
"SA",2025-05-11 00:00:00.000,86.148298611111031,1122.7782986111113,"Actual"
"SA",2025-05-12 00:00:00.000,121.06003472222221,1267.2664930555554,"Actual"
"SA",2025-05-13 00:00:00.000,113.83663194444445,1264.9398263888888,"Actual"
"SA",2025-05-14 00:00:00.000,129.31954861111112,1314.8836111111113,"Actual"
"SA",2025-05-15 00:00:00.000,148.3871527777778,1502.6575347222222,"Actual"
"SA",2025-05-16 00:00:00.000,152.81013888888887,1495.1731597222222,"Actual"
"SA",2025-05-17 00:00:00.000,101.74659722222223,1434.6871180555554,"Actual"
"SA",2025-05-18 00:00:00.000,55.663680555555551,1326.9525,"Actual"
"SA",2025-05-19 00:00:00.000,114.19034722222224,1528.1515624999997,"Actual"
"SA",2025-05-20 00:00:00.000,142.00600694444444,1529.9649652777778,"Actual"
"SA",2025-05-21 00:00:00.000,191.73309027777776,1604.9433333333334,"Actual"
"SA",2025-05-22 00:00:00.000,146.98381944444438,1488.0349999999999,"Actual"
"SA",2025-05-23 00:00:00.000,145.79010416666668,1479.8443750000001,"Actual"
"SA",2025-05-24 00:00:00.000,26.464652777777744,1379.0805555555553,"Actual"
"SA",2025-05-25 00:00:00.000,47.929062500000015,1242.2621875,"Actual"
"SA",2025-05-26 00:00:00.000,-14.868854166666665,1667.1160763888888,"Actual"
"SA",2025-05-27 00:00:00.000,18.533888888888885,1574.9402777777777,"Actual"
"SA",2025-05-28 00:00:00.000,102.70170138888884,1569.8514583333333,"Actual"
"SA",2025-05-29 00:00:00.000,95.651423611111113,1451.1014930555555,"Actual"
"SA",2025-05-30 00:00:00.000,111.05149305555557,1443.8729166666667,"Actual"
"SA",2025-05-31 00:00:00.000,127.8101388888889,1323.8639930555557,"Actual"
"SA",2025-06-01 00:00:00.000,79.881354166666711,1403.9347916666668,"Actual"
"SA",2025-06-02 00:00:00.000,148.84722222222217,1485.2723263888888,"Actual"
"SA",2025-06-03 00:00:00.000,114.063125,1580.000625,"Actual"
"SA",2025-06-04 00:00:00.000,113.96114583333335,1563.6787499999998,"Actual"
"SA",2025-06-05 00:00:00.000,108.13715277777777,1852.6664236111112,"Actual"
"SA",2025-06-06 00:00:00.000,-14.486701388888889,1844.6522569444444,"Actual"
"SA",2025-06-07 00:00:00.000,67.499618055555615,1756.7418402777778,"Actual"
"SA",2025-06-08 00:00:00.000,53.812326388888934,1614.6927430555556,"Actual"
"SA",2025-06-09 00:00:00.000,105.35607638888891,1571.0173611111111,"Actual"
"SA",2025-06-10 00:00:00.000,184.20777777777778,1655.6411458333332,"Actual"
"SA",2025-06-11 00:00:00.000,577.14354166666681,1740.1461458333333,"Actual"
"SA",2025-06-12 00:00:00.000,1635.9284375000013,1603.1162152777777,"Actual"
"SA",2025-06-13 00:00:00.000,257.86743055555559,1593.5961458333336,"Actual"
"SA",2025-06-14 00:00:00.000,86.016562499999978,1797.2793749999998,"Actual"
"SA",2025-06-15 00:00:00.000,159.94406250000003,1519.8515625000002,"Actual"
"SA",2025-06-16 00:00:00.000,42.150312500000034,1777.9542708333333,"Actual"
"SA",2025-06-17 00:00:00.000,149.50128472222212,1702.2704166666667,"Actual"
"SA",2025-06-18 00:00:00.000,312.00333333333322,1690.4798611111112,"Actual"
"SA",2025-06-19 00:00:00.000,157.74315972222223,1601.9123611111111,"Actual"
"SA",2025-06-20 00:00:00.000,143.64274305555554,1528.631388888889,"Actual"
"SA",2025-06-21 00:00:00.000,100.28486111111114,1380.3344444444444,"Actual"
"SA",2025-06-22 00:00:00.000,16.797048611111109,1409.5240972222223,"Actual"
"SA",2025-06-23 00:00:00.000,-14.287048611111109,1506.041076388889,"Actual"
"SA",2025-06-24 00:00:00.000,9.947673611111103,1874.7413194444443,"Actual"
"SA",2025-06-25 00:00:00.000,47.650069444444441,1679.7965625,"Actual"
"SA",2025-06-26 00:00:00.000,1970.0077430555552,1686.002361111111,"Actual"
"SA",2025-06-27 00:00:00.000,313.71680555555554,1679.6419444444443,"Actual"
"SA",2025-06-28 00:00:00.000,199.83802083333333,1595.3380208333333,"Actual"
"SA",2025-06-29 00:00:00.000,187.69336805555557,1476.2523958333331,"Actual"
"SA",2025-06-30 00:00:00.000,197.35343750000004,1663.749236111111,"Actual"
"SA",2025-07-01 00:00:00.000,535.61934027777829,1716.6304861111112,"Actual"
"SA",2025-07-02 00:00:00.000,1999.5426388888891,1771.9611805555555,"Actual"
"SA",2025-07-03 00:00:00.000,265.2698263888891,1652.6282986111112,"Actual"
"SA",2025-07-04 00:00:00.000,26.571979166666665,1619.6511458333334,"Actual"
"SA",2025-07-05 00:00:00.000,2.3554166666666774,1513.0276388888888,"Actual"
"SA",2025-07-06 00:00:00.000,64.92427083333331,1377.9869097222222,"Actual"
"SA",2025-07-07 00:00:00.000,88.028055555555568,1617.1826736111111,"Actual"
"SA",2025-07-08 00:00:00.000,13.435902777777763,1700.1324305555556,"Actual"
"SA",2025-07-09 00:00:00.000,76.3044444444444,2043.4529861111112,"Actual"
"SA",2025-07-10 00:00:00.000,51.1957638888889,1724.9842013888888,"Actual"
"SA",2025-07-11 00:00:00.000,90.546701388888835,1592.4677777777779,"Actual"
"SA",2025-07-12 00:00:00.000,115.99972222222223,1388.2584722222223,"Actual"
"SA",2025-07-13 00:00:00.000,12.333333333333304,1571.3974305555555,"Actual"
"SA",2025-07-14 00:00:00.000,152.5557986111111,1769.8216666666667,"Actual"
"SA",2025-07-15 00:00:00.000,144.08305555555557,1605.5202430555555,"Actual"
"SA",2025-07-16 00:00:00.000,107.96913194444446,1586.2427083333332,"Actual"
"SA",2025-07-17 00:00:00.000,90.673854166666743,1579.1833680555555,"Actual"
"SA",2025-07-18 00:00:00.000,137.2161111111111,1594.774201388889,"Actual"
"SA",2025-07-19 00:00:00.000,41.696701388888904,1642.1952083333333,"Actual"
"SA",2025-07-20 00:00:00.000,96.262708333333322,1423.1754166666669,"Actual"
"SA",2025-07-21 00:00:00.000,-17.377500000000015,1600.7140625,"Actual"
"SA",2025-07-22 00:00:00.000,18.363680555555547,1790.1714236111111,"Actual"
"SA",2025-07-23 00:00:00.000,97.206006944444439,1600.8480555555554,"Actual"
"SA",2025-07-24 00:00:00.000,66.572361111111093,1696.4952430555554,"Actual"
"SA",2025-07-25 00:00:00.000,35.783194444444426,2144.9882986111111,"Actual"
"SA",2025-07-26 00:00:00.000,42.924513888888889,1725.9863541666668,"Actual"
"SA",2025-07-27 00:00:00.000,26.867951388888869,1624.1415972222223,"Actual"
"SA",2025-07-28 00:00:00.000,159.43142361111103,1640.2606944444444,"Actual"
"SA",2025-07-29 00:00:00.000,221.44729166666662,1816.5878472222223,"Actual"
"SA",2025-07-30 00:00:00.000,174.19802083333337,1641.942361111111,"Actual"
"SA",2025-07-31 00:00:00.000,174.96885416666663,1656.9704166666668,"Actual"
"SA",2025-08-01 00:00:00.000,169.45569444444439,1652.034513888889,"Actual"
"SA",2025-08-02 00:00:00.000,157.5517361111111,1503.2169791666665,"Actual"
"SA",2025-08-03 00:00:00.000,40.779722222222219,1393.8657986111114,"Actual"
"SA",2025-08-04 00:00:00.000,-0.094374999999999432,1853.6121527777777,"Actual"
"SA",2025-08-05 00:00:00.000,49.121284722222228,1547.8274305555553,"Actual"
"SA",2025-08-06 00:00:00.000,130.55093750000003,1512.6985069444445,"Actual"
"SA",2025-08-07 00:00:00.000,163.77,1481.4158333333332,"Actual"
"SA",2025-08-08 00:00:00.000,93.920312500000023,1477.6985416666669,"Actual"
"SA",2025-08-09 00:00:00.000,91.383263888888877,1458.442465277778,"Actual"
"SA",2025-08-10 00:00:00.000,162.36979166666663,1307.7086111111112,"Actual"
"SA",2025-08-11 00:00:00.000,80.776527777777773,1428.6818402777778,"Actual"
"SA",2025-08-12 00:00:00.000,128.74239583333332,1355.097361111111,"Actual"
"SA",2025-08-13 00:00:00.000,169.07607638888891,1409.972013888889,"Actual"
"SA",2025-08-14 00:00:00.000,54.296006944444855,1354.3528124999996,"Actual"
"SA",2025-08-15 00:00:00.000,19.023472222222225,1475.529236111111,"Actual"
"SA",2025-08-16 00:00:00.000,82.242430555555543,1407.1492708333335,"Actual"
"SA",2025-08-17 00:00:00.000,86.265312500000007,1369.4214583333332,"Actual"
"SA",2025-08-18 00:00:00.000,176.13006944444442,1532.1975694444445,"Actual"
"SA",2025-08-19 00:00:00.000,171.99097222222221,1425.5697916666668,"Actual"
"SA",2025-08-20 00:00:00.000,79.545069444444437,1344.2826041666669,"Actual"
"SA",2025-08-21 00:00:00.000,79.803298611111089,1531.8926736111109,"Actual"
"SA",2025-08-22 00:00:00.000,70.604652777777773,1369.0804166666667,"Actual"
"SA",2025-08-23 00:00:00.000,106.80871527777778,1181.8031249999997,"Actual"
"SA",2025-08-24 00:00:00.000,84.88211805555558,1304.2036805555554,"Actual"
"SA",2025-08-25 00:00:00.000,69.888055555555553,1702.4581944444444,"Actual"
"SA",2025-08-26 00:00:00.000,19.405416666666664,1371.9826388888889,"Actual"
"SA",2025-08-27 00:00:00.000,-0.82451388888888744,1454.7255555555555,"Actual"
"SA",2025-08-28 00:00:00.000,16.818298611111103,1636.200451388889,"Actual"
"SA",2025-08-29 00:00:00.000,8.04972222222223,1756.322986111111,"Actual"
"SA",2025-08-30 00:00:00.000,29.014305555555534,1540.1288541666668,"Actual"
"SA",2025-08-31 00:00:00.000,101.8672916666666,1485.1794097222223,"Actual"
"SA",2025-09-01 00:00:00.000,230.54944444444445,1502.1222916666666,"Actual"
"SA",2025-09-02 00:00:00.000,72.692673611111132,1333.8605902777774,"Actual"
"SA",2025-09-03 00:00:00.000,57.715694444444445,1405.3474999999999,"Actual"
"SA",2025-09-04 00:00:00.000,106.21246527777787,1343.6072222222222,"Actual"
"SA",2025-09-05 00:00:00.000,70.982222222222248,1471.9103472222223,"Actual"
"SA",2025-09-06 00:00:00.000,4.8190625000000367,1331.662048611111,"Actual"
"SA",2025-09-07 00:00:00.000,-11.979062499999998,986.14447916666677,"Actual"
"SA",2025-09-08 00:00:00.000,47.700729166666676,1127.4535763888887,"Actual"
"SA",2025-09-09 00:00:00.000,102.03118055555555,1472.4506944444445,"Actual"
"SA",2025-09-10 00:00:00.000,106.08722222222218,1382.70875,"Actual"
"SA",2025-09-11 00:00:00.000,102.03562500000001,1236.9142708333334,"Actual"
"SA",2025-09-12 00:00:00.000,116.07163194444445,1327.9957986111112,"Actual"
"SA",2025-09-13 00:00:00.000,119.51090277777777,1018.6543750000003,"Actual"
"SA",2025-09-14 00:00:00.000,-19.445972222222267,1016.096875,"Actual"
"SA",2025-09-15 00:00:00.000,2.1718402777777861,1260.0930902777777,"Actual"
"SA",2025-09-16 00:00:00.000,3.2399652777778094,1273.3369791666667,"Actual"
"SA",2025-09-17 00:00:00.000,60.309305555555675,1224.1807291666667,"Actual"
"SA",2025-09-18 00:00:00.000,38.409756944444489,1130.2127083333335,"Actual"
"SA",2025-09-19 00:00:00.000,8.743680555555553,1174.6425694444447,"Actual"
"SA",2025-09-20 00:00:00.000,13.286979166666679,1285.4088541666665,"Actual"
"SA",2025-09-21 00:00:00.000,17.889236111111117,1276.4676388888888,"Actual"
"SA",2025-09-22 00:00:00.000,50.107187500000009,1295.1785416666664,"Actual"
"SA",2025-09-23 00:00:00.000,81.441423611111134,1334.1964583333333,"Actual"
"SA",2025-09-24 00:00:00.000,77.40003472222223,1241.8233333333333,"Actual"
"SA",2025-09-25 00:00:00.000,46.200486111111104,1173.4725347222225,"Actual"
"SA",2025-09-26 00:00:00.000,25.9307986111111,1143.9284722222224,"Actual"
"SA",2025-09-27 00:00:00.000,33.722569444444446,1070.0625694444448,"Actual"
"SA",2025-09-28 00:00:00.000,68.9426041666666,1031.8432291666668,"Actual"
"SA",2025-09-29 00:00:00.000,59.814930555555549,1356.3186805555556,"Actual"
"SA",2025-09-30 00:00:00.000,35.96923611111103,1252.317951388889,"Actual"
"SA",2025-10-01 00:00:00.000,-7.8802083333333091,1353.6399305555556,"Actual"
"SA",2025-10-02 00:00:00.000,13.432256944444438,1216.6702083333334,"Actual"
"SA",2025-10-03 00:00:00.000,63.703958333333219,1155.1329166666669,"Actual"
"SA",2025-10-04 00:00:00.000,26.1376388888888,966.819930555555,"Actual"
"SA",2025-10-05 00:00:00.000,-17.571111111111119,1228.5316319444444,"Actual"
"SA",2025-10-06 00:00:00.000,50.9217013888889,1088.3511458333332,"Actual"
"SA",2025-10-07 00:00:00.000,79.420833333333391,1154.3347916666667,"Actual"
"SA",2025-10-08 00:00:00.000,65.54281249999957,1150.6086805555556,"Actual"
"SA",2025-10-09 00:00:00.000,-1.5173611111111072,1068.1215625,"Actual"
"SA",2025-10-10 00:00:00.000,-33.856354166666684,1089.6837847222223,"Actual"
"SA",2025-10-11 00:00:00.000,7.6680902777777824,1012.2018402777778,"Actual"
"SA",2025-10-12 00:00:00.000,38.25104166666668,901.998402777778,"Actual"
"SA",2025-10-13 00:00:00.000,92.12291666666664,1008.6254861111113,"Actual"
"SA",2025-10-14 00:00:00.000,66.02461805555555,1011.9472222222223,"Actual"
"SA",2025-10-15 00:00:00.000,96.818611111111167,969.84996527777776,"Actual"
"SA",2025-10-16 00:00:00.000,20.120243055555648,1222.1446527777778,"Actual"
"SA",2025-10-17 00:00:00.000,43.089097222222193,1017.2282291666666,"Actual"
"SA",2025-10-18 00:00:00.000,31.046388888889055,875.95430555555527,"Actual"
"SA",2025-10-19 00:00:00.000,20.084062500000016,1236.3743749999999,"Actual"
"SA",2025-10-20 00:00:00.000,116.82940972222221,1374.3634027777778,"Actual"
"SA",2025-10-21 00:00:00.000,133.01392361111112,1478.5492013888888,"Actual"
"SA",2025-10-22 00:00:00.000,1.9388194444444427,1150.952534722222,"Actual"
"SA",2025-10-23 00:00:00.000,137.24090277777776,995.50427083333341,"Actual"
"SA",2025-10-24 00:00:00.000,87.646770833333363,951.01600694444448,"Actual"
"SA",2025-10-25 00:00:00.000,80.261215277777808,1214.7792013888889,"Actual"
"SA",2025-10-26 00:00:00.000,-11.837118055555479,943.62770833333309,"Actual"
"SA",2025-10-27 00:00:00.000,35.019409722222235,1220.0548263888886,"Actual"
"SA",2025-10-28 00:00:00.000,55.222500000000011,896.18704861111155,"Actual"
"SA",2025-10-29 00:00:00.000,117.11954861111107,910.47385416666668,"Actual"
"SA",2025-10-30 00:00:00.000,108.85982638888885,1203.1451388888888,"Actual"
"SA",2025-10-31 00:00:00.000,40.018298611111,958.32541666666657,"Actual"
"SA",2025-11-01 00:00:00.000,42.8373263888889,845.66822916666638,"Actual"
"SA",2025-11-02 00:00:00.000,14.117638888888877,1289.0229861111111,"Actual"
"SA",2025-11-03 00:00:00.000,53.024201388888891,1240.36375,"Actual"
"SA",2025-11-04 00:00:00.000,28.397361111111152,1239.9394791666666,"Actual"
"SA",2025-11-05 00:00:00.000,40.298090277777774,1075.3482291666664,"Actual"
"SA",2025-11-06 00:00:00.000,59.9121180555556,1286.6513194444444,"Actual"
"SA",2025-11-07 00:00:00.000,9.8478125000000887,1091.2630208333335,"Actual"
"SA",2025-11-08 00:00:00.000,-0.38104166666666472,1012.8093402777774,"Actual"
"SA",2025-11-09 00:00:00.000,35.995902777777779,904.23996527777786,"Actual"
"SA",2025-11-10 00:00:00.000,42.131944444444422,1031.5696527777777,"Actual"
"SA",2025-11-11 00:00:00.000,41.378055555555562,939.41638888888906,"Actual"
"SA",2025-11-12 00:00:00.000,57.151111111111113,929.83045138888883,"Actual"
"SA",2025-11-13 00:00:00.000,39.973645833333265,1320.193888888889,"Actual"
"SA",2025-11-14 00:00:00.000,61.827708333333433,1112.0246180555555,"Actual"
"SA",2025-11-15 00:00:00.000,70.999513888888956,942.66972222222228,"Actual"
"SA",2025-11-16 00:00:00.000,0.26250000000000284,1140.4788194444445,"Actual"
"SA",2025-11-17 00:00:00.000,-5.8238541666666617,1346.325625,"Actual"
"SA",2025-11-18 00:00:00.000,32.5255902777777,1109.6033680555554,"Actual"
"SA",2025-11-19 00:00:00.000,30.52385416666668,1073.1660069444445,"Actual"
"SA",2025-11-20 00:00:00.000,17.620972222222292,1024.7381249999999,"Actual"
"SA",2025-11-21 00:00:00.000,-10.237951388888899,1048.7220486111114,"Actual"
"SA",2025-11-22 00:00:00.000,54.547083333333333,1341.4756597222222,"Actual"
"SA",2025-11-23 00:00:00.000,68.547812499999964,913.89493055555567,"Actual"
"SA",2025-11-24 00:00:00.000,34.166631944444305,1239.6318055555555,"Actual"
"SA",2025-11-25 00:00:00.000,19.16017361111113,1002.2978819444443,"Actual"
"SA",2025-11-26 00:00:00.000,-6.6995138888889585,1025.9984027777778,"Actual"
"SA",2025-11-27 00:00:00.000,35.448368055555569,1030.9863888888888,"Actual"
"SA",2025-11-28 00:00:00.000,82.52263888888902,1439.5779513888888,"Actual"
"SA",2025-11-29 00:00:00.000,31.092534722222254,973.64385416666653,"Actual"
"SA",2025-11-30 00:00:00.000,-6.320243055555423,932.53767361111113,"Actual"
"SA",2025-12-01 00:00:00.000,8.7056250000000013,1022.0950347222222,"Actual"
"SA",2025-12-02 00:00:00.000,86.229479166666678,923.18833333333339,"Actual"
"SA",2025-12-03 00:00:00.000,66.880937499999945,1068.8133333333335,"Actual"
"SA",2025-12-04 00:00:00.000,30.417847222222321,1319.7838541666665,"Actual"
"SA",2025-12-05 00:00:00.000,78.883020833333262,1113.5335763888888,"Actual"
"SA",2025-12-06 00:00:00.000,19.278993055555588,978.25260416666663,"Actual"
"SA",2025-12-07 00:00:00.000,-4.4474305555555675,796.605486111111,"Actual"
"SA",2025-12-08 00:00:00.000,120.57246527777782,1043.1926736111113,"Actual"
"SA",2025-12-09 00:00:00.000,51.162013888888836,1154.916076388889,"Actual"
"SA",2025-12-10 00:00:00.000,53.221562500000005,1302.3141319444444,"Actual"
"SA",2025-12-11 00:00:00.000,26.777847222222224,1291.1938194444444,"Actual"
"SA",2025-12-12 00:00:00.000,67.009791666666672,1588.7315625,"Actual"
"SA",2025-12-13 00:00:00.000,40.634131944444341,1006.3428819444448,"Actual"
"SA",2025-12-14 00:00:00.000,3.2278472222222661,988.44618055555543,"Actual"
"SA",2025-12-15 00:00:00.000,-42.19670138888884,968.22743055555554,"Actual"
"SA",2025-12-16 00:00:00.000,6.6323263888888278,1006.1714930555559,"Actual"
"SA",2025-12-17 00:00:00.000,83.301875,1328.6064930555556,"Actual"
"SA",2025-12-18 00:00:00.000,101.20288194444463,1718.9894444444444,"Actual"
"SA",2025-12-19 00:00:00.000,63.933645833333173,1434.6105555555555,"Actual"
"SA",2025-12-20 00:00:00.000,53.535277777777864,1019.5009375000002,"Actual"
"SA",2025-12-21 00:00:00.000,22.490347222222397,1069.6425694444445,"Actual"
"SA",2025-12-22 00:00:00.000,0.95034722222225554,1009.2180902777777,"Actual"
"SA",2025-12-23 00:00:00.000,-4.5274652777777575,944.17458333333275,"Actual"
"SA",2025-12-24 00:00:00.000,-13.189270833333467,1000.2672569444445,"Actual"
"SA",2025-12-25 00:00:00.000,-83.759131944444519,775.84340277777778,"Actual"
"SA",2025-12-26 00:00:00.000,-72.9965277777778,821.93524305555547,"Actual"
"SA",2025-12-27 00:00:00.000,-18.67170138888887,923.60986111111129,"Actual"
"SA",2025-12-28 00:00:00.000,97.56631944444446,1186.1666319444446,"Actual"
"SA",2025-12-29 00:00:00.000,53.762708333333336,1518.5220833333333,"Actual"
"SA",2025-12-30 00:00:00.000,14.278993055555571,1303.6855555555555,"Actual"
"SA",2025-12-31 00:00:00.000,-45.501458333333289,902.67944444444493,"Actual"
"SA",2026-01-01 00:00:00.000,-25.880624999999959,851.6565625,"Actual"
"SA",2026-01-02 00:00:00.000,13.009340277777778,1078.5015277777777,"Actual"
"SA",2026-01-03 00:00:00.000,48.860486111111086,1070.7577777777776,"Actual"
"SA",2026-01-04 00:00:00.000,-13.902083333333309,934.03125000000023,"Actual"
"SA",2026-01-05 00:00:00.000,12.834895833333412,1124.3636111111109,"Actual"
"SA",2026-01-06 00:00:00.000,567.526527777778,1512.2090972222222,"Actual"
"SA",2026-01-07 00:00:00.000,156.423576388889,1947.8959375,"Actual"
"SA",2026-01-08 00:00:00.000,151.94559027777785,2143.5860763888891,"Actual"
"SA",2026-01-09 00:00:00.000,34.142916666666906,1654.2803819444446,"Actual"
"SA",2026-01-10 00:00:00.000,-15.154756944444447,1041.9961111111111,"Actual"
"SA",2026-01-11 00:00:00.000,-11.080208333333349,909.11423611111172,"Actual"
"SA",2026-01-12 00:00:00.000,12.271840277777796,1054.1602430555556,"Actual"
"SA",2026-01-13 00:00:00.000,38.256215277777784,1092.6289930555554,"Actual"
"SA",2026-01-14 00:00:00.000,40.584305555555567,1174.956215277778,"Actual"
"SA",2026-01-15 00:00:00.000,19.126493055555784,1331.7307638888888,"Actual"
"SA",2026-01-16 00:00:00.000,1.7024999999999864,1210.6894791666666,"Actual"
"SA",2026-01-17 00:00:00.000,-5.9259375000000034,1020.5122222222225,"Actual"
"SA",2026-01-18 00:00:00.000,214.08979166666668,1362.957326388889,"Actual"
"SA",2026-01-19 00:00:00.000,8.5899305555556,1417.9267013888884,"Actual"
"SA",2026-01-20 00:00:00.000,42.596388888888882,1292.8871527777776,"Actual"
"SA",2026-01-21 00:00:00.000,25.902986111111112,1179.4231249999998,"Actual"
"SA",2026-01-22 00:00:00.000,15.678854166666682,1028.1281597222223,"Actual"
"SA",2026-01-23 00:00:00.000,51.814895833333324,1353.4094097222223,"Actual"
"SA",2026-01-24 00:00:00.000,66.122673611111125,1905.4028472222224,"Actual"
"SA",2026-01-25 00:00:00.000,113.5536458333335,1505.9055555555556,"Actual"
"SA",2026-01-26 00:00:00.000,2457.3059375000012,1895.1480902777776,"Actual"
"SA",2026-01-27 00:00:00.000,411.03975694444432,2344.0735069444445,"Actual"
"SA",2026-01-28 00:00:00.000,56.9820138888889,1704.1927777777776,"Actual"
"SA",2026-01-29 00:00:00.000,41.874305555555566,1797.0164236111111,"Actual"
"SA",2026-01-30 00:00:00.000,111.50874999999996,2027.4565277777779,"Actual"
"SA",2026-01-31 00:00:00.000,78.008541666666673,1618.071909722222,"Actual"
"SA",2026-02-01 00:00:00.000,1.1751388888889309,993.98180555555564,"Actual"
"SA",2026-02-02 00:00:00.000,12.543472222222229,1046.9133333333334,"Actual"
"SA",2026-02-03 00:00:00.000,46.024618055555564,1175.0901736111109,"Actual"
"SA",2026-02-04 00:00:00.000,76.942013888888866,1314.8943055555555,"Actual"
"SA",2026-02-05 00:00:00.000,78.542569444444453,1310.9137847222221,"Actual"
"SA",2026-02-06 00:00:00.000,83.684166666666712,1311.6006944444443,"Actual"
"SA",2026-02-07 00:00:00.000,157.97972222222222,1366.1477430555556,"Actual"
"SA",2026-02-08 00:00:00.000,88.518645833333323,1363.9052430555557,"Actual"
"SA",2026-02-09 00:00:00.000,81.5411458333333,1375.245138888889,"Actual"
"SA",2026-02-10 00:00:00.000,137.355625,1644.9812152777777,"Actual"
"SA",2026-02-11 00:00:00.000,60.165729166666708,1761.6658680555556,"Actual"
"SA",2026-02-12 00:00:00.000,-30.956215277777687,1167.9930208333333,"Actual"
"SA",2026-02-13 00:00:00.000,-15.774895833333332,1087.0723611111109,"Actual"
"SA",2026-02-14 00:00:00.000,-8.9381944444444628,1114.4923611111112,"Actual"
"SA",2026-02-15 00:00:00.000,32.188368055555557,1413.9838888888892,"Actual"
"SA",2026-02-16 00:00:00.000,53.49875,1957.7386458333333,"Actual"
"SA",2026-02-17 00:00:00.000,15.690868055555534,1695.046111111111,"Actual"
"SA",2026-02-18 00:00:00.000,57.482395833333371,1093.9192361111111,"Actual"
"SA",2026-02-19 00:00:00.000,45.47958333333326,1168.9340972222221,"Actual"
"SA",2026-02-20 00:00:00.000,83.831770833333337,1463.8995486111112,"Actual"
"SA",2026-02-21 00:00:00.000,85.440763888888966,1470.0810416666666,"Actual"
"SA",2026-02-22 00:00:00.000,70.521076388888886,1494.0294444444446,"Actual"
"SA",2026-02-23 00:00:00.000,26.896354166666669,1179.1173263888891,"Actual"
"SA",2026-02-24 00:00:00.000,73.562048611111109,1329.8626388888888,"Actual"
"SA",2026-02-25 00:00:00.000,16.017673611111121,1205.2115277777775,"Actual"
"SA",2026-02-26 00:00:00.000,25.394756944444453,1411.3765277777777,"Actual"
"SA",2026-02-27 00:00:00.000,125.03246527777777,1666.9533333333334,"Actual"
"SA",2026-02-28 00:00:00.000,88.24673611111109,1628.7506944444444,"Actual"
"SA",2026-03-01 00:00:00.000,76.478194444444469,1477.7414930555556,"Actual"
"SA",2026-03-02 00:00:00.000,66.71506944444441,1386.9860416666668,"Actual"
"SA",2026-03-03 00:00:00.000,71.186493055555587,988.26711805555556,"Actual"
"SA",2026-03-04 00:00:00.000,60.8749652777778,927.20079861111117,"Actual"
"SA",2026-03-05 00:00:00.000,63.00847222222221,970.59805555555556,"Actual"
"SA",2026-03-06 00:00:00.000,42.63437500000002,1007.354513888889,"Actual"
"SA",2026-03-07 00:00:00.000,-5.3062847222222445,931.03145833333315,"Actual"
"SA",2026-03-08 00:00:00.000,-24.681423611111068,831.3157986111114,"Actual"
"SA",2026-03-09 00:00:00.000,32.317187499999946,828.48965277777779,"Actual"
"SA",2026-03-10 00:00:00.000,57.178541666666646,1122.3683333333333,"Actual"
"SA",2026-03-11 00:00:00.000,-5.3455208333333335,1156.4503819444444,"Actual"
"SA",2026-03-12 00:00:00.000,1.9127083333333292,1215.3388194444444,"Actual"
"SA",2026-03-13 00:00:00.000,-51.45788194444448,1103.0738541666665,"Actual"
"SA",2026-03-14 00:00:00.000,7.6440625000000022,972.26746527777823,"Actual"
"SA",2026-03-15 00:00:00.000,51.394444444444446,1101.1515625,"Actual"
"SA",2026-03-16 00:00:00.000,121.21256944444438,1500.4513541666668,"Actual"
"SA",2026-03-17 00:00:00.000,117.72131944444445,1310.5582291666667,"Actual"
"SA",2026-03-18 00:00:00.000,107.51732638888889,1400.4237847222223,"Actual"
"SA",2026-03-19 00:00:00.000,116.45506944444443,1227.1230902777777,"Actual"
"SA",2026-03-20 00:00:00.000,89.31381944444442,1178.2724305555555,"Actual"
"SA",2026-03-21 00:00:00.000,73.501145833333226,955.69138888888892,"Actual"
"SA",2026-03-22 00:00:00.000,73.602708333333425,1024.8459374999998,"Actual"
"SA",2026-03-23 00:00:00.000,89.7750347222223,1357.375173611111,"Actual"
"SA",2026-03-24 00:00:00.000,130.32385416666668,1516.5463888888889,"Actual"
"SA",2026-03-25 00:00:00.000,118.12503472222227,1417.5165625000002,"Actual"
"SA",2026-03-26 00:00:00.000,21.879999999999967,1246.6244444444444,"Actual"
"SA",2026-03-27 00:00:00.000,-15.509270833333359,1250.6019791666668,"Actual"
"SA",2026-03-28 00:00:00.000,53.404374999999995,1196.9206597222224,"Actual"
"SA",2026-03-29 00:00:00.000,39.401875000000011,972.77274305555534,"Actual"
"SA",2026-03-30 00:00:00.000,66.783854166666671,1236.6459375,"Actual"
"SA",2026-03-31 00:00:00.000,-10.968715277777839,1299.1485416666667,"Actual"
"SA",2026-04-01 00:00:00.000,60.676736111111111,1258.3904861111112,"Actual"
"SA",2026-04-02 00:00:00.000,64.40468749999998,1152.0923958333335,"Actual"
"SA",2026-04-03 00:00:00.000,-9.86062500000003,1050.4728472222223,"Actual"
"SA",2026-04-04 00:00:00.000,-7.7198263888888849,1009.2013541666668,"Actual"
"SA",2026-04-05 00:00:00.000,90.7761805555556,1204.0936111111112,"Actual"
"SA",2026-04-06 00:00:00.000,39.776666666666742,1155.3076388888892,"Actual"
"SA",2026-04-07 00:00:00.000,52.6873611111111,1257.3736805555554,"Actual"
"SA",2026-04-08 00:00:00.000,104.81631944444449,1480.0452777777778,"Actual"
"SA",2026-04-09 00:00:00.000,-5.0243750000000116,1555.4595138888888,"Actual"
"SA",2026-04-10 00:00:00.000,-5.3928125000000122,1340.8694791666667,"Actual"
"SA",2026-04-11 00:00:00.000,-4.3157638888888972,1255.4555555555555,"Actual"
"SA",2026-04-12 00:00:00.000,14.138854166666663,1300.4082986111109,"Actual"
"SA",2026-04-13 00:00:00.000,128.84486111111113,1324.7619791666666,"Actual"
"SA",2026-04-14 00:00:00.000,176.74597222222212,1315.4768055555555,"Actual"
"SA",2026-04-15 00:00:00.000,122.97611111111109,1150.831076388889,"Actual"
"SA",2026-04-16 00:00:00.000,73.258194444444428,1173.5151388888889,"Actual"
"SA",2026-04-17 00:00:00.000,77.305520833333389,1181.8203125,"Actual"
"SA",2026-04-18 00:00:00.000,55.466840277777763,999.89725694444417,"Actual"
"SA",2026-04-19 00:00:00.000,67.0807638888889,1144.4677777777777,"Actual"
"SA",2026-04-20 00:00:00.000,113.99722222222223,1230.6954513888888,"Actual"
"SA",2026-04-21 00:00:00.000,40.571527777777774,1201.2809722222221,"Actual"
"SA",2026-04-22 00:00:00.000,57.880833333333385,1251.8855555555556,"Actual"
"SA",2026-04-23 00:00:00.000,51.297118055555529,1235.6897222222221,"Actual"
"SA",2026-04-24 00:00:00.000,15.554618055555551,1302.7746527777776,"Actual"
"SA",2026-04-25 00:00:00.000,12.534687500000008,1172.01375,"Actual"
"SA",2026-04-26 00:00:00.000,54.080416666666679,1120.1213194444445,"Actual"
"SA",2026-04-27 00:00:00.000,73.62875,1179.4730208333333,"Actual"
"SA",2026-04-28 00:00:00.000,86.506701388888885,1327.3934722222223,"Actual"
"SA",2026-04-29 00:00:00.000,67.111319444444433,1316.5709722222223,"Actual"
"SA",2026-04-30 00:00:00.000,15.464479166666678,1373.7233333333334,"Actual"
"SA",2026-05-01 00:00:00.000,0.926076388888887,1431.7775,"Actual"
"SA",2026-05-02 00:00:00.000,0.618402777777777,1476.5266666666666,"Actual"
"SA",2026-05-03 00:00:00.000,-0.90454861111110885,1265.8409375,"Actual"
"SA",2026-05-04 00:00:00.000,17.221597222222229,1358.4276041666665,"Actual"
"SA",2026-05-05 00:00:00.000,108.83548611111112,1431.9361111111111,"Actual"
"SA",2026-05-06 00:00:00.000,55.71444444444446,1431.5922569444444,"Actual"
"SA",2026-05-07 00:00:00.000,23.703958333333354,1425.3470138888888,"Actual"
"SA",2026-05-08 00:00:00.000,37.057812500000004,1470.8933333333332,"Actual"
"SA",2026-05-09 00:00:00.000,97.311909722222225,1328.6008680555556,"Actual"
"SA",2026-05-10 00:00:00.000,116.64059027777776,1338.4229166666667,"Actual"
"SA",2026-05-11 00:00:00.000,81.7059722222222,1284.7839236111113,"Actual"
"SA",2026-05-12 00:00:00.000,104.97079861111109,1396.6106944444446,"Actual"
"SA",2026-05-13 00:00:00.000,76.12618055555555,1313.5886458333334,"Actual"
"SA",2026-05-14 00:00:00.000,75.372083333333322,1282.2886805555554,"Actual"
"SA",2026-05-15 00:00:00.000,41.497152777777778,1533.9055208333334,"Actual"
"SA",2026-05-16 00:00:00.000,65.555277777777789,1297.5832986111111,"Actual"
"SA",2026-05-17 00:00:00.000,138.16590277777777,1161.5178472222224,"Actual"
"SA",2026-05-18 00:00:00.000,156.59833333333333,1323.9487847222222,"Actual"
"SA",2026-05-19 00:00:00.000,61.6332986111111,1373.2706249999999,"Actual"
"SA",2026-05-20 00:00:00.000,72.693854166666668,1332.0831249999999,"Actual"
"SA",2026-05-21 00:00:00.000,116.3876736111111,1306.5231597222223,"Actual"
"SA",2026-05-22 00:00:00.000,101.15381944444445,1453.3371527777779,"Actual"
"SA",2026-05-23 00:00:00.000,50.161458333333336,1340.0352777777778,"Actual"
"SA",2026-05-24 00:00:00.000,87.691805555555533,1490.1648958333333,"Actual"
"SA",2026-05-25 00:00:00.000,101.65354166666664,1554.9172222222221,"Actual"
"SA",2026-05-26 00:00:00.000,139.76562499999994,1547.993125,"Actual"
"SA",2026-05-27 00:00:00.000,163.8602430555556,1591.6089930555556,"Actual"
"SA",2026-05-28 00:00:00.000,149.96451388888889,1538.2727083333334,"Actual"
"SA",2026-05-29 00:00:00.000,104.12690972222222,1542.6065624999999,"Actual"
"SA",2026-05-30 00:00:00.000,23.625381944444463,1453.9845833333334,"Actual"
"SA",2026-05-31 00:00:00.000,32.17295138888889,1360.4766319444445,"Actual"
"SA",2026-06-01 00:00:00.000,23.092361111111121,1674.0719097222222,"Actual"
"SA",2026-06-02 00:00:00.000,12.516145833333326,1605.0510763888888,"Actual"
"SA",2026-06-03 00:00:00.000,16.522222222222204,1604.4622222222222,"Actual"
"SA",2026-06-04 00:00:00.000,13.27371527777778,1739.2511111111112,"Actual"
"SA",2026-06-05 00:00:00.000,73.3842013888889,1612.464548611111,"Actual"
"SA",2026-06-06 00:00:00.000,87.301875,1416.7247916666665,"Actual"
"SA",2026-06-07 00:00:00.000,103.1116319444446,1288.9281944444442,"Actual"
"SA",2026-06-08 00:00:00.000,44.739791666666648,1307.9886458333335,"Actual"
"SA",2026-06-09 00:00:00.000,1.812256944444445,1515.1919791666667,"Actual"
"SA",2026-06-10 00:00:00.000,69.402777777777771,1459.1427777777778,"Actual"
"SA",2026-06-11 00:00:00.000,95.7653472222222,1421.5842361111111,"Actual"
"SA",2026-06-12 00:00:00.000,-3.1644444444444439,1515.239236111111,"Actual"
"SA",2026-06-13 00:00:00.000,26.947013888888897,1492.1221875,"Actual"
"SA",2026-06-14 00:00:00.000,40.741111111111138,1320.3696527777779,"Actual"
"SA",2026-06-15 00:00:00.000,55.453368055555558,1704.7506944444444,"Actual"
"SA",2026-06-16 00:00:00.000,22.858645833333327,1703.3899999999999,"Actual"
"SA",2026-06-17 00:00:00.000,11.203680555555554,1671.3611805555556,"Actual"
"SA",2026-06-18 00:00:00.000,-0.82322916666666712,1587.0479166666667,"Actual"
"SA",2026-06-19 00:00:00.000,32.090451388888873,1674.9259375,"Actual"
"SA",2026-06-20 00:00:00.000,83.631909722222218,1487.8514583333333,"Actual"
"SA",2026-06-21 00:00:00.000,468.6073958333335,1423.7236111111113,"Actual"
"SA",2026-06-22 00:00:00.000,1165.1226736111121,1792.1867708333334,"Actual"
"SA",2026-06-23 00:00:00.000,285.43375,1652.9088194444444,"Actual"
"SA",2026-06-24 00:00:00.000,330.83236111111114,1634.0904166666667,"Actual"
"SA",2026-06-25 00:00:00.000,130.95163194444444,1627.8357638888888,"Actual"
"SA",2026-06-26 00:00:00.000,146.64489583333332,1605.1376041666667,"Actual"
"SA",2026-06-27 00:00:00.000,101.98732638888889,1540.9091319444444,"Actual"
"SA",2026-06-28 00:00:00.000,70.127152777777781,1465.0504166666667,"Actual"
"SA",2026-06-29 00:00:00.000,143.10878472222223,1702.1621875,"Actual"
"SA",2026-06-30 00:00:00.000,119.4198611111111,1670.3611111111111,"Actual"
"SA",2026-07-01 00:00:00.000,1.72,1553.94,"Actual"
"TAS",2021-07-01 00:00:00.000,69.645106382978724,1276.6938297872341,"Actual"
"TAS",2021-07-02 00:00:00.000,74.851875,1258.4322916666667,"Actual"
"TAS",2021-07-03 00:00:00.000,66.01229166666667,1222.4214583333332,"Actual"
"TAS",2021-07-04 00:00:00.000,55.15,1301.5139583333332,"Actual"
"TAS",2021-07-05 00:00:00.000,34.595208333333339,1302.421875,"Actual"
"TAS",2021-07-06 00:00:00.000,57.709791666666653,1328.925625,"Actual"
"TAS",2021-07-07 00:00:00.000,32.133541666666666,1377.3439583333334,"Actual"
"TAS",2021-07-08 00:00:00.000,25.564999999999998,1406.0318750000001,"Actual"
"TAS",2021-07-09 00:00:00.000,19.071041666666673,1440.8020833333333,"Actual"
"TAS",2021-07-10 00:00:00.000,62.877083333333317,1390.7227083333332,"Actual"
"TAS",2021-07-11 00:00:00.000,48.709166666666675,1329.0420833333333,"Actual"
"TAS",2021-07-12 00:00:00.000,79.997083333333336,1363.9597916666667,"Actual"
"TAS",2021-07-13 00:00:00.000,80.645416666666662,1303.5689583333333,"Actual"
"TAS",2021-07-14 00:00:00.000,81.328541666666666,1227.8695833333334,"Actual"
"TAS",2021-07-15 00:00:00.000,53.700625,1241.9825,"Actual"
"TAS",2021-07-16 00:00:00.000,50.58145833333333,1270.2577083333333,"Actual"
"TAS",2021-07-17 00:00:00.000,37.956041666666664,1207.6,"Actual"
"TAS",2021-07-18 00:00:00.000,33.820833333333333,1221.7264583333333,"Actual"
"TAS",2021-07-19 00:00:00.000,37.410833333333329,1280.9614583333334,"Actual"
"TAS",2021-07-20 00:00:00.000,27.964583333333334,1231.0735416666666,"Actual"
"TAS",2021-07-21 00:00:00.000,21.18791666666667,1254.40625,"Actual"
"TAS",2021-07-22 00:00:00.000,20.320208333333333,1239.3504166666667,"Actual"
"TAS",2021-07-23 00:00:00.000,19.698125,1224.5620833333332,"Actual"
"TAS",2021-07-24 00:00:00.000,23.406458333333333,1249.7422916666667,"Actual"
"TAS",2021-07-25 00:00:00.000,15.523333333333332,1322.2479166666667,"Actual"
"TAS",2021-07-26 00:00:00.000,20.801041666666663,1351.3814583333333,"Actual"
"TAS",2021-07-27 00:00:00.000,8.4627083333333335,1272.8854166666665,"Actual"
"TAS",2021-07-28 00:00:00.000,-3.4066666666666627,1238.3691666666666,"Actual"
"TAS",2021-07-29 00:00:00.000,7.599375000000002,1272.12375,"Actual"
"TAS",2021-07-30 00:00:00.000,7.3291666666666586,1272.0704166666667,"Actual"
"TAS",2021-07-31 00:00:00.000,13.203333333333333,1213.319375,"Actual"
"TAS",2021-08-01 00:00:00.000,22.643333333333334,1247.0422916666666,"Actual"
"TAS",2021-08-02 00:00:00.000,19.317083333333336,1361.8070833333334,"Actual"
"TAS",2021-08-03 00:00:00.000,15.813333333333329,1313.8504166666667,"Actual"
"TAS",2021-08-04 00:00:00.000,16.444166666666668,1297.56375,"Actual"
"TAS",2021-08-05 00:00:00.000,16.507708333333333,1293.0089583333333,"Actual"
"TAS",2021-08-06 00:00:00.000,15.762916666666667,1231.615,"Actual"
"TAS",2021-08-07 00:00:00.000,17.651666666666667,1237.9504166666666,"Actual"
"TAS",2021-08-08 00:00:00.000,34.177708333333328,1350.0402083333333,"Actual"
"TAS",2021-08-09 00:00:00.000,29.561666666666664,1335.5314583333334,"Actual"
"TAS",2021-08-10 00:00:00.000,3.6318749999999982,1220.0135416666667,"Actual"
"TAS",2021-08-11 00:00:00.000,7.7729166666666654,1289.8354166666666,"Actual"
"TAS",2021-08-12 00:00:00.000,22.819791666666667,1280.4008333333334,"Actual"
"TAS",2021-08-13 00:00:00.000,18.230625,1243.1695833333333,"Actual"
"TAS",2021-08-14 00:00:00.000,10.939583333333333,1214.6047916666666,"Actual"
"TAS",2021-08-15 00:00:00.000,21.576041666666669,1237.9945833333334,"Actual"
"TAS",2021-08-16 00:00:00.000,14.697916666666666,1326.1829166666666,"Actual"
"TAS",2021-08-17 00:00:00.000,31.012916666666666,1271.2310416666667,"Actual"
"TAS",2021-08-18 00:00:00.000,30.250625,1310.735,"Actual"
"TAS",2021-08-19 00:00:00.000,16.578750000000003,1250.4160416666666,"Actual"
"TAS",2021-08-20 00:00:00.000,12.636875000000003,1292.9083333333333,"Actual"
"TAS",2021-08-21 00:00:00.000,11.38187499999999,1184.355625,"Actual"
"TAS",2021-08-22 00:00:00.000,-0.59916666666666352,1159.5408333333335,"Actual"
"TAS",2021-08-23 00:00:00.000,27.155000000000005,1253.4404166666666,"Actual"
"TAS",2021-08-24 00:00:00.000,39.575,1319.76125,"Actual"
"TAS",2021-08-25 00:00:00.000,40.91854166666667,1327.8966666666668,"Actual"
"TAS",2021-08-26 00:00:00.000,43.158125,1297.4954166666666,"Actual"
"TAS",2021-08-27 00:00:00.000,40.363125000000004,1326.3508333333334,"Actual"
"TAS",2021-08-28 00:00:00.000,33.23104166666667,1251.5829166666667,"Actual"
"TAS",2021-08-29 00:00:00.000,34.976041666666667,1294.496875,"Actual"
"TAS",2021-08-30 00:00:00.000,18.980625000000007,1258.2070833333332,"Actual"
"TAS",2021-08-31 00:00:00.000,-1.9227083333333341,1224.29,"Actual"
"TAS",2021-09-01 00:00:00.000,20.209375,1200.9989583333333,"Actual"
"TAS",2021-09-02 00:00:00.000,0.16708333333333258,1100.3058333333333,"Actual"
"TAS",2021-09-03 00:00:00.000,28.722083333333337,1179.149375,"Actual"
"TAS",2021-09-04 00:00:00.000,21.027500000000003,1150.9375,"Actual"
"TAS",2021-09-05 00:00:00.000,20.250625,1186.3966666666668,"Actual"
"TAS",2021-09-06 00:00:00.000,21.735833333333332,1193.86875,"Actual"
"TAS",2021-09-07 00:00:00.000,27.524791666666665,1206.3127083333334,"Actual"
"TAS",2021-09-08 00:00:00.000,14.112083333333334,1192.071875,"Actual"
"TAS",2021-09-09 00:00:00.000,3.4316666666666675,1191.515625,"Actual"
"TAS",2021-09-10 00:00:00.000,15.987083333333333,1261.1885416666667,"Actual"
"TAS",2021-09-11 00:00:00.000,2.3295833333333342,1142.7714583333334,"Actual"
"TAS",2021-09-12 00:00:00.000,7.6954166666666657,1184.0883333333334,"Actual"
"TAS",2021-09-13 00:00:00.000,27.684791666666666,1308.0874999999999,"Actual"
"TAS",2021-09-14 00:00:00.000,31.618541666666665,1278.0960416666667,"Actual"
"TAS",2021-09-15 00:00:00.000,33.982708333333335,1272.4295833333333,"Actual"
"TAS",2021-09-16 00:00:00.000,27.330833333333334,1257.60875,"Actual"
"TAS",2021-09-17 00:00:00.000,6.59729166666666,1236.5585416666668,"Actual"
"TAS",2021-09-18 00:00:00.000,-1.9227083333333357,1185.3154166666666,"Actual"
"TAS",2021-09-19 00:00:00.000,-9.5995833333333334,1179.215,"Actual"
"TAS",2021-09-20 00:00:00.000,20.962291666666662,1236.2652083333332,"Actual"
"TAS",2021-09-21 00:00:00.000,20.60062499999999,1256.2583333333332,"Actual"
"TAS",2021-09-22 00:00:00.000,8.3125,1138.3485416666667,"Actual"
"TAS",2021-09-23 00:00:00.000,4.9172916666666673,1187.0375,"Actual"
"TAS",2021-09-24 00:00:00.000,-3.7358333333333329,1229.4383333333333,"Actual"
"TAS",2021-09-25 00:00:00.000,8.6410416666666663,1243.5416666666667,"Actual"
"TAS",2021-09-26 00:00:00.000,23.188125000000003,1236.3404166666667,"Actual"
"TAS",2021-09-27 00:00:00.000,24.722708333333333,1265.470625,"Actual"
"TAS",2021-09-28 00:00:00.000,26.259791666666668,1172.0008333333333,"Actual"
"TAS",2021-09-29 00:00:00.000,31.054375,1168.4329166666666,"Actual"
"TAS",2021-09-30 00:00:00.000,31.581875000000004,1224.5579166666666,"Actual"
"TAS",2021-10-01 00:00:00.000,25.623993055555559,1161.1036111111111,"Actual"
"TAS",2021-10-02 00:00:00.000,16.146666666666668,1126.1277083333334,"Actual"
"TAS",2021-10-03 00:00:00.000,12.683993055555542,1068.6313541666666,"Actual"
"TAS",2021-10-04 00:00:00.000,-3.2735763888888934,1144.065,"Actual"
"TAS",2021-10-05 00:00:00.000,-5.166215277777777,1079.9258333333332,"Actual"
"TAS",2021-10-06 00:00:00.000,7.6175000000000068,1080.0507986111111,"Actual"
"TAS",2021-10-07 00:00:00.000,0.23197916666669016,1075.7689930555555,"Actual"
"TAS",2021-10-08 00:00:00.000,-2.5305208333332345,1109.4097569444446,"Actual"
"TAS",2021-10-09 00:00:00.000,-4.9366319444444438,1069.0934722222223,"Actual"
"TAS",2021-10-10 00:00:00.000,13.161944444444448,1109.6736111111111,"Actual"
"TAS",2021-10-11 00:00:00.000,28.262256944444434,1193.4993055555556,"Actual"
"TAS",2021-10-12 00:00:00.000,7.3921875000000128,1131.1924305555556,"Actual"
"TAS",2021-10-13 00:00:00.000,3.1577430555555548,1153.1059375,"Actual"
"TAS",2021-10-14 00:00:00.000,22.6916319444444,1228.7061111111111,"Actual"
"TAS",2021-10-15 00:00:00.000,2.7404166666666914,1124.7173958333333,"Actual"
"TAS",2021-10-16 00:00:00.000,-5.7806250000000059,1069.8873263888888,"Actual"
"TAS",2021-10-17 00:00:00.000,4.1591666666666525,1078.4613194444444,"Actual"
"TAS",2021-10-18 00:00:00.000,13.03065972222223,1154.0390625,"Actual"
"TAS",2021-10-19 00:00:00.000,14.358020833333331,1197.1341666666667,"Actual"
"TAS",2021-10-20 00:00:00.000,2.833854166666657,1100.1935069444444,"Actual"
"TAS",2021-10-21 00:00:00.000,3.627395833333344,1078.70125,"Actual"
"TAS",2021-10-22 00:00:00.000,13.174722222222215,1143.4329166666666,"Actual"
"TAS",2021-10-23 00:00:00.000,15.54572916666668,1121.1227777777779,"Actual"
"TAS",2021-10-24 00:00:00.000,4.6336111111111133,1097.9096180555555,"Actual"
"TAS",2021-10-25 00:00:00.000,20.475173611111117,1220.5764236111111,"Actual"
"TAS",2021-10-26 00:00:00.000,23.945590277777789,1123.9793402777777,"Actual"
"TAS",2021-10-27 00:00:00.000,8.7155555555555715,1021.6809027777778,"Actual"
"TAS",2021-10-28 00:00:00.000,23.566805555555565,1127.1615625,"Actual"
"TAS",2021-10-29 00:00:00.000,5.7868402777777757,1248.721701388889,"Actual"
"TAS",2021-10-30 00:00:00.000,14.514756944444425,1108.3284375,"Actual"
"TAS",2021-10-31 00:00:00.000,4.4263541666667372,1117.8183333333334,"Actual"
"TAS",2021-11-01 00:00:00.000,18.279895833333327,1114.458263888889,"Actual"
"TAS",2021-11-02 00:00:00.000,10.905104166666666,1024.7384375,"Actual"
"TAS",2021-11-03 00:00:00.000,34.366354166666653,1089.314375,"Actual"
"TAS",2021-11-04 00:00:00.000,19.16097222222222,1073.0153125,"Actual"
"TAS",2021-11-05 00:00:00.000,21.330277777777788,1038.0373263888889,"Actual"
"TAS",2021-11-06 00:00:00.000,10.567048611111211,1022.9197222222223,"Actual"
"TAS",2021-11-07 00:00:00.000,18.174131944444465,1016.3936458333334,"Actual"
"TAS",2021-11-08 00:00:00.000,25.2839236111111,1042.6188541666666,"Actual"
"TAS",2021-11-09 00:00:00.000,18.866979166666681,992.04107638888888,"Actual"
"TAS",2021-11-10 00:00:00.000,40.220590277777774,1108.0228819444444,"Actual"
"TAS",2021-11-11 00:00:00.000,15.95694444444444,1070.7983680555556,"Actual"
"TAS",2021-11-12 00:00:00.000,17.988263888888881,1155.2829861111111,"Actual"
"TAS",2021-11-13 00:00:00.000,15.86975694444445,1098.9230208333333,"Actual"
"TAS",2021-11-14 00:00:00.000,19.945590277777782,1066.4346527777777,"Actual"
"TAS",2021-11-15 00:00:00.000,20.348749999999956,1172.5978125000001,"Actual"
"TAS",2021-11-16 00:00:00.000,45.642361111111136,1165.9295486111112,"Actual"
"TAS",2021-11-17 00:00:00.000,41.608229166666689,1091.8138888888889,"Actual"
"TAS",2021-11-18 00:00:00.000,29.8989236111111,1120.2717013888891,"Actual"
"TAS",2021-11-19 00:00:00.000,52.97843750000002,1048.5813888888888,"Actual"
"TAS",2021-11-20 00:00:00.000,44.304305555555537,1047.6472569444445,"Actual"
"TAS",2021-11-21 00:00:00.000,39.018368055555605,1061.1189236111111,"Actual"
"TAS",2021-11-22 00:00:00.000,39.796805555555565,1066.0111111111112,"Actual"
"TAS",2021-11-23 00:00:00.000,39.264861111111109,977.01774305555557,"Actual"
"TAS",2021-11-24 00:00:00.000,59.198923611111105,1088.3217708333332,"Actual"
"TAS",2021-11-25 00:00:00.000,52.990347222222219,1069.205625,"Actual"
"TAS",2021-11-26 00:00:00.000,8.41125,1079.1757986111111,"Actual"
"TAS",2021-11-27 00:00:00.000,34.337569444444441,1052.6237152777778,"Actual"
"TAS",2021-11-28 00:00:00.000,47.027708333333322,1044.3589236111111,"Actual"
"TAS",2021-11-29 00:00:00.000,63.668749999999989,1077.480173611111,"Actual"
"TAS",2021-11-30 00:00:00.000,47.336840277777753,999.26111111111106,"Actual"
"TAS",2021-12-01 00:00:00.000,59.9795486111111,1067.3171527777777,"Actual"
"TAS",2021-12-02 00:00:00.000,56.685694444444437,1025.494201388889,"Actual"
"TAS",2021-12-03 00:00:00.000,56.38593749999999,984.82704861111108,"Actual"
"TAS",2021-12-04 00:00:00.000,23.197638888888864,1017.8763194444444,"Actual"
"TAS",2021-12-05 00:00:00.000,56.693819444444472,1060.1985416666666,"Actual"
"TAS",2021-12-06 00:00:00.000,38.611076388888875,1072.3390277777778,"Actual"
"TAS",2021-12-07 00:00:00.000,47.871805555555561,1069.2882638888889,"Actual"
"TAS",2021-12-08 00:00:00.000,46.319201388888985,1033.7647569444443,"Actual"
"TAS",2021-12-09 00:00:00.000,54.439513888888889,1073.3125347222222,"Actual"
"TAS",2021-12-10 00:00:00.000,59.332604166666655,1102.9166319444446,"Actual"
"TAS",2021-12-11 00:00:00.000,68.810798611111125,1113.5240277777777,"Actual"
"TAS",2021-12-12 00:00:00.000,60.439166666666665,991.50440972222225,"Actual"
"TAS",2021-12-13 00:00:00.000,53.650694444444454,1015.9562847222222,"Actual"
"TAS",2021-12-14 00:00:00.000,61.460729166666646,1044.9426736111111,"Actual"
"TAS",2021-12-15 00:00:00.000,74.957743055555582,1081.171875,"Actual"
"TAS",2021-12-16 00:00:00.000,60.827083333333334,1081.3614236111111,"Actual"
"TAS",2021-12-17 00:00:00.000,54.952083333333277,1105.2352777777778,"Actual"
"TAS",2021-12-18 00:00:00.000,41.898368055555551,1067.5410069444445,"Actual"
"TAS",2021-12-19 00:00:00.000,28.218784722222246,1049.466736111111,"Actual"
"TAS",2021-12-20 00:00:00.000,28.311354166666671,1046.4526388888889,"Actual"
"TAS",2021-12-21 00:00:00.000,26.897361111111156,1087.0267361111112,"Actual"
"TAS",2021-12-22 00:00:00.000,45.831909722222235,1123.339548611111,"Actual"
"TAS",2021-12-23 00:00:00.000,52.546770833333333,1171.4830208333333,"Actual"
"TAS",2021-12-24 00:00:00.000,53.720763888888875,1162.7873611111111,"Actual"
"TAS",2021-12-25 00:00:00.000,35.54204861111107,1027.9371527777778,"Actual"
"TAS",2021-12-26 00:00:00.000,38.15343750000001,1011.2463541666666,"Actual"
"TAS",2021-12-27 00:00:00.000,63.121701388889036,1066.191111111111,"Actual"
"TAS",2021-12-28 00:00:00.000,61.698680555555555,1079.7144791666667,"Actual"
"TAS",2021-12-29 00:00:00.000,45.907708333333346,1080.5559375,"Actual"
"TAS",2021-12-30 00:00:00.000,47.502499999999941,1150.0288194444445,"Actual"
"TAS",2021-12-31 00:00:00.000,41.475763888888849,1153.3511805555556,"Actual"
"TAS",2022-01-01 00:00:00.000,57.140694444444442,1170.3912152777777,"Actual"
"TAS",2022-01-02 00:00:00.000,53.214652777777793,1114.6924305555558,"Actual"
"TAS",2022-01-03 00:00:00.000,36.273680555555558,1077.88125,"Actual"
"TAS",2022-01-04 00:00:00.000,39.372916666666683,1140.3012152777778,"Actual"
"TAS",2022-01-05 00:00:00.000,41.401493055555555,1096.2519791666666,"Actual"
"TAS",2022-01-06 00:00:00.000,45.484166666666688,1060.3003472222222,"Actual"
"TAS",2022-01-07 00:00:00.000,50.46489583333333,1132.3453819444444,"Actual"
"TAS",2022-01-08 00:00:00.000,43.731458333333308,1031.2310763888888,"Actual"
"TAS",2022-01-09 00:00:00.000,63.137465277777778,1098.9845138888888,"Actual"
"TAS",2022-01-10 00:00:00.000,71.102881944444448,1143.1125694444445,"Actual"
"TAS",2022-01-11 00:00:00.000,64.82427083333333,1131.3873958333334,"Actual"
"TAS",2022-01-12 00:00:00.000,82.227361111111108,1058.5420486111111,"Actual"
"TAS",2022-01-13 00:00:00.000,92.499826388888891,1014.9414930555557,"Actual"
"TAS",2022-01-14 00:00:00.000,82.683645833333344,1066.5138194444444,"Actual"
"TAS",2022-01-15 00:00:00.000,56.147812500000008,1083.8814583333333,"Actual"
"TAS",2022-01-16 00:00:00.000,66.492152777777775,1113.48375,"Actual"
"TAS",2022-01-17 00:00:00.000,57.068784722222233,1125.9369444444444,"Actual"
"TAS",2022-01-18 00:00:00.000,33.458715277777713,1097.8414236111112,"Actual"
"TAS",2022-01-19 00:00:00.000,36.741909722222218,1120.4120138888889,"Actual"
"TAS",2022-01-20 00:00:00.000,46.363784722222213,1103.3914930555554,"Actual"
"TAS",2022-01-21 00:00:00.000,54.685833333333335,1075.7202430555556,"Actual"
"TAS",2022-01-22 00:00:00.000,44.1665625,992.4007986111111,"Actual"
"TAS",2022-01-23 00:00:00.000,54.389305555555552,1039.989826388889,"Actual"
"TAS",2022-01-24 00:00:00.000,80.731458333333336,1088.6809722222222,"Actual"
"TAS",2022-01-25 00:00:00.000,107.21645833333332,1123.317638888889,"Actual"
"TAS",2022-01-26 00:00:00.000,95.753784722222235,1052.5849652777779,"Actual"
"TAS",2022-01-27 00:00:00.000,76.310659722222226,1069.0811111111111,"Actual"
"TAS",2022-01-28 00:00:00.000,98.388819444444437,1112.2004513888887,"Actual"
"TAS",2022-01-29 00:00:00.000,45.263888888888935,1078.1635416666668,"Actual"
"TAS",2022-01-30 00:00:00.000,74.06038194444443,1087.0875,"Actual"
"TAS",2022-01-31 00:00:00.000,87.884236111111107,1143.117361111111,"Actual"
"TAS",2022-02-01 00:00:00.000,55.217847222222204,1100.3517361111112,"Actual"
"TAS",2022-02-02 00:00:00.000,52.26288194444443,1082.4463541666667,"Actual"
"TAS",2022-02-03 00:00:00.000,56.73597222222223,1058.5298611111111,"Actual"
"TAS",2022-02-04 00:00:00.000,57.2932986111111,1118.4137152777778,"Actual"
"TAS",2022-02-05 00:00:00.000,57.802048611111118,1139.5139583333332,"Actual"
"TAS",2022-02-06 00:00:00.000,52.051770833333322,1040.684548611111,"Actual"
"TAS",2022-02-07 00:00:00.000,66.557430555555555,1085.9105902777778,"Actual"
"TAS",2022-02-08 00:00:00.000,76.205416666666679,1077.6649305555557,"Actual"
"TAS",2022-02-09 00:00:00.000,91.27065972222222,1124.805451388889,"Actual"
"TAS",2022-02-10 00:00:00.000,77.5792361111111,1161.7086805555555,"Actual"
"TAS",2022-02-11 00:00:00.000,47.683159722222229,1117.7577083333333,"Actual"
"TAS",2022-02-12 00:00:00.000,54.238506944444438,1085.5698611111111,"Actual"
"TAS",2022-02-13 00:00:00.000,57.020486111111104,1087.0481944444446,"Actual"
"TAS",2022-02-14 00:00:00.000,91.251041666666666,1165.7880555555555,"Actual"
"TAS",2022-02-15 00:00:00.000,98.882881944444449,1143.5689583333333,"Actual"
"TAS",2022-02-16 00:00:00.000,112.225,1163.9117708333333,"Actual"
"TAS",2022-02-17 00:00:00.000,230.7001388888894,1071.6382986111112,"Actual"
"TAS",2022-02-18 00:00:00.000,51.2709722222222,1084.2331944444445,"Actual"
"TAS",2022-02-19 00:00:00.000,68.131145833333321,1135.1712847222223,"Actual"
"TAS",2022-02-20 00:00:00.000,59.19590277777781,1077.8738541666667,"Actual"
"TAS",2022-02-21 00:00:00.000,56.880868055555645,1111.2732291666666,"Actual"
"TAS",2022-02-22 00:00:00.000,58.311284722222233,1135.2046875,"Actual"
"TAS",2022-02-23 00:00:00.000,85.313437499999992,1153.7934027777778,"Actual"
"TAS",2022-02-24 00:00:00.000,81.7532638888889,1086.2129166666666,"Actual"
"TAS",2022-02-25 00:00:00.000,40.631423611111124,1138.5341666666666,"Actual"
"TAS",2022-02-26 00:00:00.000,44.087326388888911,1104.2446180555555,"Actual"
"TAS",2022-02-27 00:00:00.000,70.941215277777786,1132.670625,"Actual"
"TAS",2022-02-28 00:00:00.000,70.413402777777762,1174.0179513888891,"Actual"
"TAS",2022-03-01 00:00:00.000,80.541006944444433,1146.0194444444444,"Actual"
"TAS",2022-03-02 00:00:00.000,71.276527777777773,1080.0814236111112,"Actual"
"TAS",2022-03-03 00:00:00.000,72.944444444444443,1095.6105902777779,"Actual"
"TAS",2022-03-04 00:00:00.000,80.269826388888887,1128.2197222222221,"Actual"
"TAS",2022-03-05 00:00:00.000,56.666388888888889,1090.6521180555555,"Actual"
"TAS",2022-03-06 00:00:00.000,12.486597222222201,1081.9252430555555,"Actual"
"TAS",2022-03-07 00:00:00.000,59.330381944444426,1110.5739930555555,"Actual"
"TAS",2022-03-08 00:00:00.000,74.164409722222217,1127.0093055555556,"Actual"
"TAS",2022-03-09 00:00:00.000,78.727534722222231,1136.5115625,"Actual"
"TAS",2022-03-10 00:00:00.000,56.293437500000017,1129.271875,"Actual"
"TAS",2022-03-11 00:00:00.000,96.89722222222224,1149.4289583333334,"Actual"
"TAS",2022-03-12 00:00:00.000,66.3936111111111,1128.2490277777779,"Actual"
"TAS",2022-03-13 00:00:00.000,66.38163194444445,1096.5372222222222,"Actual"
"TAS",2022-03-14 00:00:00.000,65.332777777777778,1123.2121180555555,"Actual"
"TAS",2022-03-15 00:00:00.000,72.679895833333333,1092.375625,"Actual"
"TAS",2022-03-16 00:00:00.000,65.4743055555555,1096.0443402777778,"Actual"
"TAS",2022-03-17 00:00:00.000,96.432118055555563,1139.8421875000001,"Actual"
"TAS",2022-03-18 00:00:00.000,69.675590277777786,1105.7732986111112,"Actual"
"TAS",2022-03-19 00:00:00.000,76.83937499999999,1069.1679861111111,"Actual"
"TAS",2022-03-20 00:00:00.000,87.058229166666692,1129.2448958333334,"Actual"
"TAS",2022-03-21 00:00:00.000,108.04388888888889,1147.3932291666665,"Actual"
"TAS",2022-03-22 00:00:00.000,84.971458333333317,1187.2426041666668,"Actual"
"TAS",2022-03-23 00:00:00.000,69.252222222222215,1118.8208680555556,"Actual"
"TAS",2022-03-24 00:00:00.000,73.00052083333334,1123.2865972222221,"Actual"
"TAS",2022-03-25 00:00:00.000,90.399166666666673,1133.8894444444445,"Actual"
"TAS",2022-03-26 00:00:00.000,96.301701388888887,1110.4997222222223,"Actual"
"TAS",2022-03-27 00:00:00.000,84.4317013888889,1067.4145486111111,"Actual"
"TAS",2022-03-28 00:00:00.000,93.86055555555555,1153.3715277777778,"Actual"
"TAS",2022-03-29 00:00:00.000,91.807777777777773,1048.9765625,"Actual"
"TAS",2022-03-30 00:00:00.000,67.799097222222144,1045.5308333333332,"Actual"
"TAS",2022-03-31 00:00:00.000,53.9670138888889,1129.4286458333333,"Actual"
"TAS",2022-04-01 00:00:00.000,68.935624999999987,1191.7890277777776,"Actual"
"TAS",2022-04-02 00:00:00.000,101.33291666666666,1192.0846875,"Actual"
"TAS",2022-04-03 00:00:00.000,160.35684027777779,1204.2266666666667,"Actual"
"TAS",2022-04-04 00:00:00.000,201.90329861111107,1133.3070138888888,"Actual"
"TAS",2022-04-05 00:00:00.000,221.42611111111108,1185.0243402777778,"Actual"
"TAS",2022-04-06 00:00:00.000,199.63527777777776,1136.2876736111111,"Actual"
"TAS",2022-04-07 00:00:00.000,120.69958333333332,1155.3185416666665,"Actual"
"TAS",2022-04-08 00:00:00.000,160.67524305555557,1130.8626736111112,"Actual"
"TAS",2022-04-09 00:00:00.000,64.932083333333424,1072.1436805555556,"Actual"
"TAS",2022-04-10 00:00:00.000,56.790277777777774,1091.9099305555555,"Actual"
"TAS",2022-04-11 00:00:00.000,132.33576388888889,1156.6177430555556,"Actual"
"TAS",2022-04-12 00:00:00.000,124.98354166666668,1189.839375,"Actual"
"TAS",2022-04-13 00:00:00.000,108.11291666666662,1159.8316319444443,"Actual"
"TAS",2022-04-14 00:00:00.000,125.40319444444449,1210.470763888889,"Actual"
"TAS",2022-04-15 00:00:00.000,122.89704861111112,1141.3589583333332,"Actual"
"TAS",2022-04-16 00:00:00.000,119.75774305555555,1155.8048263888888,"Actual"
"TAS",2022-04-17 00:00:00.000,51.825798611111125,1051.979513888889,"Actual"
"TAS",2022-04-18 00:00:00.000,174.15097222222221,1137.6488194444446,"Actual"
"TAS",2022-04-19 00:00:00.000,179.54357638888888,1183.3126041666667,"Actual"
"TAS",2022-04-20 00:00:00.000,150.83829861111116,1064.0672916666667,"Actual"
"TAS",2022-04-21 00:00:00.000,198.7049999999999,1092.8732638888889,"Actual"
"TAS",2022-04-22 00:00:00.000,137.88989583333333,1150.334375,"Actual"
"TAS",2022-04-23 00:00:00.000,129.88496527777778,1127.0404166666667,"Actual"
"TAS",2022-04-24 00:00:00.000,119.70975694444444,1107.3795138888888,"Actual"
"TAS",2022-04-25 00:00:00.000,146.14871527777777,1175.9325347222223,"Actual"
"TAS",2022-04-26 00:00:00.000,186.44885416666668,1147.4607986111112,"Actual"
"TAS",2022-04-27 00:00:00.000,205.05434027777778,1157.6004513888888,"Actual"
"TAS",2022-04-28 00:00:00.000,182.61840277777776,1056.9129861111112,"Actual"
"TAS",2022-04-29 00:00:00.000,187.57309027777774,1089.0777430555556,"Actual"
"TAS",2022-04-30 00:00:00.000,97.351388888888792,1037.0651041666667,"Actual"
"TAS",2022-05-01 00:00:00.000,136.07006944444447,1056.7546875,"Actual"
"TAS",2022-05-02 00:00:00.000,137.87788194444445,1073.373576388889,"Actual"
"TAS",2022-05-03 00:00:00.000,67.627743055555527,1061.2358680555556,"Actual"
"TAS",2022-05-04 00:00:00.000,172.46746527777776,1141.0521180555556,"Actual"
"TAS",2022-05-05 00:00:00.000,194.52746527777782,1215.8775347222222,"Actual"
"TAS",2022-05-06 00:00:00.000,245.1503124999999,1188.3006597222222,"Actual"
"TAS",2022-05-07 00:00:00.000,125.08336805555558,1092.9103819444445,"Actual"
"TAS",2022-05-08 00:00:00.000,162.30180555555557,1113.5518749999999,"Actual"
"TAS",2022-05-09 00:00:00.000,222.1654513888889,1278.5388541666666,"Actual"
"TAS",2022-05-10 00:00:00.000,211.11826388888886,1249.1414236111111,"Actual"
"TAS",2022-05-11 00:00:00.000,244.56524305555558,1230.1886458333333,"Actual"
"TAS",2022-05-12 00:00:00.000,292.34548611111109,1222.1738194444445,"Actual"
"TAS",2022-05-13 00:00:00.000,299.35277777777782,1199.0739930555555,"Actual"
"TAS",2022-05-14 00:00:00.000,209.20503472222219,1124.9942708333333,"Actual"
"TAS",2022-05-15 00:00:00.000,117.59239583333346,1088.3009375,"Actual"
"TAS",2022-05-16 00:00:00.000,145.17791666666665,1163.9826736111111,"Actual"
"TAS",2022-05-17 00:00:00.000,151.91111111111113,1185.6807986111112,"Actual"
"TAS",2022-05-18 00:00:00.000,104.16736111111113,1135.8718055555555,"Actual"
"TAS",2022-05-19 00:00:00.000,175.25430555555559,1197.5912847222221,"Actual"
"TAS",2022-05-20 00:00:00.000,208.66249999999997,1259.1973611111111,"Actual"
"TAS",2022-05-21 00:00:00.000,226.5853125,1234.3753125,"Actual"
"TAS",2022-05-22 00:00:00.000,259.79857638888888,1269.2209027777778,"Actual"
"TAS",2022-05-23 00:00:00.000,289.390625,1309.5270138888889,"Actual"
"TAS",2022-05-24 00:00:00.000,267.49815972222223,1268.2845138888888,"Actual"
"TAS",2022-05-25 00:00:00.000,243.92649305555551,1233.5316319444446,"Actual"
"TAS",2022-05-26 00:00:00.000,290.14684027777776,1273.4163194444445,"Actual"
"TAS",2022-05-27 00:00:00.000,322.19131944444445,1262.8025694444445,"Actual"
"TAS",2022-05-28 00:00:00.000,307.81211805555557,1275.0647222222221,"Actual"
"TAS",2022-05-29 00:00:00.000,296.75475694444447,1311.16375,"Actual"
"TAS",2022-05-30 00:00:00.000,338.43715277777767,1369.4512847222222,"Actual"
"TAS",2022-05-31 00:00:00.000,267.80128472222214,1309.1934027777779,"Actual"
"TAS",2022-06-01 00:00:00.000,341.1003125,1284.3256944444445,"Actual"
"TAS",2022-06-02 00:00:00.000,591.28309027777777,1410.8892361111111,"Actual"
"TAS",2022-06-03 00:00:00.000,351.87684027777777,1381.9985416666668,"Actual"
"TAS",2022-06-04 00:00:00.000,477.3688888888887,1294.8570138888888,"Actual"
"TAS",2022-06-05 00:00:00.000,100.12034722222216,1252.1124305555556,"Actual"
"TAS",2022-06-06 00:00:00.000,189.8196875,1326.4140972222224,"Actual"
"TAS",2022-06-07 00:00:00.000,241.2193402777778,1369.6821527777779,"Actual"
"TAS",2022-06-08 00:00:00.000,232.6695138888889,1376.938263888889,"Actual"
"TAS",2022-06-09 00:00:00.000,191.83503472222225,1344.8439583333334,"Actual"
"TAS",2022-06-10 00:00:00.000,216.51048611111108,1309.6542013888889,"Actual"
"TAS",2022-06-11 00:00:00.000,179.20527777777781,1256.4701388888889,"Actual"
"TAS",2022-06-12 00:00:00.000,298.27378472222222,1285.2817361111111,"Actual"
"TAS",2022-06-13 00:00:00.000,892.64732638888847,1371.1375694444444,"Actual"
"TAS",2022-06-14 00:00:00.000,1329.087499999999,1436.1319444444446,"Actual"
"TAS",2022-06-15 00:00:00.000,202.73493055555542,1397.6183333333333,"Actual"
"TAS",2022-06-16 00:00:00.000,214.248125,1332.098888888889,"Actual"
"TAS",2022-06-17 00:00:00.000,214.248125,1378.5794791666667,"Actual"
"TAS",2022-06-18 00:00:00.000,193.04520833333336,1306.5372569444444,"Actual"
"TAS",2022-06-19 00:00:00.000,193.06895833333337,1203.7271875,"Actual"
"TAS",2022-06-20 00:00:00.000,214.271875,1172.7601388888888,"Actual"
"TAS",2022-06-21 00:00:00.000,256.15805555555551,1264.6203819444445,"Actual"
"TAS",2022-06-22 00:00:00.000,256.31479166666662,1310.8484375,"Actual"
"TAS",2022-06-23 00:00:00.000,174.11215277777762,1213.1665277777777,"Actual"
"TAS",2022-06-24 00:00:00.000,104.35579861111113,1165.7547916666667,"Actual"
"TAS",2022-06-25 00:00:00.000,31.776631944444453,1105.05,"Actual"
"TAS",2022-06-26 00:00:00.000,88.645277777777821,1190.9067361111111,"Actual"
"TAS",2022-06-27 00:00:00.000,181.58937499999993,1334.0819444444444,"Actual"
"TAS",2022-06-28 00:00:00.000,163.32864583333318,1309.8578472222221,"Actual"
"TAS",2022-06-29 00:00:00.000,225.62909722222219,1295.5646180555557,"Actual"
"TAS",2022-06-30 00:00:00.000,255.67072916666663,1282.1297569444446,"Actual"
"TAS",2022-07-01 00:00:00.000,265.9784375,1339.8138541666667,"Actual"
"TAS",2022-07-02 00:00:00.000,254.76486111111112,1321.2619444444445,"Actual"
"TAS",2022-07-03 00:00:00.000,246.49479166666669,1343.1751388888888,"Actual"
"TAS",2022-07-04 00:00:00.000,218.75826388888888,1376.0264583333333,"Actual"
"TAS",2022-07-05 00:00:00.000,270.71649305555553,1346.0385763888889,"Actual"
"TAS",2022-07-06 00:00:00.000,302.96614583333331,1315.834826388889,"Actual"
"TAS",2022-07-07 00:00:00.000,300.4811458333333,1215.705138888889,"Actual"
"TAS",2022-07-08 00:00:00.000,278.05885416666666,1282.2266666666667,"Actual"
"TAS",2022-07-09 00:00:00.000,302.09975694444444,1324.8142361111111,"Actual"
"TAS",2022-07-10 00:00:00.000,282.86284722222223,1283.4129513888888,"Actual"
"TAS",2022-07-11 00:00:00.000,297.40722222222223,1314.4034027777777,"Actual"
"TAS",2022-07-12 00:00:00.000,309.67288194444444,1337.2454861111112,"Actual"
"TAS",2022-07-13 00:00:00.000,366.75892361111107,1331.2185069444445,"Actual"
"TAS",2022-07-14 00:00:00.000,504.82406250000025,1340.0021875,"Actual"
"TAS",2022-07-15 00:00:00.000,460.49517361111123,1287.48625,"Actual"
"TAS",2022-07-16 00:00:00.000,284.66052083333295,1267.4203819444444,"Actual"
"TAS",2022-07-17 00:00:00.000,230.53118055555552,1220.7807986111111,"Actual"
"TAS",2022-07-18 00:00:00.000,395.98774305555554,1381.6826388888887,"Actual"
"TAS",2022-07-19 00:00:00.000,459.0144791666666,1437.9807638888888,"Actual"
"TAS",2022-07-20 00:00:00.000,415.70725694444445,1380.4224652777777,"Actual"
"TAS",2022-07-21 00:00:00.000,357.89180555555555,1317.2378819444446,"Actual"
"TAS",2022-07-22 00:00:00.000,314.22159722222227,1285.4864236111111,"Actual"
"TAS",2022-07-23 00:00:00.000,375.497361111111,1254.4924999999998,"Actual"
"TAS",2022-07-24 00:00:00.000,356.489548611111,1231.7375694444445,"Actual"
"TAS",2022-07-25 00:00:00.000,340.55649305555562,1236.448125,"Actual"
"TAS",2022-07-26 00:00:00.000,322.80854166666666,1143.802673611111,"Actual"
"TAS",2022-07-27 00:00:00.000,367.12857638888886,1225.7224652777779,"Actual"
"TAS",2022-07-28 00:00:00.000,415.51805555555575,1243.490625,"Actual"
"TAS",2022-07-29 00:00:00.000,394.0021875,1317.8471527777779,"Actual"
"TAS",2022-07-30 00:00:00.000,189.5864583333335,1299.2932986111111,"Actual"
"TAS",2022-07-31 00:00:00.000,126.7890625,1239.0221875,"Actual"
"TAS",2022-08-01 00:00:00.000,59.022430555555545,1237.0253819444445,"Actual"
"TAS",2022-08-02 00:00:00.000,69.2547916666668,1239.5201736111112,"Actual"
"TAS",2022-08-03 00:00:00.000,25.587361111111107,1113.6935069444444,"Actual"
"TAS",2022-08-04 00:00:00.000,58.781874999999957,1079.506701388889,"Actual"
"TAS",2022-08-05 00:00:00.000,47.882951388888905,1189.3587152777777,"Actual"
"TAS",2022-08-06 00:00:00.000,160.91038194444445,1277.9624652777779,"Actual"
"TAS",2022-08-07 00:00:00.000,182.435,1226.8272916666667,"Actual"
"TAS",2022-08-08 00:00:00.000,329.13604166666676,1355.5555902777778,"Actual"
"TAS",2022-08-09 00:00:00.000,366.04791666666671,1396.2122569444443,"Actual"
"TAS",2022-08-10 00:00:00.000,238.2809375,1350.3152083333334,"Actual"
"TAS",2022-08-11 00:00:00.000,208.2688541666667,1355.6094097222222,"Actual"
"TAS",2022-08-12 00:00:00.000,246.40486111111107,1311.975972222222,"Actual"
"TAS",2022-08-13 00:00:00.000,186.91249999999991,1251.9965972222221,"Actual"
"TAS",2022-08-14 00:00:00.000,132.20850694444442,1202.2798958333333,"Actual"
"TAS",2022-08-15 00:00:00.000,183.26996527777777,1289.7465972222221,"Actual"
"TAS",2022-08-16 00:00:00.000,236.69489583333342,1187.3871527777778,"Actual"
"TAS",2022-08-17 00:00:00.000,130.4719444444444,1175.2771180555555,"Actual"
"TAS",2022-08-18 00:00:00.000,84.440138888888882,1215.3311805555556,"Actual"
"TAS",2022-08-19 00:00:00.000,99.97774305555555,1206.2891319444445,"Actual"
"TAS",2022-08-20 00:00:00.000,194.53170138888885,1196.3984375,"Actual"
"TAS",2022-08-21 00:00:00.000,160.89302083333325,1263.5214583333334,"Actual"
"TAS",2022-08-22 00:00:00.000,159.6628472222221,1309.9621180555557,"Actual"
"TAS",2022-08-23 00:00:00.000,137.99003472222216,1275.2365972222221,"Actual"
"TAS",2022-08-24 00:00:00.000,116.87798611111108,1242.8014236111112,"Actual"
"TAS",2022-08-25 00:00:00.000,180.74388888888893,1207.0053472222223,"Actual"
"TAS",2022-08-26 00:00:00.000,194.03618055555557,1257.4590277777779,"Actual"
"TAS",2022-08-27 00:00:00.000,116.65638888888888,1186.5217708333332,"Actual"
"TAS",2022-08-28 00:00:00.000,41.759965277777809,1124.1965972222222,"Actual"
"TAS",2022-08-29 00:00:00.000,89.61107638888889,1177.434826388889,"Actual"
"TAS",2022-08-30 00:00:00.000,111.23826388888889,1219.7501388888888,"Actual"
"TAS",2022-08-31 00:00:00.000,84.698125,1128.066875,"Actual"
"TAS",2022-09-01 00:00:00.000,133.65798611111117,1210.1734722222222,"Actual"
"TAS",2022-09-02 00:00:00.000,124.10173611111112,1224.5596180555556,"Actual"
"TAS",2022-09-03 00:00:00.000,129.61579861111113,1190.4520486111112,"Actual"
"TAS",2022-09-04 00:00:00.000,131.18961805555557,1204.3225347222221,"Actual"
"TAS",2022-09-05 00:00:00.000,187.77277777777783,1312.2328819444447,"Actual"
"TAS",2022-09-06 00:00:00.000,207.34069444444444,1246.1600347222222,"Actual"
"TAS",2022-09-07 00:00:00.000,153.45586805555553,1194.3875,"Actual"
"TAS",2022-09-08 00:00:00.000,125.77635416666666,1199.7977083333333,"Actual"
"TAS",2022-09-09 00:00:00.000,121.9201736111111,1167.743611111111,"Actual"
"TAS",2022-09-10 00:00:00.000,79.457256944444339,1135.3788541666668,"Actual"
"TAS",2022-09-11 00:00:00.000,65.482361111111061,1151.1076388888889,"Actual"
"TAS",2022-09-12 00:00:00.000,114.86333333333332,1255.2389930555555,"Actual"
"TAS",2022-09-13 00:00:00.000,165.42402777777781,1300.3808680555555,"Actual"
"TAS",2022-09-14 00:00:00.000,47.958680555555588,1123.9254166666667,"Actual"
"TAS",2022-09-15 00:00:00.000,179.67246527777792,1239.5793749999998,"Actual"
"TAS",2022-09-16 00:00:00.000,100.82593750000001,1179.4621180555555,"Actual"
"TAS",2022-09-17 00:00:00.000,49.233993055555558,1057.8333333333333,"Actual"
"TAS",2022-09-18 00:00:00.000,57.721666666666707,1077.8020486111111,"Actual"
"TAS",2022-09-19 00:00:00.000,125.4688888888889,1123.8362152777777,"Actual"
"TAS",2022-09-20 00:00:00.000,89.149479166666666,1111.5128819444444,"Actual"
"TAS",2022-09-21 00:00:00.000,129.57211805555556,1037.3435069444445,"Actual"
"TAS",2022-09-22 00:00:00.000,125.42118055555555,958.83263888888882,"Actual"
"TAS",2022-09-23 00:00:00.000,120.72423611111111,1033.8536458333333,"Actual"
"TAS",2022-09-24 00:00:00.000,121.62083333333334,1212.1645486111113,"Actual"
"TAS",2022-09-25 00:00:00.000,143.43666666666672,1179.1724305555556,"Actual"
"TAS",2022-09-26 00:00:00.000,184.01545138888892,1227.546111111111,"Actual"
"TAS",2022-09-27 00:00:00.000,198.2271875,1222.05625,"Actual"
"TAS",2022-09-28 00:00:00.000,181.71777777777774,1093.2304513888889,"Actual"
"TAS",2022-09-29 00:00:00.000,209.665,1233.8821874999999,"Actual"
"TAS",2022-09-30 00:00:00.000,177.08013888888891,1184.2891319444445,"Actual"
"TAS",2022-10-01 00:00:00.000,140.82944444444428,1189.1804166666666,"Actual"
"TAS",2022-10-02 00:00:00.000,136.36152777777784,1164.2285416666666,"Actual"
"TAS",2022-10-03 00:00:00.000,157.63388888888892,1204.5093402777777,"Actual"
"TAS",2022-10-04 00:00:00.000,147.21361111111105,1245.9599999999998,"Actual"
"TAS",2022-10-05 00:00:00.000,136.49815972222223,1163.5536805555555,"Actual"
"TAS",2022-10-06 00:00:00.000,129.27798611111115,1177.7073611111111,"Actual"
"TAS",2022-10-07 00:00:00.000,152.41541666666666,1143.1602777777778,"Actual"
"TAS",2022-10-08 00:00:00.000,138.44086805555554,1146.7780902777779,"Actual"
"TAS",2022-10-09 00:00:00.000,181.55461805555558,1205.9253472222222,"Actual"
"TAS",2022-10-10 00:00:00.000,174.81930555555553,1235.5214583333334,"Actual"
"TAS",2022-10-11 00:00:00.000,109.8673263888889,1105.9809027777778,"Actual"
"TAS",2022-10-12 00:00:00.000,137.74996527777776,1063.1462152777779,"Actual"
"TAS",2022-10-13 00:00:00.000,146.81027777777777,1170.0413541666667,"Actual"
"TAS",2022-10-14 00:00:00.000,278.51281249999994,1127.3507986111113,"Actual"
"TAS",2022-10-15 00:00:00.000,120.43517361111111,1150.3013541666667,"Actual"
"TAS",2022-10-16 00:00:00.000,107.45302083333345,1140.6302777777778,"Actual"
"TAS",2022-10-17 00:00:00.000,112.30288194444445,1191.682361111111,"Actual"
"TAS",2022-10-18 00:00:00.000,156.11309027777779,1211.5884027777777,"Actual"
"TAS",2022-10-19 00:00:00.000,96.761388888888888,1130.1827083333333,"Actual"
"TAS",2022-10-20 00:00:00.000,83.264756944444429,1035.6815972222223,"Actual"
"TAS",2022-10-21 00:00:00.000,144.515,1068.460173611111,"Actual"
"TAS",2022-10-22 00:00:00.000,170.16805555555555,1094.357951388889,"Actual"
"TAS",2022-10-23 00:00:00.000,60.32048611111108,1141.4986805555554,"Actual"
"TAS",2022-10-24 00:00:00.000,86.9778125,1208.2496527777776,"Actual"
"TAS",2022-10-25 00:00:00.000,156.87020833333332,1188.8596180555555,"Actual"
"TAS",2022-10-26 00:00:00.000,132.64322916666669,1155.3050347222222,"Actual"
"TAS",2022-10-27 00:00:00.000,36.773020833333277,1141.4075,"Actual"
"TAS",2022-10-28 00:00:00.000,29.268402777777787,1094.1744097222222,"Actual"
"TAS",2022-10-29 00:00:00.000,56.479652777777815,1071.638263888889,"Actual"
"TAS",2022-10-30 00:00:00.000,26.130763888888907,1076.5453125,"Actual"
"TAS",2022-10-31 00:00:00.000,38.079166666666687,1095.7950347222222,"Actual"
"TAS",2022-11-01 00:00:00.000,8.3756250000000136,1076.4143055555555,"Actual"
"TAS",2022-11-02 00:00:00.000,20.850381944444422,1116.7715625,"Actual"
"TAS",2022-11-03 00:00:00.000,51.218402777777754,1116.7226388888889,"Actual"
"TAS",2022-11-04 00:00:00.000,98.441423611111134,1091.760625,"Actual"
"TAS",2022-11-05 00:00:00.000,76.397048611111131,1064.941111111111,"Actual"
"TAS",2022-11-06 00:00:00.000,68.019131944444453,939.07010416666662,"Actual"
"TAS",2022-11-07 00:00:00.000,103.29482638888889,1018.5215972222222,"Actual"
"TAS",2022-11-08 00:00:00.000,98.363125,1069.3001041666666,"Actual"
"TAS",2022-11-09 00:00:00.000,46.294756944444359,976.66454861111106,"Actual"
"TAS",2022-11-10 00:00:00.000,60.225451388888885,1010.8317361111111,"Actual"
"TAS",2022-11-11 00:00:00.000,108.19263888888889,1063.3345833333333,"Actual"
"TAS",2022-11-12 00:00:00.000,81.981666666666683,1044.4472222222223,"Actual"
"TAS",2022-11-13 00:00:00.000,117.28347222222224,1110.0407291666666,"Actual"
"TAS",2022-11-14 00:00:00.000,1083.3834375000017,1153.3257986111112,"Actual"
"TAS",2022-11-15 00:00:00.000,88.345937499999962,1201.4005208333333,"Actual"
"TAS",2022-11-16 00:00:00.000,99.993124999999964,1158.2679861111112,"Actual"
"TAS",2022-11-17 00:00:00.000,112.06763888888896,1130.6987847222222,"Actual"
"TAS",2022-11-18 00:00:00.000,45.895902777777806,1070.8928125,"Actual"
"TAS",2022-11-19 00:00:00.000,21.794444444444451,1000.2914930555555,"Actual"
"TAS",2022-11-20 00:00:00.000,4.6577083333333231,1015.7083333333334,"Actual"
"TAS",2022-11-21 00:00:00.000,20.370902777777786,1097.4918055555554,"Actual"
"TAS",2022-11-22 00:00:00.000,26.006527777777762,1089.4028819444445,"Actual"
"TAS",2022-11-23 00:00:00.000,70.751527777777682,1019.9327083333333,"Actual"
"TAS",2022-11-24 00:00:00.000,99.251284722222039,1053.0421527777778,"Actual"
"TAS",2022-11-25 00:00:00.000,101.91423611111114,1086.0619444444444,"Actual"
"TAS",2022-11-26 00:00:00.000,26.50187499999997,1029.6914583333332,"Actual"
"TAS",2022-11-27 00:00:00.000,46.769687499999996,1079.9366666666667,"Actual"
"TAS",2022-11-28 00:00:00.000,83.76684027777776,1153.249236111111,"Actual"
"TAS",2022-11-29 00:00:00.000,78.191874999999982,1147.3280902777778,"Actual"
"TAS",2022-11-30 00:00:00.000,80.713263888888847,1101.6288541666668,"Actual"
"TAS",2022-12-01 00:00:00.000,74.8657986111111,1089.4347569444444,"Actual"
"TAS",2022-12-02 00:00:00.000,96.019513888888866,1075.6505555555555,"Actual"
"TAS",2022-12-03 00:00:00.000,113.76944444444446,1046.0129166666666,"Actual"
"TAS",2022-12-04 00:00:00.000,122.64152777777778,1070.6808333333333,"Actual"
"TAS",2022-12-05 00:00:00.000,50.241631944444393,1097.9602430555556,"Actual"
"TAS",2022-12-06 00:00:00.000,108.29784722222219,1163.2812847222222,"Actual"
"TAS",2022-12-07 00:00:00.000,46.420833333333206,1033.0271527777779,"Actual"
"TAS",2022-12-08 00:00:00.000,66.308645833333316,1078.4524305555556,"Actual"
"TAS",2022-12-09 00:00:00.000,83.923923611111093,1151.1709375,"Actual"
"TAS",2022-12-10 00:00:00.000,105.09079861111111,1082.2195833333333,"Actual"
"TAS",2022-12-11 00:00:00.000,91.7436458333333,1059.0959375,"Actual"
"TAS",2022-12-12 00:00:00.000,44.984687500000028,1061.8811111111111,"Actual"
"TAS",2022-12-13 00:00:00.000,47.943020833333335,1073.8062847222222,"Actual"
"TAS",2022-12-14 00:00:00.000,40.389097222222219,1055.9628819444445,"Actual"
"TAS",2022-12-15 00:00:00.000,75.540937500000041,1174.9043055555555,"Actual"
"TAS",2022-12-16 00:00:00.000,80.82256944444444,1174.8588194444444,"Actual"
"TAS",2022-12-17 00:00:00.000,53.682604166666692,1145.552013888889,"Actual"
"TAS",2022-12-18 00:00:00.000,56.397291666666682,1089.7494791666666,"Actual"
"TAS",2022-12-19 00:00:00.000,53.739687499999988,1168.96,"Actual"
"TAS",2022-12-20 00:00:00.000,60.769756944444381,1110.6808333333333,"Actual"
"TAS",2022-12-21 00:00:00.000,67.731076388888923,1046.7636458333334,"Actual"
"TAS",2022-12-22 00:00:00.000,80.236111111111128,1041.0344791666666,"Actual"
"TAS",2022-12-23 00:00:00.000,138.56482638888886,1127.7903472222222,"Actual"
"TAS",2022-12-24 00:00:00.000,61.827187500000022,1100.1703819444444,"Actual"
"TAS",2022-12-25 00:00:00.000,90.318194444444458,1068.9779513888889,"Actual"
"TAS",2022-12-26 00:00:00.000,87.039374999999993,1080.9160069444445,"Actual"
"TAS",2022-12-27 00:00:00.000,70.302569444444444,979.79899305555557,"Actual"
"TAS",2022-12-28 00:00:00.000,64.955798611111135,1002.4397916666667,"Actual"
"TAS",2022-12-29 00:00:00.000,72.016944444444476,1080.5282638888889,"Actual"
"TAS",2022-12-30 00:00:00.000,86.287881944444464,1037.1752083333333,"Actual"
"TAS",2022-12-31 00:00:00.000,74.312118055555544,990.00493055555557,"Actual"
"TAS",2023-01-01 00:00:00.000,81.272430555555559,991.29621527777772,"Actual"
"TAS",2023-01-02 00:00:00.000,77.526388888888874,1046.1662152777778,"Actual"
"TAS",2023-01-03 00:00:00.000,60.540868055555535,1099.8008680555556,"Actual"
"TAS",2023-01-04 00:00:00.000,41.764687500000015,1072.8523958333333,"Actual"
"TAS",2023-01-05 00:00:00.000,38.385798611111113,1105.465,"Actual"
"TAS",2023-01-06 00:00:00.000,44.584131944444451,1110.6468402777778,"Actual"
"TAS",2023-01-07 00:00:00.000,65.862326388888874,979.65604166666662,"Actual"
"TAS",2023-01-08 00:00:00.000,80.4928125,988.980625,"Actual"
"TAS",2023-01-09 00:00:00.000,93.109722222222217,1076.7635763888889,"Actual"
"TAS",2023-01-10 00:00:00.000,102.37690972222222,1132.0766319444444,"Actual"
"TAS",2023-01-11 00:00:00.000,131.28291666666667,1067.1252430555555,"Actual"
"TAS",2023-01-12 00:00:00.000,139.95347222222222,1113.3011805555554,"Actual"
"TAS",2023-01-13 00:00:00.000,137.43173611111109,1145.2278819444443,"Actual"
"TAS",2023-01-14 00:00:00.000,90.047361111111087,1045.7838194444444,"Actual"
"TAS",2023-01-15 00:00:00.000,45.863298611111048,991.84604166666668,"Actual"
"TAS",2023-01-16 00:00:00.000,105.58086805555557,1060.7680555555555,"Actual"
"TAS",2023-01-17 00:00:00.000,93.601631944444449,1105.9890624999998,"Actual"
"TAS",2023-01-18 00:00:00.000,62.735798611111122,978.6225,"Actual"
"TAS",2023-01-19 00:00:00.000,54.769236111111127,1059.0620138888889,"Actual"
"TAS",2023-01-20 00:00:00.000,86.477673611111129,1145.1957638888889,"Actual"
"TAS",2023-01-21 00:00:00.000,95.821111111111108,1119.5358680555555,"Actual"
"TAS",2023-01-22 00:00:00.000,97.214548611111212,1140.8354861111111,"Actual"
"TAS",2023-01-23 00:00:00.000,114.23760416666667,1121.9602083333334,"Actual"
"TAS",2023-01-24 00:00:00.000,121.20482638888889,1099.1655555555556,"Actual"
"TAS",2023-01-25 00:00:00.000,89.871215277777779,1112.5240972222223,"Actual"
"TAS",2023-01-26 00:00:00.000,66.645000000000081,1094.9078472222222,"Actual"
"TAS",2023-01-27 00:00:00.000,78.912430555555559,1091.2483680555556,"Actual"
"TAS",2023-01-28 00:00:00.000,69.017812499999962,1101.0613541666667,"Actual"
"TAS",2023-01-29 00:00:00.000,118.1075,1097.9554861111112,"Actual"
"TAS",2023-01-30 00:00:00.000,105.92826388888886,1129.5571875,"Actual"
"TAS",2023-01-31 00:00:00.000,101.89958333333333,1140.3480902777778,"Actual"
"TAS",2023-02-01 00:00:00.000,78.502048611111064,1073.2870138888889,"Actual"
"TAS",2023-02-02 00:00:00.000,57.730833333333422,1092.3336458333333,"Actual"
"TAS",2023-02-03 00:00:00.000,45.623541666666668,1090.9690972222222,"Actual"
"TAS",2023-02-04 00:00:00.000,52.85024305555563,1080.6491666666666,"Actual"
"TAS",2023-02-05 00:00:00.000,69.114791666666662,1080.9532986111112,"Actual"
"TAS",2023-02-06 00:00:00.000,88.2265625,1139.4532638888888,"Actual"
"TAS",2023-02-07 00:00:00.000,82.821805555555542,1121.9040625,"Actual"
"TAS",2023-02-08 00:00:00.000,82.18871527777776,1141.0511458333333,"Actual"
"TAS",2023-02-09 00:00:00.000,115.3987152777778,1148.6278819444444,"Actual"
"TAS",2023-02-10 00:00:00.000,107.39906250000001,1116.0655902777778,"Actual"
"TAS",2023-02-11 00:00:00.000,61.713576388888761,1065.8287152777777,"Actual"
"TAS",2023-02-12 00:00:00.000,67.610555555555621,1081.8185763888889,"Actual"
"TAS",2023-02-13 00:00:00.000,88.726909722222231,1104.7582638888889,"Actual"
"TAS",2023-02-14 00:00:00.000,88.042013888888917,1122.8904861111112,"Actual"
"TAS",2023-02-15 00:00:00.000,97.279756944444443,1105.4596875,"Actual"
"TAS",2023-02-16 00:00:00.000,94.046736111111073,1160.7421180555555,"Actual"
"TAS",2023-02-17 00:00:00.000,109.06177083333333,1148.2793402777777,"Actual"
"TAS",2023-02-18 00:00:00.000,83.9669791666667,1116.5597222222223,"Actual"
"TAS",2023-02-19 00:00:00.000,79.484201388888877,1073.877951388889,"Actual"
"TAS",2023-02-20 00:00:00.000,94.647326388888885,1155.5757986111112,"Actual"
"TAS",2023-02-21 00:00:00.000,57.391840277777732,1097.7098958333333,"Actual"
"TAS",2023-02-22 00:00:00.000,85.813819444444547,1077.8696180555555,"Actual"
"TAS",2023-02-23 00:00:00.000,69.3789236111111,1070.9096527777779,"Actual"
"TAS",2023-02-24 00:00:00.000,64.494305555555542,1054.6636805555556,"Actual"
"TAS",2023-02-25 00:00:00.000,95.587881944444447,1120.9057291666668,"Actual"
"TAS",2023-02-26 00:00:00.000,61.540000000000063,1035.0051041666666,"Actual"
"TAS",2023-02-27 00:00:00.000,83.061006944444443,988.20145833333322,"Actual"
"TAS",2023-02-28 00:00:00.000,121.27104166666665,1038.4335763888889,"Actual"
"TAS",2023-03-01 00:00:00.000,60.584930555555516,979.92197916666669,"Actual"
"TAS",2023-03-02 00:00:00.000,72.270381944444438,999.61378472222236,"Actual"
"TAS",2023-03-03 00:00:00.000,62.396458333333378,1053.4473958333333,"Actual"
"TAS",2023-03-04 00:00:00.000,82.795833333333334,1000.2129513888889,"Actual"
"TAS",2023-03-05 00:00:00.000,58.540381944444491,1059.3489930555556,"Actual"
"TAS",2023-03-06 00:00:00.000,16.381215277777763,1016.8914583333334,"Actual"
"TAS",2023-03-07 00:00:00.000,8.3188541666666715,1032.6816319444445,"Actual"
"TAS",2023-03-08 00:00:00.000,26.864479166666655,1041.114513888889,"Actual"
"TAS",2023-03-09 00:00:00.000,51.121875000000024,975.43767361111111,"Actual"
"TAS",2023-03-10 00:00:00.000,66.091145833333343,1044.3818055555557,"Actual"
"TAS",2023-03-11 00:00:00.000,62.118090277777746,1026.5591666666667,"Actual"
"TAS",2023-03-12 00:00:00.000,56.373472222222262,1050.9818055555556,"Actual"
"TAS",2023-03-13 00:00:00.000,61.607013888888872,1055.2384375,"Actual"
"TAS",2023-03-14 00:00:00.000,158.22614583333319,1133.4767361111112,"Actual"
"TAS",2023-03-15 00:00:00.000,80.5482291666667,1086.0300347222221,"Actual"
"TAS",2023-03-16 00:00:00.000,43.10854166666676,1063.1615625,"Actual"
"TAS",2023-03-17 00:00:00.000,62.791909722222243,1139.6463541666667,"Actual"
"TAS",2023-03-18 00:00:00.000,35.510659722222258,1071.294861111111,"Actual"
"TAS",2023-03-19 00:00:00.000,69.151562500000054,1048.706736111111,"Actual"
"TAS",2023-03-20 00:00:00.000,46.509861111111107,1159.7325347222222,"Actual"
"TAS",2023-03-21 00:00:00.000,99.928090277777756,1139.741423611111,"Actual"
"TAS",2023-03-22 00:00:00.000,104.76902777777778,1174.7401736111112,"Actual"
"TAS",2023-03-23 00:00:00.000,110.19190972222222,1151.7792708333334,"Actual"
"TAS",2023-03-24 00:00:00.000,91.652083333333323,1098.1821527777779,"Actual"
"TAS",2023-03-25 00:00:00.000,67.718923611111137,1094.0642708333332,"Actual"
"TAS",2023-03-26 00:00:00.000,89.2136111111111,1133.1499652777777,"Actual"
"TAS",2023-03-27 00:00:00.000,93.191666666666691,1120.2459027777777,"Actual"
"TAS",2023-03-28 00:00:00.000,117.26739583333332,1115.3478819444445,"Actual"
"TAS",2023-03-29 00:00:00.000,96.617361111111109,1059.8710416666668,"Actual"
"TAS",2023-03-30 00:00:00.000,86.166423611111142,1097.9270138888887,"Actual"
"TAS",2023-03-31 00:00:00.000,104.71902777777777,1089.9225,"Actual"
"TAS",2023-04-01 00:00:00.000,103.59763888888891,1093.6044791666666,"Actual"
"TAS",2023-04-02 00:00:00.000,94.418402777777771,1116.9447222222223,"Actual"
"TAS",2023-04-03 00:00:00.000,103.69673611111111,1173.5991319444445,"Actual"
"TAS",2023-04-04 00:00:00.000,115.07857638888889,1116.4449652777778,"Actual"
"TAS",2023-04-05 00:00:00.000,111.18781249999998,1124.0201736111112,"Actual"
"TAS",2023-04-06 00:00:00.000,84.941145833333337,1098.9864236111111,"Actual"
"TAS",2023-04-07 00:00:00.000,59.579548611111115,1118.9586111111112,"Actual"
"TAS",2023-04-08 00:00:00.000,24.63315972222226,1034.1922222222222,"Actual"
"TAS",2023-04-09 00:00:00.000,44.728888888888889,1098.0977777777778,"Actual"
"TAS",2023-04-10 00:00:00.000,65.765034722222225,1147.0446527777779,"Actual"
"TAS",2023-04-11 00:00:00.000,82.563819444444448,1168.5745486111111,"Actual"
"TAS",2023-04-12 00:00:00.000,54.182638888888867,1111.2775694444445,"Actual"
"TAS",2023-04-13 00:00:00.000,79.942152777777792,1142.4772916666666,"Actual"
"TAS",2023-04-14 00:00:00.000,58.490868055555573,1096.5934375,"Actual"
"TAS",2023-04-15 00:00:00.000,48.346701388888896,1103.9380208333334,"Actual"
"TAS",2023-04-16 00:00:00.000,56.6931944444445,1123.0540625,"Actual"
"TAS",2023-04-17 00:00:00.000,65.097604166666656,1174.1139930555555,"Actual"
"TAS",2023-04-18 00:00:00.000,74.429062499999986,1164.8052777777777,"Actual"
"TAS",2023-04-19 00:00:00.000,60.20204861111111,1158.6305555555555,"Actual"
"TAS",2023-04-20 00:00:00.000,68.205694444444475,1144.7726388888889,"Actual"
"TAS",2023-04-21 00:00:00.000,68.89048611111113,1135.4568055555555,"Actual"
"TAS",2023-04-22 00:00:00.000,57.32135416666668,1116.8581597222221,"Actual"
"TAS",2023-04-23 00:00:00.000,63.872743055555553,1128.9967361111112,"Actual"
"TAS",2023-04-24 00:00:00.000,62.9190625,1189.9405208333335,"Actual"
"TAS",2023-04-25 00:00:00.000,66.533298611111093,1185.8103819444445,"Actual"
"TAS",2023-04-26 00:00:00.000,53.526284722222186,1143.5875,"Actual"
"TAS",2023-04-27 00:00:00.000,56.66017361111119,1145.6993750000001,"Actual"
"TAS",2023-04-28 00:00:00.000,47.96180555555565,1151.7690625,"Actual"
"TAS",2023-04-29 00:00:00.000,87.809270833333315,1184.5800694444445,"Actual"
"TAS",2023-04-30 00:00:00.000,79.916111111111192,1206.1098263888889,"Actual"
"TAS",2023-05-01 00:00:00.000,120.19718750000001,1306.3381944444445,"Actual"
"TAS",2023-05-02 00:00:00.000,93.586006944444478,1223.0757986111112,"Actual"
"TAS",2023-05-03 00:00:00.000,68.3601736111111,1213.884236111111,"Actual"
"TAS",2023-05-04 00:00:00.000,104.55194444444427,1217.924236111111,"Actual"
"TAS",2023-05-05 00:00:00.000,80.918784722222057,1252.12125,"Actual"
"TAS",2023-05-06 00:00:00.000,129.56555555555553,1242.8635416666666,"Actual"
"TAS",2023-05-07 00:00:00.000,100.59534722222224,1278.6494444444445,"Actual"
"TAS",2023-05-08 00:00:00.000,100.31642361111112,1300.6711458333334,"Actual"
"TAS",2023-05-09 00:00:00.000,83.411458333333371,1227.6415972222221,"Actual"
"TAS",2023-05-10 00:00:00.000,92.082673611111119,1211.2878472222221,"Actual"
"TAS",2023-05-11 00:00:00.000,99.815173611111277,1272.8197916666666,"Actual"
"TAS",2023-05-12 00:00:00.000,120.62350694444443,1265.2089930555555,"Actual"
"TAS",2023-05-13 00:00:00.000,136.80638888888893,1247.960347222222,"Actual"
"TAS",2023-05-14 00:00:00.000,107.85989583333335,1272.3409722222223,"Actual"
"TAS",2023-05-15 00:00:00.000,96.27267361111123,1219.7019791666667,"Actual"
"TAS",2023-05-16 00:00:00.000,118.95579861111111,1243.4423263888889,"Actual"
"TAS",2023-05-17 00:00:00.000,122.27614583333335,1365.3146875,"Actual"
"TAS",2023-05-18 00:00:00.000,101.39555555555559,1325.288125,"Actual"
"TAS",2023-05-19 00:00:00.000,76.6238888888889,1313.8886458333334,"Actual"
"TAS",2023-05-20 00:00:00.000,74.671423611111052,1256.5560069444443,"Actual"
"TAS",2023-05-21 00:00:00.000,36.204826388888883,1223.2265972222222,"Actual"
"TAS",2023-05-22 00:00:00.000,67.978263888888677,1233.7369097222222,"Actual"
"TAS",2023-05-23 00:00:00.000,74.750069444444449,1254.0152777777778,"Actual"
"TAS",2023-05-24 00:00:00.000,52.632395833333341,1185.6076041666668,"Actual"
"TAS",2023-05-25 00:00:00.000,57.637326388888816,1235.1735416666666,"Actual"
"TAS",2023-05-26 00:00:00.000,49.277083333333316,1249.8952430555555,"Actual"
"TAS",2023-05-27 00:00:00.000,45.626736111111114,1168.565173611111,"Actual"
"TAS",2023-05-28 00:00:00.000,39.242187500000014,1199.1368402777775,"Actual"
"TAS",2023-05-29 00:00:00.000,36.852013888888855,1220.0075000000002,"Actual"
"TAS",2023-05-30 00:00:00.000,45.168194444444445,1147.9792013888889,"Actual"
"TAS",2023-05-31 00:00:00.000,74.976145833333362,1169.6884375,"Actual"
"TAS",2023-06-01 00:00:00.000,38.898541666666517,1241.223611111111,"Actual"
"TAS",2023-06-02 00:00:00.000,62.328124999999986,1332.1136111111111,"Actual"
"TAS",2023-06-03 00:00:00.000,59.416805555555541,1263.4031944444444,"Actual"
"TAS",2023-06-04 00:00:00.000,38.59354166666666,1233.1808680555555,"Actual"
"TAS",2023-06-05 00:00:00.000,52.49399305555557,1327.852326388889,"Actual"
"TAS",2023-06-06 00:00:00.000,45.989826388888893,1304.0579513888888,"Actual"
"TAS",2023-06-07 00:00:00.000,14.591493055555574,1208.9516666666666,"Actual"
"TAS",2023-06-08 00:00:00.000,19.760138888888889,1220.7902777777779,"Actual"
"TAS",2023-06-09 00:00:00.000,24.71770833333327,1225.5880555555555,"Actual"
"TAS",2023-06-10 00:00:00.000,24.898715277777772,1191.3633333333332,"Actual"
"TAS",2023-06-11 00:00:00.000,50.789236111111094,1195.0914236111112,"Actual"
"TAS",2023-06-12 00:00:00.000,19.79739583333329,1211.3538541666667,"Actual"
"TAS",2023-06-13 00:00:00.000,38.959965277777783,1299.0349999999999,"Actual"
"TAS",2023-06-14 00:00:00.000,46.509131944444448,1270.1361111111112,"Actual"
"TAS",2023-06-15 00:00:00.000,28.359374999999972,1242.5743402777778,"Actual"
"TAS",2023-06-16 00:00:00.000,-15.487326388888896,1208.286111111111,"Actual"
"TAS",2023-06-17 00:00:00.000,-3.2731944444444458,1159.0993055555555,"Actual"
"TAS",2023-06-18 00:00:00.000,11.557430555555612,1196.2846875,"Actual"
"TAS",2023-06-19 00:00:00.000,35.854791666666785,1342.1260416666664,"Actual"
"TAS",2023-06-20 00:00:00.000,71.207256944444424,1389.9559027777777,"Actual"
"TAS",2023-06-21 00:00:00.000,86.431145833333332,1394.2410416666667,"Actual"
"TAS",2023-06-22 00:00:00.000,91.567986111111111,1450.7012847222222,"Actual"
"TAS",2023-06-23 00:00:00.000,68.6243055555556,1375.0181597222222,"Actual"
"TAS",2023-06-24 00:00:00.000,1.0369444444444973,1229.9740972222223,"Actual"
"TAS",2023-06-25 00:00:00.000,3.5449305555555455,1279.8803472222223,"Actual"
"TAS",2023-06-26 00:00:00.000,28.922534722222238,1293.7811111111112,"Actual"
"TAS",2023-06-27 00:00:00.000,51.709687499999994,1306.4152777777779,"Actual"
"TAS",2023-06-28 00:00:00.000,63.103263888888875,1312.7157291666667,"Actual"
"TAS",2023-06-29 00:00:00.000,52.823715277777779,1264.7763888888887,"Actual"
"TAS",2023-06-30 00:00:00.000,27.258506944444491,1200.1188888888887,"Actual"
"TAS",2023-07-01 00:00:00.000,42.323159722222186,1216.5900347222223,"Actual"
"TAS",2023-07-02 00:00:00.000,50.172916666666652,1228.3797222222222,"Actual"
"TAS",2023-07-03 00:00:00.000,58.022430555555545,1383.7776736111111,"Actual"
"TAS",2023-07-04 00:00:00.000,55.436493055555545,1395.004861111111,"Actual"
"TAS",2023-07-05 00:00:00.000,50.673819444444447,1312.6327777777778,"Actual"
"TAS",2023-07-06 00:00:00.000,16.26263888888889,1280.6452083333334,"Actual"
"TAS",2023-07-07 00:00:00.000,2.5123958333333336,1230.2163541666666,"Actual"
"TAS",2023-07-08 00:00:00.000,-11.721215277777786,1228.8086458333332,"Actual"
"TAS",2023-07-09 00:00:00.000,-3.9312847222222462,1192.3817013888888,"Actual"
"TAS",2023-07-10 00:00:00.000,8.47656249999997,1192.6180208333333,"Actual"
"TAS",2023-07-11 00:00:00.000,24.391666666666673,1213.5855555555554,"Actual"
"TAS",2023-07-12 00:00:00.000,12.929340277777783,1173.3180208333333,"Actual"
"TAS",2023-07-13 00:00:00.000,-10.306215277777783,1131.2677430555555,"Actual"
"TAS",2023-07-14 00:00:00.000,-7.6105555555555569,1208.7126388888889,"Actual"
"TAS",2023-07-15 00:00:00.000,1.1460069444444398,1158.0333333333335,"Actual"
"TAS",2023-07-16 00:00:00.000,0.83201388888888483,1159.0400347222221,"Actual"
"TAS",2023-07-17 00:00:00.000,18.638541666666672,1181.2204513888889,"Actual"
"TAS",2023-07-18 00:00:00.000,13.929548611111127,1233.1801388888889,"Actual"
"TAS",2023-07-19 00:00:00.000,43.6915277777779,1304.3395833333334,"Actual"
"TAS",2023-07-20 00:00:00.000,30.013749999999998,1296.3742361111113,"Actual"
"TAS",2023-07-21 00:00:00.000,49.439479166666672,1272.3453819444444,"Actual"
"TAS",2023-07-22 00:00:00.000,48.463090277777795,1282.8485069444444,"Actual"
"TAS",2023-07-23 00:00:00.000,37.431597222222152,1222.0360416666667,"Actual"
"TAS",2023-07-24 00:00:00.000,47.988090277777779,1237.2261458333332,"Actual"
"TAS",2023-07-25 00:00:00.000,51.138888888888879,1297.5430555555556,"Actual"
"TAS",2023-07-26 00:00:00.000,33.452673611111052,1220.6329513888888,"Actual"
"TAS",2023-07-27 00:00:00.000,17.257708333333337,1252.2377083333333,"Actual"
"TAS",2023-07-28 00:00:00.000,34.98996527777787,1186.9363888888888,"Actual"
"TAS",2023-07-29 00:00:00.000,3.5211805555556026,1136.8788194444444,"Actual"
"TAS",2023-07-30 00:00:00.000,-13.844618055555529,1162.335,"Actual"
"TAS",2023-07-31 00:00:00.000,17.341284722222234,1275.2853125000001,"Actual"
"TAS",2023-08-01 00:00:00.000,34.119201388888989,1258.9070486111111,"Actual"
"TAS",2023-08-02 00:00:00.000,30.48934027777775,1300.7443055555555,"Actual"
"TAS",2023-08-03 00:00:00.000,-11.056701388888889,1228.5444097222221,"Actual"
"TAS",2023-08-04 00:00:00.000,-8.7486458333333381,1217.1655555555556,"Actual"
"TAS",2023-08-05 00:00:00.000,17.29163194444444,1151.920625,"Actual"
"TAS",2023-08-06 00:00:00.000,39.151111111111177,1207.4031597222222,"Actual"
"TAS",2023-08-07 00:00:00.000,54.66597222222223,1303.4468402777777,"Actual"
"TAS",2023-08-08 00:00:00.000,50.742083333333326,1289.5171527777777,"Actual"
"TAS",2023-08-09 00:00:00.000,16.812118055555555,1216.7156597222222,"Actual"
"TAS",2023-08-10 00:00:00.000,28.878784722222179,1076.9468402777777,"Actual"
"TAS",2023-08-11 00:00:00.000,50.876319444444441,1195.075625,"Actual"
"TAS",2023-08-12 00:00:00.000,36.511458333333358,1125.8913541666666,"Actual"
"TAS",2023-08-13 00:00:00.000,55.262083333333329,1218.6815625000002,"Actual"
"TAS",2023-08-14 00:00:00.000,68.960590277777783,1301.9007986111112,"Actual"
"TAS",2023-08-15 00:00:00.000,49.426319444444445,1294.2805555555556,"Actual"
"TAS",2023-08-16 00:00:00.000,41.97930555555557,1258.3197222222223,"Actual"
"TAS",2023-08-17 00:00:00.000,36.648819444444442,1217.2110069444443,"Actual"
"TAS",2023-08-18 00:00:00.000,14.772534722222222,1178.2436805555556,"Actual"
"TAS",2023-08-19 00:00:00.000,10.211284722222224,1093.1258680555557,"Actual"
"TAS",2023-08-20 00:00:00.000,32.455486111111121,1102.7886111111111,"Actual"
"TAS",2023-08-21 00:00:00.000,37.8600347222222,1152.7423611111112,"Actual"
"TAS",2023-08-22 00:00:00.000,51.085625,1193.0343402777778,"Actual"
"TAS",2023-08-23 00:00:00.000,50.471250000000005,1141.4935763888889,"Actual"
"TAS",2023-08-24 00:00:00.000,47.408437500000012,1143.7009027777779,"Actual"
"TAS",2023-08-25 00:00:00.000,44.741527777777804,1139.3520138888889,"Actual"
"TAS",2023-08-26 00:00:00.000,56.2157638888889,1209.4549305555556,"Actual"
"TAS",2023-08-27 00:00:00.000,53.765312499999958,1174.8302430555555,"Actual"
"TAS",2023-08-28 00:00:00.000,55.359652777777882,1235.2428125,"Actual"
"TAS",2023-08-29 00:00:00.000,38.607847222222219,1201.8787847222222,"Actual"
"TAS",2023-08-30 00:00:00.000,43.775451388888889,1160.867013888889,"Actual"
"TAS",2023-08-31 00:00:00.000,38.243298611111086,1121.7541666666666,"Actual"
"TAS",2023-09-01 00:00:00.000,58.85,1187.5421527777776,"Actual"
"TAS",2023-09-02 00:00:00.000,55.411770833333335,1163.0025,"Actual"
"TAS",2023-09-03 00:00:00.000,16.453611111111144,1105.9037152777778,"Actual"
"TAS",2023-09-04 00:00:00.000,20.15201388888886,1129.7728819444446,"Actual"
"TAS",2023-09-05 00:00:00.000,30.065729166666753,1136.3561458333334,"Actual"
"TAS",2023-09-06 00:00:00.000,14.140590277777768,1107.4342361111112,"Actual"
"TAS",2023-09-07 00:00:00.000,5.7598263888888921,1112.1849305555556,"Actual"
"TAS",2023-09-08 00:00:00.000,15.529687500000007,1133.125,"Actual"
"TAS",2023-09-09 00:00:00.000,27.358750000000065,1144.4673958333333,"Actual"
"TAS",2023-09-10 00:00:00.000,33.436076388888765,1124.6928472222223,"Actual"
"TAS",2023-09-11 00:00:00.000,56.845520833333339,1247.8665277777777,"Actual"
"TAS",2023-09-12 00:00:00.000,45.143854166666664,1163.4542708333333,"Actual"
"TAS",2023-09-13 00:00:00.000,51.440520833333366,1168.3420138888889,"Actual"
"TAS",2023-09-14 00:00:00.000,27.11625,1079.6511805555556,"Actual"
"TAS",2023-09-15 00:00:00.000,8.910312500000007,1047.3270833333333,"Actual"
"TAS",2023-09-16 00:00:00.000,-1.6547222222222224,1039.9458333333332,"Actual"
"TAS",2023-09-17 00:00:00.000,11.810173611111116,1055.4290624999999,"Actual"
"TAS",2023-09-18 00:00:00.000,29.542708333333344,1121.3105208333334,"Actual"
"TAS",2023-09-19 00:00:00.000,1.2494791666666609,1069.182361111111,"Actual"
"TAS",2023-09-20 00:00:00.000,-16.95829861111109,1086.4251041666666,"Actual"
"TAS",2023-09-21 00:00:00.000,27.416944444444436,1119.0979166666666,"Actual"
"TAS",2023-09-22 00:00:00.000,38.920590277777791,1146.0814930555557,"Actual"
"TAS",2023-09-23 00:00:00.000,36.273750000000035,1026.9020833333334,"Actual"
"TAS",2023-09-24 00:00:00.000,32.559652777777828,998.34131944444448,"Actual"
"TAS",2023-09-25 00:00:00.000,35.822951388888882,1062.852326388889,"Actual"
"TAS",2023-09-26 00:00:00.000,46.999444444444428,1075.0088194444445,"Actual"
"TAS",2023-09-27 00:00:00.000,37.646979166666696,1096.9072916666667,"Actual"
"TAS",2023-09-28 00:00:00.000,16.562430555555437,1027.7555208333333,"Actual"
"TAS",2023-09-29 00:00:00.000,26.640520833333333,1056.9587152777779,"Actual"
"TAS",2023-09-30 00:00:00.000,12.068541666666754,982.08444444444444,"Actual"
"TAS",2023-10-01 00:00:00.000,-6.7325347222222405,977.79944444444448,"Actual"
"TAS",2023-10-02 00:00:00.000,29.791597222222215,1019.7754513888889,"Actual"
"TAS",2023-10-03 00:00:00.000,48.903333333333194,1074.6489583333334,"Actual"
"TAS",2023-10-04 00:00:00.000,60.136215277777779,1141.6528819444443,"Actual"
"TAS",2023-10-05 00:00:00.000,42.262673611111111,1060.2325694444444,"Actual"
"TAS",2023-10-06 00:00:00.000,40.078611111111108,1040.5892708333333,"Actual"
"TAS",2023-10-07 00:00:00.000,41.998229166666647,1054.7878819444445,"Actual"
"TAS",2023-10-08 00:00:00.000,38.47125,1045.914826388889,"Actual"
"TAS",2023-10-09 00:00:00.000,44.736875000000005,1095.2957291666667,"Actual"
"TAS",2023-10-10 00:00:00.000,55.89621527777777,1043.946736111111,"Actual"
"TAS",2023-10-11 00:00:00.000,28.450138888888862,1100.7348263888889,"Actual"
"TAS",2023-10-12 00:00:00.000,21.674270833333331,1123.8777777777777,"Actual"
"TAS",2023-10-13 00:00:00.000,14.621909722222238,1057.675,"Actual"
"TAS",2023-10-14 00:00:00.000,2.45302083333333,1076.8448958333333,"Actual"
"TAS",2023-10-15 00:00:00.000,27.1382986111111,1154.5325,"Actual"
"TAS",2023-10-16 00:00:00.000,17.647881944444443,1137.0576736111111,"Actual"
"TAS",2023-10-17 00:00:00.000,44.545520833333327,1158.3190972222224,"Actual"
"TAS",2023-10-18 00:00:00.000,44.029305555555553,1062.3547569444445,"Actual"
"TAS",2023-10-19 00:00:00.000,42.320590277777775,1046.0931249999999,"Actual"
"TAS",2023-10-20 00:00:00.000,39.425,1041.1576388888889,"Actual"
"TAS",2023-10-21 00:00:00.000,23.756388888888889,1055.6613194444444,"Actual"
"TAS",2023-10-22 00:00:00.000,20.6385069444444,1001.53875,"Actual"
"TAS",2023-10-23 00:00:00.000,33.591423611111118,1032.8171875,"Actual"
"TAS",2023-10-24 00:00:00.000,18.360381944444438,1054.8973263888888,"Actual"
"TAS",2023-10-25 00:00:00.000,24.694965277777776,1138.9131597222222,"Actual"
"TAS",2023-10-26 00:00:00.000,31.637812500000003,1099.4842013888888,"Actual"
"TAS",2023-10-27 00:00:00.000,46.688124999999992,1164.5433680555557,"Actual"
"TAS",2023-10-28 00:00:00.000,67.413750000000007,1085.0037847222222,"Actual"
"TAS",2023-10-29 00:00:00.000,94.618472222222181,1101.2753819444445,"Actual"
"TAS",2023-10-30 00:00:00.000,60.741215277777776,1101.7778125,"Actual"
"TAS",2023-10-31 00:00:00.000,66.958715277777785,1066.1657291666668,"Actual"
"TAS",2023-11-01 00:00:00.000,77.084444444444443,1063.6828472222223,"Actual"
"TAS",2023-11-02 00:00:00.000,69.99614583333333,1071.0536805555555,"Actual"
"TAS",2023-11-03 00:00:00.000,41.003159722222236,1095.5276736111111,"Actual"
"TAS",2023-11-04 00:00:00.000,23.44829861111111,1125.9952777777778,"Actual"
"TAS",2023-11-05 00:00:00.000,30.443472222222226,1104.5341319444444,"Actual"
"TAS",2023-11-06 00:00:00.000,36.906180555555615,1000.3975347222222,"Actual"
"TAS",2023-11-07 00:00:00.000,47.83034722222223,1027.3239583333334,"Actual"
"TAS",2023-11-08 00:00:00.000,64.5401388888889,1059.2728472222223,"Actual"
"TAS",2023-11-09 00:00:00.000,83.394618055555426,1091.1797569444445,"Actual"
"TAS",2023-11-10 00:00:00.000,56.180902777777774,1021.3279166666666,"Actual"
"TAS",2023-11-11 00:00:00.000,32.186770833333341,1016.2026041666667,"Actual"
"TAS",2023-11-12 00:00:00.000,25.122013888888851,1046.8209027777777,"Actual"
"TAS",2023-11-13 00:00:00.000,61.263715277777777,1071.0742708333332,"Actual"
"TAS",2023-11-14 00:00:00.000,86.94631944444447,1066.1723611111111,"Actual"
"TAS",2023-11-15 00:00:00.000,68.072430555555542,1054.2938194444444,"Actual"
"TAS",2023-11-16 00:00:00.000,64.679444444444528,1095.7783680555556,"Actual"
"TAS",2023-11-17 00:00:00.000,56.86795138888894,1094.9854166666667,"Actual"
"TAS",2023-11-18 00:00:00.000,70.42430555555552,1101.5453819444444,"Actual"
"TAS",2023-11-19 00:00:00.000,75.640381944444457,1091.6414930555557,"Actual"
"TAS",2023-11-20 00:00:00.000,104.66638888888886,1114.3669444444445,"Actual"
"TAS",2023-11-21 00:00:00.000,86.150416666666672,1098.8796875,"Actual"
"TAS",2023-11-22 00:00:00.000,54.582083333333287,1085.2072916666666,"Actual"
"TAS",2023-11-23 00:00:00.000,81.991284722222247,1124.9520833333333,"Actual"
"TAS",2023-11-24 00:00:00.000,89.648680555555558,1042.0141666666666,"Actual"
"TAS",2023-11-25 00:00:00.000,55.7573611111111,1111.6461458333333,"Actual"
"TAS",2023-11-26 00:00:00.000,44.835104166666696,1102.1908680555555,"Actual"
"TAS",2023-11-27 00:00:00.000,62.032916666666658,1146.0271180555555,"Actual"
"TAS",2023-11-28 00:00:00.000,85.090347222222221,1131.4768055555555,"Actual"
"TAS",2023-11-29 00:00:00.000,28.162986111111174,1080.3376736111111,"Actual"
"TAS",2023-11-30 00:00:00.000,34.259479166666672,1125.3950694444445,"Actual"
"TAS",2023-12-01 00:00:00.000,50.304062500000015,1123.7212152777779,"Actual"
"TAS",2023-12-02 00:00:00.000,47.585312499999958,1081.5716319444443,"Actual"
"TAS",2023-12-03 00:00:00.000,55.873020833333548,1044.8633333333335,"Actual"
"TAS",2023-12-04 00:00:00.000,57.919305555555567,1095.1536458333333,"Actual"
"TAS",2023-12-05 00:00:00.000,78.888090277777792,1082.9259375,"Actual"
"TAS",2023-12-06 00:00:00.000,64.312743055555558,1037.7445138888888,"Actual"
"TAS",2023-12-07 00:00:00.000,106.56906249999997,1080.5747222222221,"Actual"
"TAS",2023-12-08 00:00:00.000,82.6498263888889,1113.426736111111,"Actual"
"TAS",2023-12-09 00:00:00.000,76.252118055555556,1068.2434375,"Actual"
"TAS",2023-12-10 00:00:00.000,44.614965277777813,1085.3506944444443,"Actual"
"TAS",2023-12-11 00:00:00.000,89.407881944444426,1115.7193750000001,"Actual"
"TAS",2023-12-12 00:00:00.000,82.218506944444428,1057.2455208333333,"Actual"
"TAS",2023-12-13 00:00:00.000,96.4753125,1050.5218402777778,"Actual"
"TAS",2023-12-14 00:00:00.000,39.921597222222275,1037.3689236111111,"Actual"
"TAS",2023-12-15 00:00:00.000,56.374097222222225,1076.0101388888888,"Actual"
"TAS",2023-12-16 00:00:00.000,20.619687499999998,1023.6269097222222,"Actual"
"TAS",2023-12-17 00:00:00.000,53.33076388888891,1072.5392708333334,"Actual"
"TAS",2023-12-18 00:00:00.000,72.524305555555557,1128.9649652777778,"Actual"
"TAS",2023-12-19 00:00:00.000,41.798368055555514,1043.0904861111112,"Actual"
"TAS",2023-12-20 00:00:00.000,36.11454861111114,1052.0328819444444,"Actual"
"TAS",2023-12-21 00:00:00.000,31.167847222222289,1070.5253125,"Actual"
"TAS",2023-12-22 00:00:00.000,35.804756944444378,1093.7354513888888,"Actual"
"TAS",2023-12-23 00:00:00.000,38.979444444444468,1076.1438888888888,"Actual"
"TAS",2023-12-24 00:00:00.000,31.78861111111118,1055.3286111111111,"Actual"
"TAS",2023-12-25 00:00:00.000,14.472534722222214,1009.1806597222222,"Actual"
"TAS",2023-12-26 00:00:00.000,27.54746527777781,1039.3111458333333,"Actual"
"TAS",2023-12-27 00:00:00.000,48.723506944444445,1062.9983333333332,"Actual"
"TAS",2023-12-28 00:00:00.000,37.1856249999999,1023.4125347222222,"Actual"
"TAS",2023-12-29 00:00:00.000,38.598958333333329,1030.2698958333333,"Actual"
"TAS",2023-12-30 00:00:00.000,19.863298611111091,1010.2925,"Actual"
"TAS",2023-12-31 00:00:00.000,36.855520833333394,994.5784027777778,"Actual"
"TAS",2024-01-01 00:00:00.000,47.49031250000008,1068.4665972222222,"Actual"
"TAS",2024-01-02 00:00:00.000,66.899305555555529,1073.4128125,"Actual"
"TAS",2024-01-03 00:00:00.000,89.024097222222224,1072.256875,"Actual"
"TAS",2024-01-04 00:00:00.000,62.347013888888895,1037.0881597222221,"Actual"
"TAS",2024-01-05 00:00:00.000,53.601840277777896,1084.9494444444445,"Actual"
"TAS",2024-01-06 00:00:00.000,62.009027777777789,974.18284722222222,"Actual"
"TAS",2024-01-07 00:00:00.000,64.188402777777767,991.42579861111108,"Actual"
"TAS",2024-01-08 00:00:00.000,69.406527777777768,1104.3794444444445,"Actual"
"TAS",2024-01-09 00:00:00.000,74.6494791666667,1035.5546180555555,"Actual"
"TAS",2024-01-10 00:00:00.000,67.22447916666664,994.34625,"Actual"
"TAS",2024-01-11 00:00:00.000,56.395763888888837,1061.8506597222222,"Actual"
"TAS",2024-01-12 00:00:00.000,84.6546527777778,1111.7259722222223,"Actual"
"TAS",2024-01-13 00:00:00.000,34.884687499999991,1006.8729513888889,"Actual"
"TAS",2024-01-14 00:00:00.000,22.492673611111066,1045.2476388888888,"Actual"
"TAS",2024-01-15 00:00:00.000,52.4433680555556,1055.5755902777778,"Actual"
"TAS",2024-01-16 00:00:00.000,45.799722222222165,1016.1650347222222,"Actual"
"TAS",2024-01-17 00:00:00.000,49.256180555555574,1028.8299305555556,"Actual"
"TAS",2024-01-18 00:00:00.000,7.1411458333333471,944.37545138888891,"Actual"
"TAS",2024-01-19 00:00:00.000,29.773541666666681,913.38229166666679,"Actual"
"TAS",2024-01-20 00:00:00.000,31.885208333333345,1007.4820486111112,"Actual"
"TAS",2024-01-21 00:00:00.000,26.081458333333394,962.98340277777777,"Actual"
"TAS",2024-01-22 00:00:00.000,32.473888888888851,1055.9952083333333,"Actual"
"TAS",2024-01-23 00:00:00.000,51.666145833333331,1036.8307291666667,"Actual"
"TAS",2024-01-24 00:00:00.000,59.576319444444451,1021.3387152777777,"Actual"
"TAS",2024-01-25 00:00:00.000,68.106145833333329,1047.4091666666666,"Actual"
"TAS",2024-01-26 00:00:00.000,7.16017361111107,1002.9859722222222,"Actual"
"TAS",2024-01-27 00:00:00.000,8.45503472222217,1017.5036111111111,"Actual"
"TAS",2024-01-28 00:00:00.000,23.643472222222186,1060.9863888888888,"Actual"
"TAS",2024-01-29 00:00:00.000,50.685902777777763,1100.3225694444445,"Actual"
"TAS",2024-01-30 00:00:00.000,45.410451388888887,1092.7737847222222,"Actual"
"TAS",2024-01-31 00:00:00.000,109.13430555555561,1001.5117361111111,"Actual"
"TAS",2024-02-01 00:00:00.000,37.101388888888913,1034.0389236111112,"Actual"
"TAS",2024-02-02 00:00:00.000,28.193333333333307,1044.3727777777779,"Actual"
"TAS",2024-02-03 00:00:00.000,35.116631944444435,1074.0445833333333,"Actual"
"TAS",2024-02-04 00:00:00.000,43.110763888888854,1102.5364583333333,"Actual"
"TAS",2024-02-05 00:00:00.000,57.701840277777777,1081.6395486111112,"Actual"
"TAS",2024-02-06 00:00:00.000,41.355694444444438,1094.4703472222222,"Actual"
"TAS",2024-02-07 00:00:00.000,45.621701388888916,1049.0090972222222,"Actual"
"TAS",2024-02-08 00:00:00.000,52.136319444444354,1088.198923611111,"Actual"
"TAS",2024-02-09 00:00:00.000,38.145659722222277,1081.1959722222223,"Actual"
"TAS",2024-02-10 00:00:00.000,33.451736111111074,1032.7050694444445,"Actual"
"TAS",2024-02-11 00:00:00.000,52.879756944444431,1023.3672569444444,"Actual"
"TAS",2024-02-12 00:00:00.000,74.594791666666637,1134.4726388888889,"Actual"
"TAS",2024-02-13 00:00:00.000,886.29184027777751,1116.9577083333334,"Actual"
"TAS",2024-02-14 00:00:00.000,53.726666666666667,1016.5426041666667,"Actual"
"TAS",2024-02-15 00:00:00.000,55.055173611111073,1110.5731597222223,"Actual"
"TAS",2024-02-16 00:00:00.000,69.136458333333323,1112.6066666666666,"Actual"
"TAS",2024-02-17 00:00:00.000,62.619548611111192,1079.4615625,"Actual"
"TAS",2024-02-18 00:00:00.000,53.137638888888915,1050.8859722222223,"Actual"
"TAS",2024-02-19 00:00:00.000,51.608680555555623,1133.4393402777778,"Actual"
"TAS",2024-02-20 00:00:00.000,78.285416666666663,1107.6512847222223,"Actual"
"TAS",2024-02-21 00:00:00.000,67.244131944444447,1112.8629166666667,"Actual"
"TAS",2024-02-22 00:00:00.000,82.13482638888884,1157.1057986111111,"Actual"
"TAS",2024-02-23 00:00:00.000,31.590729166666591,1111.8748611111112,"Actual"
"TAS",2024-02-24 00:00:00.000,37.361979166666671,1071.9835416666667,"Actual"
"TAS",2024-02-25 00:00:00.000,51.9769444444445,1096.0876388888889,"Actual"
"TAS",2024-02-26 00:00:00.000,59.612604166666657,1059.453888888889,"Actual"
"TAS",2024-02-27 00:00:00.000,65.8492361111111,1029.8175,"Actual"
"TAS",2024-02-28 00:00:00.000,60.048298611111086,1041.2553472222221,"Actual"
"TAS",2024-02-29 00:00:00.000,68.600069444444443,1092.9487847222222,"Actual"
"TAS",2024-03-01 00:00:00.000,129.31003472222227,1063.6711458333334,"Actual"
"TAS",2024-03-02 00:00:00.000,94.319965277777726,1071.5815972222222,"Actual"
"TAS",2024-03-03 00:00:00.000,23.096979166666785,1055.7209722222221,"Actual"
"TAS",2024-03-04 00:00:00.000,45.46704861111111,1086.9553819444445,"Actual"
"TAS",2024-03-05 00:00:00.000,74.9546875,1103.4281944444444,"Actual"
"TAS",2024-03-06 00:00:00.000,97.406319444444449,1072.5191319444443,"Actual"
"TAS",2024-03-07 00:00:00.000,64.799722222222073,1135.9515625,"Actual"
"TAS",2024-03-08 00:00:00.000,81.8167013888889,1098.9423958333334,"Actual"
"TAS",2024-03-09 00:00:00.000,67.4625694444445,1090.2948263888889,"Actual"
"TAS",2024-03-10 00:00:00.000,62.536041666666684,1158.1444097222222,"Actual"
"TAS",2024-03-11 00:00:00.000,76.590798611111126,1114.4449305555556,"Actual"
"TAS",2024-03-12 00:00:00.000,84.907812499999977,1076.1765972222222,"Actual"
"TAS",2024-03-13 00:00:00.000,103.16760416666665,1121.1800347222222,"Actual"
"TAS",2024-03-14 00:00:00.000,77.872534722222213,1083.7455902777779,"Actual"
"TAS",2024-03-15 00:00:00.000,68.387395833333329,1148.1987847222222,"Actual"
"TAS",2024-03-16 00:00:00.000,75.700659722222213,1085.1631944444446,"Actual"
"TAS",2024-03-17 00:00:00.000,67.537361111111167,1004.7056944444445,"Actual"
"TAS",2024-03-18 00:00:00.000,73.741944444444442,956.89416666666659,"Actual"
"TAS",2024-03-19 00:00:00.000,51.590451388888894,999.824375,"Actual"
"TAS",2024-03-20 00:00:00.000,50.208750000000009,1010.3907986111111,"Actual"
"TAS",2024-03-21 00:00:00.000,63.430034722222231,1038.1778125,"Actual"
"TAS",2024-03-22 00:00:00.000,70.672395833333326,1088.8498611111111,"Actual"
"TAS",2024-03-23 00:00:00.000,54.121562500000024,1062.0507638888889,"Actual"
"TAS",2024-03-24 00:00:00.000,46.087777777777774,1045.1639930555555,"Actual"
"TAS",2024-03-25 00:00:00.000,63.029409722222219,1094.9308680555555,"Actual"
"TAS",2024-03-26 00:00:00.000,74.382708333333341,1106.5268055555555,"Actual"
"TAS",2024-03-27 00:00:00.000,66.667222222222236,1116.3789930555556,"Actual"
"TAS",2024-03-28 00:00:00.000,60.50239583333336,1124.8679861111111,"Actual"
"TAS",2024-03-29 00:00:00.000,61.920486111111146,1109.1144444444444,"Actual"
"TAS",2024-03-30 00:00:00.000,62.007187500000043,1102.9472916666666,"Actual"
"TAS",2024-03-31 00:00:00.000,65.43152777777776,1079.364513888889,"Actual"
"TAS",2024-04-01 00:00:00.000,59.143923611111092,1030.928125,"Actual"
"TAS",2024-04-02 00:00:00.000,48.895729166666655,1080.2941319444446,"Actual"
"TAS",2024-04-03 00:00:00.000,77.072743055555534,1065.8700694444444,"Actual"
"TAS",2024-04-04 00:00:00.000,63.810312500000009,1124.4478819444444,"Actual"
"TAS",2024-04-05 00:00:00.000,59.76444444444445,1111.1541666666667,"Actual"
"TAS",2024-04-06 00:00:00.000,76.95538194444444,1040.828888888889,"Actual"
"TAS",2024-04-07 00:00:00.000,70.42138888888887,1107.5685069444444,"Actual"
"TAS",2024-04-08 00:00:00.000,67.156909722222281,1113.1310416666668,"Actual"
"TAS",2024-04-09 00:00:00.000,70.254722222222213,1098.0102083333334,"Actual"
"TAS",2024-04-10 00:00:00.000,76.90559027777779,986.71354166666663,"Actual"
"TAS",2024-04-11 00:00:00.000,104.23736111111111,1087.3374305555556,"Actual"
"TAS",2024-04-12 00:00:00.000,81.801840277778012,1102.6644791666668,"Actual"
"TAS",2024-04-13 00:00:00.000,54.111284722222223,1080.0140972222223,"Actual"
"TAS",2024-04-14 00:00:00.000,49.600868055555551,1091.3969444444444,"Actual"
"TAS",2024-04-15 00:00:00.000,58.544548611111111,1134.8608680555556,"Actual"
"TAS",2024-04-16 00:00:00.000,76.304409722222232,1180.729826388889,"Actual"
"TAS",2024-04-17 00:00:00.000,95.38677083333333,1151.2263541666666,"Actual"
"TAS",2024-04-18 00:00:00.000,87.026597222222136,1178.7236458333334,"Actual"
"TAS",2024-04-19 00:00:00.000,102.76152777777776,1171.561736111111,"Actual"
"TAS",2024-04-20 00:00:00.000,98.297291666666709,1100.2165277777779,"Actual"
"TAS",2024-04-21 00:00:00.000,90.778888888888929,1123.1234027777778,"Actual"
"TAS",2024-04-22 00:00:00.000,83.932743055555562,1191.5536805555555,"Actual"
"TAS",2024-04-23 00:00:00.000,54.035486111111219,1159.1226388888888,"Actual"
"TAS",2024-04-24 00:00:00.000,43.401284722222186,1064.0992708333333,"Actual"
"TAS",2024-04-25 00:00:00.000,66.008993055555521,1098.3470833333333,"Actual"
"TAS",2024-04-26 00:00:00.000,91.611909722222066,1156.0240972222223,"Actual"
"TAS",2024-04-27 00:00:00.000,70.000277777777882,1172.0552083333332,"Actual"
"TAS",2024-04-28 00:00:00.000,58.672465277777761,1175.3044791666666,"Actual"
"TAS",2024-04-29 00:00:00.000,77.988368055555554,1175.8417708333334,"Actual"
"TAS",2024-04-30 00:00:00.000,85.456631944444467,1246.6082291666667,"Actual"
"TAS",2024-05-01 00:00:00.000,95.055833333333339,1211.8773263888888,"Actual"
"TAS",2024-05-02 00:00:00.000,105.38201388888891,1299.0196875000001,"Actual"
"TAS",2024-05-03 00:00:00.000,136.10399305555555,1265.6429861111112,"Actual"
"TAS",2024-05-04 00:00:00.000,139.28458333333333,1222.8600347222223,"Actual"
"TAS",2024-05-05 00:00:00.000,99.623993055555417,1226.0047569444446,"Actual"
"TAS",2024-05-06 00:00:00.000,119.00256944444448,1248.0003472222222,"Actual"
"TAS",2024-05-07 00:00:00.000,171.25774305555555,1240.5954513888889,"Actual"
"TAS",2024-05-08 00:00:00.000,192.9353472222223,1182.847361111111,"Actual"
"TAS",2024-05-09 00:00:00.000,230.4684375,1210.3459722222221,"Actual"
"TAS",2024-05-10 00:00:00.000,193.85628472222223,1168.4849652777777,"Actual"
"TAS",2024-05-11 00:00:00.000,139.63284722222221,1116.6176041666668,"Actual"
"TAS",2024-05-12 00:00:00.000,135.5282986111111,1078.9139583333333,"Actual"
"TAS",2024-05-13 00:00:00.000,150.56197916666667,1189.5037847222222,"Actual"
"TAS",2024-05-14 00:00:00.000,167.42458333333332,1184.3962152777776,"Actual"
"TAS",2024-05-15 00:00:00.000,101.6255902777778,1136.7131944444445,"Actual"
"TAS",2024-05-16 00:00:00.000,116.76333333333335,1218.6098263888889,"Actual"
"TAS",2024-05-17 00:00:00.000,110.70479166666669,1195.7735069444445,"Actual"
"TAS",2024-05-18 00:00:00.000,105.19225694444444,1267.4415972222223,"Actual"
"TAS",2024-05-19 00:00:00.000,99.305833333333339,1165.8466666666666,"Actual"
"TAS",2024-05-20 00:00:00.000,180.8518402777778,1328.7830208333332,"Actual"
"TAS",2024-05-21 00:00:00.000,195.7249305555556,1334.2918055555556,"Actual"
"TAS",2024-05-22 00:00:00.000,177.38152777777776,1282.1722569444444,"Actual"
"TAS",2024-05-23 00:00:00.000,213.20371527777777,1306.9905555555556,"Actual"
"TAS",2024-05-24 00:00:00.000,214.04888888888891,1295.6085763888889,"Actual"
"TAS",2024-05-25 00:00:00.000,186.17371527777777,1232.6019791666668,"Actual"
"TAS",2024-05-26 00:00:00.000,163.58920138888888,1251.7944097222221,"Actual"
"TAS",2024-05-27 00:00:00.000,119.7716666666666,1207.6399652777777,"Actual"
"TAS",2024-05-28 00:00:00.000,136.37930555555556,1198.4544097222224,"Actual"
"TAS",2024-05-29 00:00:00.000,65.3326041666667,1146.7078125,"Actual"
"TAS",2024-05-30 00:00:00.000,43.922812499999942,1129.1752083333333,"Actual"
"TAS",2024-05-31 00:00:00.000,65.776284722222229,1166.5732986111111,"Actual"
"TAS",2024-06-01 00:00:00.000,170.37024305555553,1222.9077777777779,"Actual"
"TAS",2024-06-02 00:00:00.000,151.90857638888889,1300.1803125,"Actual"
"TAS",2024-06-03 00:00:00.000,178.17520833333333,1305.5057986111112,"Actual"
"TAS",2024-06-04 00:00:00.000,127.32684027777779,1228.2223958333334,"Actual"
"TAS",2024-06-05 00:00:00.000,156.67864583333335,1219.6739583333333,"Actual"
"TAS",2024-06-06 00:00:00.000,140.18454861111113,1272.1130208333332,"Actual"
"TAS",2024-06-07 00:00:00.000,119.86118055555559,1293.1817013888888,"Actual"
"TAS",2024-06-08 00:00:00.000,120.90881944444446,1273.9221527777777,"Actual"
"TAS",2024-06-09 00:00:00.000,135.8859375,1234.5038888888889,"Actual"
"TAS",2024-06-10 00:00:00.000,110.53118055555555,1293.6190625,"Actual"
"TAS",2024-06-11 00:00:00.000,78.74215277777779,1285.9606944444445,"Actual"
"TAS",2024-06-12 00:00:00.000,99.69715277777776,1281.395,"Actual"
"TAS",2024-06-13 00:00:00.000,274.79878472222225,1370.5161111111111,"Actual"
"TAS",2024-06-14 00:00:00.000,333.7753125000001,1325.6511805555556,"Actual"
"TAS",2024-06-15 00:00:00.000,134.88194444444443,1289.4642013888888,"Actual"
"TAS",2024-06-16 00:00:00.000,112.82180555555557,1279.8853819444444,"Actual"
"TAS",2024-06-17 00:00:00.000,201.91819444444442,1356.6911458333334,"Actual"
"TAS",2024-06-18 00:00:00.000,243.4029166666667,1381.1780902777778,"Actual"
"TAS",2024-06-19 00:00:00.000,266.90447916666665,1398.1846180555556,"Actual"
"TAS",2024-06-20 00:00:00.000,317.60229166666664,1401.667326388889,"Actual"
"TAS",2024-06-21 00:00:00.000,287.9344097222222,1359.4687847222222,"Actual"
"TAS",2024-06-22 00:00:00.000,275.91677083333332,1302.7141319444445,"Actual"
"TAS",2024-06-23 00:00:00.000,251.61399305555554,1313.0494097222222,"Actual"
"TAS",2024-06-24 00:00:00.000,188.49465277777776,1355.8227777777779,"Actual"
"TAS",2024-06-25 00:00:00.000,270.398888888889,1345.5491319444445,"Actual"
"TAS",2024-06-26 00:00:00.000,117.94260416666668,1304.4460763888887,"Actual"
"TAS",2024-06-27 00:00:00.000,148.51524305555557,1236.6311805555556,"Actual"
"TAS",2024-06-28 00:00:00.000,79.086145833333347,1304.4023263888889,"Actual"
"TAS",2024-06-29 00:00:00.000,101.15399305555559,1187.4094444444445,"Actual"
"TAS",2024-06-30 00:00:00.000,149.66815972222227,1328.0733680555554,"Actual"
"TAS",2024-07-01 00:00:00.000,289.35829861111114,1440.742951388889,"Actual"
"TAS",2024-07-02 00:00:00.000,278.2878125,1490.9394791666666,"Actual"
"TAS",2024-07-03 00:00:00.000,253.18559027777778,1472.3806597222224,"Actual"
"TAS",2024-07-04 00:00:00.000,245.91618055555568,1475.1138888888891,"Actual"
"TAS",2024-07-05 00:00:00.000,241.50368055555555,1476.3104513888889,"Actual"
"TAS",2024-07-06 00:00:00.000,209.61697916666671,1388.4244097222222,"Actual"
"TAS",2024-07-07 00:00:00.000,175.56631944444445,1380.2434375,"Actual"
"TAS",2024-07-08 00:00:00.000,222.23645833333333,1377.0089236111112,"Actual"
"TAS",2024-07-09 00:00:00.000,239.28142361111111,1358.7867013888888,"Actual"
"TAS",2024-07-10 00:00:00.000,253.12892361111113,1277.6767013888889,"Actual"
"TAS",2024-07-11 00:00:00.000,199.10604166666667,1318.2037152777777,"Actual"
"TAS",2024-07-12 00:00:00.000,247.33204861111108,1254.6330555555555,"Actual"
"TAS",2024-07-13 00:00:00.000,209.84256944444445,1251.9651041666666,"Actual"
"TAS",2024-07-14 00:00:00.000,183.52062500000002,1273.0216666666665,"Actual"
"TAS",2024-07-15 00:00:00.000,152.48753472222225,1321.9225694444444,"Actual"
"TAS",2024-07-16 00:00:00.000,137.02003472222228,1323.3858680555556,"Actual"
"TAS",2024-07-17 00:00:00.000,151.10822916666666,1290.1071875,"Actual"
"TAS",2024-07-18 00:00:00.000,159.65802083333335,1338.6027430555555,"Actual"
"TAS",2024-07-19 00:00:00.000,91.892812499999991,1388.857951388889,"Actual"
"TAS",2024-07-20 00:00:00.000,55.637187499999996,1257.7966666666666,"Actual"
"TAS",2024-07-21 00:00:00.000,56.611666666666657,1312.3522222222223,"Actual"
"TAS",2024-07-22 00:00:00.000,57.9184027777778,1265.8670486111112,"Actual"
"TAS",2024-07-23 00:00:00.000,37.248298611111125,1233.8129166666668,"Actual"
"TAS",2024-07-24 00:00:00.000,35.473020833333344,1200.0497569444444,"Actual"
"TAS",2024-07-25 00:00:00.000,111.8339236111112,1249.4571180555556,"Actual"
"TAS",2024-07-26 00:00:00.000,89.504791666666648,1255.3936458333335,"Actual"
"TAS",2024-07-27 00:00:00.000,142.4753472222223,1295.1855208333334,"Actual"
"TAS",2024-07-28 00:00:00.000,163.85156249999997,1351.3190972222221,"Actual"
"TAS",2024-07-29 00:00:00.000,320.19388888888881,1429.7465625,"Actual"
"TAS",2024-07-30 00:00:00.000,311.06548611111111,1426.9901388888889,"Actual"
"TAS",2024-07-31 00:00:00.000,281.99854166666665,1431.2163541666666,"Actual"
"TAS",2024-08-01 00:00:00.000,209.23444444444442,1365.7460069444444,"Actual"
"TAS",2024-08-02 00:00:00.000,124.00444444444416,1299.5109722222223,"Actual"
"TAS",2024-08-03 00:00:00.000,209.44371527777787,1245.4062847222222,"Actual"
"TAS",2024-08-04 00:00:00.000,219.36527777777778,1228.8891319444444,"Actual"
"TAS",2024-08-05 00:00:00.000,943.34930555555525,1276.2405555555556,"Actual"
"TAS",2024-08-06 00:00:00.000,142.74104166666669,1255.2097916666667,"Actual"
"TAS",2024-08-07 00:00:00.000,142.9167013888889,1236.220625,"Actual"
"TAS",2024-08-08 00:00:00.000,87.90003472222223,1233.9728819444445,"Actual"
"TAS",2024-08-09 00:00:00.000,162.7412152777778,1179.5169097222222,"Actual"
"TAS",2024-08-10 00:00:00.000,161.10375000000002,1178.8230208333334,"Actual"
"TAS",2024-08-11 00:00:00.000,166.11305555555555,1228.9410416666667,"Actual"
"TAS",2024-08-12 00:00:00.000,118.96868055555552,1282.6998263888891,"Actual"
"TAS",2024-08-13 00:00:00.000,101.554375,1207.2531597222221,"Actual"
"TAS",2024-08-14 00:00:00.000,132.56493055555555,1223.4210416666665,"Actual"
"TAS",2024-08-15 00:00:00.000,99.59802083333328,1246.6578472222222,"Actual"
"TAS",2024-08-16 00:00:00.000,126.38211805555555,1256.0295833333334,"Actual"
"TAS",2024-08-17 00:00:00.000,139.50104166666665,1242.9915277777777,"Actual"
"TAS",2024-08-18 00:00:00.000,179.35156250000006,1266.3492013888888,"Actual"
"TAS",2024-08-19 00:00:00.000,142.02736111111113,1371.3710763888889,"Actual"
"TAS",2024-08-20 00:00:00.000,149.20465277777777,1315.3737152777778,"Actual"
"TAS",2024-08-21 00:00:00.000,89.608541666666639,1187.7112152777777,"Actual"
"TAS",2024-08-22 00:00:00.000,62.737708333333337,1200.76,"Actual"
"TAS",2024-08-23 00:00:00.000,20.75819444444442,1191.0998263888889,"Actual"
"TAS",2024-08-24 00:00:00.000,19.686006944444436,1225.3255208333333,"Actual"
"TAS",2024-08-25 00:00:00.000,4.6770833333333481,1147.6908333333333,"Actual"
"TAS",2024-08-26 00:00:00.000,17.151701388888892,1146.8067708333333,"Actual"
"TAS",2024-08-27 00:00:00.000,4.4370138888888926,1180.6783333333333,"Actual"
"TAS",2024-08-28 00:00:00.000,11.991840277777769,1288.2506597222223,"Actual"
"TAS",2024-08-29 00:00:00.000,5.467187499999997,1233.5098958333333,"Actual"
"TAS",2024-08-30 00:00:00.000,0.21388888888888874,1236.0955902777778,"Actual"
"TAS",2024-08-31 00:00:00.000,-4.6207638888888685,1273.8525347222223,"Actual"
"TAS",2024-09-01 00:00:00.000,-11.475520833333311,1229.6547916666666,"Actual"
"TAS",2024-09-02 00:00:00.000,4.3646874999999827,1236.7722569444443,"Actual"
"TAS",2024-09-03 00:00:00.000,65.9432638888889,1199.6140277777777,"Actual"
"TAS",2024-09-04 00:00:00.000,-5.9562500000000007,1217.1038541666667,"Actual"
"TAS",2024-09-05 00:00:00.000,13.457118055555551,1172.7665277777778,"Actual"
"TAS",2024-09-06 00:00:00.000,21.562013888888895,1145.6857291666668,"Actual"
"TAS",2024-09-07 00:00:00.000,33.632534722222232,1149.6838194444445,"Actual"
"TAS",2024-09-08 00:00:00.000,-1.4445486111111272,1118.0817013888889,"Actual"
"TAS",2024-09-09 00:00:00.000,11.418506944444433,1126.8781597222223,"Actual"
"TAS",2024-09-10 00:00:00.000,21.449861111111112,1109.7265625,"Actual"
"TAS",2024-09-11 00:00:00.000,24.722743055555554,1094.5012847222222,"Actual"
"TAS",2024-09-12 00:00:00.000,32.736354166666658,1114.4351388888888,"Actual"
"TAS",2024-09-13 00:00:00.000,37.344826388888912,1126.1911111111112,"Actual"
"TAS",2024-09-14 00:00:00.000,21.836111111111116,1199.610625,"Actual"
"TAS",2024-09-15 00:00:00.000,13.870381944444434,1197.4756944444446,"Actual"
"TAS",2024-09-16 00:00:00.000,34.92468749999999,1150.9596875,"Actual"
"TAS",2024-09-17 00:00:00.000,30.47374999999991,1158.2442708333333,"Actual"
"TAS",2024-09-18 00:00:00.000,14.754131944444445,1156.7779166666667,"Actual"
"TAS",2024-09-19 00:00:00.000,4.0325347222222216,1166.85625,"Actual"
"TAS",2024-09-20 00:00:00.000,8.813923611111111,1192.8191666666667,"Actual"
"TAS",2024-09-21 00:00:00.000,3.1643402777777894,1158.0264930555554,"Actual"
"TAS",2024-09-22 00:00:00.000,12.751076388888889,1097.5313541666667,"Actual"
"TAS",2024-09-23 00:00:00.000,43.827743055555565,1128.259375,"Actual"
"TAS",2024-09-24 00:00:00.000,69.772326388888871,1243.0338541666667,"Actual"
"TAS",2024-09-25 00:00:00.000,70.903298611111111,1116.5780555555555,"Actual"
"TAS",2024-09-26 00:00:00.000,34.5754861111111,1105.096875,"Actual"
"TAS",2024-09-27 00:00:00.000,47.037916666666668,1065.9031944444446,"Actual"
"TAS",2024-09-28 00:00:00.000,-3.2393402777777762,940.79989583333327,"Actual"
"TAS",2024-09-29 00:00:00.000,9.0405555555555761,992.9965625,"Actual"
"TAS",2024-09-30 00:00:00.000,11.030486111111113,1016.6746874999999,"Actual"
"TAS",2024-10-01 00:00:00.000,34.474930555555531,1031.3009722222223,"Actual"
"TAS",2024-10-02 00:00:00.000,54.499826388888934,1072.3518402777777,"Actual"
"TAS",2024-10-03 00:00:00.000,12.015763888888984,946.51274305555557,"Actual"
"TAS",2024-10-04 00:00:00.000,19.937881944444456,1024.51625,"Actual"
"TAS",2024-10-05 00:00:00.000,8.1048611111111182,1007.9781944444444,"Actual"
"TAS",2024-10-06 00:00:00.000,-0.61517361111110969,985.1572569444445,"Actual"
"TAS",2024-10-07 00:00:00.000,19.379340277777775,1072.3206944444444,"Actual"
"TAS",2024-10-08 00:00:00.000,53.512083333333351,1169.9502430555556,"Actual"
"TAS",2024-10-09 00:00:00.000,45.998090277777777,1137.4939583333332,"Actual"
"TAS",2024-10-10 00:00:00.000,6.3036805555555517,1080.3079513888888,"Actual"
"TAS",2024-10-11 00:00:00.000,15.042812499999998,1096.839375,"Actual"
"TAS",2024-10-12 00:00:00.000,25.923506944444394,1099.9082986111111,"Actual"
"TAS",2024-10-13 00:00:00.000,46.674930555555548,1078.0389236111112,"Actual"
"TAS",2024-10-14 00:00:00.000,21.909479166666685,1116.6628819444443,"Actual"
"TAS",2024-10-15 00:00:00.000,8.9302083333333329,1072.3477083333332,"Actual"
"TAS",2024-10-16 00:00:00.000,44.069756944444464,1025.5671875,"Actual"
"TAS",2024-10-17 00:00:00.000,38.893124999999962,982.47090277777784,"Actual"
"TAS",2024-10-18 00:00:00.000,36.066979166666677,1111.964548611111,"Actual"
"TAS",2024-10-19 00:00:00.000,34.408402777777773,938.9321875,"Actual"
"TAS",2024-10-20 00:00:00.000,100.19802083333333,1005.0252430555556,"Actual"
"TAS",2024-10-21 00:00:00.000,70.808125000000018,997.21003472222219,"Actual"
"TAS",2024-10-22 00:00:00.000,59.922812500000006,1001.4691666666666,"Actual"
"TAS",2024-10-23 00:00:00.000,120.80392361111134,1082.1732638888889,"Actual"
"TAS",2024-10-24 00:00:00.000,38.275972222222222,1067.4615625,"Actual"
"TAS",2024-10-25 00:00:00.000,70.6867013888889,1162.7354166666669,"Actual"
"TAS",2024-10-26 00:00:00.000,60.286631944444338,1119.5622569444445,"Actual"
"TAS",2024-10-27 00:00:00.000,45.61829861111103,1079.7631597222223,"Actual"
"TAS",2024-10-28 00:00:00.000,95.553333333333327,1087.608125,"Actual"
"TAS",2024-10-29 00:00:00.000,118.99392361111111,1062.804375,"Actual"
"TAS",2024-10-30 00:00:00.000,115.16409722222222,1103.3388541666668,"Actual"
"TAS",2024-10-31 00:00:00.000,121.47913194444445,1073.2601736111112,"Actual"
"TAS",2024-11-01 00:00:00.000,114.99163194444445,1084.2552430555556,"Actual"
"TAS",2024-11-02 00:00:00.000,45.198611111111262,1071.9540972222221,"Actual"
"TAS",2024-11-03 00:00:00.000,38.569722222222225,1045.4153819444443,"Actual"
"TAS",2024-11-04 00:00:00.000,70.711041666666659,1081.0818749999999,"Actual"
"TAS",2024-11-05 00:00:00.000,108.88131944444444,1075.3737847222221,"Actual"
"TAS",2024-11-06 00:00:00.000,39.669513888888915,1022.2386805555556,"Actual"
"TAS",2024-11-07 00:00:00.000,84.428576388888871,1061.0954513888889,"Actual"
"TAS",2024-11-08 00:00:00.000,28.122951388888879,1036.0118402777778,"Actual"
"TAS",2024-11-09 00:00:00.000,83.267083333333375,1102.079548611111,"Actual"
"TAS",2024-11-10 00:00:00.000,72.274305555555529,1027.3678819444444,"Actual"
"TAS",2024-11-11 00:00:00.000,126.21927083333333,1079.7908333333335,"Actual"
"TAS",2024-11-12 00:00:00.000,134.51420138888889,1046.0070833333334,"Actual"
"TAS",2024-11-13 00:00:00.000,100.06829861111132,1087.3221875,"Actual"
"TAS",2024-11-14 00:00:00.000,103.47249999999998,1094.408263888889,"Actual"
"TAS",2024-11-15 00:00:00.000,85.624027777777727,1124.92,"Actual"
"TAS",2024-11-16 00:00:00.000,46.795555555555509,1040.2266319444445,"Actual"
"TAS",2024-11-17 00:00:00.000,29.187708333333333,1075.2454861111112,"Actual"
"TAS",2024-11-18 00:00:00.000,34.734687499999964,1097.5025347222222,"Actual"
"TAS",2024-11-19 00:00:00.000,95.628506944444666,1149.0752430555556,"Actual"
"TAS",2024-11-20 00:00:00.000,97.295694444444479,1135.6215277777778,"Actual"
"TAS",2024-11-21 00:00:00.000,131.78635416666668,1032.878611111111,"Actual"
"TAS",2024-11-22 00:00:00.000,146.97798611111116,1102.1935069444444,"Actual"
"TAS",2024-11-23 00:00:00.000,128.22666666666666,1110.1056944444445,"Actual"
"TAS",2024-11-24 00:00:00.000,141.473125,1075.6055902777778,"Actual"
"TAS",2024-11-25 00:00:00.000,164.76180555555555,1162.5844097222223,"Actual"
"TAS",2024-11-26 00:00:00.000,141.84697916666667,1126.6804861111111,"Actual"
"TAS",2024-11-27 00:00:00.000,120.43798611111112,1093.2368055555555,"Actual"
"TAS",2024-11-28 00:00:00.000,107.20909722222221,1120.5825,"Actual"
"TAS",2024-11-29 00:00:00.000,121.48583333333332,1026.6075347222222,"Actual"
"TAS",2024-11-30 00:00:00.000,131.88881944444444,987.87833333333333,"Actual"
"TAS",2024-12-01 00:00:00.000,53.596666666666742,931.84732638888886,"Actual"
"TAS",2024-12-02 00:00:00.000,83.183680555555526,1003.5505902777778,"Actual"
"TAS",2024-12-03 00:00:00.000,175.72510416666654,1004.372951388889,"Actual"
"TAS",2024-12-04 00:00:00.000,108.48902777777776,946.58833333333337,"Actual"
"TAS",2024-12-05 00:00:00.000,111.08038194444445,966.13711805555556,"Actual"
"TAS",2024-12-06 00:00:00.000,121.42649305555555,1021.5060069444445,"Actual"
"TAS",2024-12-07 00:00:00.000,41.095381944444313,967.84319444444441,"Actual"
"TAS",2024-12-08 00:00:00.000,18.331840277777793,961.16180555555559,"Actual"
"TAS",2024-12-09 00:00:00.000,101.43013888888883,1027.8923958333332,"Actual"
"TAS",2024-12-10 00:00:00.000,87.988194444444474,1028.1036111111111,"Actual"
"TAS",2024-12-11 00:00:00.000,64.266701388888961,961.8940625,"Actual"
"TAS",2024-12-12 00:00:00.000,83.346909722222236,966.36114583333335,"Actual"
"TAS",2024-12-13 00:00:00.000,98.973506944444367,961.4084375,"Actual"
"TAS",2024-12-14 00:00:00.000,123.70097222222235,997.22746527777781,"Actual"
"TAS",2024-12-15 00:00:00.000,134.58482638888898,976.95197916666666,"Actual"
"TAS",2024-12-16 00:00:00.000,86.011527777777758,971.308125,"Actual"
"TAS",2024-12-17 00:00:00.000,61.005138888888965,946.08819444444441,"Actual"
"TAS",2024-12-18 00:00:00.000,90.392152777777781,955.27517361111109,"Actual"
"TAS",2024-12-19 00:00:00.000,80.282743055555557,929.90892361111116,"Actual"
"TAS",2024-12-20 00:00:00.000,71.114548611111076,928.55125,"Actual"
"TAS",2024-12-21 00:00:00.000,66.7459375,938.98361111111114,"Actual"
"TAS",2024-12-22 00:00:00.000,62.910972222222235,964.50847222222217,"Actual"
"TAS",2024-12-23 00:00:00.000,3.616076388888807,969.68361111111108,"Actual"
"TAS",2024-12-24 00:00:00.000,35.661111111111126,1010.2730555555555,"Actual"
"TAS",2024-12-25 00:00:00.000,55.463819444444411,919.194548611111,"Actual"
"TAS",2024-12-26 00:00:00.000,19.73833333333333,891.85739583333338,"Actual"
"TAS",2024-12-27 00:00:00.000,17.124305555555555,961.53298611111109,"Actual"
"TAS",2024-12-28 00:00:00.000,51.649618055555557,1009.3317013888889,"Actual"
"TAS",2024-12-29 00:00:00.000,39.157361111111136,1013.1459375,"Actual"
"TAS",2024-12-30 00:00:00.000,102.11802083333338,1061.7589236111112,"Actual"
"TAS",2024-12-31 00:00:00.000,109.01624999999999,1012.1838194444445,"Actual"
"TAS",2025-01-01 00:00:00.000,39.231249999999946,999.77625,"Actual"
"TAS",2025-01-02 00:00:00.000,117.83604166666655,1004.6503472222222,"Actual"
"TAS",2025-01-03 00:00:00.000,122.8626388888889,996.9143402777778,"Actual"
"TAS",2025-01-04 00:00:00.000,100.33961805555555,982.30902777777771,"Actual"
"TAS",2025-01-05 00:00:00.000,112.65895833333333,1031.4639583333333,"Actual"
"TAS",2025-01-06 00:00:00.000,94.3367708333333,987.76913194444444,"Actual"
"TAS",2025-01-07 00:00:00.000,137.22989583333336,968.77170138888891,"Actual"
"TAS",2025-01-08 00:00:00.000,127.52576388888889,913.43045138888886,"Actual"
"TAS",2025-01-09 00:00:00.000,115.35604166666667,937.57118055555554,"Actual"
"TAS",2025-01-10 00:00:00.000,128.98684027777779,955.3991666666667,"Actual"
"TAS",2025-01-11 00:00:00.000,119.29656250000001,911.58114583333338,"Actual"
"TAS",2025-01-12 00:00:00.000,130.0615625,950.22666666666669,"Actual"
"TAS",2025-01-13 00:00:00.000,135.74996527777776,979.96340277777779,"Actual"
"TAS",2025-01-14 00:00:00.000,146.0676736111111,998.57607638888885,"Actual"
"TAS",2025-01-15 00:00:00.000,90.279930555555552,957.34479166666665,"Actual"
"TAS",2025-01-16 00:00:00.000,128.02128472222222,953.83361111111117,"Actual"
"TAS",2025-01-17 00:00:00.000,101.69975694444443,946.06642361111108,"Actual"
"TAS",2025-01-18 00:00:00.000,119.81131944444445,889.8721875,"Actual"
"TAS",2025-01-19 00:00:00.000,121.82618055555555,885.36788194444443,"Actual"
"TAS",2025-01-20 00:00:00.000,155.59010416666666,993.34326388888894,"Actual"
"TAS",2025-01-21 00:00:00.000,148.33979166666668,1032.5341319444444,"Actual"
"TAS",2025-01-22 00:00:00.000,114.7885763888889,912.99163194444441,"Actual"
"TAS",2025-01-23 00:00:00.000,134.11350694444442,1027.6769097222223,"Actual"
"TAS",2025-01-24 00:00:00.000,66.883888888888947,968.19350694444449,"Actual"
"TAS",2025-01-25 00:00:00.000,123.47899305555555,959.9007986111111,"Actual"
"TAS",2025-01-26 00:00:00.000,118.11368055555555,915.85604166666667,"Actual"
"TAS",2025-01-27 00:00:00.000,47.894826388888752,946.83305555555557,"Actual"
"TAS",2025-01-28 00:00:00.000,52.273125000000348,973.86461805555552,"Actual"
"TAS",2025-01-29 00:00:00.000,122.59454861111112,1016.5131597222222,"Actual"
"TAS",2025-01-30 00:00:00.000,121.2271875,1005.2082986111111,"Actual"
"TAS",2025-01-31 00:00:00.000,128.15083333333334,1013.0323958333333,"Actual"
"TAS",2025-02-01 00:00:00.000,149.0613888888889,954.6986805555556,"Actual"
"TAS",2025-02-02 00:00:00.000,137.79423611111113,938.66756944444444,"Actual"
"TAS",2025-02-03 00:00:00.000,178.13579861111111,1015.6780208333332,"Actual"
"TAS",2025-02-04 00:00:00.000,120.24427083333333,1023.1075694444445,"Actual"
"TAS",2025-02-05 00:00:00.000,130.079375,995.38701388888887,"Actual"
"TAS",2025-02-06 00:00:00.000,164.91395833333334,986.18100694444445,"Actual"
"TAS",2025-02-07 00:00:00.000,138.77166666666662,1005.9177430555555,"Actual"
"TAS",2025-02-08 00:00:00.000,120.67590277777778,1015.1750694444445,"Actual"
"TAS",2025-02-09 00:00:00.000,120.29350694444445,971.7528125,"Actual"
"TAS",2025-02-10 00:00:00.000,120.99638888888889,998.1973958333333,"Actual"
"TAS",2025-02-11 00:00:00.000,137.06986111111112,993.0403125,"Actual"
"TAS",2025-02-12 00:00:00.000,141.28916666666663,949.875,"Actual"
"TAS",2025-02-13 00:00:00.000,101.44649305555552,953.86326388888892,"Actual"
"TAS",2025-02-14 00:00:00.000,111.55625000000006,945.14173611111107,"Actual"
"TAS",2025-02-15 00:00:00.000,99.422083333333333,910.2197569444445,"Actual"
"TAS",2025-02-16 00:00:00.000,107.84184027777782,942.84177083333327,"Actual"
"TAS",2025-02-17 00:00:00.000,124.17253472222221,992.70631944444449,"Actual"
"TAS",2025-02-18 00:00:00.000,97.203611111111087,913.89069444444442,"Actual"
"TAS",2025-02-19 00:00:00.000,109.62586805555556,929.4126041666666,"Actual"
"TAS",2025-02-20 00:00:00.000,130.42361111111114,1030.2408680555554,"Actual"
"TAS",2025-02-21 00:00:00.000,132.59874999999997,1039.0628472222222,"Actual"
"TAS",2025-02-22 00:00:00.000,93.428506944444422,950.64465277777776,"Actual"
"TAS",2025-02-23 00:00:00.000,82.879722222222171,978.05138888888882,"Actual"
"TAS",2025-02-24 00:00:00.000,81.673437499999991,1019.8215277777778,"Actual"
"TAS",2025-02-25 00:00:00.000,115.36611111111111,1064.248576388889,"Actual"
"TAS",2025-02-26 00:00:00.000,117.15916666666669,1036.6313541666666,"Actual"
"TAS",2025-02-27 00:00:00.000,135.41079861111109,1102.3515625,"Actual"
"TAS",2025-02-28 00:00:00.000,107.78739583333331,1034.1181944444445,"Actual"
"TAS",2025-03-01 00:00:00.000,98.035798611111034,1006.0620486111111,"Actual"
"TAS",2025-03-02 00:00:00.000,91.130763888888865,1011.0751736111112,"Actual"
"TAS",2025-03-03 00:00:00.000,129.78583333333333,1057.309826388889,"Actual"
"TAS",2025-03-04 00:00:00.000,101.93184027777768,1055.4743055555555,"Actual"
"TAS",2025-03-05 00:00:00.000,88.365451388888943,1023.7281597222222,"Actual"
"TAS",2025-03-06 00:00:00.000,49.01951388888935,1090.308125,"Actual"
"TAS",2025-03-07 00:00:00.000,117.9559722222221,1081.5330555555556,"Actual"
"TAS",2025-03-08 00:00:00.000,102.2042361111111,1007.1264236111111,"Actual"
"TAS",2025-03-09 00:00:00.000,111.71937500000001,1016.653576388889,"Actual"
"TAS",2025-03-10 00:00:00.000,119.81475694444444,1071.4755555555555,"Actual"
"TAS",2025-03-11 00:00:00.000,111.73024305555555,966.4259375,"Actual"
"TAS",2025-03-12 00:00:00.000,118.53392361111111,1011.7227430555556,"Actual"
"TAS",2025-03-13 00:00:00.000,119.8960763888889,1051.4176736111112,"Actual"
"TAS",2025-03-14 00:00:00.000,119.17555555555553,1032.3173263888889,"Actual"
"TAS",2025-03-15 00:00:00.000,112.58184027777779,1056.6794791666666,"Actual"
"TAS",2025-03-16 00:00:00.000,47.954722222222415,969.3084375,"Actual"
"TAS",2025-03-17 00:00:00.000,96.839444444444467,1052.1505555555555,"Actual"
"TAS",2025-03-18 00:00:00.000,109.78461805555555,1089.469513888889,"Actual"
"TAS",2025-03-19 00:00:00.000,112.93645833333331,1048.2505555555556,"Actual"
"TAS",2025-03-20 00:00:00.000,96.511874999999947,1090.7404861111113,"Actual"
"TAS",2025-03-21 00:00:00.000,123.3248611111111,1081.642638888889,"Actual"
"TAS",2025-03-22 00:00:00.000,94.807569444444525,1058.9462847222221,"Actual"
"TAS",2025-03-23 00:00:00.000,114.23809027777777,1074.9196875,"Actual"
"TAS",2025-03-24 00:00:00.000,99.130937499999987,1070.5084027777777,"Actual"
"TAS",2025-03-25 00:00:00.000,109.4296875,1005.7779513888889,"Actual"
"TAS",2025-03-26 00:00:00.000,112.70819444444444,915.69118055555555,"Actual"
"TAS",2025-03-27 00:00:00.000,78.799305555555549,966.45465277777782,"Actual"
"TAS",2025-03-28 00:00:00.000,121.62381944444445,967.4009375,"Actual"
"TAS",2025-03-29 00:00:00.000,104.79722222222223,964.40163194444438,"Actual"
"TAS",2025-03-30 00:00:00.000,44.000000000000021,1034.4510416666667,"Actual"
"TAS",2025-03-31 00:00:00.000,42.821215277777775,1071.3011458333333,"Actual"
"TAS",2025-04-01 00:00:00.000,102.35690972222218,1120.2895138888889,"Actual"
"TAS",2025-04-02 00:00:00.000,118.08767361111111,1108.2992708333334,"Actual"
"TAS",2025-04-03 00:00:00.000,100.50843749999999,1113.5259722222222,"Actual"
"TAS",2025-04-04 00:00:00.000,108.19493055555557,1089.1737152777778,"Actual"
"TAS",2025-04-05 00:00:00.000,80.319791666666717,1070.4991319444443,"Actual"
"TAS",2025-04-06 00:00:00.000,87.708124999999967,1079.1821527777779,"Actual"
"TAS",2025-04-07 00:00:00.000,114.74715277777777,1134.2687847222221,"Actual"
"TAS",2025-04-08 00:00:00.000,150.6184375,1115.9275347222222,"Actual"
"TAS",2025-04-09 00:00:00.000,139.62024305555556,1119.9133333333334,"Actual"
"TAS",2025-04-10 00:00:00.000,102.86788194444445,1104.8846527777778,"Actual"
"TAS",2025-04-11 00:00:00.000,115.224375,1061.5655208333333,"Actual"
"TAS",2025-04-12 00:00:00.000,101.06229166666654,1066.1219791666667,"Actual"
"TAS",2025-04-13 00:00:00.000,69.498611111110989,1049.5520486111111,"Actual"
"TAS",2025-04-14 00:00:00.000,105.6542708333333,1088.2163541666666,"Actual"
"TAS",2025-04-15 00:00:00.000,110.04531249999998,1078.614236111111,"Actual"
"TAS",2025-04-16 00:00:00.000,120.91131944444442,1010.1944444444445,"Actual"
"TAS",2025-04-17 00:00:00.000,117.23798611111108,1033.8744444444444,"Actual"
"TAS",2025-04-18 00:00:00.000,86.082291666666734,1011.9692708333333,"Actual"
"TAS",2025-04-19 00:00:00.000,68.445451388888955,1023.4293055555556,"Actual"
"TAS",2025-04-20 00:00:00.000,50.998124999999973,1039.5045486111112,"Actual"
"TAS",2025-04-21 00:00:00.000,66.396701388888886,1007.2623611111111,"Actual"
"TAS",2025-04-22 00:00:00.000,78.516562500000077,1087.3394097222224,"Actual"
"TAS",2025-04-23 00:00:00.000,78.403472222222192,1058.4139930555555,"Actual"
"TAS",2025-04-24 00:00:00.000,83.775381944444376,996.19416666666666,"Actual"
"TAS",2025-04-25 00:00:00.000,104.72881944444441,996.09708333333333,"Actual"
"TAS",2025-04-26 00:00:00.000,114.94937499999996,1028.6405208333333,"Actual"
"TAS",2025-04-27 00:00:00.000,116.09659722222224,1018.3301388888889,"Actual"
"TAS",2025-04-28 00:00:00.000,121.23048611111112,1106.68375,"Actual"
"TAS",2025-04-29 00:00:00.000,105.66475694444448,1127.7978819444445,"Actual"
"TAS",2025-04-30 00:00:00.000,95.795173611111181,1125.862048611111,"Actual"
"TAS",2025-05-01 00:00:00.000,112.23704861111111,1183.82125,"Actual"
"TAS",2025-05-02 00:00:00.000,121.50260416666666,1200.1319791666667,"Actual"
"TAS",2025-05-03 00:00:00.000,50.021770833333576,1103.3015972222222,"Actual"
"TAS",2025-05-04 00:00:00.000,31.70236111111106,1048.936076388889,"Actual"
"TAS",2025-05-05 00:00:00.000,19.854930555555562,1050.2085416666666,"Actual"
"TAS",2025-05-06 00:00:00.000,25.046249999999993,1060.241423611111,"Actual"
"TAS",2025-05-07 00:00:00.000,39.488506944444424,1100.0271875,"Actual"
"TAS",2025-05-08 00:00:00.000,98.498715277777748,1129.2476736111112,"Actual"
"TAS",2025-05-09 00:00:00.000,118.82777777777781,1051.0354166666666,"Actual"
"TAS",2025-05-10 00:00:00.000,125.83256944444446,1049.4764236111112,"Actual"
"TAS",2025-05-11 00:00:00.000,105.51565972222244,1076.3814236111111,"Actual"
"TAS",2025-05-12 00:00:00.000,141.35215277777777,1080.1169097222223,"Actual"
"TAS",2025-05-13 00:00:00.000,136.76850694444445,1139.0014930555556,"Actual"
"TAS",2025-05-14 00:00:00.000,135.64388888888888,1072.5313541666667,"Actual"
"TAS",2025-05-15 00:00:00.000,147.03638888888887,1100.2767361111112,"Actual"
"TAS",2025-05-16 00:00:00.000,151.1903125,1103.1163541666667,"Actual"
"TAS",2025-05-17 00:00:00.000,130.08604166666663,1171.0909375,"Actual"
"TAS",2025-05-18 00:00:00.000,87.687499999999886,1233.9046875,"Actual"
"TAS",2025-05-19 00:00:00.000,127.09833333333336,1249.8680555555554,"Actual"
"TAS",2025-05-20 00:00:00.000,130.9341319444444,1286.387951388889,"Actual"
"TAS",2025-05-21 00:00:00.000,185.46090277777793,1269.262673611111,"Actual"
"TAS",2025-05-22 00:00:00.000,152.11958333333334,1264.1878819444444,"Actual"
"TAS",2025-05-23 00:00:00.000,141.00999999999996,1113.4022916666668,"Actual"
"TAS",2025-05-24 00:00:00.000,41.323854166666322,1092.2562847222223,"Actual"
"TAS",2025-05-25 00:00:00.000,58.085937500000014,1098.6791319444446,"Actual"
"TAS",2025-05-26 00:00:00.000,41.671493055555509,1187.8581597222221,"Actual"
"TAS",2025-05-27 00:00:00.000,62.710729166666617,1190.7745833333333,"Actual"
"TAS",2025-05-28 00:00:00.000,90.5064583333333,1093.8302430555555,"Actual"
"TAS",2025-05-29 00:00:00.000,116.96138888888889,1174.0263541666666,"Actual"
"TAS",2025-05-30 00:00:00.000,136.10642361111118,1129.1865277777779,"Actual"
"TAS",2025-05-31 00:00:00.000,142.69482638888888,1195.1414583333333,"Actual"
"TAS",2025-06-01 00:00:00.000,105.32500000000006,1217.3227430555555,"Actual"
"TAS",2025-06-02 00:00:00.000,128.24333333333328,1193.0929513888889,"Actual"
"TAS",2025-06-03 00:00:00.000,134.26020833333328,1128.2960763888889,"Actual"
"TAS",2025-06-04 00:00:00.000,153.52020833333333,1289.774270833333,"Actual"
"TAS",2025-06-05 00:00:00.000,151.46149305555556,1282.3379861111111,"Actual"
"TAS",2025-06-06 00:00:00.000,112.95743055555553,1236.8982986111109,"Actual"
"TAS",2025-06-07 00:00:00.000,93.09204861111111,1207.315625,"Actual"
"TAS",2025-06-08 00:00:00.000,107.47114583333357,1176.5477777777778,"Actual"
"TAS",2025-06-09 00:00:00.000,133.99878472222221,1188.0784374999998,"Actual"
"TAS",2025-06-10 00:00:00.000,184.13121527777784,1241.9674305555554,"Actual"
"TAS",2025-06-11 00:00:00.000,469.97059027777783,1207.408125,"Actual"
"TAS",2025-06-12 00:00:00.000,1388.5419444444444,1258.2698611111111,"Actual"
"TAS",2025-06-13 00:00:00.000,222.55243055555545,1249.7582638888889,"Actual"
"TAS",2025-06-14 00:00:00.000,119.6728472222222,1221.0752430555556,"Actual"
"TAS",2025-06-15 00:00:00.000,148.11343750000003,1197.8488194444444,"Actual"
"TAS",2025-06-16 00:00:00.000,91.241875,1219.6835763888889,"Actual"
"TAS",2025-06-17 00:00:00.000,124.46145833333321,1217.0067708333333,"Actual"
"TAS",2025-06-18 00:00:00.000,168.34711805555557,1206.4386805555555,"Actual"
"TAS",2025-06-19 00:00:00.000,169.1683680555555,1225.3163541666668,"Actual"
"TAS",2025-06-20 00:00:00.000,149.94597222222222,1183.9018402777779,"Actual"
"TAS",2025-06-21 00:00:00.000,123.58104166666668,1142.7270138888889,"Actual"
"TAS",2025-06-22 00:00:00.000,83.875034722222225,1177.2967361111109,"Actual"
"TAS",2025-06-23 00:00:00.000,45.94895833333333,1175.7555208333333,"Actual"
"TAS",2025-06-24 00:00:00.000,60.746736111111069,1196.8292708333331,"Actual"
"TAS",2025-06-25 00:00:00.000,127.4881250000002,1201.4605555555556,"Actual"
"TAS",2025-06-26 00:00:00.000,914.548645833333,1231.6544444444444,"Actual"
"TAS",2025-06-27 00:00:00.000,258.91152777777774,1234.3334722222223,"Actual"
"TAS",2025-06-28 00:00:00.000,206.31750000000008,1176.1810069444446,"Actual"
"TAS",2025-06-29 00:00:00.000,200.34468749999996,1135.2165277777779,"Actual"
"TAS",2025-06-30 00:00:00.000,202.0625,1262.9007291666667,"Actual"
"TAS",2025-07-01 00:00:00.000,188.66736111111106,1345.2181249999999,"Actual"
"TAS",2025-07-02 00:00:00.000,178.13180555555553,1319.1829166666669,"Actual"
"TAS",2025-07-03 00:00:00.000,182.74055555555555,1275.8390972222221,"Actual"
"TAS",2025-07-04 00:00:00.000,147.45739583333327,1248.4487152777776,"Actual"
"TAS",2025-07-05 00:00:00.000,89.651979166666678,1191.4249305555556,"Actual"
"TAS",2025-07-06 00:00:00.000,140.24739583333334,1159.3808680555555,"Actual"
"TAS",2025-07-07 00:00:00.000,168.25663194444442,1247.9065625,"Actual"
"TAS",2025-07-08 00:00:00.000,119.45774305555554,1201.7592013888889,"Actual"
"TAS",2025-07-09 00:00:00.000,152.23288194444447,1162.9696527777778,"Actual"
"TAS",2025-07-10 00:00:00.000,138.46538194444454,1183.6279166666666,"Actual"
"TAS",2025-07-11 00:00:00.000,151.44288194444448,1120.5544791666666,"Actual"
"TAS",2025-07-12 00:00:00.000,158.92840277777779,1112.003125,"Actual"
"TAS",2025-07-13 00:00:00.000,105.36256944444445,1078.2535763888889,"Actual"
"TAS",2025-07-14 00:00:00.000,167.48833333333332,1187.8700347222223,"Actual"
"TAS",2025-07-15 00:00:00.000,134.56704861111112,1200.288888888889,"Actual"
"TAS",2025-07-16 00:00:00.000,109.18993055555565,1173.7662500000001,"Actual"
"TAS",2025-07-17 00:00:00.000,94.566111111111113,1172.4098263888889,"Actual"
"TAS",2025-07-18 00:00:00.000,106.04079861111111,1181.9784722222223,"Actual"
"TAS",2025-07-19 00:00:00.000,76.176423611111119,1136.0887500000001,"Actual"
"TAS",2025-07-20 00:00:00.000,79.5286805555556,1145.8791666666666,"Actual"
"TAS",2025-07-21 00:00:00.000,48.184791666666669,1185.5411111111111,"Actual"
"TAS",2025-07-22 00:00:00.000,34.165763888888875,1105.7706597222223,"Actual"
"TAS",2025-07-23 00:00:00.000,51.906562499999986,1117.6856944444444,"Actual"
"TAS",2025-07-24 00:00:00.000,84.076319444444408,1207.7274652777778,"Actual"
"TAS",2025-07-25 00:00:00.000,70.063159722222224,1228.2569444444443,"Actual"
"TAS",2025-07-26 00:00:00.000,108.93815972222239,1155.3244444444445,"Actual"
"TAS",2025-07-27 00:00:00.000,76.010972222222222,1101.1417013888888,"Actual"
"TAS",2025-07-28 00:00:00.000,98.719826388888933,1125.0475,"Actual"
"TAS",2025-07-29 00:00:00.000,133.00121527777776,1108.4881597222222,"Actual"
"TAS",2025-07-30 00:00:00.000,135.42329861111108,1187.9867708333334,"Actual"
"TAS",2025-07-31 00:00:00.000,124.39788194444446,1243.8508680555556,"Actual"
"TAS",2025-08-01 00:00:00.000,141.54302083333329,1212.7437847222222,"Actual"
"TAS",2025-08-02 00:00:00.000,123.75937499999995,1156.2475,"Actual"
"TAS",2025-08-03 00:00:00.000,97.693888888888893,1125.3709375,"Actual"
"TAS",2025-08-04 00:00:00.000,89.773402777777775,1133.491875,"Actual"
"TAS",2025-08-05 00:00:00.000,118.61822916666668,1083.1415277777778,"Actual"
"TAS",2025-08-06 00:00:00.000,136.15239583333334,1103.9392708333335,"Actual"
"TAS",2025-08-07 00:00:00.000,155.13770833333334,1111.3811458333334,"Actual"
"TAS",2025-08-08 00:00:00.000,156.49701388888889,1132.8944791666668,"Actual"
"TAS",2025-08-09 00:00:00.000,145.2121875,1104.5019444444445,"Actual"
"TAS",2025-08-10 00:00:00.000,140.30430555555554,1062.2147222222222,"Actual"
"TAS",2025-08-11 00:00:00.000,139.40131944444445,1102.2796180555556,"Actual"
"TAS",2025-08-12 00:00:00.000,148.16763888888889,1099.5597222222223,"Actual"
"TAS",2025-08-13 00:00:00.000,152.50649305555555,1066.3995486111112,"Actual"
"TAS",2025-08-14 00:00:00.000,131.70270833333336,1103.9663541666666,"Actual"
"TAS",2025-08-15 00:00:00.000,115.49538194444445,1064.2999652777778,"Actual"
"TAS",2025-08-16 00:00:00.000,143.77472222222224,1107.5603125,"Actual"
"TAS",2025-08-17 00:00:00.000,156.29513888888889,1166.6852777777779,"Actual"
"TAS",2025-08-18 00:00:00.000,211.22687499999995,1204.3215277777779,"Actual"
"TAS",2025-08-19 00:00:00.000,195.57270833333328,1178.0326041666667,"Actual"
"TAS",2025-08-20 00:00:00.000,153.36413194444444,1148.3348958333333,"Actual"
"TAS",2025-08-21 00:00:00.000,144.47965277777774,1058.6803819444444,"Actual"
"TAS",2025-08-22 00:00:00.000,138.4912152777776,1092.0527777777777,"Actual"
"TAS",2025-08-23 00:00:00.000,152.28243055555555,991.67236111111106,"Actual"
"TAS",2025-08-24 00:00:00.000,150.37923611111111,1058.8254166666666,"Actual"
"TAS",2025-08-25 00:00:00.000,127.63461805555555,1119.3757291666666,"Actual"
"TAS",2025-08-26 00:00:00.000,69.093923611111123,1078.2007638888888,"Actual"
"TAS",2025-08-27 00:00:00.000,62.223020833333351,1059.6659375,"Actual"
"TAS",2025-08-28 00:00:00.000,47.713020833333331,1088.4515972222221,"Actual"
"TAS",2025-08-29 00:00:00.000,61.441527777777765,1195.6240972222222,"Actual"
"TAS",2025-08-30 00:00:00.000,31.947534722222223,1093.6897569444445,"Actual"
"TAS",2025-08-31 00:00:00.000,44.200590277777792,1044.2498263888888,"Actual"
"TAS",2025-09-01 00:00:00.000,114.38743055555562,1112.947673611111,"Actual"
"TAS",2025-09-02 00:00:00.000,75.592395833333342,1135.5360763888889,"Actual"
"TAS",2025-09-03 00:00:00.000,44.862048611111135,1106.3607291666667,"Actual"
"TAS",2025-09-04 00:00:00.000,31.148576388888884,1139.5384722222223,"Actual"
"TAS",2025-09-05 00:00:00.000,66.68468750000001,1142.4988888888888,"Actual"
"TAS",2025-09-06 00:00:00.000,34.569826388888892,1052.9481250000001,"Actual"
"TAS",2025-09-07 00:00:00.000,29.336111111111105,1113.4059027777778,"Actual"
"TAS",2025-09-08 00:00:00.000,9.9697569444444323,1037.5628125,"Actual"
"TAS",2025-09-09 00:00:00.000,28.051284722222242,1079.7064583333333,"Actual"
"TAS",2025-09-10 00:00:00.000,87.838958333333352,1050.6204166666666,"Actual"
"TAS",2025-09-11 00:00:00.000,50.405833333333312,1002.1555555555556,"Actual"
"TAS",2025-09-12 00:00:00.000,32.306076388888876,1031.1340972222222,"Actual"
"TAS",2025-09-13 00:00:00.000,47.2728472222222,1047.21625,"Actual"
"TAS",2025-09-14 00:00:00.000,13.750277777777804,1002.0863194444445,"Actual"
"TAS",2025-09-15 00:00:00.000,12.990694444444447,949.64586805555552,"Actual"
"TAS",2025-09-16 00:00:00.000,10.993298611111118,970.90135416666669,"Actual"
"TAS",2025-09-17 00:00:00.000,20.17510416666666,1009.1407986111111,"Actual"
"TAS",2025-09-18 00:00:00.000,8.565347222222222,1082.3098958333333,"Actual"
"TAS",2025-09-19 00:00:00.000,0.584062500000001,1042.4747222222222,"Actual"
"TAS",2025-09-20 00:00:00.000,-0.81812499999999422,1012.5361458333333,"Actual"
"TAS",2025-09-21 00:00:00.000,0.684687499999996,976.17013888888891,"Actual"
"TAS",2025-09-22 00:00:00.000,15.917152777777764,1080.6027083333333,"Actual"
"TAS",2025-09-23 00:00:00.000,4.2707291666666629,959.511875,"Actual"
"TAS",2025-09-24 00:00:00.000,17.55586805555556,953.09267361111108,"Actual"
"TAS",2025-09-25 00:00:00.000,7.7400000000000038,1028.5745486111111,"Actual"
"TAS",2025-09-26 00:00:00.000,5.4863888888889027,1049.5307638888889,"Actual"
"TAS",2025-09-27 00:00:00.000,-2.8422222222222269,963.26833333333332,"Actual"
"TAS",2025-09-28 00:00:00.000,26.832187500000011,971.3509375,"Actual"
"TAS",2025-09-29 00:00:00.000,40.024479166666652,1025.8603819444445,"Actual"
"TAS",2025-09-30 00:00:00.000,24.742187500000014,1035.0910416666666,"Actual"
"TAS",2025-10-01 00:00:00.000,1.1374999999999997,976.49975694444447,"Actual"
"TAS",2025-10-02 00:00:00.000,1.5384374999999944,1017.1522569444444,"Actual"
"TAS",2025-10-03 00:00:00.000,20.811076388888889,1010.3253819444444,"Actual"
"TAS",2025-10-04 00:00:00.000,4.7860763888888895,1012.1532638888889,"Actual"
"TAS",2025-10-05 00:00:00.000,5.8982638888889092,942.28489583333339,"Actual"
"TAS",2025-10-06 00:00:00.000,10.091701388888897,1006.4714930555556,"Actual"
"TAS",2025-10-07 00:00:00.000,21.314236111111185,1055.844375,"Actual"
"TAS",2025-10-08 00:00:00.000,6.0039583333333439,974.01034722222221,"Actual"
"TAS",2025-10-09 00:00:00.000,1.7404861111111098,993.16704861111123,"Actual"
"TAS",2025-10-10 00:00:00.000,7.9643055555555344,1061.3121875,"Actual"
"TAS",2025-10-11 00:00:00.000,6.0004513888888873,1033.0884375,"Actual"
"TAS",2025-10-12 00:00:00.000,13.545625000000001,1091.7421180555555,"Actual"
"TAS",2025-10-13 00:00:00.000,36.47097222222223,1103.6385763888889,"Actual"
"TAS",2025-10-14 00:00:00.000,17.231527777777782,979.01600694444448,"Actual"
"TAS",2025-10-15 00:00:00.000,46.58645833333334,1024.7278472222224,"Actual"
"TAS",2025-10-16 00:00:00.000,17.955763888888892,962.42076388888893,"Actual"
"TAS",2025-10-17 00:00:00.000,14.808611111111112,956.12038194444449,"Actual"
"TAS",2025-10-18 00:00:00.000,16.573854166666628,1007.4689236111111,"Actual"
"TAS",2025-10-19 00:00:00.000,10.50809027777777,956.71145833333333,"Actual"
"TAS",2025-10-20 00:00:00.000,6.1424999999999885,894.50920138888887,"Actual"
"TAS",2025-10-21 00:00:00.000,0.23031249999999903,995.58951388888886,"Actual"
"TAS",2025-10-22 00:00:00.000,17.630624999999963,1079.5362499999999,"Actual"
"TAS",2025-10-23 00:00:00.000,1.4267708333333275,979.72194444444438,"Actual"
"TAS",2025-10-24 00:00:00.000,10.802395833333339,913.20177083333328,"Actual"
"TAS",2025-10-25 00:00:00.000,35.598090277777786,971.00409722222219,"Actual"
"TAS",2025-10-26 00:00:00.000,8.811388888888894,962.74631944444445,"Actual"
"TAS",2025-10-27 00:00:00.000,63.458958333333328,1040.8268402777778,"Actual"
"TAS",2025-10-28 00:00:00.000,78.385243055555563,995.89211805555556,"Actual"
"TAS",2025-10-29 00:00:00.000,104.99434027777778,1026.2884027777777,"Actual"
"TAS",2025-10-30 00:00:00.000,91.72430555555556,954.42746527777774,"Actual"
"TAS",2025-10-31 00:00:00.000,80.4584722222223,987.99815972222223,"Actual"
"TAS",2025-11-01 00:00:00.000,69.352395833333333,914.37597222222223,"Actual"
"TAS",2025-11-02 00:00:00.000,31.727881944444441,789.04229166666664,"Actual"
"TAS",2025-11-03 00:00:00.000,91.584756944444436,946.20430555555549,"Actual"
"TAS",2025-11-04 00:00:00.000,65.639062499999966,844.30291666666665,"Actual"
"TAS",2025-11-05 00:00:00.000,33.731562499999974,816.46236111111114,"Actual"
"TAS",2025-11-06 00:00:00.000,55.26315972222222,947.93329861111113,"Actual"
"TAS",2025-11-07 00:00:00.000,62.037430555555545,1024.8825694444445,"Actual"
"TAS",2025-11-08 00:00:00.000,22.56572916666665,913.55326388888886,"Actual"
"TAS",2025-11-09 00:00:00.000,21.560381944444433,912.54329861111114,"Actual"
"TAS",2025-11-10 00:00:00.000,45.8703125,954.39267361111115,"Actual"
"TAS",2025-11-11 00:00:00.000,31.614791666666665,992.49208333333331,"Actual"
"TAS",2025-11-12 00:00:00.000,20.468993055555561,959.9931944444445,"Actual"
"TAS",2025-11-13 00:00:00.000,18.339999999999975,989.77427083333328,"Actual"
"TAS",2025-11-14 00:00:00.000,55.168854166666605,1008.1222222222223,"Actual"
"TAS",2025-11-15 00:00:00.000,40.668993055555561,943.35211805555559,"Actual"
"TAS",2025-11-16 00:00:00.000,9.6690277777778526,961.94027777777774,"Actual"
"TAS",2025-11-17 00:00:00.000,4.1024305555555625,967.1553472222223,"Actual"
"TAS",2025-11-18 00:00:00.000,12.121631944444427,913.1606944444444,"Actual"
"TAS",2025-11-19 00:00:00.000,20.264618055555559,928.69166666666672,"Actual"
"TAS",2025-11-20 00:00:00.000,27.064965277777755,982.50784722222227,"Actual"
"TAS",2025-11-21 00:00:00.000,33.454548611111107,954.66402777777773,"Actual"
"TAS",2025-11-22 00:00:00.000,44.660868055555582,891.74913194444446,"Actual"
"TAS",2025-11-23 00:00:00.000,63.7537152777778,894.37534722222222,"Actual"
"TAS",2025-11-24 00:00:00.000,50.874722222222253,862.16371527777778,"Actual"
"TAS",2025-11-25 00:00:00.000,32.60607638888888,925.69586805555559,"Actual"
"TAS",2025-11-26 00:00:00.000,32.828680555555593,945.03663194444448,"Actual"
"TAS",2025-11-27 00:00:00.000,37.4859375,922.87611111111107,"Actual"
"TAS",2025-11-28 00:00:00.000,55.392222222222216,1011.0153125,"Actual"
"TAS",2025-11-29 00:00:00.000,62.849409722222205,964.33677083333339,"Actual"
"TAS",2025-11-30 00:00:00.000,62.705243055555556,999.53538194444445,"Actual"
"TAS",2025-12-01 00:00:00.000,63.325381944444445,1018.4418402777778,"Actual"
"TAS",2025-12-02 00:00:00.000,65.168506944444445,997.21670138888885,"Actual"
"TAS",2025-12-03 00:00:00.000,59.110312500000006,951.6125,"Actual"
"TAS",2025-12-04 00:00:00.000,62.30628472222223,929.12413194444434,"Actual"
"TAS",2025-12-05 00:00:00.000,89.848576388888887,978.8384375,"Actual"
"TAS",2025-12-06 00:00:00.000,76.025208333333339,985.46694444444438,"Actual"
"TAS",2025-12-07 00:00:00.000,55.897916666666639,927.00812500000006,"Actual"
"TAS",2025-12-08 00:00:00.000,66.154166666666669,1038.3677777777777,"Actual"
"TAS",2025-12-09 00:00:00.000,64.595451388888918,977.92809027777776,"Actual"
"TAS",2025-12-10 00:00:00.000,90.382395833333334,988.51715277777782,"Actual"
"TAS",2025-12-11 00:00:00.000,73.890381944444428,919.53208333333339,"Actual"
"TAS",2025-12-12 00:00:00.000,77.54465277777777,869.07520833333331,"Actual"
"TAS",2025-12-13 00:00:00.000,84.886909722222214,926.21461805555555,"Actual"
"TAS",2025-12-14 00:00:00.000,49.948819444444453,903.614375,"Actual"
"TAS",2025-12-15 00:00:00.000,67.342812500000051,954.07697916666666,"Actual"
"TAS",2025-12-16 00:00:00.000,75.0661111111111,945.13555555555558,"Actual"
"TAS",2025-12-17 00:00:00.000,93.873993055555559,950.4354166666667,"Actual"
"TAS",2025-12-18 00:00:00.000,101.10638888888889,1020.6326736111112,"Actual"
"TAS",2025-12-19 00:00:00.000,85.914166666666659,969.34951388888885,"Actual"
"TAS",2025-12-20 00:00:00.000,79.459756944444422,949.11975694444436,"Actual"
"TAS",2025-12-21 00:00:00.000,85.69375,965.69788194444448,"Actual"
"TAS",2025-12-22 00:00:00.000,61.160659722222221,936.41972222222228,"Actual"
"TAS",2025-12-23 00:00:00.000,20.547777777777839,841.24649305555556,"Actual"
"TAS",2025-12-24 00:00:00.000,18.122881944444451,852.0878125,"Actual"
"TAS",2025-12-25 00:00:00.000,7.1284375000000075,844.29541666666671,"Actual"
"TAS",2025-12-26 00:00:00.000,4.6137152777777786,826.01954861111108,"Actual"
"TAS",2025-12-27 00:00:00.000,16.886840277777775,873.74871527777782,"Actual"
"TAS",2025-12-28 00:00:00.000,32.960173611111117,813.53729166666665,"Actual"
"TAS",2025-12-29 00:00:00.000,34.3190625,765.98170138888884,"Actual"
"TAS",2025-12-30 00:00:00.000,40.870868055555555,850.07767361111109,"Actual"
"TAS",2025-12-31 00:00:00.000,35.388229166666648,825.06451388888888,"Actual"
"TAS",2026-01-01 00:00:00.000,38.796875,815.75947916666667,"Actual"
"TAS",2026-01-02 00:00:00.000,55.450208333333336,877.85538194444439,"Actual"
"TAS",2026-01-03 00:00:00.000,53.597569444444467,829.37798611111111,"Actual"
"TAS",2026-01-04 00:00:00.000,58.684513888888887,852.23361111111114,"Actual"
"TAS",2026-01-05 00:00:00.000,87.266111111111115,924.09736111111113,"Actual"
"TAS",2026-01-06 00:00:00.000,96.892291666666608,988.79552083333328,"Actual"
"TAS",2026-01-07 00:00:00.000,125.43197916666666,1000.8294097222222,"Actual"
"TAS",2026-01-08 00:00:00.000,113.43739583333334,995.47510416666671,"Actual"
"TAS",2026-01-09 00:00:00.000,124.25802083333339,1003.7206944444445,"Actual"
"TAS",2026-01-10 00:00:00.000,56.752395833333324,894.5061805555556,"Actual"
"TAS",2026-01-11 00:00:00.000,64.656076388888934,925.62857638888886,"Actual"
"TAS",2026-01-12 00:00:00.000,243.3688194444444,999.10607638888882,"Actual"
"TAS",2026-01-13 00:00:00.000,104.0554513888889,976.67725694444448,"Actual"
"TAS",2026-01-14 00:00:00.000,99.467777777777769,1021.775,"Actual"
"TAS",2026-01-15 00:00:00.000,101.95065972222223,1029.934826388889,"Actual"
"TAS",2026-01-16 00:00:00.000,88.72444444444443,974.87256944444448,"Actual"
"TAS",2026-01-17 00:00:00.000,78.160937499999989,878.82052083333338,"Actual"
"TAS",2026-01-18 00:00:00.000,83.408715277777787,887.0094444444444,"Actual"
"TAS",2026-01-19 00:00:00.000,88.233368055555559,919.18211805555552,"Actual"
"TAS",2026-01-20 00:00:00.000,107.96430555555555,960.9696875,"Actual"
"TAS",2026-01-21 00:00:00.000,108.7653125,1010.4404861111111,"Actual"
"TAS",2026-01-22 00:00:00.000,105.16659722222222,961.22406250000006,"Actual"
"TAS",2026-01-23 00:00:00.000,116.49774305555555,995.32170138888887,"Actual"
"TAS",2026-01-24 00:00:00.000,106.18958333333333,870.59628472222221,"Actual"
"TAS",2026-01-25 00:00:00.000,109.69375,949.73256944444449,"Actual"
"TAS",2026-01-26 00:00:00.000,113.34069444444445,914.29590277777777,"Actual"
"TAS",2026-01-27 00:00:00.000,161.02843750000002,926.65291666666667,"Actual"
"TAS",2026-01-28 00:00:00.000,128.98552083333331,982.66409722222227,"Actual"
"TAS",2026-01-29 00:00:00.000,105.49000000000011,991.46204861111107,"Actual"
"TAS",2026-01-30 00:00:00.000,104.22701388888889,1001.7218402777778,"Actual"
"TAS",2026-01-31 00:00:00.000,98.6697222222222,960.4656597222222,"Actual"
"TAS",2026-02-01 00:00:00.000,65.5978125,866.53072916666667,"Actual"
"TAS",2026-02-02 00:00:00.000,87.8352083333333,860.08940972222229,"Actual"
"TAS",2026-02-03 00:00:00.000,96.804965277777782,868.92746527777774,"Actual"
"TAS",2026-02-04 00:00:00.000,98.8013888888889,879.0240625,"Actual"
"TAS",2026-02-05 00:00:00.000,86.367673611111115,886.5315277777778,"Actual"
"TAS",2026-02-06 00:00:00.000,90.982881944444443,964.06392361111114,"Actual"
"TAS",2026-02-07 00:00:00.000,95.590902777777785,924.17149305555552,"Actual"
"TAS",2026-02-08 00:00:00.000,104.70583333333333,940.7242013888889,"Actual"
"TAS",2026-02-09 00:00:00.000,104.02246527777774,932.67774305555554,"Actual"
"TAS",2026-02-10 00:00:00.000,94.603715277777781,953.55649305555562,"Actual"
"TAS",2026-02-11 00:00:00.000,93.029201388888879,956.06496527777779,"Actual"
"TAS",2026-02-12 00:00:00.000,88.128715277777772,909.06743055555557,"Actual"
"TAS",2026-02-13 00:00:00.000,95.664513888888891,930.69079861111106,"Actual"
"TAS",2026-02-14 00:00:00.000,93.170937500000008,919.91861111111109,"Actual"
"TAS",2026-02-15 00:00:00.000,94.9201736111111,893.87486111111116,"Actual"
"TAS",2026-02-16 00:00:00.000,99.260763888888889,877.94291666666663,"Actual"
"TAS",2026-02-17 00:00:00.000,102.65677083333333,910.48541666666665,"Actual"
"TAS",2026-02-18 00:00:00.000,76.257013888888864,869.80083333333334,"Actual"
"TAS",2026-02-19 00:00:00.000,79.968506944444442,903.95236111111114,"Actual"
"TAS",2026-02-20 00:00:00.000,95.656284722222225,950.22243055555555,"Actual"
"TAS",2026-02-21 00:00:00.000,94.150625,914.25590277777781,"Actual"
"TAS",2026-02-22 00:00:00.000,91.8948263888889,916.67388888888888,"Actual"
"TAS",2026-02-23 00:00:00.000,97.773645833333347,924.6913194444445,"Actual"
"TAS",2026-02-24 00:00:00.000,91.8237847222222,897.01565972222227,"Actual"
"TAS",2026-02-25 00:00:00.000,71.385069444444454,910.701701388889,"Actual"
"TAS",2026-02-26 00:00:00.000,67.9225,946.4653125,"Actual"
"TAS",2026-02-27 00:00:00.000,90.064340277777774,878.16565972222224,"Actual"
"TAS",2026-02-28 00:00:00.000,78.708715277777856,840.10072916666661,"Actual"
"TAS",2026-03-01 00:00:00.000,73.434861111111232,828.940173611111,"Actual"
"TAS",2026-03-02 00:00:00.000,87.243472222222337,920.61090277777771,"Actual"
"TAS",2026-03-03 00:00:00.000,104.66937499999999,917.81708333333336,"Actual"
"TAS",2026-03-04 00:00:00.000,92.892326388888847,914.9643055555556,"Actual"
"TAS",2026-03-05 00:00:00.000,80.819756944444435,884.13736111111109,"Actual"
"TAS",2026-03-06 00:00:00.000,91.701979166666646,942.48802083333339,"Actual"
"TAS",2026-03-07 00:00:00.000,84.409618055555569,931.4525,"Actual"
"TAS",2026-03-08 00:00:00.000,71.492361111111109,899.14614583333332,"Actual"
"TAS",2026-03-09 00:00:00.000,91.773506944444421,968.15204861111113,"Actual"
"TAS",2026-03-10 00:00:00.000,101.71104166666667,997.96177083333328,"Actual"
"TAS",2026-03-11 00:00:00.000,74.013576388888879,935.4484027777778,"Actual"
"TAS",2026-03-12 00:00:00.000,74.226770833333333,857.97579861111114,"Actual"
"TAS",2026-03-13 00:00:00.000,75.681458333333339,909.4038888888889,"Actual"
"TAS",2026-03-14 00:00:00.000,85.595520833333339,889.32486111111109,"Actual"
"TAS",2026-03-15 00:00:00.000,93.349409722222219,884.27277777777772,"Actual"
"TAS",2026-03-16 00:00:00.000,100.356875,982.76170138888892,"Actual"
"TAS",2026-03-17 00:00:00.000,104.34298611111113,936.58791666666662,"Actual"
"TAS",2026-03-18 00:00:00.000,100.50256944444445,949.25538194444448,"Actual"
"TAS",2026-03-19 00:00:00.000,104.03375,937.94805555555558,"Actual"
"TAS",2026-03-20 00:00:00.000,102.65326388888889,936.24027777777781,"Actual"
"TAS",2026-03-21 00:00:00.000,99.924270833333338,903.21052083333336,"Actual"
"TAS",2026-03-22 00:00:00.000,93.70555555555552,950.66520833333334,"Actual"
"TAS",2026-03-23 00:00:00.000,97.549930555555534,998.17538194444444,"Actual"
"TAS",2026-03-24 00:00:00.000,97.490902777777777,969.55555555555554,"Actual"
"TAS",2026-03-25 00:00:00.000,95.408888888888882,896.7689930555556,"Actual"
"TAS",2026-03-26 00:00:00.000,87.217326388888878,928.46743055555567,"Actual"
"TAS",2026-03-27 00:00:00.000,90.731458333333336,922.101423611111,"Actual"
"TAS",2026-03-28 00:00:00.000,90.13788194444453,917.63527777777779,"Actual"
"TAS",2026-03-29 00:00:00.000,88.64673611111111,920.81965277777772,"Actual"
"TAS",2026-03-30 00:00:00.000,96.087743055555549,1020.5569791666667,"Actual"
"TAS",2026-03-31 00:00:00.000,90.432256944444447,917.21569444444435,"Actual"
"TAS",2026-04-01 00:00:00.000,90.7759375,1002.4930208333333,"Actual"
"TAS",2026-04-02 00:00:00.000,89.733819444444435,959.73152777777784,"Actual"
"TAS",2026-04-03 00:00:00.000,77.012118055555547,917.72934027777774,"Actual"
"TAS",2026-04-04 00:00:00.000,78.728055555555571,987.15534722222219,"Actual"
"TAS",2026-04-05 00:00:00.000,90.173125000000013,921.79336805555556,"Actual"
"TAS",2026-04-06 00:00:00.000,86.848020833333322,931.0197222222223,"Actual"
"TAS",2026-04-07 00:00:00.000,88.056666666666672,973.26979166666672,"Actual"
"TAS",2026-04-08 00:00:00.000,95.1338541666667,994.23628472222231,"Actual"
"TAS",2026-04-09 00:00:00.000,73.07427083333333,968.27003472222225,"Actual"
"TAS",2026-04-10 00:00:00.000,64.696388888888848,1026.6411111111111,"Actual"
"TAS",2026-04-11 00:00:00.000,65.777881944444431,1020.0261458333334,"Actual"
"TAS",2026-04-12 00:00:00.000,66.808645833333344,991.69045138888885,"Actual"
"TAS",2026-04-13 00:00:00.000,85.18833333333319,981.1409027777778,"Actual"
"TAS",2026-04-14 00:00:00.000,90.486493055555556,1035.3359722222222,"Actual"
"TAS",2026-04-15 00:00:00.000,94.178472222222211,1100.7586805555557,"Actual"
"TAS",2026-04-16 00:00:00.000,79.283958333333331,1081.3230555555556,"Actual"
"TAS",2026-04-17 00:00:00.000,78.918298611111226,1076.7283680555556,"Actual"
"TAS",2026-04-18 00:00:00.000,92.84770833333333,1087.4344444444446,"Actual"
"TAS",2026-04-19 00:00:00.000,96.606215277777778,1104.8402430555554,"Actual"
"TAS",2026-04-20 00:00:00.000,107.30958333333334,1109.430625,"Actual"
"TAS",2026-04-21 00:00:00.000,87.60260416666668,981.26652777777781,"Actual"
"TAS",2026-04-22 00:00:00.000,78.678923611111117,920.21236111111114,"Actual"
"TAS",2026-04-23 00:00:00.000,86.1523263888889,1026.256875,"Actual"
"TAS",2026-04-24 00:00:00.000,82.941076388888874,1027.725138888889,"Actual"
"TAS",2026-04-25 00:00:00.000,69.214097222222222,992.2975,"Actual"
"TAS",2026-04-26 00:00:00.000,84.869965277777752,1019.7012847222222,"Actual"
"TAS",2026-04-27 00:00:00.000,94.383541666666673,1064.8832291666668,"Actual"
"TAS",2026-04-28 00:00:00.000,90.034270833333338,1072.9582986111111,"Actual"
"TAS",2026-04-29 00:00:00.000,102.88756944444444,1064.2921180555556,"Actual"
"TAS",2026-04-30 00:00:00.000,88.741076388888871,1058.9376388888888,"Actual"
"TAS",2026-05-01 00:00:00.000,80.907152777777782,1005.0158333333334,"Actual"
"TAS",2026-05-02 00:00:00.000,79.755381944444451,977.34267361111108,"Actual"
"TAS",2026-05-03 00:00:00.000,82.243402777777774,1010.6814930555555,"Actual"
"TAS",2026-05-04 00:00:00.000,84.4632986111111,1046.0282638888889,"Actual"
"TAS",2026-05-05 00:00:00.000,94.030208333333348,1023.5779166666666,"Actual"
"TAS",2026-05-06 00:00:00.000,91.693541666666661,1020.3935416666667,"Actual"
"TAS",2026-05-07 00:00:00.000,90.272222222222226,1142.283923611111,"Actual"
"TAS",2026-05-08 00:00:00.000,82.3565972222222,1076.2977777777778,"Actual"
"TAS",2026-05-09 00:00:00.000,88.603125,1025.4830208333333,"Actual"
"TAS",2026-05-10 00:00:00.000,95.025763888888875,1040.2315277777777,"Actual"
"TAS",2026-05-11 00:00:00.000,100.09288194444443,1141.4215625,"Actual"
"TAS",2026-05-12 00:00:00.000,98.735,1083.8442708333334,"Actual"
"TAS",2026-05-13 00:00:00.000,97.662777777777777,1078.9359375,"Actual"
"TAS",2026-05-14 00:00:00.000,103.96052083333333,1115.607777777778,"Actual"
"TAS",2026-05-15 00:00:00.000,92.497430555555525,1072.6517361111112,"Actual"
"TAS",2026-05-16 00:00:00.000,93.688750000000013,1025.3781597222223,"Actual"
"TAS",2026-05-17 00:00:00.000,109.87951388888888,1116.6864236111112,"Actual"
"TAS",2026-05-18 00:00:00.000,119.74854166666668,1134.358263888889,"Actual"
"TAS",2026-05-19 00:00:00.000,95.815729166666671,1044.5719097222222,"Actual"
"TAS",2026-05-20 00:00:00.000,96.845555555555521,1074.7891666666667,"Actual"
"TAS",2026-05-21 00:00:00.000,102.80520833333333,1215.6147569444445,"Actual"
"TAS",2026-05-22 00:00:00.000,101.78486111111111,1167.704375,"Actual"
"TAS",2026-05-23 00:00:00.000,97.33020833333336,1121.1198263888889,"Actual"
"TAS",2026-05-24 00:00:00.000,100.82486111111112,1132.0275694444445,"Actual"
"TAS",2026-05-25 00:00:00.000,102.03940972222219,1170.2456597222222,"Actual"
"TAS",2026-05-26 00:00:00.000,109.53975694444441,1169.434375,"Actual"
"TAS",2026-05-27 00:00:00.000,106.48465277777774,1184.6570833333333,"Actual"
"TAS",2026-05-28 00:00:00.000,104.85409722222224,1107.1503125,"Actual"
"TAS",2026-05-29 00:00:00.000,100.49993055555557,1120.1534375,"Actual"
"TAS",2026-05-30 00:00:00.000,92.92694444444443,1025.7946180555555,"Actual"
"TAS",2026-05-31 00:00:00.000,82.99319444444447,975.56038194444443,"Actual"
"TAS",2026-06-01 00:00:00.000,86.729583333333338,1134.4287847222222,"Actual"
"TAS",2026-06-02 00:00:00.000,81.266215277777775,1098.6645833333334,"Actual"
"TAS",2026-06-03 00:00:00.000,80.382361111111109,1074.9887847222221,"Actual"
"TAS",2026-06-04 00:00:00.000,81.803958333333327,1111.2063194444445,"Actual"
"TAS",2026-06-05 00:00:00.000,82.840381944444445,1096.6262499999998,"Actual"
"TAS",2026-06-06 00:00:00.000,80.987465277777773,1034.4449305555556,"Actual"
"TAS",2026-06-07 00:00:00.000,75.557291666666671,1031.3203125,"Actual"
"TAS",2026-06-08 00:00:00.000,85.222777777777765,1103.8571875,"Actual"
"TAS",2026-06-09 00:00:00.000,79.74319444444447,1111.5872569444443,"Actual"
"TAS",2026-06-10 00:00:00.000,82.687118055555558,1124.3713541666666,"Actual"
"TAS",2026-06-11 00:00:00.000,89.646562499999987,1195.0831249999999,"Actual"
"TAS",2026-06-12 00:00:00.000,71.297534722222238,1153.4982986111111,"Actual"
"TAS",2026-06-13 00:00:00.000,60.643263888888811,1040.0606597222222,"Actual"
"TAS",2026-06-14 00:00:00.000,67.605173611111127,1127.9676388888888,"Actual"
"TAS",2026-06-15 00:00:00.000,70.705416666666665,1283.0789583333333,"Actual"
"TAS",2026-06-16 00:00:00.000,63.137256944444438,1206.0757638888888,"Actual"
"TAS",2026-06-17 00:00:00.000,58.824548611111126,1153.3912847222223,"Actual"
"TAS",2026-06-18 00:00:00.000,28.425381944444414,1094.5866666666666,"Actual"
"TAS",2026-06-19 00:00:00.000,38.027812500000032,1142.0012499999998,"Actual"
"TAS",2026-06-20 00:00:00.000,52.623854166666717,1111.2923958333333,"Actual"
"TAS",2026-06-21 00:00:00.000,150.61618055555573,1201.7935763888891,"Actual"
"TAS",2026-06-22 00:00:00.000,117.8289583333333,1290.5650347222222,"Actual"
"TAS",2026-06-23 00:00:00.000,83.77024305555554,1208.2395833333333,"Actual"
"TAS",2026-06-24 00:00:00.000,90.926875000000024,1265.2196527777778,"Actual"
"TAS",2026-06-25 00:00:00.000,85.407986111111114,1271.2771527777777,"Actual"
"TAS",2026-06-26 00:00:00.000,81.199479166666663,1229.6163541666667,"Actual"
"TAS",2026-06-27 00:00:00.000,78.39458333333333,1279.3124305555555,"Actual"
"TAS",2026-06-28 00:00:00.000,77.098854166666669,1191.6228125,"Actual"
"TAS",2026-06-29 00:00:00.000,56.847777777777779,1167.6068402777778,"Actual"
"TAS",2026-06-30 00:00:00.000,65.029895833333342,1161.9786458333333,"Actual"
"TAS",2026-07-01 00:00:00.000,10.1,963.79,"Actual"
"VIC",2021-07-01 00:00:00.000,88.072127659574463,5348.9993617021273,"Actual"
"VIC",2021-07-02 00:00:00.000,76.494166666666672,5582.9585416666669,"Actual"
"VIC",2021-07-03 00:00:00.000,65.933125,5515.7495833333332,"Actual"
"VIC",2021-07-04 00:00:00.000,54.882500000000007,5429.399166666667,"Actual"
"VIC",2021-07-05 00:00:00.000,134.34541666666667,6231.4364583333336,"Actual"
"VIC",2021-07-06 00:00:00.000,265.99833333333333,6105.061875,"Actual"
"VIC",2021-07-07 00:00:00.000,194.0575,5964.84375,"Actual"
"VIC",2021-07-08 00:00:00.000,247.15895833333335,6110.95375,"Actual"
"VIC",2021-07-09 00:00:00.000,260.84541666666667,6099.8529166666667,"Actual"
"VIC",2021-07-10 00:00:00.000,221.73125000000002,5485.5814583333331,"Actual"
"VIC",2021-07-11 00:00:00.000,56.354166666666657,5053.5504166666669,"Actual"
"VIC",2021-07-12 00:00:00.000,63.102916666666665,5559.8354166666668,"Actual"
"VIC",2021-07-13 00:00:00.000,83.338333333333338,5709.0664583333328,"Actual"
"VIC",2021-07-14 00:00:00.000,80.69125,5794.0045833333334,"Actual"
"VIC",2021-07-15 00:00:00.000,37.782083333333333,5345.4658333333336,"Actual"
"VIC",2021-07-16 00:00:00.000,44.250416666666666,5516.1645833333332,"Actual"
"VIC",2021-07-17 00:00:00.000,19.551041666666677,5230.869791666667,"Actual"
"VIC",2021-07-18 00:00:00.000,82.541041666666672,5030.857708333333,"Actual"
"VIC",2021-07-19 00:00:00.000,98.03,5739.9537500000006,"Actual"
"VIC",2021-07-20 00:00:00.000,53.148125,6055.696041666667,"Actual"
"VIC",2021-07-21 00:00:00.000,152.55833333333334,5917.1745833333334,"Actual"
"VIC",2021-07-22 00:00:00.000,119.15500000000002,6063.8891666666668,"Actual"
"VIC",2021-07-23 00:00:00.000,157.6125,6001.3479166666666,"Actual"
"VIC",2021-07-24 00:00:00.000,35.821875000000006,5222.8025,"Actual"
"VIC",2021-07-25 00:00:00.000,20.624791666666663,5219.9735416666663,"Actual"
"VIC",2021-07-26 00:00:00.000,39.319583333333334,5479.975625,"Actual"
"VIC",2021-07-27 00:00:00.000,18.88270833333333,5209.8154166666664,"Actual"
"VIC",2021-07-28 00:00:00.000,1.0445833333333319,5319.0727083333331,"Actual"
"VIC",2021-07-29 00:00:00.000,36.329791666666665,5536.5599999999995,"Actual"
"VIC",2021-07-30 00:00:00.000,12.683541666666667,5375.9845833333329,"Actual"
"VIC",2021-07-31 00:00:00.000,20.904791666666672,4611.1385416666662,"Actual"
"VIC",2021-08-01 00:00:00.000,62.9325,4639.3760416666664,"Actual"
"VIC",2021-08-02 00:00:00.000,23.112708333333352,5250.0822916666666,"Actual"
"VIC",2021-08-03 00:00:00.000,35.091041666666669,5530.005,"Actual"
"VIC",2021-08-04 00:00:00.000,57.190416666666664,5491.7383333333337,"Actual"
"VIC",2021-08-05 00:00:00.000,43.860208333333333,5334.29875,"Actual"
"VIC",2021-08-06 00:00:00.000,65.580416666666665,5417.8735416666668,"Actual"
"VIC",2021-08-07 00:00:00.000,73.796666666666667,4967.19125,"Actual"
"VIC",2021-08-08 00:00:00.000,79.270833333333329,4812.1454166666663,"Actual"
"VIC",2021-08-09 00:00:00.000,72.172083333333333,5395.0725,"Actual"
"VIC",2021-08-10 00:00:00.000,19.535000000000018,4912.9064583333329,"Actual"
"VIC",2021-08-11 00:00:00.000,24.453333333333333,5122.9725,"Actual"
"VIC",2021-08-12 00:00:00.000,55.012708333333336,5245.8635416666666,"Actual"
"VIC",2021-08-13 00:00:00.000,43.159791666666663,5088.2677083333328,"Actual"
"VIC",2021-08-14 00:00:00.000,41.1525,4677.5216666666665,"Actual"
"VIC",2021-08-15 00:00:00.000,-8.6429166666666646,4189.9379166666668,"Actual"
"VIC",2021-08-16 00:00:00.000,24.720208333333332,5063.7520833333328,"Actual"
"VIC",2021-08-17 00:00:00.000,70.013125,5408.439375,"Actual"
"VIC",2021-08-18 00:00:00.000,83.671666666666667,5429.5522916666669,"Actual"
"VIC",2021-08-19 00:00:00.000,35.689583333333339,5041.0179166666667,"Actual"
"VIC",2021-08-20 00:00:00.000,26.861875,5231.7677083333328,"Actual"
"VIC",2021-08-21 00:00:00.000,28.506666666666653,4324.8779166666664,"Actual"
"VIC",2021-08-22 00:00:00.000,-6.5902083333333366,3951.0210416666669,"Actual"
"VIC",2021-08-23 00:00:00.000,31.153125,4984.05625,"Actual"
"VIC",2021-08-24 00:00:00.000,51.437708333333333,5228.86625,"Actual"
"VIC",2021-08-25 00:00:00.000,71.053333333333327,5262.6385416666662,"Actual"
"VIC",2021-08-26 00:00:00.000,94.252083333333331,5622.199375,"Actual"
"VIC",2021-08-27 00:00:00.000,94.051458333333329,5593.5470833333329,"Actual"
"VIC",2021-08-28 00:00:00.000,44.149791666666665,4356.3527083333338,"Actual"
"VIC",2021-08-29 00:00:00.000,70.84875,4676.028125,"Actual"
"VIC",2021-08-30 00:00:00.000,37.483333333333348,4836.6333333333332,"Actual"
"VIC",2021-08-31 00:00:00.000,12.401874999999995,4719.589375,"Actual"
"VIC",2021-09-01 00:00:00.000,25.546041666666675,4402.3120833333332,"Actual"
"VIC",2021-09-02 00:00:00.000,-17.454583333333332,4096.7,"Actual"
"VIC",2021-09-03 00:00:00.000,53.6475,4750.68125,"Actual"
"VIC",2021-09-04 00:00:00.000,34.129374999999996,4395.9260416666666,"Actual"
"VIC",2021-09-05 00:00:00.000,23.246874999999982,4286.12625,"Actual"
"VIC",2021-09-06 00:00:00.000,44.180416666666673,4612.0752083333336,"Actual"
"VIC",2021-09-07 00:00:00.000,40.283125,4911.8589583333332,"Actual"
"VIC",2021-09-08 00:00:00.000,27.890416666666667,4515.5491666666667,"Actual"
"VIC",2021-09-09 00:00:00.000,-4.7643749999999967,4308.7316666666666,"Actual"
"VIC",2021-09-10 00:00:00.000,24.562708333333326,4747.20125,"Actual"
"VIC",2021-09-11 00:00:00.000,-15.602916666666665,4111.3102083333333,"Actual"
"VIC",2021-09-12 00:00:00.000,5.4497916666666679,4218.1295833333334,"Actual"
"VIC",2021-09-13 00:00:00.000,38.224583333333328,4902.53375,"Actual"
"VIC",2021-09-14 00:00:00.000,58.935625,5016.9564583333331,"Actual"
"VIC",2021-09-15 00:00:00.000,44.552083333333329,4929.0702083333335,"Actual"
"VIC",2021-09-16 00:00:00.000,51.186458333333334,4896.2997916666664,"Actual"
"VIC",2021-09-17 00:00:00.000,3.5618749999999935,4546.7202083333332,"Actual"
"VIC",2021-09-18 00:00:00.000,1.1795833333333303,4072.9710416666667,"Actual"
"VIC",2021-09-19 00:00:00.000,-10.025625000000012,4246.08375,"Actual"
"VIC",2021-09-20 00:00:00.000,24.151666666666667,4875.7966666666671,"Actual"
"VIC",2021-09-21 00:00:00.000,49.25395833333333,5248.1947916666668,"Actual"
"VIC",2021-09-22 00:00:00.000,70.945624999999993,4893.8158333333331,"Actual"
"VIC",2021-09-23 00:00:00.000,27.304166666666681,4360.8783333333331,"Actual"
"VIC",2021-09-24 00:00:00.000,-7.8533333333333175,4036.3747916666666,"Actual"
"VIC",2021-09-25 00:00:00.000,24.853125000000002,4354.63875,"Actual"
"VIC",2021-09-26 00:00:00.000,33.283125000000005,4083.3770833333338,"Actual"
"VIC",2021-09-27 00:00:00.000,37.778333333333336,4489.4266666666663,"Actual"
"VIC",2021-09-28 00:00:00.000,33.106875,4424.10875,"Actual"
"VIC",2021-09-29 00:00:00.000,51.763541666666669,4634.3058333333338,"Actual"
"VIC",2021-09-30 00:00:00.000,59.33875,4819.267291666667,"Actual"
"VIC",2021-10-01 00:00:00.000,38.761250000000004,4546.6553472222222,"Actual"
"VIC",2021-10-02 00:00:00.000,36.629965277777806,4244.5487847222212,"Actual"
"VIC",2021-10-03 00:00:00.000,-2.1998958333334144,3954.9725694444446,"Actual"
"VIC",2021-10-04 00:00:00.000,-12.562187500000016,4341.1782986111111,"Actual"
"VIC",2021-10-05 00:00:00.000,12.568194444444442,4683.0965625,"Actual"
"VIC",2021-10-06 00:00:00.000,5.0984722222222558,4403.2004513888887,"Actual"
"VIC",2021-10-07 00:00:00.000,14.251631944444497,4416.075034722222,"Actual"
"VIC",2021-10-08 00:00:00.000,28.656631944444555,4314.0673958333336,"Actual"
"VIC",2021-10-09 00:00:00.000,11.31500000000004,3850.6047222222223,"Actual"
"VIC",2021-10-10 00:00:00.000,8.2182638888888775,3895.9710763888888,"Actual"
"VIC",2021-10-11 00:00:00.000,29.093055555555559,4716.4711805555553,"Actual"
"VIC",2021-10-12 00:00:00.000,7.6244097222222287,4482.0912847222226,"Actual"
"VIC",2021-10-13 00:00:00.000,14.031215277777765,4592.0590972222226,"Actual"
"VIC",2021-10-14 00:00:00.000,59.466527777777777,4584.840659722222,"Actual"
"VIC",2021-10-15 00:00:00.000,7.9659027777777851,4738.8805208333333,"Actual"
"VIC",2021-10-16 00:00:00.000,12.592777777777767,4283.7325,"Actual"
"VIC",2021-10-17 00:00:00.000,24.997847222222227,4145.6217708333334,"Actual"
"VIC",2021-10-18 00:00:00.000,23.833472222222227,4867.0669791666669,"Actual"
"VIC",2021-10-19 00:00:00.000,20.678402777777777,4626.2680208333331,"Actual"
"VIC",2021-10-20 00:00:00.000,-5.8334027777777617,4209.38201388889,"Actual"
"VIC",2021-10-21 00:00:00.000,10.511527777777784,4350.622152777778,"Actual"
"VIC",2021-10-22 00:00:00.000,26.369340277777745,4448.5315972222224,"Actual"
"VIC",2021-10-23 00:00:00.000,6.9073611111111219,4278.1631944444443,"Actual"
"VIC",2021-10-24 00:00:00.000,-12.145833333333329,3934.7514930555558,"Actual"
"VIC",2021-10-25 00:00:00.000,29.57895833333334,4599.8482638888891,"Actual"
"VIC",2021-10-26 00:00:00.000,45.317187499999989,4411.4908333333333,"Actual"
"VIC",2021-10-27 00:00:00.000,15.302743055555567,4124.0761111111115,"Actual"
"VIC",2021-10-28 00:00:00.000,35.577222222222218,4437.560138888889,"Actual"
"VIC",2021-10-29 00:00:00.000,4.7930208333333368,4209.3681944444443,"Actual"
"VIC",2021-10-30 00:00:00.000,37.819618055555523,4094.6096875,"Actual"
"VIC",2021-10-31 00:00:00.000,36.832569444444452,3735.3975,"Actual"
"VIC",2021-11-01 00:00:00.000,49.551319444444438,4025.2500694444448,"Actual"
"VIC",2021-11-02 00:00:00.000,4.6082638888888843,3707.6889583333327,"Actual"
"VIC",2021-11-03 00:00:00.000,41.883402777777789,4639.1561805555557,"Actual"
"VIC",2021-11-04 00:00:00.000,31.823368055555569,4089.1764930555555,"Actual"
"VIC",2021-11-05 00:00:00.000,48.936875,4351.6159375,"Actual"
"VIC",2021-11-06 00:00:00.000,18.030104166666526,4005.6036458333338,"Actual"
"VIC",2021-11-07 00:00:00.000,35.563854166666609,3955.9138194444445,"Actual"
"VIC",2021-11-08 00:00:00.000,48.067881944444451,4369.5846875,"Actual"
"VIC",2021-11-09 00:00:00.000,47.078854166666609,4376.053263888889,"Actual"
"VIC",2021-11-10 00:00:00.000,47.864791666666662,4725.1415625,"Actual"
"VIC",2021-11-11 00:00:00.000,13.510659722222202,4402.8107638888887,"Actual"
"VIC",2021-11-12 00:00:00.000,19.492500000000014,5047.5379861111114,"Actual"
"VIC",2021-11-13 00:00:00.000,8.955555555555561,4322.3049305555551,"Actual"
"VIC",2021-11-14 00:00:00.000,-12.902048611111098,4127.6784375,"Actual"
"VIC",2021-11-15 00:00:00.000,20.336701388888887,4783.8555555555558,"Actual"
"VIC",2021-11-16 00:00:00.000,75.451354166666661,5137.2317361111109,"Actual"
"VIC",2021-11-17 00:00:00.000,47.526666666666664,4518.2478472222228,"Actual"
"VIC",2021-11-18 00:00:00.000,-0.25031249999999261,4368.7836458333331,"Actual"
"VIC",2021-11-19 00:00:00.000,69.319340277777783,4439.3766319444439,"Actual"
"VIC",2021-11-20 00:00:00.000,41.958437500000009,3912.0388541666666,"Actual"
"VIC",2021-11-21 00:00:00.000,0.53277777777773139,3615.265868055556,"Actual"
"VIC",2021-11-22 00:00:00.000,39.14760416666666,4140.1928819444447,"Actual"
"VIC",2021-11-23 00:00:00.000,47.951770833333327,4491.8690972222221,"Actual"
"VIC",2021-11-24 00:00:00.000,70.387916666666655,4621.4276388888884,"Actual"
"VIC",2021-11-25 00:00:00.000,54.788333333333334,4700.0333333333328,"Actual"
"VIC",2021-11-26 00:00:00.000,-2.458993055555549,4153.5819444444442,"Actual"
"VIC",2021-11-27 00:00:00.000,7.4264930555555111,3465.3924305555552,"Actual"
"VIC",2021-11-28 00:00:00.000,37.713020833333331,3467.5691319444454,"Actual"
"VIC",2021-11-29 00:00:00.000,70.946909722222216,4390.371215277778,"Actual"
"VIC",2021-11-30 00:00:00.000,67.204479166666658,4909.7179166666665,"Actual"
"VIC",2021-12-01 00:00:00.000,63.689687500000005,5072.6552430555557,"Actual"
"VIC",2021-12-02 00:00:00.000,47.97375,5013.1766666666663,"Actual"
"VIC",2021-12-03 00:00:00.000,37.628125,4249.215694444445,"Actual"
"VIC",2021-12-04 00:00:00.000,6.1210416666667413,3842.749375,"Actual"
"VIC",2021-12-05 00:00:00.000,18.876944444444426,3633.3525347222226,"Actual"
"VIC",2021-12-06 00:00:00.000,36.468854166666667,4451.5027777777777,"Actual"
"VIC",2021-12-07 00:00:00.000,50.749270833333341,4714.3680902777778,"Actual"
"VIC",2021-12-08 00:00:00.000,25.440451388888974,4265.956215277778,"Actual"
"VIC",2021-12-09 00:00:00.000,34.2989236111111,4678.3135416666664,"Actual"
"VIC",2021-12-10 00:00:00.000,45.751909722222237,4264.3969444444447,"Actual"
"VIC",2021-12-11 00:00:00.000,46.380069444444509,3823.8605902777781,"Actual"
"VIC",2021-12-12 00:00:00.000,30.000694444444488,3801.3195138888896,"Actual"
"VIC",2021-12-13 00:00:00.000,45.738472222222214,4858.9905902777773,"Actual"
"VIC",2021-12-14 00:00:00.000,55.221145833333324,4621.5854166666668,"Actual"
"VIC",2021-12-15 00:00:00.000,75.214409722222214,4833.6686458333334,"Actual"
"VIC",2021-12-16 00:00:00.000,52.957986111111168,4237.1250694444443,"Actual"
"VIC",2021-12-17 00:00:00.000,54.891527777777782,4633.9203472222225,"Actual"
"VIC",2021-12-18 00:00:00.000,32.3267361111111,4463.1277777777777,"Actual"
"VIC",2021-12-19 00:00:00.000,6.6802083333333968,3911.5857291666671,"Actual"
"VIC",2021-12-20 00:00:00.000,8.86302083333335,4046.5356944444443,"Actual"
"VIC",2021-12-21 00:00:00.000,42.187708333333347,4243.7267361111108,"Actual"
"VIC",2021-12-22 00:00:00.000,45.213993055555541,4200.3822222222216,"Actual"
"VIC",2021-12-23 00:00:00.000,40.756458333333306,3994.1249305555552,"Actual"
"VIC",2021-12-24 00:00:00.000,29.376562500000006,4066.4613194444446,"Actual"
"VIC",2021-12-25 00:00:00.000,-3.2221527777776231,3446.626423611111,"Actual"
"VIC",2021-12-26 00:00:00.000,-24.173888888888929,3277.115763888889,"Actual"
"VIC",2021-12-27 00:00:00.000,-23.518194444444493,3266.1170138888883,"Actual"
"VIC",2021-12-28 00:00:00.000,-3.2935763888888907,3333.9484722222214,"Actual"
"VIC",2021-12-29 00:00:00.000,26.780000000000005,3838.6131597222225,"Actual"
"VIC",2021-12-30 00:00:00.000,40.144895833333308,4503.6246875,"Actual"
"VIC",2021-12-31 00:00:00.000,53.479027777777752,5246.9142708333329,"Actual"
"VIC",2022-01-01 00:00:00.000,68.822777777777816,4949.3768055555556,"Actual"
"VIC",2022-01-02 00:00:00.000,44.969097222222246,4480.7788541666669,"Actual"
"VIC",2022-01-03 00:00:00.000,0.37892361111104833,3652.5789930555557,"Actual"
"VIC",2022-01-04 00:00:00.000,13.318472222222226,4216.6310069444444,"Actual"
"VIC",2022-01-05 00:00:00.000,23.953993055555557,4471.3320833333337,"Actual"
"VIC",2022-01-06 00:00:00.000,41.880833333333314,4847.4033680555558,"Actual"
"VIC",2022-01-07 00:00:00.000,50.64597222222222,4814.5730902777777,"Actual"
"VIC",2022-01-08 00:00:00.000,38.465243055555533,4098.045625,"Actual"
"VIC",2022-01-09 00:00:00.000,42.982777777777784,3902.1634375000003,"Actual"
"VIC",2022-01-10 00:00:00.000,70.265381944444442,4912.2151041666666,"Actual"
"VIC",2022-01-11 00:00:00.000,47.042083333333352,4890.4122569444444,"Actual"
"VIC",2022-01-12 00:00:00.000,12.722256944444247,4971.0857638888892,"Actual"
"VIC",2022-01-13 00:00:00.000,27.090729166666687,5353.1181944444443,"Actual"
"VIC",2022-01-14 00:00:00.000,75.2484375,5669.7136111111113,"Actual"
"VIC",2022-01-15 00:00:00.000,47.089479166666692,4454.4770833333332,"Actual"
"VIC",2022-01-16 00:00:00.000,50.204895833333325,4636.5377083333333,"Actual"
"VIC",2022-01-17 00:00:00.000,59.121076388888888,4801.2686111111116,"Actual"
"VIC",2022-01-18 00:00:00.000,9.96434027777778,4346.8986458333329,"Actual"
"VIC",2022-01-19 00:00:00.000,-13.972569444444424,4298.8737152777776,"Actual"
"VIC",2022-01-20 00:00:00.000,17.31475694444444,4662.524375,"Actual"
"VIC",2022-01-21 00:00:00.000,30.411423611111061,5072.155069444445,"Actual"
"VIC",2022-01-22 00:00:00.000,37.643958333333387,4941.2870138888884,"Actual"
"VIC",2022-01-23 00:00:00.000,52.328125000000036,5144.5439236111115,"Actual"
"VIC",2022-01-24 00:00:00.000,84.727951388888883,6050.8103472222219,"Actual"
"VIC",2022-01-25 00:00:00.000,111.20322916666666,6180.589965277778,"Actual"
"VIC",2022-01-26 00:00:00.000,97.426111111111112,5775.8145833333338,"Actual"
"VIC",2022-01-27 00:00:00.000,78.52673611111112,6183.3957986111109,"Actual"
"VIC",2022-01-28 00:00:00.000,98.128263888888867,5986.7907638888892,"Actual"
"VIC",2022-01-29 00:00:00.000,35.504999999999995,4397.5019791666673,"Actual"
"VIC",2022-01-30 00:00:00.000,72.5659027777778,4710.651493055555,"Actual"
"VIC",2022-01-31 00:00:00.000,459.49868055555532,6082.312708333332,"Actual"
"VIC",2022-02-01 00:00:00.000,28.966875000000009,4768.1091319444449,"Actual"
"VIC",2022-02-02 00:00:00.000,25.721979166666664,4303.8961805555555,"Actual"
"VIC",2022-02-03 00:00:00.000,38.17062500000003,4337.313923611111,"Actual"
"VIC",2022-02-04 00:00:00.000,31.53715277777777,4121.7063888888888,"Actual"
"VIC",2022-02-05 00:00:00.000,29.999374999999979,3860.0651736111108,"Actual"
"VIC",2022-02-06 00:00:00.000,24.217222222222137,3849.3104513888893,"Actual"
"VIC",2022-02-07 00:00:00.000,66.110625,4641.6198263888891,"Actual"
"VIC",2022-02-08 00:00:00.000,72.909861111111113,4959.4908680555554,"Actual"
"VIC",2022-02-09 00:00:00.000,86.960416666666674,4974.4671180555551,"Actual"
"VIC",2022-02-10 00:00:00.000,62.674791666666664,4614.938125,"Actual"
"VIC",2022-02-11 00:00:00.000,24.470451388888904,4223.6401388888889,"Actual"
"VIC",2022-02-12 00:00:00.000,40.006666666666682,4135.1471875000007,"Actual"
"VIC",2022-02-13 00:00:00.000,39.057847222222236,4563.7178472222222,"Actual"
"VIC",2022-02-14 00:00:00.000,90.5112847222222,5337.3343402777773,"Actual"
"VIC",2022-02-15 00:00:00.000,94.320381944444449,4859.467326388889,"Actual"
"VIC",2022-02-16 00:00:00.000,112.08003472222222,5016.3536111111107,"Actual"
"VIC",2022-02-17 00:00:00.000,63.263368055555546,4555.6142708333336,"Actual"
"VIC",2022-02-18 00:00:00.000,43.609583333333326,4289.4232291666667,"Actual"
"VIC",2022-02-19 00:00:00.000,53.162118055555553,3884.0030208333333,"Actual"
"VIC",2022-02-20 00:00:00.000,42.509340277777731,3879.2590972222224,"Actual"
"VIC",2022-02-21 00:00:00.000,22.730069444444368,4258.1610069444441,"Actual"
"VIC",2022-02-22 00:00:00.000,47.795104166666661,4370.3657291666668,"Actual"
"VIC",2022-02-23 00:00:00.000,88.952743055555516,5225.1540277777776,"Actual"
"VIC",2022-02-24 00:00:00.000,84.6940625,5046.3276388888889,"Actual"
"VIC",2022-02-25 00:00:00.000,33.175902777777786,4442.9707291666664,"Actual"
"VIC",2022-02-26 00:00:00.000,32.844166666666673,4292.3684027777781,"Actual"
"VIC",2022-02-27 00:00:00.000,67.591770833333328,4323.8625694444445,"Actual"
"VIC",2022-02-28 00:00:00.000,68.747256944444445,4919.100138888889,"Actual"
"VIC",2022-03-01 00:00:00.000,92.865555555555574,5194.9290625,"Actual"
"VIC",2022-03-02 00:00:00.000,72.958229166666669,5288.1313541666668,"Actual"
"VIC",2022-03-03 00:00:00.000,77.405277777777769,5488.5232986111114,"Actual"
"VIC",2022-03-04 00:00:00.000,89.744652777777773,5688.966388888889,"Actual"
"VIC",2022-03-05 00:00:00.000,14.852048611111059,4454.08125,"Actual"
"VIC",2022-03-06 00:00:00.000,-26.465451388888887,3989.5818055555555,"Actual"
"VIC",2022-03-07 00:00:00.000,21.961493055555554,4535.6389930555561,"Actual"
"VIC",2022-03-08 00:00:00.000,-11.118333333333339,4350.7944444444447,"Actual"
"VIC",2022-03-09 00:00:00.000,-6.8868749999999945,4206.5392361111108,"Actual"
"VIC",2022-03-10 00:00:00.000,37.268784722222222,4331.7409722222219,"Actual"
"VIC",2022-03-11 00:00:00.000,66.052916666666675,4513.1218055555555,"Actual"
"VIC",2022-03-12 00:00:00.000,37.449062499999933,3963.2448611111113,"Actual"
"VIC",2022-03-13 00:00:00.000,38.638506944444437,4181.5235416666665,"Actual"
"VIC",2022-03-14 00:00:00.000,48.146006944444444,4370.2072222222223,"Actual"
"VIC",2022-03-15 00:00:00.000,70.932708333333338,5005.8918402777781,"Actual"
"VIC",2022-03-16 00:00:00.000,59.684444444444374,4832.5059027777779,"Actual"
"VIC",2022-03-17 00:00:00.000,100.88711805555553,5101.25875,"Actual"
"VIC",2022-03-18 00:00:00.000,64.837569444444426,4758.9096875000005,"Actual"
"VIC",2022-03-19 00:00:00.000,58.25263888888891,4364.790625,"Actual"
"VIC",2022-03-20 00:00:00.000,79.062361111111073,4365.8400694444445,"Actual"
"VIC",2022-03-21 00:00:00.000,110.951875,5037.6877777777781,"Actual"
"VIC",2022-03-22 00:00:00.000,100.13680555555555,5050.8849305555559,"Actual"
"VIC",2022-03-23 00:00:00.000,36.762673611111126,4568.0590625,"Actual"
"VIC",2022-03-24 00:00:00.000,53.406250000000028,4629.1347916666664,"Actual"
"VIC",2022-03-25 00:00:00.000,41.546875000000014,4636.5298611111111,"Actual"
"VIC",2022-03-26 00:00:00.000,60.603263888888911,4138.7484027777782,"Actual"
"VIC",2022-03-27 00:00:00.000,59.804895833333376,4144.8748958333335,"Actual"
"VIC",2022-03-28 00:00:00.000,91.649826388888883,4767.1498263888889,"Actual"
"VIC",2022-03-29 00:00:00.000,89.657743055555557,4850.3487847222223,"Actual"
"VIC",2022-03-30 00:00:00.000,46.032083333333304,4492.8588194444446,"Actual"
"VIC",2022-03-31 00:00:00.000,21.269479166666663,4373.7644097222219,"Actual"
"VIC",2022-04-01 00:00:00.000,21.523472222222217,4338.8866666666663,"Actual"
"VIC",2022-04-02 00:00:00.000,96.266736111111115,4353.0429166666663,"Actual"
"VIC",2022-04-03 00:00:00.000,173.31687499999998,4312.6193402777781,"Actual"
"VIC",2022-04-04 00:00:00.000,242.0092013888889,4857.9456944444446,"Actual"
"VIC",2022-04-05 00:00:00.000,238.91513888888889,4724.1040625,"Actual"
"VIC",2022-04-06 00:00:00.000,202.89576388888887,4705.0695486111108,"Actual"
"VIC",2022-04-07 00:00:00.000,115.87923611111111,4574.4448958333332,"Actual"
"VIC",2022-04-08 00:00:00.000,171.66711805555556,4681.4859027777775,"Actual"
"VIC",2022-04-09 00:00:00.000,56.951701388888964,4331.804930555556,"Actual"
"VIC",2022-04-10 00:00:00.000,50.397916666666646,4010.3262847222222,"Actual"
"VIC",2022-04-11 00:00:00.000,132.92319444444439,4751.092083333333,"Actual"
"VIC",2022-04-12 00:00:00.000,123.18420138888888,4798.7366666666667,"Actual"
"VIC",2022-04-13 00:00:00.000,111.01465277777778,4612.5330208333335,"Actual"
"VIC",2022-04-14 00:00:00.000,130.01840277777779,4616.1279861111107,"Actual"
"VIC",2022-04-15 00:00:00.000,113.01513888888888,4094.5902430555552,"Actual"
"VIC",2022-04-16 00:00:00.000,102.96295138888891,3934.6610763888893,"Actual"
"VIC",2022-04-17 00:00:00.000,27.922465277777771,3687.8994791666669,"Actual"
"VIC",2022-04-18 00:00:00.000,183.75944444444437,4431.1174652777781,"Actual"
"VIC",2022-04-19 00:00:00.000,192.19864583333333,4949.1502777777778,"Actual"
"VIC",2022-04-20 00:00:00.000,172.30395833333333,4753.6613194444444,"Actual"
"VIC",2022-04-21 00:00:00.000,212.90465277777776,4908.6316666666671,"Actual"
"VIC",2022-04-22 00:00:00.000,116.39256944444442,4575.8793055555552,"Actual"
"VIC",2022-04-23 00:00:00.000,107.12121527777779,4171.0129861111109,"Actual"
"VIC",2022-04-24 00:00:00.000,105.76461805555556,4141.8960069444447,"Actual"
"VIC",2022-04-25 00:00:00.000,129.9701388888889,4126.4886111111109,"Actual"
"VIC",2022-04-26 00:00:00.000,195.48666666666668,4642.1920833333334,"Actual"
"VIC",2022-04-27 00:00:00.000,222.8377777777778,4801.855590277778,"Actual"
"VIC",2022-04-28 00:00:00.000,194.02315972222223,4857.6246527777776,"Actual"
"VIC",2022-04-29 00:00:00.000,198.91885416666673,4752.6290972222223,"Actual"
"VIC",2022-04-30 00:00:00.000,102.15121527777781,4196.4749305555561,"Actual"
"VIC",2022-05-01 00:00:00.000,146.62909722222221,4228.5914930555555,"Actual"
"VIC",2022-05-02 00:00:00.000,156.3353125,4739.258125,"Actual"
"VIC",2022-05-03 00:00:00.000,56.958993055555538,4608.2859375,"Actual"
"VIC",2022-05-04 00:00:00.000,194.18322916666665,5176.7042708333329,"Actual"
"VIC",2022-05-05 00:00:00.000,242.79788194444444,5347.5995486111115,"Actual"
"VIC",2022-05-06 00:00:00.000,242.68399305555553,5490.3208680555554,"Actual"
"VIC",2022-05-07 00:00:00.000,139.81114583333334,4996.9621875,"Actual"
"VIC",2022-05-08 00:00:00.000,216.45430555555555,4746.1481597222219,"Actual"
"VIC",2022-05-09 00:00:00.000,273.25694444444446,5270.3509375,"Actual"
"VIC",2022-05-10 00:00:00.000,230.94555555555559,5266.1471180555554,"Actual"
"VIC",2022-05-11 00:00:00.000,267.36663194444452,5341.6347222222221,"Actual"
"VIC",2022-05-12 00:00:00.000,319.52368055555559,5223.6289236111106,"Actual"
"VIC",2022-05-13 00:00:00.000,322.27548611111109,5249.8135763888886,"Actual"
"VIC",2022-05-14 00:00:00.000,204.03104166666668,4632.2876041666668,"Actual"
"VIC",2022-05-15 00:00:00.000,79.249340277777691,4108.7624305555555,"Actual"
"VIC",2022-05-16 00:00:00.000,165.54496527777775,5066.3535416666664,"Actual"
"VIC",2022-05-17 00:00:00.000,177.18447916666665,5286.462361111111,"Actual"
"VIC",2022-05-18 00:00:00.000,154.66392361111104,5218.9609722222222,"Actual"
"VIC",2022-05-19 00:00:00.000,276.10135416666668,5596.0482291666667,"Actual"
"VIC",2022-05-20 00:00:00.000,231.09048611111106,5414.678263888889,"Actual"
"VIC",2022-05-21 00:00:00.000,231.33027777777775,4887.128784722222,"Actual"
"VIC",2022-05-22 00:00:00.000,265.65059027777778,4889.4522916666665,"Actual"
"VIC",2022-05-23 00:00:00.000,304.03704861111106,5416.7324305555558,"Actual"
"VIC",2022-05-24 00:00:00.000,277.11892361111114,5323.3902430555554,"Actual"
"VIC",2022-05-25 00:00:00.000,251.34006944444445,5309.1315972222219,"Actual"
"VIC",2022-05-26 00:00:00.000,306.07534722222221,5557.5277430555561,"Actual"
"VIC",2022-05-27 00:00:00.000,352.59333333333336,5444.6090277777776,"Actual"
"VIC",2022-05-28 00:00:00.000,320.35375,5008.7472916666666,"Actual"
"VIC",2022-05-29 00:00:00.000,287.8846875,5007.7089236111105,"Actual"
"VIC",2022-05-30 00:00:00.000,325.72895833333342,6161.299722222222,"Actual"
"VIC",2022-05-31 00:00:00.000,223.7906597222223,5995.6634374999994,"Actual"
"VIC",2022-06-01 00:00:00.000,367.37968750000005,6205.74173611111,"Actual"
"VIC",2022-06-02 00:00:00.000,630.67423611111121,6083.5188194444445,"Actual"
"VIC",2022-06-03 00:00:00.000,370.38802083333337,5899.5517708333336,"Actual"
"VIC",2022-06-04 00:00:00.000,213.85458333333349,5084.4168402777777,"Actual"
"VIC",2022-06-05 00:00:00.000,169.23736111111117,5099.9776736111107,"Actual"
"VIC",2022-06-06 00:00:00.000,227.29763888888897,5814.585243055556,"Actual"
"VIC",2022-06-07 00:00:00.000,290.46045138888894,6055.8426041666662,"Actual"
"VIC",2022-06-08 00:00:00.000,382.96003472222219,5998.1169444444449,"Actual"
"VIC",2022-06-09 00:00:00.000,243.43211805555558,5879.4678124999991,"Actual"
"VIC",2022-06-10 00:00:00.000,273.94409722222224,5718.3073611111113,"Actual"
"VIC",2022-06-11 00:00:00.000,193.93875000000043,5293.8684722222224,"Actual"
"VIC",2022-06-12 00:00:00.000,317.20194444444439,4967.523194444444,"Actual"
"VIC",2022-06-13 00:00:00.000,672.66743055555571,5278.3507291666665,"Actual"
"VIC",2022-06-14 00:00:00.000,229.83815972222226,5795.0167361111107,"Actual"
"VIC",2022-06-15 00:00:00.000,183.20083333333338,5748.5905555555555,"Actual"
"VIC",2022-06-16 00:00:00.000,227.21371527777777,5653.0558333333329,"Actual"
"VIC",2022-06-17 00:00:00.000,234.8384375,5725.9560416666664,"Actual"
"VIC",2022-06-18 00:00:00.000,196.03746527777781,5137.6565625,"Actual"
"VIC",2022-06-19 00:00:00.000,199.30013888888885,4936.9557986111113,"Actual"
"VIC",2022-06-20 00:00:00.000,230.9673611111111,5409.0371875,"Actual"
"VIC",2022-06-21 00:00:00.000,249.45128472222223,5588.6948263888889,"Actual"
"VIC",2022-06-22 00:00:00.000,252.44756944444444,5823.0719444444439,"Actual"
"VIC",2022-06-23 00:00:00.000,198.80895833333341,5425.653125,"Actual"
"VIC",2022-06-24 00:00:00.000,265.23739583333349,5423.9590625,"Actual"
"VIC",2022-06-25 00:00:00.000,207.10444444444445,4826.3496527777779,"Actual"
"VIC",2022-06-26 00:00:00.000,243.60027777777773,5105.3743402777773,"Actual"
"VIC",2022-06-27 00:00:00.000,495.34114583333331,5985.8166319444445,"Actual"
"VIC",2022-06-28 00:00:00.000,372.18531249999995,5929.2623611111112,"Actual"
"VIC",2022-06-29 00:00:00.000,323.980173611111,6042.9476041666667,"Actual"
"VIC",2022-06-30 00:00:00.000,430.84458333333339,5858.7930208333337,"Actual"
"VIC",2022-07-01 00:00:00.000,434.06350694444444,5879.575277777778,"Actual"
"VIC",2022-07-02 00:00:00.000,377.69204861111109,5283.7572916666668,"Actual"
"VIC",2022-07-03 00:00:00.000,225.24100694444445,5129.8457986111107,"Actual"
"VIC",2022-07-04 00:00:00.000,191.72010416666666,5558.3346527777776,"Actual"
"VIC",2022-07-05 00:00:00.000,270.94788194444442,5552.1783333333333,"Actual"
"VIC",2022-07-06 00:00:00.000,434.61177083333337,5725.7324305555558,"Actual"
"VIC",2022-07-07 00:00:00.000,306.30208333333343,5650.4783333333335,"Actual"
"VIC",2022-07-08 00:00:00.000,275.40781250000003,5731.7765625,"Actual"
"VIC",2022-07-09 00:00:00.000,453.05666666666667,5338.0494097222227,"Actual"
"VIC",2022-07-10 00:00:00.000,324.17031249999997,5041.1128125,"Actual"
"VIC",2022-07-11 00:00:00.000,359.72420138888907,5766.056076388888,"Actual"
"VIC",2022-07-12 00:00:00.000,678.946076388889,6262.7984722222218,"Actual"
"VIC",2022-07-13 00:00:00.000,504.12184027777778,5949.1125347222223,"Actual"
"VIC",2022-07-14 00:00:00.000,766.31204861111053,6129.9584722222226,"Actual"
"VIC",2022-07-15 00:00:00.000,518.35954861111111,5816.1494791666664,"Actual"
"VIC",2022-07-16 00:00:00.000,144.49097222222264,5242.2655208333335,"Actual"
"VIC",2022-07-17 00:00:00.000,117.36024305555554,5008.0118055555558,"Actual"
"VIC",2022-07-18 00:00:00.000,406.10927083333337,6048.2679513888888,"Actual"
"VIC",2022-07-19 00:00:00.000,463.41920138888889,5998.5063194444447,"Actual"
"VIC",2022-07-20 00:00:00.000,437.19079861111112,6129.7154166666669,"Actual"
"VIC",2022-07-21 00:00:00.000,345.2684375,6009.4584375,"Actual"
"VIC",2022-07-22 00:00:00.000,223.2822569444447,5568.4752083333333,"Actual"
"VIC",2022-07-23 00:00:00.000,277.58975694444456,5352.9961805555558,"Actual"
"VIC",2022-07-24 00:00:00.000,227.09076388888874,4693.9621527777781,"Actual"
"VIC",2022-07-25 00:00:00.000,257.66701388888879,5691.1185763888889,"Actual"
"VIC",2022-07-26 00:00:00.000,236.84819444444443,5801.1824305555556,"Actual"
"VIC",2022-07-27 00:00:00.000,309.94399305555555,5697.2001736111115,"Actual"
"VIC",2022-07-28 00:00:00.000,419.26184027777776,5843.4651041666666,"Actual"
"VIC",2022-07-29 00:00:00.000,353.27298611111109,5847.6689930555558,"Actual"
"VIC",2022-07-30 00:00:00.000,125.64812499999996,5005.6641319444452,"Actual"
"VIC",2022-07-31 00:00:00.000,86.281631944444456,4800.2661805555554,"Actual"
"VIC",2022-08-01 00:00:00.000,55.76072916666665,5428.1640277777788,"Actual"
"VIC",2022-08-02 00:00:00.000,27.79423611111114,5209.0239236111111,"Actual"
"VIC",2022-08-03 00:00:00.000,-18.469583333333347,4838.4257638888885,"Actual"
"VIC",2022-08-04 00:00:00.000,0.61013888888886258,4888.8952777777777,"Actual"
"VIC",2022-08-05 00:00:00.000,60.590833333333329,5438.5670138888891,"Actual"
"VIC",2022-08-06 00:00:00.000,142.77878472222221,5129.0204861111115,"Actual"
"VIC",2022-08-07 00:00:00.000,191.28413194444443,4912.3201388888892,"Actual"
"VIC",2022-08-08 00:00:00.000,304.53927083333338,5616.1740625,"Actual"
"VIC",2022-08-09 00:00:00.000,236.82378472222217,5787.0616319444443,"Actual"
"VIC",2022-08-10 00:00:00.000,143.84618055555558,5879.460625,"Actual"
"VIC",2022-08-11 00:00:00.000,122.69270833333329,5679.3815277777776,"Actual"
"VIC",2022-08-12 00:00:00.000,167.76659722222223,5745.776284722222,"Actual"
"VIC",2022-08-13 00:00:00.000,125.87118055555513,4927.8421527777782,"Actual"
"VIC",2022-08-14 00:00:00.000,70.3276736111112,4979.7520833333338,"Actual"
"VIC",2022-08-15 00:00:00.000,87.179583333333426,5318.0456944444441,"Actual"
"VIC",2022-08-16 00:00:00.000,153.60461805555559,5401.795451388889,"Actual"
"VIC",2022-08-17 00:00:00.000,120.90121527777777,5484.1552083333336,"Actual"
"VIC",2022-08-18 00:00:00.000,104.07048611111112,5539.6897916666667,"Actual"
"VIC",2022-08-19 00:00:00.000,86.756631944444464,5027.4254513888891,"Actual"
"VIC",2022-08-20 00:00:00.000,173.86420138888892,4812.8699652777777,"Actual"
"VIC",2022-08-21 00:00:00.000,133.50131944444433,4557.0301388888893,"Actual"
"VIC",2022-08-22 00:00:00.000,110.4391319444444,5256.7609027777771,"Actual"
"VIC",2022-08-23 00:00:00.000,148.22187499999995,5394.5893750000005,"Actual"
"VIC",2022-08-24 00:00:00.000,152.97444444444449,5731.8952777777777,"Actual"
"VIC",2022-08-25 00:00:00.000,227.99350694444448,5533.2959722222222,"Actual"
"VIC",2022-08-26 00:00:00.000,229.81430555555556,5626.0246180555559,"Actual"
"VIC",2022-08-27 00:00:00.000,98.4031597222224,4538.6010416666668,"Actual"
"VIC",2022-08-28 00:00:00.000,0.46437500000011767,4163.1825,"Actual"
"VIC",2022-08-29 00:00:00.000,65.309548611111111,5323.5445833333324,"Actual"
"VIC",2022-08-30 00:00:00.000,106.13118055555556,5611.1363888888882,"Actual"
"VIC",2022-08-31 00:00:00.000,119.29916666666665,5176.2187847222222,"Actual"
"VIC",2022-09-01 00:00:00.000,158.61670138888888,5587.039375,"Actual"
"VIC",2022-09-02 00:00:00.000,124.42364583333335,5254.8817361111114,"Actual"
"VIC",2022-09-03 00:00:00.000,112.95611111111117,4761.7832291666673,"Actual"
"VIC",2022-09-04 00:00:00.000,125.0494791666667,4820.4070138888892,"Actual"
"VIC",2022-09-05 00:00:00.000,186.09180555555554,5064.5831597222223,"Actual"
"VIC",2022-09-06 00:00:00.000,203.82270833333334,5177.1719791666665,"Actual"
"VIC",2022-09-07 00:00:00.000,139.94871527777778,4872.5173263888892,"Actual"
"VIC",2022-09-08 00:00:00.000,107.53920138888893,5307.9466319444437,"Actual"
"VIC",2022-09-09 00:00:00.000,107.96010416666685,4818.963784722222,"Actual"
"VIC",2022-09-10 00:00:00.000,45.165381944444192,4433.4597222222219,"Actual"
"VIC",2022-09-11 00:00:00.000,64.791840277777709,4514.5264236111116,"Actual"
"VIC",2022-09-12 00:00:00.000,154.6045138888889,5277.298125,"Actual"
"VIC",2022-09-13 00:00:00.000,170.12770833333329,5490.4940277777778,"Actual"
"VIC",2022-09-14 00:00:00.000,23.490763888888921,4895.6281944444445,"Actual"
"VIC",2022-09-15 00:00:00.000,161.61569444444447,5199.0215972222222,"Actual"
"VIC",2022-09-16 00:00:00.000,94.585833333333369,5029.5461111111117,"Actual"
"VIC",2022-09-17 00:00:00.000,2.1027430555555569,4845.506145833333,"Actual"
"VIC",2022-09-18 00:00:00.000,27.932847222222222,4626.2788541666669,"Actual"
"VIC",2022-09-19 00:00:00.000,125.47420138888887,5137.6949652777776,"Actual"
"VIC",2022-09-20 00:00:00.000,51.215833333333251,4633.5612847222228,"Actual"
"VIC",2022-09-21 00:00:00.000,142.1018402777778,5021.5688541666668,"Actual"
"VIC",2022-09-22 00:00:00.000,132.96881944444451,4154.107013888889,"Actual"
"VIC",2022-09-23 00:00:00.000,114.42979166666663,4517.0423958333331,"Actual"
"VIC",2022-09-24 00:00:00.000,55.6223958333331,4073.6052083333334,"Actual"
"VIC",2022-09-25 00:00:00.000,93.9524652777777,4038.8536805555573,"Actual"
"VIC",2022-09-26 00:00:00.000,165.23125,5205.9942708333338,"Actual"
"VIC",2022-09-27 00:00:00.000,148.73812499999997,5149.0146180555557,"Actual"
"VIC",2022-09-28 00:00:00.000,99.1796527777778,4856.154826388889,"Actual"
"VIC",2022-09-29 00:00:00.000,117.12718750000002,4783.3498263888887,"Actual"
"VIC",2022-09-30 00:00:00.000,96.331006944444482,4500.9213541666668,"Actual"
"VIC",2022-10-01 00:00:00.000,98.884270833333332,3968.7472222222223,"Actual"
"VIC",2022-10-02 00:00:00.000,99.562708333333163,3848.9568055555555,"Actual"
"VIC",2022-10-03 00:00:00.000,126.71357638888892,4576.0815625000005,"Actual"
"VIC",2022-10-04 00:00:00.000,111.7004861111111,4676.5059027777779,"Actual"
"VIC",2022-10-05 00:00:00.000,108.10208333333328,5196.5761458333327,"Actual"
"VIC",2022-10-06 00:00:00.000,106.96840277777778,4725.5329861111113,"Actual"
"VIC",2022-10-07 00:00:00.000,142.53652777777768,4756.4840972222219,"Actual"
"VIC",2022-10-08 00:00:00.000,113.63934027777778,4095.2710416666664,"Actual"
"VIC",2022-10-09 00:00:00.000,156.74701388888889,4237.317708333333,"Actual"
"VIC",2022-10-10 00:00:00.000,161.39336805555581,4584.9345833333336,"Actual"
"VIC",2022-10-11 00:00:00.000,80.497013888888944,4477.3174305555558,"Actual"
"VIC",2022-10-12 00:00:00.000,137.79795138888895,4901.8256597222216,"Actual"
"VIC",2022-10-13 00:00:00.000,177.60128472222223,5374.69,"Actual"
"VIC",2022-10-14 00:00:00.000,37.204201388888855,4529.4776388888886,"Actual"
"VIC",2022-10-15 00:00:00.000,117.4684722222222,4123.3775694444439,"Actual"
"VIC",2022-10-16 00:00:00.000,107.09239583333346,3962.1327430555552,"Actual"
"VIC",2022-10-17 00:00:00.000,112.76645833333336,4446.2098263888893,"Actual"
"VIC",2022-10-18 00:00:00.000,155.48920138888889,4636.8756597222218,"Actual"
"VIC",2022-10-19 00:00:00.000,73.678680555555573,4239.8204166666665,"Actual"
"VIC",2022-10-20 00:00:00.000,69.425972222222228,4186.5493750000005,"Actual"
"VIC",2022-10-21 00:00:00.000,138.28725694444447,4592.5330555555556,"Actual"
"VIC",2022-10-22 00:00:00.000,111.21496527777779,4236.0979513888888,"Actual"
"VIC",2022-10-23 00:00:00.000,41.050069444444446,3769.1518402777774,"Actual"
"VIC",2022-10-24 00:00:00.000,76.723645833333265,4603.6533333333336,"Actual"
"VIC",2022-10-25 00:00:00.000,176.24701388888889,4650.3452430555553,"Actual"
"VIC",2022-10-26 00:00:00.000,145.54385416666668,4667.2874652777773,"Actual"
"VIC",2022-10-27 00:00:00.000,13.720451388888975,4628.3369444444443,"Actual"
"VIC",2022-10-28 00:00:00.000,9.24822916666665,4884.7421180555557,"Actual"
"VIC",2022-10-29 00:00:00.000,54.873958333333384,4211.6232986111117,"Actual"
"VIC",2022-10-30 00:00:00.000,0.164687499999701,3748.671631944444,"Actual"
"VIC",2022-10-31 00:00:00.000,3.6773611111111357,4311.4943055555559,"Actual"
"VIC",2022-11-01 00:00:00.000,-2.6665624999999551,4425.9486805555553,"Actual"
"VIC",2022-11-02 00:00:00.000,-1.1780902777777698,4870.8373958333332,"Actual"
"VIC",2022-11-03 00:00:00.000,65.288888888888891,4908.3304166666667,"Actual"
"VIC",2022-11-04 00:00:00.000,113.1542361111111,4686.4158680555556,"Actual"
"VIC",2022-11-05 00:00:00.000,71.208229166666712,3941.3365625000006,"Actual"
"VIC",2022-11-06 00:00:00.000,60.788819444444464,3702.9648263888885,"Actual"
"VIC",2022-11-07 00:00:00.000,100.66670138888888,4396.9759722222225,"Actual"
"VIC",2022-11-08 00:00:00.000,86.495034722222229,4483.1070486111112,"Actual"
"VIC",2022-11-09 00:00:00.000,26.248958333333263,4508.4324652777777,"Actual"
"VIC",2022-11-10 00:00:00.000,38.745173611111113,4634.0050694444444,"Actual"
"VIC",2022-11-11 00:00:00.000,112.61170138888889,4671.5895138888891,"Actual"
"VIC",2022-11-12 00:00:00.000,51.649618055555521,3925.6843402777777,"Actual"
"VIC",2022-11-13 00:00:00.000,33.029826388888878,3880.0133333333333,"Actual"
"VIC",2022-11-14 00:00:00.000,7.3665625000001569,4380.129722222222,"Actual"
"VIC",2022-11-15 00:00:00.000,105.57451388888883,4637.7946527777776,"Actual"
"VIC",2022-11-16 00:00:00.000,131.22506944444444,4790.9789583333331,"Actual"
"VIC",2022-11-17 00:00:00.000,145.44437499999998,4785.7568402777779,"Actual"
"VIC",2022-11-18 00:00:00.000,38.370312500000004,4200.9631597222224,"Actual"
"VIC",2022-11-19 00:00:00.000,3.8536458333333385,4030.9221875,"Actual"
"VIC",2022-11-20 00:00:00.000,-52.003923611111119,3548.8835416666666,"Actual"
"VIC",2022-11-21 00:00:00.000,-11.251944444444437,4618.2368402777774,"Actual"
"VIC",2022-11-22 00:00:00.000,0.20152777777778041,4724.775,"Actual"
"VIC",2022-11-23 00:00:00.000,89.176944444444587,4541.5201388888891,"Actual"
"VIC",2022-11-24 00:00:00.000,147.99489583333335,4517.3498263888887,"Actual"
"VIC",2022-11-25 00:00:00.000,121.69361111111115,4269.931875,"Actual"
"VIC",2022-11-26 00:00:00.000,3.09680555555569,3745.536215277777,"Actual"
"VIC",2022-11-27 00:00:00.000,27.878090277777815,3659.3382291666667,"Actual"
"VIC",2022-11-28 00:00:00.000,79.919166666666442,4240.2347222222224,"Actual"
"VIC",2022-11-29 00:00:00.000,86.780902777777769,4152.5335069444445,"Actual"
"VIC",2022-11-30 00:00:00.000,77.228125000000034,4244.5006944444449,"Actual"
"VIC",2022-12-01 00:00:00.000,62.438472222222153,4291.6503819444442,"Actual"
"VIC",2022-12-02 00:00:00.000,80.768159722222265,4222.8093402777777,"Actual"
"VIC",2022-12-03 00:00:00.000,77.927152777777735,4311.6792361111111,"Actual"
"VIC",2022-12-04 00:00:00.000,58.36902777777776,4546.8629861111112,"Actual"
"VIC",2022-12-05 00:00:00.000,20.6902430555554,4462.004375,"Actual"
"VIC",2022-12-06 00:00:00.000,96.8224652777777,4351.704791666667,"Actual"
"VIC",2022-12-07 00:00:00.000,31.839722222222235,4264.3625694444445,"Actual"
"VIC",2022-12-08 00:00:00.000,9.018194444444438,4363.8074305555556,"Actual"
"VIC",2022-12-09 00:00:00.000,50.780590277777783,4241.6253819444446,"Actual"
"VIC",2022-12-10 00:00:00.000,35.148576388888912,3814.6178472222223,"Actual"
"VIC",2022-12-11 00:00:00.000,28.961666666666645,4065.6527083333331,"Actual"
"VIC",2022-12-12 00:00:00.000,-18.707118055555526,4336.3278125,"Actual"
"VIC",2022-12-13 00:00:00.000,-1.1824305555555163,4525.5707638888889,"Actual"
"VIC",2022-12-14 00:00:00.000,-7.4728472222221693,4467.1214583333331,"Actual"
"VIC",2022-12-15 00:00:00.000,-10.171701388888955,4378.9251736111109,"Actual"
"VIC",2022-12-16 00:00:00.000,-5.7193749999999461,4129.7063888888888,"Actual"
"VIC",2022-12-17 00:00:00.000,-24.971527777777805,3594.3295833333332,"Actual"
"VIC",2022-12-18 00:00:00.000,-41.734479166666709,3315.913125,"Actual"
"VIC",2022-12-19 00:00:00.000,5.4730208333333312,4003.0294444444448,"Actual"
"VIC",2022-12-20 00:00:00.000,10.838784722222265,4157.0764236111108,"Actual"
"VIC",2022-12-21 00:00:00.000,66.838090277777781,4471.5581597222226,"Actual"
"VIC",2022-12-22 00:00:00.000,73.936736111111117,4620.2428125,"Actual"
"VIC",2022-12-23 00:00:00.000,57.395277777777764,4283.6461458333333,"Actual"
"VIC",2022-12-24 00:00:00.000,62.768749999999947,3723.3998958333336,"Actual"
"VIC",2022-12-25 00:00:00.000,43.45711805555559,3813.163368055556,"Actual"
"VIC",2022-12-26 00:00:00.000,49.978159722222287,4408.2976736111113,"Actual"
"VIC",2022-12-27 00:00:00.000,31.39076388888887,5355.7463194444445,"Actual"
"VIC",2022-12-28 00:00:00.000,17.714756944444453,4756.2020833333336,"Actual"
"VIC",2022-12-29 00:00:00.000,7.243923611111029,3776.0048611111115,"Actual"
"VIC",2022-12-30 00:00:00.000,43.895381944444487,4077.4038888888886,"Actual"
"VIC",2022-12-31 00:00:00.000,56.075624999999988,4288.8605555555559,"Actual"
"VIC",2023-01-01 00:00:00.000,58.097465277777708,5009.9961458333328,"Actual"
"VIC",2023-01-02 00:00:00.000,45.996527777777757,4729.9671875,"Actual"
"VIC",2023-01-03 00:00:00.000,14.499097222222403,4092.6799305555555,"Actual"
"VIC",2023-01-04 00:00:00.000,-26.509513888888783,4048.8035069444445,"Actual"
"VIC",2023-01-05 00:00:00.000,-16.95552083333331,3886.1278125,"Actual"
"VIC",2023-01-06 00:00:00.000,-28.971388888888924,3779.76,"Actual"
"VIC",2023-01-07 00:00:00.000,13.615972222222222,3921.8086111111111,"Actual"
"VIC",2023-01-08 00:00:00.000,42.151284722222236,4342.554375,"Actual"
"VIC",2023-01-09 00:00:00.000,51.874791666666653,4745.143125,"Actual"
"VIC",2023-01-10 00:00:00.000,46.089479166666713,4396.335243055556,"Actual"
"VIC",2023-01-11 00:00:00.000,112.16440972222222,5156.938125,"Actual"
"VIC",2023-01-12 00:00:00.000,117.14152777777775,5004.8051388888889,"Actual"
"VIC",2023-01-13 00:00:00.000,112.62618055555555,5020.1548611111111,"Actual"
"VIC",2023-01-14 00:00:00.000,82.458993055555553,5440.0805902777774,"Actual"
"VIC",2023-01-15 00:00:00.000,-19.8697916666666,4000.3717361111107,"Actual"
"VIC",2023-01-16 00:00:00.000,95.657500000000084,4906.2357291666667,"Actual"
"VIC",2023-01-17 00:00:00.000,73.174791666666607,6074.7535763888891,"Actual"
"VIC",2023-01-18 00:00:00.000,46.251944444444518,5002.54625,"Actual"
"VIC",2023-01-19 00:00:00.000,-14.663993055555526,4183.9079861111113,"Actual"
"VIC",2023-01-20 00:00:00.000,27.424965277777755,4124.1884027777778,"Actual"
"VIC",2023-01-21 00:00:00.000,30.487534722222229,3884.3755555555554,"Actual"
"VIC",2023-01-22 00:00:00.000,33.929409722222253,3937.0271180555555,"Actual"
"VIC",2023-01-23 00:00:00.000,93.572395833333331,4840.8737152777776,"Actual"
"VIC",2023-01-24 00:00:00.000,88.467256944444486,5018.8143402777778,"Actual"
"VIC",2023-01-25 00:00:00.000,49.087638888888954,4967.0715625,"Actual"
"VIC",2023-01-26 00:00:00.000,20.363263888888923,4095.0706597222224,"Actual"
"VIC",2023-01-27 00:00:00.000,48.5006597222222,4430.1458680555561,"Actual"
"VIC",2023-01-28 00:00:00.000,45.037361111111188,4729.0046527777777,"Actual"
"VIC",2023-01-29 00:00:00.000,115.39024305555556,4574.3460069444445,"Actual"
"VIC",2023-01-30 00:00:00.000,69.512430555555554,4633.3907986111108,"Actual"
"VIC",2023-01-31 00:00:00.000,64.1325347222222,4465.9223958333332,"Actual"
"VIC",2023-02-01 00:00:00.000,55.917847222222292,4493.104409722222,"Actual"
"VIC",2023-02-02 00:00:00.000,6.4142708333334042,4365.3897569444443,"Actual"
"VIC",2023-02-03 00:00:00.000,-8.63204861111111,4238.0417708333334,"Actual"
"VIC",2023-02-04 00:00:00.000,9.01083333333334,3960.4325694444447,"Actual"
"VIC",2023-02-05 00:00:00.000,41.322256944444455,3974.1114583333333,"Actual"
"VIC",2023-02-06 00:00:00.000,62.206250000000026,4369.5004513888889,"Actual"
"VIC",2023-02-07 00:00:00.000,44.50468750000006,4290.333090277778,"Actual"
"VIC",2023-02-08 00:00:00.000,50.988298611111134,4263.2736805555551,"Actual"
"VIC",2023-02-09 00:00:00.000,97.863958333333343,4744.6563194444443,"Actual"
"VIC",2023-02-10 00:00:00.000,88.942534722222234,4887.6771180555552,"Actual"
"VIC",2023-02-11 00:00:00.000,30.845972222222159,4161.4200347222222,"Actual"
"VIC",2023-02-12 00:00:00.000,17.779236111111089,3722.7895138888889,"Actual"
"VIC",2023-02-13 00:00:00.000,50.863715277777857,4278.4485763888888,"Actual"
"VIC",2023-02-14 00:00:00.000,53.719756944444356,4223.6222916666666,"Actual"
"VIC",2023-02-15 00:00:00.000,102.64774305555557,4962.8086458333337,"Actual"
"VIC",2023-02-16 00:00:00.000,216.47913194444436,5870.2809722222219,"Actual"
"VIC",2023-02-17 00:00:00.000,105.10902777777777,6107.5093402777784,"Actual"
"VIC",2023-02-18 00:00:00.000,47.48211805555556,4237.6572569444452,"Actual"
"VIC",2023-02-19 00:00:00.000,58.125069444444371,4181.8301736111116,"Actual"
"VIC",2023-02-20 00:00:00.000,72.456006944444439,4800.7954861111111,"Actual"
"VIC",2023-02-21 00:00:00.000,17.948055555555584,4405.5945833333335,"Actual"
"VIC",2023-02-22 00:00:00.000,52.186736111111109,4766.2324652777779,"Actual"
"VIC",2023-02-23 00:00:00.000,59.442812499999981,5204.7253472222219,"Actual"
"VIC",2023-02-24 00:00:00.000,40.592187500000094,5365.8560416666669,"Actual"
"VIC",2023-02-25 00:00:00.000,76.529618055555559,4812.9395833333328,"Actual"
"VIC",2023-02-26 00:00:00.000,19.456909722222214,4012.1984722222223,"Actual"
"VIC",2023-02-27 00:00:00.000,59.984444444444428,4731.3232638888894,"Actual"
"VIC",2023-02-28 00:00:00.000,94.067743055555553,4905.5636805555559,"Actual"
"VIC",2023-03-01 00:00:00.000,43.357465277777763,4493.5940625,"Actual"
"VIC",2023-03-02 00:00:00.000,63.250312499999993,4713.0873958333332,"Actual"
"VIC",2023-03-03 00:00:00.000,29.95534722222218,4244.9694097222218,"Actual"
"VIC",2023-03-04 00:00:00.000,69.684965277777764,4408.9329166666666,"Actual"
"VIC",2023-03-05 00:00:00.000,32.583715277777806,4376.5871180555559,"Actual"
"VIC",2023-03-06 00:00:00.000,-3.6458680555554537,4296.8479166666666,"Actual"
"VIC",2023-03-07 00:00:00.000,-14.585520833333369,4284.0995833333336,"Actual"
"VIC",2023-03-08 00:00:00.000,23.032291666666687,4343.5490625,"Actual"
"VIC",2023-03-09 00:00:00.000,51.981875000000024,4502.2888888888892,"Actual"
"VIC",2023-03-10 00:00:00.000,64.36322916666667,4530.6265625,"Actual"
"VIC",2023-03-11 00:00:00.000,43.197430555555584,4044.9598611111114,"Actual"
"VIC",2023-03-12 00:00:00.000,37.577430555555594,3943.9912152777774,"Actual"
"VIC",2023-03-13 00:00:00.000,20.463611111111092,3848.7926041666665,"Actual"
"VIC",2023-03-14 00:00:00.000,90.559548611111111,4915.3857638888885,"Actual"
"VIC",2023-03-15 00:00:00.000,99.298368055555557,4936.4503125,"Actual"
"VIC",2023-03-16 00:00:00.000,24.087812499999984,4703.177083333333,"Actual"
"VIC",2023-03-17 00:00:00.000,87.688055555555536,4481.1069444444447,"Actual"
"VIC",2023-03-18 00:00:00.000,10.667256944444418,4379.985798611111,"Actual"
"VIC",2023-03-19 00:00:00.000,52.889791666666675,4201.7784722222223,"Actual"
"VIC",2023-03-20 00:00:00.000,7.0415624999999933,4045.1394444444445,"Actual"
"VIC",2023-03-21 00:00:00.000,99.473541666666677,4840.8603819444443,"Actual"
"VIC",2023-03-22 00:00:00.000,97.7359375,4623.5595138888893,"Actual"
"VIC",2023-03-23 00:00:00.000,100.36229166666669,4710.285,"Actual"
"VIC",2023-03-24 00:00:00.000,73.617430555555586,4524.7755208333328,"Actual"
"VIC",2023-03-25 00:00:00.000,44.204930555555549,3878.4273611111107,"Actual"
"VIC",2023-03-26 00:00:00.000,93.961458333333326,4092.4380555555554,"Actual"
"VIC",2023-03-27 00:00:00.000,149.05270833333333,4902.8582291666662,"Actual"
"VIC",2023-03-28 00:00:00.000,151.16534722222224,4617.8686805555553,"Actual"
"VIC",2023-03-29 00:00:00.000,77.347395833333309,4591.3660416666662,"Actual"
"VIC",2023-03-30 00:00:00.000,100.3510763888889,4476.6674652777783,"Actual"
"VIC",2023-03-31 00:00:00.000,101.86454861111112,4546.1930208333333,"Actual"
"VIC",2023-04-01 00:00:00.000,95.583854166666669,4197.9218402777778,"Actual"
"VIC",2023-04-02 00:00:00.000,97.8048263888889,3917.724201388889,"Actual"
"VIC",2023-04-03 00:00:00.000,106.00885416666669,4539.7463888888888,"Actual"
"VIC",2023-04-04 00:00:00.000,128.44996527777778,4504.9919791666671,"Actual"
"VIC",2023-04-05 00:00:00.000,120.41482638888888,4727.3952083333334,"Actual"
"VIC",2023-04-06 00:00:00.000,88.287500000000009,4614.6923611111115,"Actual"
"VIC",2023-04-07 00:00:00.000,35.416250000000034,4076.0700347222223,"Actual"
"VIC",2023-04-08 00:00:00.000,-6.3471180555555478,3831.6856944444448,"Actual"
"VIC",2023-04-09 00:00:00.000,26.202951388888891,4077.0661805555555,"Actual"
"VIC",2023-04-10 00:00:00.000,69.802812499999987,4407.539375,"Actual"
"VIC",2023-04-11 00:00:00.000,81.499930555555579,4542.4635763888891,"Actual"
"VIC",2023-04-12 00:00:00.000,57.1192708333333,4685.4815625,"Actual"
"VIC",2023-04-13 00:00:00.000,107.56972222222223,4525.3543402777777,"Actual"
"VIC",2023-04-14 00:00:00.000,52.389097222222254,4273.445,"Actual"
"VIC",2023-04-15 00:00:00.000,39.957152777777736,4258.284097222222,"Actual"
"VIC",2023-04-16 00:00:00.000,58.8283333333333,4098.2099652777779,"Actual"
"VIC",2023-04-17 00:00:00.000,120.63829861111111,4710.6794791666671,"Actual"
"VIC",2023-04-18 00:00:00.000,91.153923611111125,4350.2950694444444,"Actual"
"VIC",2023-04-19 00:00:00.000,109.10472222222224,4607.6304861111112,"Actual"
"VIC",2023-04-20 00:00:00.000,128.94770833333334,4749.6452430555555,"Actual"
"VIC",2023-04-21 00:00:00.000,132.8180902777778,4841.1537152777773,"Actual"
"VIC",2023-04-22 00:00:00.000,81.410833333333386,4320.4416666666666,"Actual"
"VIC",2023-04-23 00:00:00.000,64.229236111111121,4069.2964583333332,"Actual"
"VIC",2023-04-24 00:00:00.000,78.576388888888886,4307.5388541666671,"Actual"
"VIC",2023-04-25 00:00:00.000,66.943333333333328,3982.7021527777774,"Actual"
"VIC",2023-04-26 00:00:00.000,14.577222222222268,4390.4639236111107,"Actual"
"VIC",2023-04-27 00:00:00.000,53.26114583333333,4674.5077430555557,"Actual"
"VIC",2023-04-28 00:00:00.000,79.956736111111127,4677.8860069444445,"Actual"
"VIC",2023-04-29 00:00:00.000,153.55246527777777,4402.9250347222223,"Actual"
"VIC",2023-04-30 00:00:00.000,174.09885416666663,4380.7311458333334,"Actual"
"VIC",2023-05-01 00:00:00.000,180.73041666666666,5096.9018055555553,"Actual"
"VIC",2023-05-02 00:00:00.000,98.846875000000011,4852.7346527777781,"Actual"
"VIC",2023-05-03 00:00:00.000,49.120486111111127,4915.2490972222222,"Actual"
"VIC",2023-05-04 00:00:00.000,195.056875,5279.9946527777774,"Actual"
"VIC",2023-05-05 00:00:00.000,125.73336805555556,4857.357013888889,"Actual"
"VIC",2023-05-06 00:00:00.000,170.31861111111112,4903.4167708333334,"Actual"
"VIC",2023-05-07 00:00:00.000,104.01100694444443,4790.5633333333335,"Actual"
"VIC",2023-05-08 00:00:00.000,133.5427430555556,5377.8107638888887,"Actual"
"VIC",2023-05-09 00:00:00.000,178.08878472222227,5318.0206944444444,"Actual"
"VIC",2023-05-10 00:00:00.000,228.93232638888887,5453.3219097222227,"Actual"
"VIC",2023-05-11 00:00:00.000,149.35927083333331,5030.7142013888888,"Actual"
"VIC",2023-05-12 00:00:00.000,195.61628472222222,5184.6670486111107,"Actual"
"VIC",2023-05-13 00:00:00.000,154.35072916666667,4678.628784722222,"Actual"
"VIC",2023-05-14 00:00:00.000,134.08513888888893,4440.5398958333335,"Actual"
"VIC",2023-05-15 00:00:00.000,121.39767361111114,4790.0400694444443,"Actual"
"VIC",2023-05-16 00:00:00.000,149.04368055555557,5482.3833680555554,"Actual"
"VIC",2023-05-17 00:00:00.000,150.22861111111109,5560.3598263888889,"Actual"
"VIC",2023-05-18 00:00:00.000,188.54336805555556,5811.7337847222225,"Actual"
"VIC",2023-05-19 00:00:00.000,181.26545138888886,5694.6175694444446,"Actual"
"VIC",2023-05-20 00:00:00.000,115.99222222222213,4994.2979166666664,"Actual"
"VIC",2023-05-21 00:00:00.000,72.568333333333314,4739.0087847222221,"Actual"
"VIC",2023-05-22 00:00:00.000,180.25159722222224,5354.9611111111108,"Actual"
"VIC",2023-05-23 00:00:00.000,225.68121527777777,5392.8680555555557,"Actual"
"VIC",2023-05-24 00:00:00.000,59.497673611111054,5210.3234722222223,"Actual"
"VIC",2023-05-25 00:00:00.000,72.880625000000009,5687.0370138888884,"Actual"
"VIC",2023-05-26 00:00:00.000,121.96107638888887,5520.3401388888888,"Actual"
"VIC",2023-05-27 00:00:00.000,68.292881944444289,5024.68125,"Actual"
"VIC",2023-05-28 00:00:00.000,53.513020833333321,5004.3550000000005,"Actual"
"VIC",2023-05-29 00:00:00.000,58.392569444444355,5371.028402777778,"Actual"
"VIC",2023-05-30 00:00:00.000,27.102986111111129,5285.9568055555555,"Actual"
"VIC",2023-05-31 00:00:00.000,-2.0278472222222348,5117.5088541666664,"Actual"
"VIC",2023-06-01 00:00:00.000,96.40131944444434,5144.7676041666673,"Actual"
"VIC",2023-06-02 00:00:00.000,145.65409722222222,5584.2619791666666,"Actual"
"VIC",2023-06-03 00:00:00.000,82.869027777777774,5001.7465625,"Actual"
"VIC",2023-06-04 00:00:00.000,31.48017361111112,4563.932534722222,"Actual"
"VIC",2023-06-05 00:00:00.000,50.352951388888854,5117.218506944444,"Actual"
"VIC",2023-06-06 00:00:00.000,50.2796527777778,5122.9830902777776,"Actual"
"VIC",2023-06-07 00:00:00.000,5.8392013888887675,5234.22388888889,"Actual"
"VIC",2023-06-08 00:00:00.000,6.5939583333333314,4978.8639236111112,"Actual"
"VIC",2023-06-09 00:00:00.000,36.246840277777807,5112.5836458333333,"Actual"
"VIC",2023-06-10 00:00:00.000,45.5626736111111,4821.629270833334,"Actual"
"VIC",2023-06-11 00:00:00.000,78.161076388888887,4666.9125694444447,"Actual"
"VIC",2023-06-12 00:00:00.000,12.351215277777825,4728.9063541666665,"Actual"
"VIC",2023-06-13 00:00:00.000,39.206805555555562,5415.9760416666668,"Actual"
"VIC",2023-06-14 00:00:00.000,57.0740625,5448.459375,"Actual"
"VIC",2023-06-15 00:00:00.000,34.683819444444438,5510.0163888888892,"Actual"
"VIC",2023-06-16 00:00:00.000,-24.165659722222294,4948.6192361111116,"Actual"
"VIC",2023-06-17 00:00:00.000,-11.885104166666711,4563.9301736111111,"Actual"
"VIC",2023-06-18 00:00:00.000,-6.20086805555556,4568.622152777778,"Actual"
"VIC",2023-06-19 00:00:00.000,66.69701388888889,5832.659340277778,"Actual"
"VIC",2023-06-20 00:00:00.000,179.21878472222221,6246.473715277778,"Actual"
"VIC",2023-06-21 00:00:00.000,119.64725694444445,6068.4053125,"Actual"
"VIC",2023-06-22 00:00:00.000,111.37520833333333,5965.5210416666669,"Actual"
"VIC",2023-06-23 00:00:00.000,108.06531249999993,6133.1237152777776,"Actual"
"VIC",2023-06-24 00:00:00.000,-17.719201388888898,5011.1158333333333,"Actual"
"VIC",2023-06-25 00:00:00.000,-22.886597222222221,5210.8146527777772,"Actual"
"VIC",2023-06-26 00:00:00.000,51.548541666666623,5593.6061458333334,"Actual"
"VIC",2023-06-27 00:00:00.000,86.427777777777791,5788.3833333333332,"Actual"
"VIC",2023-06-28 00:00:00.000,112.55243055555556,6015.9078125,"Actual"
"VIC",2023-06-29 00:00:00.000,50.6559722222222,5929.694618055556,"Actual"
"VIC",2023-06-30 00:00:00.000,59.17357638888879,5533.2733680555557,"Actual"
"VIC",2023-07-01 00:00:00.000,100.18270833333331,5036.2520486111107,"Actual"
"VIC",2023-07-02 00:00:00.000,109.45868055555555,5109.5327083333332,"Actual"
"VIC",2023-07-03 00:00:00.000,179.23899305555557,5831.7119791666664,"Actual"
"VIC",2023-07-04 00:00:00.000,160.04059027777782,5999.2731597222219,"Actual"
"VIC",2023-07-05 00:00:00.000,67.2448611111111,5649.7409722222228,"Actual"
"VIC",2023-07-06 00:00:00.000,10.242083333333341,5407.0162152777784,"Actual"
"VIC",2023-07-07 00:00:00.000,1.2043749999999989,5257.1243055555551,"Actual"
"VIC",2023-07-08 00:00:00.000,-20.057118055555573,4835.3115972222222,"Actual"
"VIC",2023-07-09 00:00:00.000,5.7976388888888764,4694.658611111111,"Actual"
"VIC",2023-07-10 00:00:00.000,29.0304513888889,5242.369305555555,"Actual"
"VIC",2023-07-11 00:00:00.000,75.587152777777817,5156.5333680555559,"Actual"
"VIC",2023-07-12 00:00:00.000,45.75663194444445,5083.9064930555551,"Actual"
"VIC",2023-07-13 00:00:00.000,-0.54659722222221863,5178.7066666666669,"Actual"
"VIC",2023-07-14 00:00:00.000,-9.7552083333333428,5304.8242361111115,"Actual"
"VIC",2023-07-15 00:00:00.000,41.122256944444416,5191.393715277778,"Actual"
"VIC",2023-07-16 00:00:00.000,54.721180555555556,4937.2497569444449,"Actual"
"VIC",2023-07-17 00:00:00.000,83.74670138888888,5471.4484722222223,"Actual"
"VIC",2023-07-18 00:00:00.000,44.269201388888888,5827.235625,"Actual"
"VIC",2023-07-19 00:00:00.000,80.343715277777775,5914.6350694444445,"Actual"
"VIC",2023-07-20 00:00:00.000,27.479513888888853,6069.6363194444439,"Actual"
"VIC",2023-07-21 00:00:00.000,91.376493055555557,5799.2010416666672,"Actual"
"VIC",2023-07-22 00:00:00.000,67.094340277777775,5160.606875,"Actual"
"VIC",2023-07-23 00:00:00.000,60.529097222222219,5160.3586458333339,"Actual"
"VIC",2023-07-24 00:00:00.000,115.92940972222219,5813.3382986111119,"Actual"
"VIC",2023-07-25 00:00:00.000,118.97055555555559,5785.5934722222228,"Actual"
"VIC",2023-07-26 00:00:00.000,98.351631944444449,5805.1038888888888,"Actual"
"VIC",2023-07-27 00:00:00.000,16.089722222222214,5303.8385069444448,"Actual"
"VIC",2023-07-28 00:00:00.000,46.954444444444491,5048.1337847222221,"Actual"
"VIC",2023-07-29 00:00:00.000,3.7739236111111509,4404.4491666666663,"Actual"
"VIC",2023-07-30 00:00:00.000,-18.180347222222192,4273.2942361111109,"Actual"
"VIC",2023-07-31 00:00:00.000,25.799895833333323,5015.467326388889,"Actual"
"VIC",2023-08-01 00:00:00.000,208.73079861111117,5394.05125,"Actual"
"VIC",2023-08-02 00:00:00.000,53.898229166666667,5171.2796875,"Actual"
"VIC",2023-08-03 00:00:00.000,-26.395000000000003,4705.5384027777782,"Actual"
"VIC",2023-08-04 00:00:00.000,-14.811979166666603,5033.5770486111114,"Actual"
"VIC",2023-08-05 00:00:00.000,40.726840277777768,4729.3506597222222,"Actual"
"VIC",2023-08-06 00:00:00.000,62.785069444444453,4871.6622222222222,"Actual"
"VIC",2023-08-07 00:00:00.000,91.215034722222214,5510.4869097222227,"Actual"
"VIC",2023-08-08 00:00:00.000,104.48763888888885,5560.9073611111107,"Actual"
"VIC",2023-08-09 00:00:00.000,0.58017361111110555,5085.3613541666664,"Actual"
"VIC",2023-08-10 00:00:00.000,54.953750000000007,5339.8066319444442,"Actual"
"VIC",2023-08-11 00:00:00.000,61.765173611111095,5339.2464930555552,"Actual"
"VIC",2023-08-12 00:00:00.000,66.235347222222245,5010.2364236111116,"Actual"
"VIC",2023-08-13 00:00:00.000,85.530798611111109,4857.4834375,"Actual"
"VIC",2023-08-14 00:00:00.000,148.9034375,5799.3815625,"Actual"
"VIC",2023-08-15 00:00:00.000,238.17152777777781,5729.2972222222224,"Actual"
"VIC",2023-08-16 00:00:00.000,89.649861111111107,5502.0592013888891,"Actual"
"VIC",2023-08-17 00:00:00.000,39.114930555555539,5933.9563541666666,"Actual"
"VIC",2023-08-18 00:00:00.000,8.4317013888889178,5550.2602430555553,"Actual"
"VIC",2023-08-19 00:00:00.000,8.35739583333333,4823.9303125,"Actual"
"VIC",2023-08-20 00:00:00.000,40.688611111111115,4327.405,"Actual"
"VIC",2023-08-21 00:00:00.000,30.955277777777724,4909.115520833333,"Actual"
"VIC",2023-08-22 00:00:00.000,79.06253472222221,5476.1718055555548,"Actual"
"VIC",2023-08-23 00:00:00.000,83.03729166666669,5180.9723611111112,"Actual"
"VIC",2023-08-24 00:00:00.000,53.049201388888889,4845.9529861111114,"Actual"
"VIC",2023-08-25 00:00:00.000,54.603854166666679,4713.3731597222222,"Actual"
"VIC",2023-08-26 00:00:00.000,55.421215277777769,4597.3796875000007,"Actual"
"VIC",2023-08-27 00:00:00.000,52.967222222222176,4298.0270486111112,"Actual"
"VIC",2023-08-28 00:00:00.000,100.99236111111111,4984.7563194444447,"Actual"
"VIC",2023-08-29 00:00:00.000,29.976944444444488,5018.1056944444445,"Actual"
"VIC",2023-08-30 00:00:00.000,55.8747569444444,5016.5222569444441,"Actual"
"VIC",2023-08-31 00:00:00.000,45.157916666666679,5172.4923958333329,"Actual"
"VIC",2023-09-01 00:00:00.000,95.974340277777785,5170.5917708333336,"Actual"
"VIC",2023-09-02 00:00:00.000,70.666250000000048,4494.845659722223,"Actual"
"VIC",2023-09-03 00:00:00.000,-53.4631250000001,3980.3018750000006,"Actual"
"VIC",2023-09-04 00:00:00.000,19.327361111111102,4739.6939583333333,"Actual"
"VIC",2023-09-05 00:00:00.000,35.240034722222227,5143.9186805555555,"Actual"
"VIC",2023-09-06 00:00:00.000,-11.275659722222116,4705.4647569444442,"Actual"
"VIC",2023-09-07 00:00:00.000,-12.493020833333315,4642.0770486111105,"Actual"
"VIC",2023-09-08 00:00:00.000,32.269722222222228,5685.5166666666664,"Actual"
"VIC",2023-09-09 00:00:00.000,25.222152777777772,4625.8534027777769,"Actual"
"VIC",2023-09-10 00:00:00.000,47.057916666666642,4603.3375,"Actual"
"VIC",2023-09-11 00:00:00.000,85.626666666666679,5018.9245138888891,"Actual"
"VIC",2023-09-12 00:00:00.000,44.482951388888878,4444.6881944444449,"Actual"
"VIC",2023-09-13 00:00:00.000,59.7342013888889,4465.2411458333336,"Actual"
"VIC",2023-09-14 00:00:00.000,-7.1096874999999642,4269.6923958333336,"Actual"
"VIC",2023-09-15 00:00:00.000,16.980590277777779,4014.9899305555555,"Actual"
"VIC",2023-09-16 00:00:00.000,-18.31409722222206,3464.0791319444447,"Actual"
"VIC",2023-09-17 00:00:00.000,5.706041666666712,3576.8816319444436,"Actual"
"VIC",2023-09-18 00:00:00.000,59.321180555555557,4567.9119097222228,"Actual"
"VIC",2023-09-19 00:00:00.000,-8.3936111111110847,4210.8507291666665,"Actual"
"VIC",2023-09-20 00:00:00.000,-14.512361111111105,4526.2789236111112,"Actual"
"VIC",2023-09-21 00:00:00.000,62.18677083333332,4606.0578125,"Actual"
"VIC",2023-09-22 00:00:00.000,52.652499999999932,4586.6804513888892,"Actual"
"VIC",2023-09-23 00:00:00.000,17.762847222222234,3966.1853125000002,"Actual"
"VIC",2023-09-24 00:00:00.000,4.1790277777777547,3611.3836458333335,"Actual"
"VIC",2023-09-25 00:00:00.000,34.474513888888893,4162.139444444445,"Actual"
"VIC",2023-09-26 00:00:00.000,63.9776736111111,4230.5079166666665,"Actual"
"VIC",2023-09-27 00:00:00.000,37.527777777777665,4315.4802777777777,"Actual"
"VIC",2023-09-28 00:00:00.000,39.703506944444413,4204.0503472222226,"Actual"
"VIC",2023-09-29 00:00:00.000,21.064583333333246,3684.0187847222223,"Actual"
"VIC",2023-09-30 00:00:00.000,-15.990937500000044,3454.4632986111105,"Actual"
"VIC",2023-10-01 00:00:00.000,-22.541388888888889,3403.6624652777778,"Actual"
"VIC",2023-10-02 00:00:00.000,8.36680555555558,4083.6136111111114,"Actual"
"VIC",2023-10-03 00:00:00.000,66.663020833333235,4876.80704861111,"Actual"
"VIC",2023-10-04 00:00:00.000,52.404305555555553,5029.03125,"Actual"
"VIC",2023-10-05 00:00:00.000,23.003923611111183,4845.8077083333328,"Actual"
"VIC",2023-10-06 00:00:00.000,32.674583333333359,4564.4342361111112,"Actual"
"VIC",2023-10-07 00:00:00.000,31.528090277777796,4283.1857986111108,"Actual"
"VIC",2023-10-08 00:00:00.000,32.923749999999991,3867.2260069444446,"Actual"
"VIC",2023-10-09 00:00:00.000,41.88545138888891,4496.8734375,"Actual"
"VIC",2023-10-10 00:00:00.000,56.609027777777776,4481.5770833333336,"Actual"
"VIC",2023-10-11 00:00:00.000,1.593090277777705,4028.5548611111108,"Actual"
"VIC",2023-10-12 00:00:00.000,11.3634375,4652.9361805555554,"Actual"
"VIC",2023-10-13 00:00:00.000,4.5011111111111166,4645.1488888888889,"Actual"
"VIC",2023-10-14 00:00:00.000,-12.559027777777764,3894.3682291666664,"Actual"
"VIC",2023-10-15 00:00:00.000,21.05013888888891,4144.6286458333343,"Actual"
"VIC",2023-10-16 00:00:00.000,-5.8145833333333048,4383.3072222222227,"Actual"
"VIC",2023-10-17 00:00:00.000,37.854548611111127,4411.0035763888891,"Actual"
"VIC",2023-10-18 00:00:00.000,61.222465277777772,4140.6358680555559,"Actual"
"VIC",2023-10-19 00:00:00.000,59.202222222222218,4136.895,"Actual"
"VIC",2023-10-20 00:00:00.000,30.72069444444444,4238.1078472222225,"Actual"
"VIC",2023-10-21 00:00:00.000,-3.7604861111110939,3749.510902777778,"Actual"
"VIC",2023-10-22 00:00:00.000,-7.6011111111111305,4098.7438888888892,"Actual"
"VIC",2023-10-23 00:00:00.000,34.982743055555545,4500.7180555555551,"Actual"
"VIC",2023-10-24 00:00:00.000,-21.846215277777745,4091.8084027777777,"Actual"
"VIC",2023-10-25 00:00:00.000,4.5379861111110245,4466.8665972222225,"Actual"
"VIC",2023-10-26 00:00:00.000,10.944583333333327,4666.2793402777779,"Actual"
"VIC",2023-10-27 00:00:00.000,21.798506944444497,4107.1381597222226,"Actual"
"VIC",2023-10-28 00:00:00.000,-15.168506944444523,3680.3935069444447,"Actual"
"VIC",2023-10-29 00:00:00.000,-22.870381944444674,3537.7380208333329,"Actual"
"VIC",2023-10-30 00:00:00.000,-8.9043402777777487,4152.2733333333335,"Actual"
"VIC",2023-10-31 00:00:00.000,7.7462847222222075,4253.3836805555557,"Actual"
"VIC",2023-11-01 00:00:00.000,48.964548611111056,4623.4382638888892,"Actual"
"VIC",2023-11-02 00:00:00.000,59.496319444444453,4497.729166666667,"Actual"
"VIC",2023-11-03 00:00:00.000,13.660208333333294,4481.7007986111112,"Actual"
"VIC",2023-11-04 00:00:00.000,-34.319444444444336,3596.4025000000006,"Actual"
"VIC",2023-11-05 00:00:00.000,-35.511006944444446,3400.9716666666664,"Actual"
"VIC",2023-11-06 00:00:00.000,11.464791666666642,4063.7591666666667,"Actual"
"VIC",2023-11-07 00:00:00.000,27.668611111111105,4064.3241319444446,"Actual"
"VIC",2023-11-08 00:00:00.000,45.61715277777779,4454.4245833333334,"Actual"
"VIC",2023-11-09 00:00:00.000,95.017951388888832,4498.621909722222,"Actual"
"VIC",2023-11-10 00:00:00.000,62.3961458333333,4731.560138888889,"Actual"
"VIC",2023-11-11 00:00:00.000,-8.16072916666667,3874.5536805555557,"Actual"
"VIC",2023-11-12 00:00:00.000,-4.121458333333301,3352.9234722222218,"Actual"
"VIC",2023-11-13 00:00:00.000,49.332187500000025,3918.855625,"Actual"
"VIC",2023-11-14 00:00:00.000,109.40694444444446,4665.1002083333333,"Actual"
"VIC",2023-11-15 00:00:00.000,70.88930555555558,4138.1806597222221,"Actual"
"VIC",2023-11-16 00:00:00.000,42.381770833333263,4205.693125,"Actual"
"VIC",2023-11-17 00:00:00.000,37.850659722222275,4236.9862152777778,"Actual"
"VIC",2023-11-18 00:00:00.000,34.8565625,3617.7287152777781,"Actual"
"VIC",2023-11-19 00:00:00.000,27.072361111111164,3674.2260763888894,"Actual"
"VIC",2023-11-20 00:00:00.000,95.160451388888873,4431.516319444444,"Actual"
"VIC",2023-11-21 00:00:00.000,59.062118055555622,4413.6713541666668,"Actual"
"VIC",2023-11-22 00:00:00.000,14.920590277777741,3924.2029513888883,"Actual"
"VIC",2023-11-23 00:00:00.000,46.018819444444446,4287.9951041666664,"Actual"
"VIC",2023-11-24 00:00:00.000,68.191562499999989,4655.7906597222227,"Actual"
"VIC",2023-11-25 00:00:00.000,29.643576388888917,3992.669027777778,"Actual"
"VIC",2023-11-26 00:00:00.000,11.863645833333372,3760.1220833333332,"Actual"
"VIC",2023-11-27 00:00:00.000,24.03336805555551,4327.5317013888889,"Actual"
"VIC",2023-11-28 00:00:00.000,54.755381944444437,4320.2991666666667,"Actual"
"VIC",2023-11-29 00:00:00.000,-3.0185069444444466,4420.0638541666667,"Actual"
"VIC",2023-11-30 00:00:00.000,-6.0934375000000109,4345.7246527777779,"Actual"
"VIC",2023-12-01 00:00:00.000,22.997048611111111,4259.7107291666671,"Actual"
"VIC",2023-12-02 00:00:00.000,20.880694444444408,4200.7365972222224,"Actual"
"VIC",2023-12-03 00:00:00.000,9.35979166666661,3591.969479166667,"Actual"
"VIC",2023-12-04 00:00:00.000,33.252916666666721,4471.8727430555555,"Actual"
"VIC",2023-12-05 00:00:00.000,69.8514236111111,4525.4473611111116,"Actual"
"VIC",2023-12-06 00:00:00.000,63.879270833333337,4192.6310763888887,"Actual"
"VIC",2023-12-07 00:00:00.000,112.22277777777776,4476.8150694444439,"Actual"
"VIC",2023-12-08 00:00:00.000,66.976493055555522,5153.9037499999995,"Actual"
"VIC",2023-12-09 00:00:00.000,53.950729166666669,4391.9101736111115,"Actual"
"VIC",2023-12-10 00:00:00.000,10.501527777777778,3879.2657638888891,"Actual"
"VIC",2023-12-11 00:00:00.000,76.882777777777775,4678.2413888888887,"Actual"
"VIC",2023-12-12 00:00:00.000,78.308333333333323,5149.4225347222218,"Actual"
"VIC",2023-12-13 00:00:00.000,86.7534027777778,5661.0439236111115,"Actual"
"VIC",2023-12-14 00:00:00.000,36.845069444444462,4445.711875,"Actual"
"VIC",2023-12-15 00:00:00.000,40.8628125,4070.9787847222224,"Actual"
"VIC",2023-12-16 00:00:00.000,3.5674305555555179,3629.9822569444441,"Actual"
"VIC",2023-12-17 00:00:00.000,33.503298611111013,3511.5076388888892,"Actual"
"VIC",2023-12-18 00:00:00.000,68.126458333333318,4686.4307291666664,"Actual"
"VIC",2023-12-19 00:00:00.000,19.796215277777755,4211.6189236111113,"Actual"
"VIC",2023-12-20 00:00:00.000,-25.447465277777688,3725.1688541666667,"Actual"
"VIC",2023-12-21 00:00:00.000,-10.282638888888851,3694.6960763888887,"Actual"
"VIC",2023-12-22 00:00:00.000,-4.6829513888888954,3453.0195138888885,"Actual"
"VIC",2023-12-23 00:00:00.000,8.2087500000000375,3242.6444791666663,"Actual"
"VIC",2023-12-24 00:00:00.000,-23.186388888888942,3365.2082291666675,"Actual"
"VIC",2023-12-25 00:00:00.000,-23.573472222222243,3459.9860416666666,"Actual"
"VIC",2023-12-26 00:00:00.000,-10.21302083333336,3310.492916666667,"Actual"
"VIC",2023-12-27 00:00:00.000,26.618124999999996,3747.5609375,"Actual"
"VIC",2023-12-28 00:00:00.000,15.080694444444489,3796.0497916666668,"Actual"
"VIC",2023-12-29 00:00:00.000,13.91722222222225,3257.4948958333334,"Actual"
"VIC",2023-12-30 00:00:00.000,-18.171840277777783,3248.2194444444449,"Actual"
"VIC",2023-12-31 00:00:00.000,-73.024756944444448,2986.8502430555568,"Actual"
"VIC",2024-01-01 00:00:00.000,1.331527777777751,3257.0514236111107,"Actual"
"VIC",2024-01-02 00:00:00.000,31.466597222222259,4115.3351736111108,"Actual"
"VIC",2024-01-03 00:00:00.000,76.662638888888878,4376.7996527777777,"Actual"
"VIC",2024-01-04 00:00:00.000,27.28395833333316,3964.8478125,"Actual"
"VIC",2024-01-05 00:00:00.000,21.472638888888874,4137.3415625,"Actual"
"VIC",2024-01-06 00:00:00.000,44.274444444444441,4311.9932986111107,"Actual"
"VIC",2024-01-07 00:00:00.000,41.8991319444444,4371.7955902777776,"Actual"
"VIC",2024-01-08 00:00:00.000,47.371840277777778,4639.1670486111116,"Actual"
"VIC",2024-01-09 00:00:00.000,53.018125000000047,4194.3008333333337,"Actual"
"VIC",2024-01-10 00:00:00.000,52.863749999999918,4358.7917708333334,"Actual"
"VIC",2024-01-11 00:00:00.000,27.1750347222222,4199.69375,"Actual"
"VIC",2024-01-12 00:00:00.000,67.698854166666663,5125.225138888889,"Actual"
"VIC",2024-01-13 00:00:00.000,8.2829861111112,4036.5301041666667,"Actual"
"VIC",2024-01-14 00:00:00.000,-41.828854166666751,3356.3021527777769,"Actual"
"VIC",2024-01-15 00:00:00.000,30.636215277777776,4565.9717708333337,"Actual"
"VIC",2024-01-16 00:00:00.000,26.830312499999955,5046.9107291666669,"Actual"
"VIC",2024-01-17 00:00:00.000,40.418020833333337,4606.430625,"Actual"
"VIC",2024-01-18 00:00:00.000,-10.932395833333274,3892.0720486111113,"Actual"
"VIC",2024-01-19 00:00:00.000,31.456215277777773,4243.9926041666668,"Actual"
"VIC",2024-01-20 00:00:00.000,2.4322916666667354,3957.0836458333333,"Actual"
"VIC",2024-01-21 00:00:00.000,-19.408402777777866,3651.3523263888892,"Actual"
"VIC",2024-01-22 00:00:00.000,-5.8847569444445043,3951.8720138888889,"Actual"
"VIC",2024-01-23 00:00:00.000,39.565312500000005,4598.1074305555558,"Actual"
"VIC",2024-01-24 00:00:00.000,60.677569444444472,5067.2609375,"Actual"
"VIC",2024-01-25 00:00:00.000,79.75107638888889,4956.9716666666664,"Actual"
"VIC",2024-01-26 00:00:00.000,-49.86347222222205,3422.4229513888886,"Actual"
"VIC",2024-01-27 00:00:00.000,-58.654965277777841,3386.6400694444446,"Actual"
"VIC",2024-01-28 00:00:00.000,0.37812499999994742,3739.7191319444446,"Actual"
"VIC",2024-01-29 00:00:00.000,35.172708333333304,4638.6257986111113,"Actual"
"VIC",2024-01-30 00:00:00.000,24.379930555555582,4449.6189930555556,"Actual"
"VIC",2024-01-31 00:00:00.000,-1.0187847222221862,4243.1857638888887,"Actual"
"VIC",2024-02-01 00:00:00.000,1.5527430555555739,4281.9968055555555,"Actual"
"VIC",2024-02-02 00:00:00.000,14.7910416666667,4061.6868055555556,"Actual"
"VIC",2024-02-03 00:00:00.000,43.062534722222253,4175.3761111111116,"Actual"
"VIC",2024-02-04 00:00:00.000,53.603020833333318,4887.8375347222218,"Actual"
"VIC",2024-02-05 00:00:00.000,53.562604166666688,5006.4954861111109,"Actual"
"VIC",2024-02-06 00:00:00.000,10.159027777777778,4044.58,"Actual"
"VIC",2024-02-07 00:00:00.000,13.956423611111113,4123.9466319444446,"Actual"
"VIC",2024-02-08 00:00:00.000,21.129513888888887,4212.3290972222221,"Actual"
"VIC",2024-02-09 00:00:00.000,4.8903472222221964,4264.6075,"Actual"
"VIC",2024-02-10 00:00:00.000,-6.8790972222223061,3863.0226041666665,"Actual"
"VIC",2024-02-11 00:00:00.000,31.530173611111156,4617.6442708333334,"Actual"
"VIC",2024-02-12 00:00:00.000,94.997152777777785,5772.205034722223,"Actual"
"VIC",2024-02-13 00:00:00.000,1434.1130555555549,5388.0839236111115,"Actual"
"VIC",2024-02-14 00:00:00.000,29.775347222222216,4050.3784027777779,"Actual"
"VIC",2024-02-15 00:00:00.000,14.046458333333348,4095.3685416666667,"Actual"
"VIC",2024-02-16 00:00:00.000,46.81246527777779,4326.1840277777774,"Actual"
"VIC",2024-02-17 00:00:00.000,38.340972222222149,4014.8851388888888,"Actual"
"VIC",2024-02-18 00:00:00.000,26.792847222222189,3761.9863888888885,"Actual"
"VIC",2024-02-19 00:00:00.000,25.142569444444415,4292.4045138888887,"Actual"
"VIC",2024-02-20 00:00:00.000,73.987881944444439,5034.3796527777786,"Actual"
"VIC",2024-02-21 00:00:00.000,78.097118055555569,5695.5991666666669,"Actual"
"VIC",2024-02-22 00:00:00.000,82.242673611111115,6031.6989930555555,"Actual"
"VIC",2024-02-23 00:00:00.000,4.2879861111110813,4432.1507291666667,"Actual"
"VIC",2024-02-24 00:00:00.000,-19.984479166666777,3737.3541666666661,"Actual"
"VIC",2024-02-25 00:00:00.000,19.759895833333339,4002.557048611111,"Actual"
"VIC",2024-02-26 00:00:00.000,27.488090277777772,4262.5545486111114,"Actual"
"VIC",2024-02-27 00:00:00.000,61.631666666666661,4769.1903125,"Actual"
"VIC",2024-02-28 00:00:00.000,62.599548611111125,5740.274166666667,"Actual"
"VIC",2024-02-29 00:00:00.000,63.738263888888888,4908.6672569444445,"Actual"
"VIC",2024-03-01 00:00:00.000,68.678715277777783,4664.6894791666664,"Actual"
"VIC",2024-03-02 00:00:00.000,29.846631944444404,3860.6512152777786,"Actual"
"VIC",2024-03-03 00:00:00.000,-14.675243055555789,3744.8464930555551,"Actual"
"VIC",2024-03-04 00:00:00.000,8.2415277777777884,4043.7961805555556,"Actual"
"VIC",2024-03-05 00:00:00.000,62.863993055555554,4707.4516666666668,"Actual"
"VIC",2024-03-06 00:00:00.000,87.887430555555554,4822.1326388888892,"Actual"
"VIC",2024-03-07 00:00:00.000,28.80552083333335,4407.5661805555555,"Actual"
"VIC",2024-03-08 00:00:00.000,96.140555555555579,4795.2998611111107,"Actual"
"VIC",2024-03-09 00:00:00.000,71.795659722222211,5494.7860069444441,"Actual"
"VIC",2024-03-10 00:00:00.000,100.9099652777778,5922.7801041666662,"Actual"
"VIC",2024-03-11 00:00:00.000,76.451631944444472,5708.0337847222218,"Actual"
"VIC",2024-03-12 00:00:00.000,92.400798611111114,5381.7299652777774,"Actual"
"VIC",2024-03-13 00:00:00.000,101.92871527777777,4918.6744791666661,"Actual"
"VIC",2024-03-14 00:00:00.000,55.5878125,4504.821736111111,"Actual"
"VIC",2024-03-15 00:00:00.000,38.085972222222225,4373.5348611111112,"Actual"
"VIC",2024-03-16 00:00:00.000,59.243819444444441,4053.1178472222218,"Actual"
"VIC",2024-03-17 00:00:00.000,52.943541666666718,4117.379479166666,"Actual"
"VIC",2024-03-18 00:00:00.000,68.162500000000009,5011.6119791666661,"Actual"
"VIC",2024-03-19 00:00:00.000,43.973958333333357,5079.3879166666666,"Actual"
"VIC",2024-03-20 00:00:00.000,23.175069444444457,4101.8668055555554,"Actual"
"VIC",2024-03-21 00:00:00.000,37.181354166666672,4246.4604513888889,"Actual"
"VIC",2024-03-22 00:00:00.000,55.389131944444422,4259.3210763888892,"Actual"
"VIC",2024-03-23 00:00:00.000,30.333298611111129,3923.7855902777778,"Actual"
"VIC",2024-03-24 00:00:00.000,17.685243055555539,3724.6835069444442,"Actual"
"VIC",2024-03-25 00:00:00.000,42.529513888888907,4299.6333333333332,"Actual"
"VIC",2024-03-26 00:00:00.000,67.995798611111127,4439.4078472222218,"Actual"
"VIC",2024-03-27 00:00:00.000,42.3989583333333,4538.4276736111115,"Actual"
"VIC",2024-03-28 00:00:00.000,31.260208333333328,4401.1260069444443,"Actual"
"VIC",2024-03-29 00:00:00.000,39.325104166666605,3756.9967013888886,"Actual"
"VIC",2024-03-30 00:00:00.000,46.36027777777776,3729.2509722222221,"Actual"
"VIC",2024-03-31 00:00:00.000,48.880381944444451,3677.1628472222219,"Actual"
"VIC",2024-04-01 00:00:00.000,36.774340277777796,4097.2750347222227,"Actual"
"VIC",2024-04-02 00:00:00.000,16.298506944444433,4292.4217361111114,"Actual"
"VIC",2024-04-03 00:00:00.000,101.88409722222224,4770.4177777777777,"Actual"
"VIC",2024-04-04 00:00:00.000,38.40454861111111,4499.58125,"Actual"
"VIC",2024-04-05 00:00:00.000,40.825034722222235,4358.604166666667,"Actual"
"VIC",2024-04-06 00:00:00.000,67.18020833333334,4342.7032638888886,"Actual"
"VIC",2024-04-07 00:00:00.000,54.992534722222189,4084.0703819444443,"Actual"
"VIC",2024-04-08 00:00:00.000,68.637951388888865,4533.5420833333337,"Actual"
"VIC",2024-04-09 00:00:00.000,51.365138888888893,4660.2679166666667,"Actual"
"VIC",2024-04-10 00:00:00.000,69.991006944444464,4846.5572222222227,"Actual"
"VIC",2024-04-11 00:00:00.000,102.56979166666666,4839.9871180555556,"Actual"
"VIC",2024-04-12 00:00:00.000,97.10833333333332,4902.2072569444445,"Actual"
"VIC",2024-04-13 00:00:00.000,92.547500000000014,4316.0140625,"Actual"
"VIC",2024-04-14 00:00:00.000,128.60079861111109,4170.6120138888891,"Actual"
"VIC",2024-04-15 00:00:00.000,172.66864583333341,4566.1579861111113,"Actual"
"VIC",2024-04-16 00:00:00.000,158.24177083333342,4822.9307986111107,"Actual"
"VIC",2024-04-17 00:00:00.000,124.11006944444442,4903.3537847222224,"Actual"
"VIC",2024-04-18 00:00:00.000,97.669027777777785,4979.3266666666668,"Actual"
"VIC",2024-04-19 00:00:00.000,82.91576388888889,4690.6496875,"Actual"
"VIC",2024-04-20 00:00:00.000,66.333993055555581,4350.2869791666662,"Actual"
"VIC",2024-04-21 00:00:00.000,87.027083333333351,4270.9357986111108,"Actual"
"VIC",2024-04-22 00:00:00.000,99.923784722222209,4676.8915972222221,"Actual"
"VIC",2024-04-23 00:00:00.000,10.78402777777778,4471.919513888889,"Actual"
"VIC",2024-04-24 00:00:00.000,43.111493055555556,4720.7039236111113,"Actual"
"VIC",2024-04-25 00:00:00.000,70.527222222222221,4563.9528472222219,"Actual"
"VIC",2024-04-26 00:00:00.000,140.9673611111111,5021.3379861111107,"Actual"
"VIC",2024-04-27 00:00:00.000,106.02506944444443,4347.7594097222227,"Actual"
"VIC",2024-04-28 00:00:00.000,75.512916666666825,4100.4851736111113,"Actual"
"VIC",2024-04-29 00:00:00.000,137.37809027777774,5093.1539930555555,"Actual"
"VIC",2024-04-30 00:00:00.000,103.4057291666667,5024.3654513888887,"Actual"
"VIC",2024-05-01 00:00:00.000,82.324201388888866,4753.5505902777777,"Actual"
"VIC",2024-05-02 00:00:00.000,119.13131944444444,5009.0586458333337,"Actual"
"VIC",2024-05-03 00:00:00.000,161.90631944444445,5063.7080555555558,"Actual"
"VIC",2024-05-04 00:00:00.000,119.22010416666669,4787.6010416666668,"Actual"
"VIC",2024-05-05 00:00:00.000,64.0988888888889,4361.1577430555553,"Actual"
"VIC",2024-05-06 00:00:00.000,70.854548611111113,4894.748576388889,"Actual"
"VIC",2024-05-07 00:00:00.000,139.195,5107.6732638888889,"Actual"
"VIC",2024-05-08 00:00:00.000,159.45097222222222,5102.2177430555557,"Actual"
"VIC",2024-05-09 00:00:00.000,220.88461805555556,5377.5079861111108,"Actual"
"VIC",2024-05-10 00:00:00.000,188.6904513888889,5329.0846527777776,"Actual"
"VIC",2024-05-11 00:00:00.000,110.9264236111111,4688.4420833333334,"Actual"
"VIC",2024-05-12 00:00:00.000,122.30399305555557,4379.6961111111113,"Actual"
"VIC",2024-05-13 00:00:00.000,136.34093750000005,5005.527222222222,"Actual"
"VIC",2024-05-14 00:00:00.000,148.48756944444443,5289.6613541666666,"Actual"
"VIC",2024-05-15 00:00:00.000,147.13982638888891,5300.2201041666667,"Actual"
"VIC",2024-05-16 00:00:00.000,151.59347222222223,5348.3121527777776,"Actual"
"VIC",2024-05-17 00:00:00.000,105.21649305555559,5571.7597222222221,"Actual"
"VIC",2024-05-18 00:00:00.000,74.2176736111111,4894.8330555555558,"Actual"
"VIC",2024-05-19 00:00:00.000,74.18673611111106,5089.7715625,"Actual"
"VIC",2024-05-20 00:00:00.000,160.8740625,5539.6000694444447,"Actual"
"VIC",2024-05-21 00:00:00.000,196.36590277777779,5760.3729861111115,"Actual"
"VIC",2024-05-22 00:00:00.000,220.45586805555553,5718.4105208333331,"Actual"
"VIC",2024-05-23 00:00:00.000,239.39128472222234,5641.217083333333,"Actual"
"VIC",2024-05-24 00:00:00.000,232.63538194444445,5907.6084027777779,"Actual"
"VIC",2024-05-25 00:00:00.000,173.46190972222223,5076.0222222222219,"Actual"
"VIC",2024-05-26 00:00:00.000,160.61583333333334,4975.1230208333336,"Actual"
"VIC",2024-05-27 00:00:00.000,151.93527777777777,5511.1846875,"Actual"
"VIC",2024-05-28 00:00:00.000,126.6890625,5319.1474305555557,"Actual"
"VIC",2024-05-29 00:00:00.000,17.520694444444441,5159.1685763888891,"Actual"
"VIC",2024-05-30 00:00:00.000,2.5051041666666478,5200.6208680555555,"Actual"
"VIC",2024-05-31 00:00:00.000,43.177256944444437,4912.4226388888892,"Actual"
"VIC",2024-06-01 00:00:00.000,138.00895833333337,5113.4366319444443,"Actual"
"VIC",2024-06-02 00:00:00.000,111.54923611111111,5241.1588541666661,"Actual"
"VIC",2024-06-03 00:00:00.000,176.96152777777777,5980.623333333333,"Actual"
"VIC",2024-06-04 00:00:00.000,226.20937499999997,6203.0062152777782,"Actual"
"VIC",2024-06-05 00:00:00.000,178.80333333333337,5926.0741319444442,"Actual"
"VIC",2024-06-06 00:00:00.000,105.38840277777778,5535.7766319444445,"Actual"
"VIC",2024-06-07 00:00:00.000,131.40274305555553,5588.0782986111108,"Actual"
"VIC",2024-06-08 00:00:00.000,143.71770833333335,5237.286458333333,"Actual"
"VIC",2024-06-09 00:00:00.000,154.60024305555558,5169.158854166667,"Actual"
"VIC",2024-06-10 00:00:00.000,93.077777777777783,5031.6404166666662,"Actual"
"VIC",2024-06-11 00:00:00.000,68.395381944444409,5769.382569444444,"Actual"
"VIC",2024-06-12 00:00:00.000,100.52444444444453,5825.8090277777774,"Actual"
"VIC",2024-06-13 00:00:00.000,302.80722222222215,6468.1197222222227,"Actual"
"VIC",2024-06-14 00:00:00.000,215.78517361111108,6179.7543055555552,"Actual"
"VIC",2024-06-15 00:00:00.000,118.2501041666666,5378.6475,"Actual"
"VIC",2024-06-16 00:00:00.000,88.216180555555553,5277.5553472222227,"Actual"
"VIC",2024-06-17 00:00:00.000,197.53440972222214,5967.3104861111115,"Actual"
"VIC",2024-06-18 00:00:00.000,258.14288194444441,6378.1757986111115,"Actual"
"VIC",2024-06-19 00:00:00.000,276.51038194444448,6383.9571180555558,"Actual"
"VIC",2024-06-20 00:00:00.000,327.36885416666672,6446.2803472222222,"Actual"
"VIC",2024-06-21 00:00:00.000,303.75940972222213,6387.6070833333333,"Actual"
"VIC",2024-06-22 00:00:00.000,266.71920138888891,5633.2009722222219,"Actual"
"VIC",2024-06-23 00:00:00.000,200.09552083333335,5360.9889583333334,"Actual"
"VIC",2024-06-24 00:00:00.000,146.61506944444446,6205.6860416666668,"Actual"
"VIC",2024-06-25 00:00:00.000,119.25104166666669,5849.0767708333333,"Actual"
"VIC",2024-06-26 00:00:00.000,76.729791666666685,5716.0665972222223,"Actual"
"VIC",2024-06-27 00:00:00.000,140.57559027777779,5802.2143055555553,"Actual"
"VIC",2024-06-28 00:00:00.000,56.274652777777774,5475.5609722222225,"Actual"
"VIC",2024-06-29 00:00:00.000,99.652604166666535,5548.934652777778,"Actual"
"VIC",2024-06-30 00:00:00.000,103.78052083333331,5387.776041666667,"Actual"
"VIC",2024-07-01 00:00:00.000,263.87204861111115,6248.6136111111109,"Actual"
"VIC",2024-07-02 00:00:00.000,234.6576388888889,6301.9854166666664,"Actual"
"VIC",2024-07-03 00:00:00.000,195.61347222222247,6340.4519097222219,"Actual"
"VIC",2024-07-04 00:00:00.000,204.37197916666662,6548.5495833333334,"Actual"
"VIC",2024-07-05 00:00:00.000,183.07951388888887,6236.9690277777772,"Actual"
"VIC",2024-07-06 00:00:00.000,154.70652777777781,5719.7543055555552,"Actual"
"VIC",2024-07-07 00:00:00.000,118.11659722222221,5313.0205555555549,"Actual"
"VIC",2024-07-08 00:00:00.000,193.42371527777775,6091.13795138889,"Actual"
"VIC",2024-07-09 00:00:00.000,202.50847222222222,6080.49375,"Actual"
"VIC",2024-07-10 00:00:00.000,212.82597222222222,5884.5627083333329,"Actual"
"VIC",2024-07-11 00:00:00.000,150.58760416666667,6242.403194444445,"Actual"
"VIC",2024-07-12 00:00:00.000,217.85482638888888,5865.9165625000005,"Actual"
"VIC",2024-07-13 00:00:00.000,165.6720138888889,5458.30375,"Actual"
"VIC",2024-07-14 00:00:00.000,156.07295138888887,5461.8957638888887,"Actual"
"VIC",2024-07-15 00:00:00.000,115.16989583333331,6522.1480902777785,"Actual"
"VIC",2024-07-16 00:00:00.000,95.259861111111121,5991.0189583333331,"Actual"
"VIC",2024-07-17 00:00:00.000,142.47347222222223,5982.2680902777774,"Actual"
"VIC",2024-07-18 00:00:00.000,161.05791666666664,6151.0363541666666,"Actual"
"VIC",2024-07-19 00:00:00.000,78.071944444444441,6443.5929861111108,"Actual"
"VIC",2024-07-20 00:00:00.000,31.136180555555555,5756.9428124999995,"Actual"
"VIC",2024-07-21 00:00:00.000,35.077569444444478,5273.6728472222221,"Actual"
"VIC",2024-07-22 00:00:00.000,47.337847222222251,5540.8454513888892,"Actual"
"VIC",2024-07-23 00:00:00.000,23.269826388888866,5151.6164236111108,"Actual"
"VIC",2024-07-24 00:00:00.000,21.093715277777779,5595.1722222222224,"Actual"
"VIC",2024-07-25 00:00:00.000,103.04270833333322,5971.1914236111115,"Actual"
"VIC",2024-07-26 00:00:00.000,40.403784722222234,5453.9689236111108,"Actual"
"VIC",2024-07-27 00:00:00.000,93.243958333333225,5622.8739583333336,"Actual"
"VIC",2024-07-28 00:00:00.000,105.9710763888889,5442.6334722222218,"Actual"
"VIC",2024-07-29 00:00:00.000,296.48690972222226,6423.549236111111,"Actual"
"VIC",2024-07-30 00:00:00.000,296.50489583333331,5995.7646875,"Actual"
"VIC",2024-07-31 00:00:00.000,284.1990277777777,6369.4484374999993,"Actual"
"VIC",2024-08-01 00:00:00.000,178.31309027777777,6193.4286458333336,"Actual"
"VIC",2024-08-02 00:00:00.000,82.530520833333341,5773.0390277777778,"Actual"
"VIC",2024-08-03 00:00:00.000,190.31847222222217,5493.7087152777776,"Actual"
"VIC",2024-08-04 00:00:00.000,218.7324305555556,5279.2153819444447,"Actual"
"VIC",2024-08-05 00:00:00.000,2165.0262152777805,6015.2499652777778,"Actual"
"VIC",2024-08-06 00:00:00.000,123.7265277777779,5574.7306944444445,"Actual"
"VIC",2024-08-07 00:00:00.000,119.62350694444444,5385.2402430555558,"Actual"
"VIC",2024-08-08 00:00:00.000,65.163715277777726,5690.2953125,"Actual"
"VIC",2024-08-09 00:00:00.000,189.6156597222222,5274.4213541666668,"Actual"
"VIC",2024-08-10 00:00:00.000,155.67229166666667,4820.7968055555557,"Actual"
"VIC",2024-08-11 00:00:00.000,147.31708333333333,4615.1080208333333,"Actual"
"VIC",2024-08-12 00:00:00.000,84.434791666666641,4955.8607291666667,"Actual"
"VIC",2024-08-13 00:00:00.000,62.150347222222216,4793.7281597222218,"Actual"
"VIC",2024-08-14 00:00:00.000,100.29430555555551,4818.1014930555557,"Actual"
"VIC",2024-08-15 00:00:00.000,49.731527777777764,4824.6427430555559,"Actual"
"VIC",2024-08-16 00:00:00.000,93.446041666666574,5293.8922569444439,"Actual"
"VIC",2024-08-17 00:00:00.000,101.6104861111111,4826.4386458333338,"Actual"
"VIC",2024-08-18 00:00:00.000,145.22947916666664,4559.5666666666666,"Actual"
"VIC",2024-08-19 00:00:00.000,100.19177083333332,5114.3259375,"Actual"
"VIC",2024-08-20 00:00:00.000,48.712951388888875,5438.251423611111,"Actual"
"VIC",2024-08-21 00:00:00.000,71.557222222222208,5003.4526388888889,"Actual"
"VIC",2024-08-22 00:00:00.000,68.249340277777776,4780.337361111111,"Actual"
"VIC",2024-08-23 00:00:00.000,32.133680555555571,5002.2865624999995,"Actual"
"VIC",2024-08-24 00:00:00.000,-0.97826388888890037,3942.8173958333327,"Actual"
"VIC",2024-08-25 00:00:00.000,-27.039513888888862,3995.316388888888,"Actual"
"VIC",2024-08-26 00:00:00.000,7.6523263888888842,4755.4394444444442,"Actual"
"VIC",2024-08-27 00:00:00.000,-25.76760416666669,4707.9913541666665,"Actual"
"VIC",2024-08-28 00:00:00.000,-25.111527777777773,4612.4471875,"Actual"
"VIC",2024-08-29 00:00:00.000,-9.2721527777777855,4952.1426736111116,"Actual"
"VIC",2024-08-30 00:00:00.000,-31.639305555555573,4422.8705902777774,"Actual"
"VIC",2024-08-31 00:00:00.000,-35.3728125,4244.90375,"Actual"
"VIC",2024-09-01 00:00:00.000,-43.791527777777773,3976.4472222222225,"Actual"
"VIC",2024-09-02 00:00:00.000,-9.7136805555555519,4920.620277777778,"Actual"
"VIC",2024-09-03 00:00:00.000,58.723715277777785,5166.8753125,"Actual"
"VIC",2024-09-04 00:00:00.000,-25.042951388888913,4695.8104513888893,"Actual"
"VIC",2024-09-05 00:00:00.000,8.05263888888884,5184.7782986111106,"Actual"
"VIC",2024-09-06 00:00:00.000,21.829652777777781,4843.7524305555553,"Actual"
"VIC",2024-09-07 00:00:00.000,18.938125000000014,4026.8737847222224,"Actual"
"VIC",2024-09-08 00:00:00.000,-17.821840277777824,4155.5403125,"Actual"
"VIC",2024-09-09 00:00:00.000,21.946076388888848,4821.1072222222219,"Actual"
"VIC",2024-09-10 00:00:00.000,39.706180555555541,4721.6043055555556,"Actual"
"VIC",2024-09-11 00:00:00.000,29.007916666666546,4979.1963541666664,"Actual"
"VIC",2024-09-12 00:00:00.000,18.027638888888887,4736.190347222222,"Actual"
"VIC",2024-09-13 00:00:00.000,42.299548611111177,5019.945,"Actual"
"VIC",2024-09-14 00:00:00.000,2.2229513888888821,4921.2553125,"Actual"
"VIC",2024-09-15 00:00:00.000,1.6619791666666757,4483.62,"Actual"
"VIC",2024-09-16 00:00:00.000,31.671562500000004,5215.5439930555558,"Actual"
"VIC",2024-09-17 00:00:00.000,63.016736111111172,4934.9201388888887,"Actual"
"VIC",2024-09-18 00:00:00.000,2.5102777777777616,4463.9761805555563,"Actual"
"VIC",2024-09-19 00:00:00.000,9.412291666666647,4767.1543055555558,"Actual"
"VIC",2024-09-20 00:00:00.000,0.064652777777771675,4992.6712847222225,"Actual"
"VIC",2024-09-21 00:00:00.000,-12.296736111111116,4378.9360416666668,"Actual"
"VIC",2024-09-22 00:00:00.000,-6.722777777777778,3998.9021875000008,"Actual"
"VIC",2024-09-23 00:00:00.000,48.370451388888895,4839.9720486111109,"Actual"
"VIC",2024-09-24 00:00:00.000,77.441111111111013,4702.8904513888883,"Actual"
"VIC",2024-09-25 00:00:00.000,73.915138888888876,5317.1570833333335,"Actual"
"VIC",2024-09-26 00:00:00.000,36.182569444444454,4964.0242708333335,"Actual"
"VIC",2024-09-27 00:00:00.000,36.273680555555558,4076.6948263888894,"Actual"
"VIC",2024-09-28 00:00:00.000,-32.790937499999934,3593.6474305555548,"Actual"
"VIC",2024-09-29 00:00:00.000,2.9350347222222126,4319.7705208333336,"Actual"
"VIC",2024-09-30 00:00:00.000,25.230347222222221,4314.298125,"Actual"
"VIC",2024-10-01 00:00:00.000,44.219062499999957,4559.2455555555553,"Actual"
"VIC",2024-10-02 00:00:00.000,47.860277777777782,4298.3620138888891,"Actual"
"VIC",2024-10-03 00:00:00.000,-15.215000000000032,4123.03826388889,"Actual"
"VIC",2024-10-04 00:00:00.000,8.4830555555555236,4314.1336805555557,"Actual"
"VIC",2024-10-05 00:00:00.000,-9.3995833333333323,4059.9228125,"Actual"
"VIC",2024-10-06 00:00:00.000,-24.313888888888858,3720.5690277777776,"Actual"
"VIC",2024-10-07 00:00:00.000,15.347430555555553,4797.455972222222,"Actual"
"VIC",2024-10-08 00:00:00.000,48.206631944444439,4812.9354861111115,"Actual"
"VIC",2024-10-09 00:00:00.000,24.830520833333331,4466.2670138888889,"Actual"
"VIC",2024-10-10 00:00:00.000,-3.0797916666666669,4141.4011111111113,"Actual"
"VIC",2024-10-11 00:00:00.000,15.331111111111042,4359.6327777777778,"Actual"
"VIC",2024-10-12 00:00:00.000,-10.365208333333477,3681.3196180555565,"Actual"
"VIC",2024-10-13 00:00:00.000,30.525173611111143,3582.6384027777785,"Actual"
"VIC",2024-10-14 00:00:00.000,22.381388888889035,4129.3036805555557,"Actual"
"VIC",2024-10-15 00:00:00.000,13.762430555555564,4159.4423263888884,"Actual"
"VIC",2024-10-16 00:00:00.000,34.935069444444451,4189.95875,"Actual"
"VIC",2024-10-17 00:00:00.000,34.310381944444416,4379.3057638888886,"Actual"
"VIC",2024-10-18 00:00:00.000,15.8145138888889,4601.9517708333333,"Actual"
"VIC",2024-10-19 00:00:00.000,5.6580208333333291,3641.5754513888887,"Actual"
"VIC",2024-10-20 00:00:00.000,18.54756944444437,3544.2058680555556,"Actual"
"VIC",2024-10-21 00:00:00.000,39.38781250000001,4068.9764583333335,"Actual"
"VIC",2024-10-22 00:00:00.000,29.957812499999974,4253.1500694444449,"Actual"
"VIC",2024-10-23 00:00:00.000,30.879791666666875,4061.6812152777775,"Actual"
"VIC",2024-10-24 00:00:00.000,8.3493055555555742,4092.4765625,"Actual"
"VIC",2024-10-25 00:00:00.000,49.91125000000001,4255.7606944444442,"Actual"
"VIC",2024-10-26 00:00:00.000,27.365451388888886,3684.5504861111103,"Actual"
"VIC",2024-10-27 00:00:00.000,-0.51326388888878682,3674.7354166666664,"Actual"
"VIC",2024-10-28 00:00:00.000,-7.3989236111115275,3985.9817361111109,"Actual"
"VIC",2024-10-29 00:00:00.000,47.8286111111111,4229.6629513888893,"Actual"
"VIC",2024-10-30 00:00:00.000,52.4684027777777,4165.4856597222224,"Actual"
"VIC",2024-10-31 00:00:00.000,35.265451388888962,4280.289791666667,"Actual"
"VIC",2024-11-01 00:00:00.000,15.316666666666698,4239.5088194444443,"Actual"
"VIC",2024-11-02 00:00:00.000,-34.887534722222071,3582.9067013888885,"Actual"
"VIC",2024-11-03 00:00:00.000,0.84812500000002089,3313.2860763888893,"Actual"
"VIC",2024-11-04 00:00:00.000,59.832534722222221,3914.4362499999997,"Actual"
"VIC",2024-11-05 00:00:00.000,66.100138888888836,3567.7608680555563,"Actual"
"VIC",2024-11-06 00:00:00.000,20.732395833333324,4470.3083333333334,"Actual"
"VIC",2024-11-07 00:00:00.000,45.9315277777778,4193.861041666667,"Actual"
"VIC",2024-11-08 00:00:00.000,9.9640972222221436,4085.4846875,"Actual"
"VIC",2024-11-09 00:00:00.000,86.738784722222249,3853.2873611111108,"Actual"
"VIC",2024-11-10 00:00:00.000,31.192430555555603,3566.509097222222,"Actual"
"VIC",2024-11-11 00:00:00.000,72.786527777777778,4108.0891666666666,"Actual"
"VIC",2024-11-12 00:00:00.000,131.52631944444445,4547.6095833333338,"Actual"
"VIC",2024-11-13 00:00:00.000,52.921180555555225,4459.0019444444442,"Actual"
"VIC",2024-11-14 00:00:00.000,82.4342361111113,4036.4254513888895,"Actual"
"VIC",2024-11-15 00:00:00.000,54.278923611111196,3912.4230902777781,"Actual"
"VIC",2024-11-16 00:00:00.000,4.9803819444444741,3907.7540625,"Actual"
"VIC",2024-11-17 00:00:00.000,-17.642638888888921,3888.5059722222227,"Actual"
"VIC",2024-11-18 00:00:00.000,3.8812152777777591,3981.0647916666667,"Actual"
"VIC",2024-11-19 00:00:00.000,48.953368055555572,4048.2817361111115,"Actual"
"VIC",2024-11-20 00:00:00.000,49.305590277777895,4001.4644097222222,"Actual"
"VIC",2024-11-21 00:00:00.000,97.185486111111146,4430.8857291666664,"Actual"
"VIC",2024-11-22 00:00:00.000,107.57236111111108,5346.424479166667,"Actual"
"VIC",2024-11-23 00:00:00.000,72.047743055555529,5194.1243402777782,"Actual"
"VIC",2024-11-24 00:00:00.000,138.71899305555556,4574.7915625000005,"Actual"
"VIC",2024-11-25 00:00:00.000,167.82854166666667,4945.4817361111109,"Actual"
"VIC",2024-11-26 00:00:00.000,140.74142361111114,4824.3710763888894,"Actual"
"VIC",2024-11-27 00:00:00.000,67.195833333333326,4876.8003819444448,"Actual"
"VIC",2024-11-28 00:00:00.000,86.483993055555572,4336.5050347222223,"Actual"
"VIC",2024-11-29 00:00:00.000,121.62812500000001,4594.18,"Actual"
"VIC",2024-11-30 00:00:00.000,137.77395833333333,4462.3964930555558,"Actual"
"VIC",2024-12-01 00:00:00.000,41.204826388888762,3666.518715277778,"Actual"
"VIC",2024-12-02 00:00:00.000,88.288090277777741,4585.4339930555552,"Actual"
"VIC",2024-12-03 00:00:00.000,71.474236111111111,4809.5739236111112,"Actual"
"VIC",2024-12-04 00:00:00.000,93.532986111111114,3952.7302083333338,"Actual"
"VIC",2024-12-05 00:00:00.000,134.58090277777777,4958.33625,"Actual"
"VIC",2024-12-06 00:00:00.000,125.33232638888889,5214.7567361111105,"Actual"
"VIC",2024-12-07 00:00:00.000,36.726631944444563,4328.0430555555549,"Actual"
"VIC",2024-12-08 00:00:00.000,15.950729166666683,3283.3882291666673,"Actual"
"VIC",2024-12-09 00:00:00.000,108.71090277777778,4076.5577430555554,"Actual"
"VIC",2024-12-10 00:00:00.000,78.960208333333242,3937.3088541666666,"Actual"
"VIC",2024-12-11 00:00:00.000,52.694479166666667,3885.4331249999996,"Actual"
"VIC",2024-12-12 00:00:00.000,100.94909722222222,4250.653402777778,"Actual"
"VIC",2024-12-13 00:00:00.000,106.82791666666662,4258.5061805555551,"Actual"
"VIC",2024-12-14 00:00:00.000,122.92802083333336,3959.7094097222225,"Actual"
"VIC",2024-12-15 00:00:00.000,98.90086805555562,4254.3232986111116,"Actual"
"VIC",2024-12-16 00:00:00.000,113.22118055555559,6361.8474305555555,"Actual"
"VIC",2024-12-17 00:00:00.000,25.450312500000024,4175.825520833333,"Actual"
"VIC",2024-12-18 00:00:00.000,33.108645833333313,3822.5559027777776,"Actual"
"VIC",2024-12-19 00:00:00.000,40.17166666666661,4315.1053125,"Actual"
"VIC",2024-12-20 00:00:00.000,30.759548611111157,4673.2228819444445,"Actual"
"VIC",2024-12-21 00:00:00.000,-19.339097222222229,3508.6457986111113,"Actual"
"VIC",2024-12-22 00:00:00.000,-20.717604166666675,3317.3688541666666,"Actual"
"VIC",2024-12-23 00:00:00.000,-24.972048611111195,3552.5048263888889,"Actual"
"VIC",2024-12-24 00:00:00.000,29.565798611111102,3731.0875694444444,"Actual"
"VIC",2024-12-25 00:00:00.000,29.60128472222226,3728.666805555556,"Actual"
"VIC",2024-12-26 00:00:00.000,-7.712187499999974,4814.0147916666665,"Actual"
"VIC",2024-12-27 00:00:00.000,-5.2987847222222229,3504.0587847222228,"Actual"
"VIC",2024-12-28 00:00:00.000,14.681076388888933,3484.8372916666667,"Actual"
"VIC",2024-12-29 00:00:00.000,22.682361111111057,3251.4793402777768,"Actual"
"VIC",2024-12-30 00:00:00.000,46.358437500000008,3862.2384722222228,"Actual"
"VIC",2024-12-31 00:00:00.000,35.210347222222282,3706.5768749999997,"Actual"
"VIC",2025-01-01 00:00:00.000,-20.966944444444536,3296.8115972222231,"Actual"
"VIC",2025-01-02 00:00:00.000,-10.430381944444477,3315.4696527777778,"Actual"
"VIC",2025-01-03 00:00:00.000,46.220000000000041,3910.4814583333336,"Actual"
"VIC",2025-01-04 00:00:00.000,70.2975,4795.9819791666669,"Actual"
"VIC",2025-01-05 00:00:00.000,78.269166666666536,5327.7781250000007,"Actual"
"VIC",2025-01-06 00:00:00.000,49.585416666666717,4573.7848263888891,"Actual"
"VIC",2025-01-07 00:00:00.000,-18.072430555555616,3631.4238194444442,"Actual"
"VIC",2025-01-08 00:00:00.000,38.658263888888868,4223.8823263888889,"Actual"
"VIC",2025-01-09 00:00:00.000,100.54895833333332,4849.0264930555559,"Actual"
"VIC",2025-01-10 00:00:00.000,102.356875,4958.610555555555,"Actual"
"VIC",2025-01-11 00:00:00.000,92.919687499999981,4994.6245138888889,"Actual"
"VIC",2025-01-12 00:00:00.000,93.517708333333431,4603.9860069444449,"Actual"
"VIC",2025-01-13 00:00:00.000,98.7417708333334,4725.4556597222227,"Actual"
"VIC",2025-01-14 00:00:00.000,103.53506944444439,4743.86625,"Actual"
"VIC",2025-01-15 00:00:00.000,36.156770833333283,4715.9377777777781,"Actual"
"VIC",2025-01-16 00:00:00.000,49.36875000000002,3993.6887847222224,"Actual"
"VIC",2025-01-17 00:00:00.000,1.6744791666668561,3944.9145486111106,"Actual"
"VIC",2025-01-18 00:00:00.000,3.07854166666667,3855.281493055556,"Actual"
"VIC",2025-01-19 00:00:00.000,62.328715277777782,4628.9172569444445,"Actual"
"VIC",2025-01-20 00:00:00.000,140.1954513888889,5702.5322222222221,"Actual"
"VIC",2025-01-21 00:00:00.000,124.58670138888886,5649.3630208333334,"Actual"
"VIC",2025-01-22 00:00:00.000,-14.335937499999872,4250.6017013888895,"Actual"
"VIC",2025-01-23 00:00:00.000,55.055034722222217,4503.2511458333338,"Actual"
"VIC",2025-01-24 00:00:00.000,34.534374999999969,4031.8277430555559,"Actual"
"VIC",2025-01-25 00:00:00.000,27.205416666666636,3796.3824652777785,"Actual"
"VIC",2025-01-26 00:00:00.000,29.702743055555551,3754.79875,"Actual"
"VIC",2025-01-27 00:00:00.000,37.074895833333386,5080.5824305555561,"Actual"
"VIC",2025-01-28 00:00:00.000,11.309652777777776,4257.453125,"Actual"
"VIC",2025-01-29 00:00:00.000,7.5108333333333448,4064.5143749999997,"Actual"
"VIC",2025-01-30 00:00:00.000,34.670868055555623,4226.5172222222227,"Actual"
"VIC",2025-01-31 00:00:00.000,33.695659722222231,4247.6187152777775,"Actual"
"VIC",2025-02-01 00:00:00.000,71.469340277777789,4695.5551388888889,"Actual"
"VIC",2025-02-02 00:00:00.000,77.59874999999991,5791.5183680555556,"Actual"
"VIC",2025-02-03 00:00:00.000,277.01555555555547,6665.3297222222218,"Actual"
"VIC",2025-02-04 00:00:00.000,102.1196875,6156.9851736111113,"Actual"
"VIC",2025-02-05 00:00:00.000,33.032013888888926,4396.9351736111112,"Actual"
"VIC",2025-02-06 00:00:00.000,131.67447916666666,5767.6473611111105,"Actual"
"VIC",2025-02-07 00:00:00.000,89.701666666666682,5139.7423263888886,"Actual"
"VIC",2025-02-08 00:00:00.000,-1.4974652777778061,4062.291423611111,"Actual"
"VIC",2025-02-09 00:00:00.000,-23.851666666666674,3692.1963541666669,"Actual"
"VIC",2025-02-10 00:00:00.000,13.521493055555553,4406.3688194444449,"Actual"
"VIC",2025-02-11 00:00:00.000,97.971944444444446,5197.9235763888892,"Actual"
"VIC",2025-02-12 00:00:00.000,151.16510416666671,6039.7657291666674,"Actual"
"VIC",2025-02-13 00:00:00.000,65.034583333333316,6002.8679513888892,"Actual"
"VIC",2025-02-14 00:00:00.000,53.796631944444428,4446.9260416666666,"Actual"
"VIC",2025-02-15 00:00:00.000,-9.7529166666665077,3710.8027430555553,"Actual"
"VIC",2025-02-16 00:00:00.000,28.124305555555576,3656.6446875,"Actual"
"VIC",2025-02-17 00:00:00.000,66.365034722222191,3998.5137152777779,"Actual"
"VIC",2025-02-18 00:00:00.000,50.412534722222212,4168.0334375,"Actual"
"VIC",2025-02-19 00:00:00.000,24.182638888888931,4314.295208333333,"Actual"
"VIC",2025-02-20 00:00:00.000,16.3519444444444,4204.5012847222224,"Actual"
"VIC",2025-02-21 00:00:00.000,50.012569444444452,4606.594930555555,"Actual"
"VIC",2025-02-22 00:00:00.000,62.849930555555545,5496.8857638888885,"Actual"
"VIC",2025-02-23 00:00:00.000,51.845208333333346,4928.9924305555551,"Actual"
"VIC",2025-02-24 00:00:00.000,58.880729166666669,4390.085694444444,"Actual"
"VIC",2025-02-25 00:00:00.000,80.457430555555561,4516.6199652777777,"Actual"
"VIC",2025-02-26 00:00:00.000,93.138645833333328,5172.3742013888887,"Actual"
"VIC",2025-02-27 00:00:00.000,120.62996527777773,4855.7009722222219,"Actual"
"VIC",2025-02-28 00:00:00.000,86.952430555555537,4750.0629861111111,"Actual"
"VIC",2025-03-01 00:00:00.000,70.21194444444447,4013.2277083333333,"Actual"
"VIC",2025-03-02 00:00:00.000,23.8539236111111,3960.5869097222221,"Actual"
"VIC",2025-03-03 00:00:00.000,12.295763888888883,4114.3009722222223,"Actual"
"VIC",2025-03-04 00:00:00.000,57.650520833333346,4808.5380208333336,"Actual"
"VIC",2025-03-05 00:00:00.000,57.553749999999951,5248.1086111111108,"Actual"
"VIC",2025-03-06 00:00:00.000,-0.9821875000000162,4837.5131944444447,"Actual"
"VIC",2025-03-07 00:00:00.000,40.5510763888889,4848.2977083333335,"Actual"
"VIC",2025-03-08 00:00:00.000,44.429756944444435,4680.5218749999995,"Actual"
"VIC",2025-03-09 00:00:00.000,77.013194444444451,4977.0543055555563,"Actual"
"VIC",2025-03-10 00:00:00.000,88.398784722222231,5527.9155902777775,"Actual"
"VIC",2025-03-11 00:00:00.000,99.088541666666686,6041.2132291666658,"Actual"
"VIC",2025-03-12 00:00:00.000,89.765833333333333,5935.2334722222222,"Actual"
"VIC",2025-03-13 00:00:00.000,104.78381944444445,5198.970625,"Actual"
"VIC",2025-03-14 00:00:00.000,107.9567361111111,5033.6077777777782,"Actual"
"VIC",2025-03-15 00:00:00.000,84.782013888888883,5430.7744444444443,"Actual"
"VIC",2025-03-16 00:00:00.000,13.588263888888889,4575.0474305555563,"Actual"
"VIC",2025-03-17 00:00:00.000,43.184270833333336,4415.1296180555555,"Actual"
"VIC",2025-03-18 00:00:00.000,89.118298611111129,4357.3597222222224,"Actual"
"VIC",2025-03-19 00:00:00.000,107.92107638888886,4794.7736805555551,"Actual"
"VIC",2025-03-20 00:00:00.000,73.139201388888864,5234.4696527777778,"Actual"
"VIC",2025-03-21 00:00:00.000,111.95434027777776,4747.2495833333332,"Actual"
"VIC",2025-03-22 00:00:00.000,74.326840277777762,3818.4372222222219,"Actual"
"VIC",2025-03-23 00:00:00.000,54.817500000000081,3766.015381944444,"Actual"
"VIC",2025-03-24 00:00:00.000,62.046354166666674,4489.6358680555559,"Actual"
"VIC",2025-03-25 00:00:00.000,64.366909722222218,4470.4735069444441,"Actual"
"VIC",2025-03-26 00:00:00.000,57.449305555555512,4553.8805208333333,"Actual"
"VIC",2025-03-27 00:00:00.000,50.495659722222214,4303.5954513888892,"Actual"
"VIC",2025-03-28 00:00:00.000,109.17847222222223,4897.3821527777782,"Actual"
"VIC",2025-03-29 00:00:00.000,59.134895833333104,4292.9374652777778,"Actual"
"VIC",2025-03-30 00:00:00.000,-8.2758680555555948,3672.5290277777776,"Actual"
"VIC",2025-03-31 00:00:00.000,-5.2650694444444515,4143.7249652777773,"Actual"
"VIC",2025-04-01 00:00:00.000,46.293333333333337,4193.475625,"Actual"
"VIC",2025-04-02 00:00:00.000,107.71895833333336,4397.5469444444443,"Actual"
"VIC",2025-04-03 00:00:00.000,65.471701388888846,4466.7058680555556,"Actual"
"VIC",2025-04-04 00:00:00.000,83.106840277777778,4635.2603819444439,"Actual"
"VIC",2025-04-05 00:00:00.000,50.269027777777815,3841.0236458333329,"Actual"
"VIC",2025-04-06 00:00:00.000,45.90895833333331,4006.4155208333332,"Actual"
"VIC",2025-04-07 00:00:00.000,98.115833333333327,4690.1976041666667,"Actual"
"VIC",2025-04-08 00:00:00.000,133.3312500000001,4830.2051388888895,"Actual"
"VIC",2025-04-09 00:00:00.000,144.15305555555557,4630.938229166667,"Actual"
"VIC",2025-04-10 00:00:00.000,77.135277777777759,4481.7003125,"Actual"
"VIC",2025-04-11 00:00:00.000,96.969722222222231,4675.7545486111112,"Actual"
"VIC",2025-04-12 00:00:00.000,83.398506944444435,4149.1938541666677,"Actual"
"VIC",2025-04-13 00:00:00.000,39.886180555555612,4204.5985069444441,"Actual"
"VIC",2025-04-14 00:00:00.000,77.179756944444392,4745.0723958333328,"Actual"
"VIC",2025-04-15 00:00:00.000,87.174548611111135,4673.9380208333332,"Actual"
"VIC",2025-04-16 00:00:00.000,94.46979166666668,4757.6358680555559,"Actual"
"VIC",2025-04-17 00:00:00.000,124.34565972222225,4805.8625347222223,"Actual"
"VIC",2025-04-18 00:00:00.000,75.138958333333434,4166.6494097222221,"Actual"
"VIC",2025-04-19 00:00:00.000,32.4596875000001,4167.7521527777781,"Actual"
"VIC",2025-04-20 00:00:00.000,1.3273263888888849,3891.2713194444441,"Actual"
"VIC",2025-04-21 00:00:00.000,29.221562499999994,3912.9591319444444,"Actual"
"VIC",2025-04-22 00:00:00.000,43.2868055555556,4523.17875,"Actual"
"VIC",2025-04-23 00:00:00.000,43.557256944444433,4388.6719444444443,"Actual"
"VIC",2025-04-24 00:00:00.000,55.321979166666672,4496.8247222222217,"Actual"
"VIC",2025-04-25 00:00:00.000,84.907951388888875,4465.140625,"Actual"
"VIC",2025-04-26 00:00:00.000,97.94423611111111,4438.4670138888887,"Actual"
"VIC",2025-04-27 00:00:00.000,80.730486111111134,4399.9867708333331,"Actual"
"VIC",2025-04-28 00:00:00.000,106.84809027777777,4965.0826736111112,"Actual"
"VIC",2025-04-29 00:00:00.000,81.314201388888932,4968.148680555556,"Actual"
"VIC",2025-04-30 00:00:00.000,55.462465277777781,4732.7370833333334,"Actual"
"VIC",2025-05-01 00:00:00.000,85.5028125,4868.7985416666661,"Actual"
"VIC",2025-05-02 00:00:00.000,104.10034722222221,4901.0202777777777,"Actual"
"VIC",2025-05-03 00:00:00.000,11.871041666666606,4200.7231944444438,"Actual"
"VIC",2025-05-04 00:00:00.000,-8.5910416666666478,3963.05125,"Actual"
"VIC",2025-05-05 00:00:00.000,-9.3031944444444381,4439.2607986111107,"Actual"
"VIC",2025-05-06 00:00:00.000,-3.4833333333333236,4401.5057986111115,"Actual"
"VIC",2025-05-07 00:00:00.000,6.8187847222222242,4673.0023263888888,"Actual"
"VIC",2025-05-08 00:00:00.000,76.897083333333342,5052.3409375,"Actual"
"VIC",2025-05-09 00:00:00.000,103.83652777777779,5126.8589236111111,"Actual"
"VIC",2025-05-10 00:00:00.000,87.899756944444476,4546.5644791666664,"Actual"
"VIC",2025-05-11 00:00:00.000,72.676423611111233,4232.8003125,"Actual"
"VIC",2025-05-12 00:00:00.000,117.07836805555559,4877.3240277777777,"Actual"
"VIC",2025-05-13 00:00:00.000,109.60829861111111,5028.8248611111112,"Actual"
"VIC",2025-05-14 00:00:00.000,114.95305555555555,5013.4209375,"Actual"
"VIC",2025-05-15 00:00:00.000,138.66642361111113,5317.1069444444447,"Actual"
"VIC",2025-05-16 00:00:00.000,139.48229166666667,5422.1678125,"Actual"
"VIC",2025-05-17 00:00:00.000,87.40864583333331,5122.8577777777773,"Actual"
"VIC",2025-05-18 00:00:00.000,42.253437499999961,4942.5223611111105,"Actual"
"VIC",2025-05-19 00:00:00.000,98.791805555555541,5827.785277777778,"Actual"
"VIC",2025-05-20 00:00:00.000,129.41788194444447,5870.4371527777776,"Actual"
"VIC",2025-05-21 00:00:00.000,178.59333333333333,5970.4023958333337,"Actual"
"VIC",2025-05-22 00:00:00.000,136.04486111111109,5878.4052777777779,"Actual"
"VIC",2025-05-23 00:00:00.000,132.07159722222221,5688.709375,"Actual"
"VIC",2025-05-24 00:00:00.000,8.3909027777777254,4405.0240277777775,"Actual"
"VIC",2025-05-25 00:00:00.000,18.465104166666642,4335.4110763888893,"Actual"
"VIC",2025-05-26 00:00:00.000,-3.4430555555555404,4770.0460763888887,"Actual"
"VIC",2025-05-27 00:00:00.000,32.72642361111113,5585.4944791666667,"Actual"
"VIC",2025-05-28 00:00:00.000,72.9857638888889,5579.8181597222219,"Actual"
"VIC",2025-05-29 00:00:00.000,95.99656250000001,5421.1889583333332,"Actual"
"VIC",2025-05-30 00:00:00.000,116.39388888888885,5604.383125,"Actual"
"VIC",2025-05-31 00:00:00.000,125.13663194444442,5031.9507986111112,"Actual"
"VIC",2025-06-01 00:00:00.000,68.073541666666685,4812.77951388889,"Actual"
"VIC",2025-06-02 00:00:00.000,111.50968750000001,5447.4425347222223,"Actual"
"VIC",2025-06-03 00:00:00.000,110.37277777777778,5772.4771180555554,"Actual"
"VIC",2025-06-04 00:00:00.000,131.63302083333332,6027.3039236111117,"Actual"
"VIC",2025-06-05 00:00:00.000,116.40548611111112,5917.0501736111109,"Actual"
"VIC",2025-06-06 00:00:00.000,68.654375000000059,6041.2267013888886,"Actual"
"VIC",2025-06-07 00:00:00.000,63.849097222222213,5433.8352777777782,"Actual"
"VIC",2025-06-08 00:00:00.000,62.390624999999979,5418.8397569444442,"Actual"
"VIC",2025-06-09 00:00:00.000,112.00642361111106,5375.5790625,"Actual"
"VIC",2025-06-10 00:00:00.000,191.55451388888889,5963.2823958333338,"Actual"
"VIC",2025-06-11 00:00:00.000,603.83604166666657,6151.3108680555561,"Actual"
"VIC",2025-06-12 00:00:00.000,1786.1798611111112,6278.8111458333333,"Actual"
"VIC",2025-06-13 00:00:00.000,254.09434027777777,6331.94375,"Actual"
"VIC",2025-06-14 00:00:00.000,85.19440972222219,5737.8076041666664,"Actual"
"VIC",2025-06-15 00:00:00.000,135.51784722222226,5531.5488541666664,"Actual"
"VIC",2025-06-16 00:00:00.000,68.61534722222224,6037.0986458333336,"Actual"
"VIC",2025-06-17 00:00:00.000,118.13732638888894,6116.6677777777777,"Actual"
"VIC",2025-06-18 00:00:00.000,316.72770833333334,6529.7190277777781,"Actual"
"VIC",2025-06-19 00:00:00.000,162.49725694444442,6414.7963194444446,"Actual"
"VIC",2025-06-20 00:00:00.000,138.44711805555553,6023.0184375,"Actual"
"VIC",2025-06-21 00:00:00.000,102.29284722222219,5558.0429513888885,"Actual"
"VIC",2025-06-22 00:00:00.000,39.548159722222294,5347.8843750000015,"Actual"
"VIC",2025-06-23 00:00:00.000,10.973541666666623,5289.3121180555554,"Actual"
"VIC",2025-06-24 00:00:00.000,37.942499999999981,5787.7998958333337,"Actual"
"VIC",2025-06-25 00:00:00.000,86.604791666666685,6460.7993402777784,"Actual"
"VIC",2025-06-26 00:00:00.000,2048.7279513888889,6600.4053819444443,"Actual"
"VIC",2025-06-27 00:00:00.000,315.49951388888888,6232.7603819444448,"Actual"
"VIC",2025-06-28 00:00:00.000,192.3615972222222,5698.1729513888886,"Actual"
"VIC",2025-06-29 00:00:00.000,188.24440972222223,5621.8252430555558,"Actual"
"VIC",2025-06-30 00:00:00.000,210.24208333333334,6118.4979861111115,"Actual"
"VIC",2025-07-01 00:00:00.000,192.47079861111109,6346.8225,"Actual"
"VIC",2025-07-02 00:00:00.000,176.17284722222223,6514.9913194444453,"Actual"
"VIC",2025-07-03 00:00:00.000,184.88718749999998,6092.2150694444445,"Actual"
"VIC",2025-07-04 00:00:00.000,108.35340277777786,5949.3975347222222,"Actual"
"VIC",2025-07-05 00:00:00.000,20.703368055555561,4944.7467013888891,"Actual"
"VIC",2025-07-06 00:00:00.000,91.06666666666672,5340.5054861111112,"Actual"
"VIC",2025-07-07 00:00:00.000,105.25715277777775,5757.146319444445,"Actual"
"VIC",2025-07-08 00:00:00.000,26.10645833333335,6077.0329513888892,"Actual"
"VIC",2025-07-09 00:00:00.000,53.369166666666715,6009.8610069444449,"Actual"
"VIC",2025-07-10 00:00:00.000,49.006770833333356,6227.6376041666672,"Actual"
"VIC",2025-07-11 00:00:00.000,61.741215277777769,5984.6473958333336,"Actual"
"VIC",2025-07-12 00:00:00.000,79.4971875,5346.2434722222224,"Actual"
"VIC",2025-07-13 00:00:00.000,4.3395486111111126,5245.8398611111115,"Actual"
"VIC",2025-07-14 00:00:00.000,90.116041666666646,6078.0417013888891,"Actual"
"VIC",2025-07-15 00:00:00.000,99.807048611111156,6236.0094444444439,"Actual"
"VIC",2025-07-16 00:00:00.000,88.2405902777778,6182.402465277778,"Actual"
"VIC",2025-07-17 00:00:00.000,87.163159722222233,6189.0348611111112,"Actual"
"VIC",2025-07-18 00:00:00.000,112.17281249999999,5963.5238194444446,"Actual"
"VIC",2025-07-19 00:00:00.000,40.929027777777783,5423.1830208333331,"Actual"
"VIC",2025-07-20 00:00:00.000,77.739652777777778,5363.4084722222224,"Actual"
"VIC",2025-07-21 00:00:00.000,11.875416666666665,5859.7856944444447,"Actual"
"VIC",2025-07-22 00:00:00.000,10.711423611111112,6045.6640277777778,"Actual"
"VIC",2025-07-23 00:00:00.000,70.827951388888891,6328.2304166666672,"Actual"
"VIC",2025-07-24 00:00:00.000,62.801006944444417,6057.0377083333333,"Actual"
"VIC",2025-07-25 00:00:00.000,45.879687499999982,6738.3743749999994,"Actual"
"VIC",2025-07-26 00:00:00.000,56.294131944444374,5982.4065277777781,"Actual"
"VIC",2025-07-27 00:00:00.000,36.438645833333354,5498.0355555555552,"Actual"
"VIC",2025-07-28 00:00:00.000,70.628333333333316,5870.6798263888886,"Actual"
"VIC",2025-07-29 00:00:00.000,197.18659722222225,6302.0517013888893,"Actual"
"VIC",2025-07-30 00:00:00.000,122.69663194444446,6120.0715625,"Actual"
"VIC",2025-07-31 00:00:00.000,111.5689236111111,6125.9932638888886,"Actual"
"VIC",2025-08-01 00:00:00.000,152.78284722222222,6259.8242708333337,"Actual"
"VIC",2025-08-02 00:00:00.000,108.57524305555557,5450.761840277778,"Actual"
"VIC",2025-08-03 00:00:00.000,45.01263888888893,5043.53173611111,"Actual"
"VIC",2025-08-04 00:00:00.000,18.915451388888886,5476.8904513888892,"Actual"
"VIC",2025-08-05 00:00:00.000,31.870312499999994,5336.6345833333335,"Actual"
"VIC",2025-08-06 00:00:00.000,103.54940972222222,5812.136875,"Actual"
"VIC",2025-08-07 00:00:00.000,183.7871875,6236.252118055555,"Actual"
"VIC",2025-08-08 00:00:00.000,107.28677083333334,5894.0690277777776,"Actual"
"VIC",2025-08-09 00:00:00.000,86.34482638888889,5105.7740625,"Actual"
"VIC",2025-08-10 00:00:00.000,88.99270833333334,4933.6714236111111,"Actual"
"VIC",2025-08-11 00:00:00.000,83.758923611111115,5422.7933333333331,"Actual"
"VIC",2025-08-12 00:00:00.000,127.65739583333331,6111.8559027777783,"Actual"
"VIC",2025-08-13 00:00:00.000,171.80256944444446,5788.8771875,"Actual"
"VIC",2025-08-14 00:00:00.000,85.890173611111123,5407.0853472222225,"Actual"
"VIC",2025-08-15 00:00:00.000,56.123194444444422,6100.8353819444446,"Actual"
"VIC",2025-08-16 00:00:00.000,84.783506944444454,5402.4866319444445,"Actual"
"VIC",2025-08-17 00:00:00.000,116.69774305555558,5625.6509375,"Actual"
"VIC",2025-08-18 00:00:00.000,233.85652777777779,6386.592326388889,"Actual"
"VIC",2025-08-19 00:00:00.000,207.92878472222219,5955.8535763888885,"Actual"
"VIC",2025-08-20 00:00:00.000,118.45927083333333,5615.8909027777781,"Actual"
"VIC",2025-08-21 00:00:00.000,119.13350694444446,5266.1607638888891,"Actual"
"VIC",2025-08-22 00:00:00.000,81.705937500000047,5302.014375,"Actual"
"VIC",2025-08-23 00:00:00.000,106.61631944444446,4869.1568402777775,"Actual"
"VIC",2025-08-24 00:00:00.000,89.066215277777843,4748.0952083333341,"Actual"
"VIC",2025-08-25 00:00:00.000,67.333333333333343,5511.2817013888889,"Actual"
"VIC",2025-08-26 00:00:00.000,48.087569444444426,5826.9940972222221,"Actual"
"VIC",2025-08-27 00:00:00.000,24.330173611111103,5500.0357986111112,"Actual"
"VIC",2025-08-28 00:00:00.000,21.477256944444441,5502.8395833333334,"Actual"
"VIC",2025-08-29 00:00:00.000,26.796770833333351,5949.3128472222224,"Actual"
"VIC",2025-08-30 00:00:00.000,25.67295138888888,5254.3546875,"Actual"
"VIC",2025-08-31 00:00:00.000,64.6763888888889,4977.438194444444,"Actual"
"VIC",2025-09-01 00:00:00.000,204.27569444444447,5569.4904513888887,"Actual"
"VIC",2025-09-02 00:00:00.000,91.187708333333319,5397.0079513888886,"Actual"
"VIC",2025-09-03 00:00:00.000,32.016666666666666,5057.6790972222225,"Actual"
"VIC",2025-09-04 00:00:00.000,62.349895833333306,5565.5697916666668,"Actual"
"VIC",2025-09-05 00:00:00.000,97.197916666666657,5386.1847916666666,"Actual"
"VIC",2025-09-06 00:00:00.000,15.329826388889032,4388.734131944444,"Actual"
"VIC",2025-09-07 00:00:00.000,-0.49902777777777962,4320.152465277778,"Actual"
"VIC",2025-09-08 00:00:00.000,32.671493055555565,4544.7861111111115,"Actual"
"VIC",2025-09-09 00:00:00.000,105.33236111111114,4970.4307986111107,"Actual"
"VIC",2025-09-10 00:00:00.000,132.37555555555559,5649.0672916666672,"Actual"
"VIC",2025-09-11 00:00:00.000,99.770694444444459,5309.5631944444449,"Actual"
"VIC",2025-09-12 00:00:00.000,109.53680555555556,5275.8563194444441,"Actual"
"VIC",2025-09-13 00:00:00.000,114.19732638888894,4721.9857291666667,"Actual"
"VIC",2025-09-14 00:00:00.000,-9.884479166666793,3813.8571180555564,"Actual"
"VIC",2025-09-15 00:00:00.000,2.5250694444444459,4259.5270833333334,"Actual"
"VIC",2025-09-16 00:00:00.000,24.132187500000015,4882.6494444444443,"Actual"
"VIC",2025-09-17 00:00:00.000,59.887881944444452,4978.3446180555557,"Actual"
"VIC",2025-09-18 00:00:00.000,35.122986111111096,4723.6925347222223,"Actual"
"VIC",2025-09-19 00:00:00.000,3.6794097222222311,4500.2389930555555,"Actual"
"VIC",2025-09-20 00:00:00.000,14.080034722222219,4410.8422569444447,"Actual"
"VIC",2025-09-21 00:00:00.000,19.717395833333384,4679.4546527777775,"Actual"
"VIC",2025-09-22 00:00:00.000,48.037812499999994,4994.3371527777781,"Actual"
"VIC",2025-09-23 00:00:00.000,77.767638888888882,4991.64388888889,"Actual"
"VIC",2025-09-24 00:00:00.000,66.184444444444438,4981.9575,"Actual"
"VIC",2025-09-25 00:00:00.000,34.187847222222146,5254.7162847222226,"Actual"
"VIC",2025-09-26 00:00:00.000,9.0666319444444419,4489.9656944444441,"Actual"
"VIC",2025-09-27 00:00:00.000,17.810902777777798,3968.1738194444456,"Actual"
"VIC",2025-09-28 00:00:00.000,60.873402777777784,4200.7652430555554,"Actual"
"VIC",2025-09-29 00:00:00.000,57.042812500000011,4441.2225694444442,"Actual"
"VIC",2025-09-30 00:00:00.000,42.561944444444386,4928.9601736111108,"Actual"
"VIC",2025-10-01 00:00:00.000,-4.994652777777782,4792.0839236111105,"Actual"
"VIC",2025-10-02 00:00:00.000,8.9567708333333371,5274.1246527777776,"Actual"
"VIC",2025-10-03 00:00:00.000,46.412048611111118,4881.4105902777774,"Actual"
"VIC",2025-10-04 00:00:00.000,29.652847222222107,3806.7074652777778,"Actual"
"VIC",2025-10-05 00:00:00.000,-15.229270833333338,4042.8393055555553,"Actual"
"VIC",2025-10-06 00:00:00.000,48.06295138888887,4585.4536458333332,"Actual"
"VIC",2025-10-07 00:00:00.000,69.420590277777734,4400.5540972222225,"Actual"
"VIC",2025-10-08 00:00:00.000,29.628923611111077,4473.5057291666662,"Actual"
"VIC",2025-10-09 00:00:00.000,-1.0332638888888397,4279.4104166666675,"Actual"
"VIC",2025-10-10 00:00:00.000,-25.156840277777739,4251.0001388888886,"Actual"
"VIC",2025-10-11 00:00:00.000,6.8269791666666642,3728.4459027777775,"Actual"
"VIC",2025-10-12 00:00:00.000,31.294236111111061,4065.673645833333,"Actual"
"VIC",2025-10-13 00:00:00.000,88.187847222222246,4567.2152083333331,"Actual"
"VIC",2025-10-14 00:00:00.000,60.796250000000015,4490.9548611111113,"Actual"
"VIC",2025-10-15 00:00:00.000,100.49218750000004,4272.2903124999993,"Actual"
"VIC",2025-10-16 00:00:00.000,34.5645138888888,4598.6079166666668,"Actual"
"VIC",2025-10-17 00:00:00.000,46.589027777777588,4247.4135069444446,"Actual"
"VIC",2025-10-18 00:00:00.000,41.609062499999986,3824.0131597222221,"Actual"
"VIC",2025-10-19 00:00:00.000,22.254826388888887,4169.2305208333337,"Actual"
"VIC",2025-10-20 00:00:00.000,128.46489583333337,4933.0818055555555,"Actual"
"VIC",2025-10-21 00:00:00.000,144.7107986111111,4570.7160416666666,"Actual"
"VIC",2025-10-22 00:00:00.000,10.13826388888889,4756.3596527777781,"Actual"
"VIC",2025-10-23 00:00:00.000,103.63218749999999,4698.046875,"Actual"
"VIC",2025-10-24 00:00:00.000,93.049756944444482,4662.0527777777779,"Actual"
"VIC",2025-10-25 00:00:00.000,96.19267361111109,4474.189861111111,"Actual"
"VIC",2025-10-26 00:00:00.000,13.150555555555727,4512.6344444444449,"Actual"
"VIC",2025-10-27 00:00:00.000,6.7473958333333286,4690.014375,"Actual"
"VIC",2025-10-28 00:00:00.000,55.340972222222213,4324.5223263888893,"Actual"
"VIC",2025-10-29 00:00:00.000,121.17222222222226,4297.4431597222219,"Actual"
"VIC",2025-10-30 00:00:00.000,101.00454861111118,4238.918090277778,"Actual"
"VIC",2025-10-31 00:00:00.000,100.06729166666666,4882.6714236111111,"Actual"
"VIC",2025-11-01 00:00:00.000,47.0835763888889,3781.1862499999997,"Actual"
"VIC",2025-11-02 00:00:00.000,13.455451388888861,3858.3304166666667,"Actual"
"VIC",2025-11-03 00:00:00.000,72.230208333333337,4984.3148263888888,"Actual"
"VIC",2025-11-04 00:00:00.000,29.839131944444645,4284.9970833333327,"Actual"
"VIC",2025-11-05 00:00:00.000,25.627569444444454,4458.117916666667,"Actual"
"VIC",2025-11-06 00:00:00.000,67.118472222222238,4323.8275347222234,"Actual"
"VIC",2025-11-07 00:00:00.000,15.698750000000089,4749.2326388888887,"Actual"
"VIC",2025-11-08 00:00:00.000,-1.1217013888888836,4683.091388888889,"Actual"
"VIC",2025-11-09 00:00:00.000,30.940243055555541,4102.8537152777772,"Actual"
"VIC",2025-11-10 00:00:00.000,74.454236111111086,4874.331909722222,"Actual"
"VIC",2025-11-11 00:00:00.000,40.126493055555571,5021.2414236111108,"Actual"
"VIC",2025-11-12 00:00:00.000,27.75791666666667,4811.1637152777776,"Actual"
"VIC",2025-11-13 00:00:00.000,23.189062500000077,4264.3105208333327,"Actual"
"VIC",2025-11-14 00:00:00.000,58.061493055555516,4149.2034375,"Actual"
"VIC",2025-11-15 00:00:00.000,51.539201388888742,3974.4160416666673,"Actual"
"VIC",2025-11-16 00:00:00.000,-0.62163194444445935,4032.5189930555557,"Actual"
"VIC",2025-11-17 00:00:00.000,-6.4312152777777865,4737.1599305555555,"Actual"
"VIC",2025-11-18 00:00:00.000,15.97232638888889,4648.425,"Actual"
"VIC",2025-11-19 00:00:00.000,24.675937500000046,4253.1962500000009,"Actual"
"VIC",2025-11-20 00:00:00.000,22.967083333333342,4413.7394791666666,"Actual"
"VIC",2025-11-21 00:00:00.000,-4.4018055555555975,4070.8839583333333,"Actual"
"VIC",2025-11-22 00:00:00.000,74.962465277777767,4076.9482986111111,"Actual"
"VIC",2025-11-23 00:00:00.000,73.4296874999999,4212.7140625,"Actual"
"VIC",2025-11-24 00:00:00.000,29.902361111111162,4292.0477083333335,"Actual"
"VIC",2025-11-25 00:00:00.000,18.90829861111111,4157.2675,"Actual"
"VIC",2025-11-26 00:00:00.000,-7.4009374999999409,4204.8917708333329,"Actual"
"VIC",2025-11-27 00:00:00.000,30.698680555555551,4175.6022222222218,"Actual"
"VIC",2025-11-28 00:00:00.000,67.21975694444447,4395.3993055555557,"Actual"
"VIC",2025-11-29 00:00:00.000,33.456006944444482,4100.7745833333329,"Actual"
"VIC",2025-11-30 00:00:00.000,8.6436805555555338,3960.979375,"Actual"
"VIC",2025-12-01 00:00:00.000,12.989479166666658,4543.9044097222222,"Actual"
"VIC",2025-12-02 00:00:00.000,58.546041666666682,4574.8516319444443,"Actual"
"VIC",2025-12-03 00:00:00.000,43.15888888888891,4170.4845486111117,"Actual"
"VIC",2025-12-04 00:00:00.000,28.656354166666638,4768.3262152777779,"Actual"
"VIC",2025-12-05 00:00:00.000,77.733819444444521,4485.0878125,"Actual"
"VIC",2025-12-06 00:00:00.000,24.588715277777908,4445.3392361111109,"Actual"
"VIC",2025-12-07 00:00:00.000,9.7398263888888721,3440.7894791666663,"Actual"
"VIC",2025-12-08 00:00:00.000,24.905034722222247,4262.3761111111107,"Actual"
"VIC",2025-12-09 00:00:00.000,43.106666666666548,4239.1863541666671,"Actual"
"VIC",2025-12-10 00:00:00.000,53.360069444444463,4497.4101736111115,"Actual"
"VIC",2025-12-11 00:00:00.000,18.673854166666661,4010.8107291666665,"Actual"
"VIC",2025-12-12 00:00:00.000,59.64895833333334,4814.1492708333335,"Actual"
"VIC",2025-12-13 00:00:00.000,61.297465277777796,4234.927777777777,"Actual"
"VIC",2025-12-14 00:00:00.000,-2.3595486111111654,3523.2969444444443,"Actual"
"VIC",2025-12-15 00:00:00.000,18.481805555555454,4118.7136111111113,"Actual"
"VIC",2025-12-16 00:00:00.000,36.11,4142.3847222222221,"Actual"
"VIC",2025-12-17 00:00:00.000,85.603506944444433,4819.5272916666663,"Actual"
"VIC",2025-12-18 00:00:00.000,111.50236111111106,5579.4032986111115,"Actual"
"VIC",2025-12-19 00:00:00.000,104.57100694444443,5772.1724305555563,"Actual"
"VIC",2025-12-20 00:00:00.000,67.8993402777779,4300.2221180555553,"Actual"
"VIC",2025-12-21 00:00:00.000,40.212187500000084,4345.8282638888886,"Actual"
"VIC",2025-12-22 00:00:00.000,25.907326388888933,3974.017048611111,"Actual"
"VIC",2025-12-23 00:00:00.000,-18.961527777777896,3615.7033333333338,"Actual"
"VIC",2025-12-24 00:00:00.000,-15.117326388888944,3802.5623263888888,"Actual"
"VIC",2025-12-25 00:00:00.000,-57.768715277777787,3109.0522916666673,"Actual"
"VIC",2025-12-26 00:00:00.000,-39.702986111111109,3286.2382638888885,"Actual"
"VIC",2025-12-27 00:00:00.000,-31.217222222222198,3122.2414236111117,"Actual"
"VIC",2025-12-28 00:00:00.000,0.9134722222222269,3467.4950347222225,"Actual"
"VIC",2025-12-29 00:00:00.000,25.959826388888878,4469.0343055555559,"Actual"
"VIC",2025-12-30 00:00:00.000,10.770451388888855,4412.6998958333334,"Actual"
"VIC",2025-12-31 00:00:00.000,-26.756631944444454,3544.695,"Actual"
"VIC",2026-01-01 00:00:00.000,-27.766145833333155,3159.1084722222222,"Actual"
"VIC",2026-01-02 00:00:00.000,11.435451388888886,3668.4897916666669,"Actual"
"VIC",2026-01-03 00:00:00.000,36.402118055555505,4123.9366666666665,"Actual"
"VIC",2026-01-04 00:00:00.000,14.632743055555558,3538.1052083333329,"Actual"
"VIC",2026-01-05 00:00:00.000,24.864687500000002,3822.7431944444452,"Actual"
"VIC",2026-01-06 00:00:00.000,66.154722222222176,4680.4967361111112,"Actual"
"VIC",2026-01-07 00:00:00.000,130.30045138888886,6214.4708333333328,"Actual"
"VIC",2026-01-08 00:00:00.000,92.60930555555548,5648.0589930555552,"Actual"
"VIC",2026-01-09 00:00:00.000,98.60604166666667,6269.0959722222224,"Actual"
"VIC",2026-01-10 00:00:00.000,-18.077152777777798,3854.02607638889,"Actual"
"VIC",2026-01-11 00:00:00.000,-15.942534722222199,3364.7000694444441,"Actual"
"VIC",2026-01-12 00:00:00.000,20.647951388888877,4010.2412847222222,"Actual"
"VIC",2026-01-13 00:00:00.000,45.706145833333323,4581.8239236111112,"Actual"
"VIC",2026-01-14 00:00:00.000,38.355729166666691,4419.9553125,"Actual"
"VIC",2026-01-15 00:00:00.000,16.805763888888933,4486.6159027777776,"Actual"
"VIC",2026-01-16 00:00:00.000,-6.63305555555555,4138.4765625,"Actual"
"VIC",2026-01-17 00:00:00.000,-5.5634722222222095,3726.2934027777778,"Actual"
"VIC",2026-01-18 00:00:00.000,6.6238888888888834,3918.692951388889,"Actual"
"VIC",2026-01-19 00:00:00.000,13.405034722222208,4976.6679861111115,"Actual"
"VIC",2026-01-20 00:00:00.000,43.727222222222217,4925.4719791666666,"Actual"
"VIC",2026-01-21 00:00:00.000,20.149895833333353,4504.6126041666666,"Actual"
"VIC",2026-01-22 00:00:00.000,1.3977083333333269,4055.8378125,"Actual"
"VIC",2026-01-23 00:00:00.000,21.415902777777774,4256.4684375,"Actual"
"VIC",2026-01-24 00:00:00.000,36.02868055555556,5095.9741319444447,"Actual"
"VIC",2026-01-25 00:00:00.000,51.830729166666657,4404.3135416666664,"Actual"
"VIC",2026-01-26 00:00:00.000,51.053645833333356,4779.7451736111107,"Actual"
"VIC",2026-01-27 00:00:00.000,155.16545138888893,6791.1596180555553,"Actual"
"VIC",2026-01-28 00:00:00.000,56.1261111111111,5558.0986111111115,"Actual"
"VIC",2026-01-29 00:00:00.000,42.198090277777759,5135.2825,"Actual"
"VIC",2026-01-30 00:00:00.000,95.972256944444439,5910.4955902777783,"Actual"
"VIC",2026-01-31 00:00:00.000,77.5224652777778,5135.2625,"Actual"
"VIC",2026-02-01 00:00:00.000,-1.2894097222222385,3845.8504861111114,"Actual"
"VIC",2026-02-02 00:00:00.000,12.363784722222217,3998.025,"Actual"
"VIC",2026-02-03 00:00:00.000,44.671006944444443,4517.201875,"Actual"
"VIC",2026-02-04 00:00:00.000,79.990659722222247,5178.4665277777776,"Actual"
"VIC",2026-02-05 00:00:00.000,76.819618055555537,4599.6544444444444,"Actual"
"VIC",2026-02-06 00:00:00.000,79.149791666666658,4498.0214236111115,"Actual"
"VIC",2026-02-07 00:00:00.000,53.844687500000028,4236.4162847222215,"Actual"
"VIC",2026-02-08 00:00:00.000,42.50569444444443,4747.4396180555559,"Actual"
"VIC",2026-02-09 00:00:00.000,91.595,5300.7545138888891,"Actual"
"VIC",2026-02-10 00:00:00.000,93.447708333333338,4969.7498263888892,"Actual"
"VIC",2026-02-11 00:00:00.000,64.416111111111121,5251.5929166666665,"Actual"
"VIC",2026-02-12 00:00:00.000,12.723958333333314,4182.9949305555556,"Actual"
"VIC",2026-02-13 00:00:00.000,6.1211458333333351,4226.1327430555557,"Actual"
"VIC",2026-02-14 00:00:00.000,3.2040625000000107,3850.0575000000003,"Actual"
"VIC",2026-02-15 00:00:00.000,21.495625000000018,4285.6164236111108,"Actual"
"VIC",2026-02-16 00:00:00.000,51.475555555555538,5691.9402083333334,"Actual"
"VIC",2026-02-17 00:00:00.000,37.686701388888871,5796.9834375,"Actual"
"VIC",2026-02-18 00:00:00.000,26.913576388888892,4435.4312500000015,"Actual"
"VIC",2026-02-19 00:00:00.000,44.305694444444441,4635.8360416666665,"Actual"
"VIC",2026-02-20 00:00:00.000,66.038402777777776,4893.3969444444447,"Actual"
"VIC",2026-02-21 00:00:00.000,56.505486111111104,4618.6863541666662,"Actual"
"VIC",2026-02-22 00:00:00.000,38.083437500000038,4735.506388888889,"Actual"
"VIC",2026-02-23 00:00:00.000,41.223055555555547,4316.7434027777781,"Actual"
"VIC",2026-02-24 00:00:00.000,74.315729166666671,5029.8557986111109,"Actual"
"VIC",2026-02-25 00:00:00.000,16.203784722222224,4562.5540277777782,"Actual"
"VIC",2026-02-26 00:00:00.000,16.65708333333334,4669.3681944444443,"Actual"
"VIC",2026-02-27 00:00:00.000,67.891180555555565,5236.582152777778,"Actual"
"VIC",2026-02-28 00:00:00.000,43.210138888888935,5077.5645138888885,"Actual"
"VIC",2026-03-01 00:00:00.000,19.119097222222187,4810.6245833333332,"Actual"
"VIC",2026-03-02 00:00:00.000,60.858298611111081,5381.0792013888886,"Actual"
"VIC",2026-03-03 00:00:00.000,57.099652777777777,4606.8691666666664,"Actual"
"VIC",2026-03-04 00:00:00.000,54.73486111111113,4926.1642708333329,"Actual"
"VIC",2026-03-05 00:00:00.000,56.913923611111095,4638.8102777777776,"Actual"
"VIC",2026-03-06 00:00:00.000,49.77885416666669,4666.7683333333334,"Actual"
"VIC",2026-03-07 00:00:00.000,14.083402777777728,4123.3987847222215,"Actual"
"VIC",2026-03-08 00:00:00.000,-11.295729166666653,3907.6177083333337,"Actual"
"VIC",2026-03-09 00:00:00.000,37.227013888888891,4286.1496875,"Actual"
"VIC",2026-03-10 00:00:00.000,57.218229166666632,5106.2595486111113,"Actual"
"VIC",2026-03-11 00:00:00.000,-2.1847916666666443,5103.9984722222225,"Actual"
"VIC",2026-03-12 00:00:00.000,3.279305555555549,4607.6142361111115,"Actual"
"VIC",2026-03-13 00:00:00.000,-2.98343749999999,4357.8853125000005,"Actual"
"VIC",2026-03-14 00:00:00.000,5.8141666666666616,3945.4755208333336,"Actual"
"VIC",2026-03-15 00:00:00.000,40.867638888888862,4150.0623958333335,"Actual"
"VIC",2026-03-16 00:00:00.000,99.8081944444444,5295.7144444444448,"Actual"
"VIC",2026-03-17 00:00:00.000,105.46611111111113,5058.236875,"Actual"
"VIC",2026-03-18 00:00:00.000,95.0421875,4714.5430208333337,"Actual"
"VIC",2026-03-19 00:00:00.000,111.13982638888893,5093.566875,"Actual"
"VIC",2026-03-20 00:00:00.000,72.685451388888836,4644.5890625,"Actual"
"VIC",2026-03-21 00:00:00.000,55.77277777777779,4174.9785069444442,"Actual"
"VIC",2026-03-22 00:00:00.000,52.784861111111155,4364.3915625,"Actual"
"VIC",2026-03-23 00:00:00.000,66.244583333333338,5065.0676388888887,"Actual"
"VIC",2026-03-24 00:00:00.000,65.779861111111117,5210.1202430555559,"Actual"
"VIC",2026-03-25 00:00:00.000,63.9982986111111,5050.4061805555557,"Actual"
"VIC",2026-03-26 00:00:00.000,30.923402777777717,4862.2484722222225,"Actual"
"VIC",2026-03-27 00:00:00.000,2.5918749999999973,4934.7507638888892,"Actual"
"VIC",2026-03-28 00:00:00.000,30.281944444444463,4497.630902777777,"Actual"
"VIC",2026-03-29 00:00:00.000,31.625555555555607,4096.1454861111115,"Actual"
"VIC",2026-03-30 00:00:00.000,53.319375,4688.5960416666667,"Actual"
"VIC",2026-03-31 00:00:00.000,9.0855208333333621,4685.3741666666665,"Actual"
"VIC",2026-04-01 00:00:00.000,54.46961805555555,5029.0838194444441,"Actual"
"VIC",2026-04-02 00:00:00.000,59.11302083333333,4633.4148611111113,"Actual"
"VIC",2026-04-03 00:00:00.000,-1.6926041666666816,4099.6834027777777,"Actual"
"VIC",2026-04-04 00:00:00.000,-13.890381944444467,3761.4175694444448,"Actual"
"VIC",2026-04-05 00:00:00.000,28.486006944444448,3912.1959722222218,"Actual"
"VIC",2026-04-06 00:00:00.000,33.029270833333406,4376.5835069444447,"Actual"
"VIC",2026-04-07 00:00:00.000,40.984270833333341,4754.7464236111109,"Actual"
"VIC",2026-04-08 00:00:00.000,71.02249999999998,4684.3831944444446,"Actual"
"VIC",2026-04-09 00:00:00.000,-4.3045833333333317,4691.6336111111113,"Actual"
"VIC",2026-04-10 00:00:00.000,-5.4978125000000029,4614.1677083333334,"Actual"
"VIC",2026-04-11 00:00:00.000,-5.0756597222222233,4571.3390624999993,"Actual"
"VIC",2026-04-12 00:00:00.000,3.4439236111111127,4604.5190625,"Actual"
"VIC",2026-04-13 00:00:00.000,51.166388888888889,5066.6363541666669,"Actual"
"VIC",2026-04-14 00:00:00.000,101.29364583333333,5214.5508333333328,"Actual"
"VIC",2026-04-15 00:00:00.000,78.496458333333322,5185.7951041666665,"Actual"
"VIC",2026-04-16 00:00:00.000,15.300520833333437,4734.3325,"Actual"
"VIC",2026-04-17 00:00:00.000,31.608923611111106,4874.6892708333335,"Actual"
"VIC",2026-04-18 00:00:00.000,54.827083333333391,4678.3272916666665,"Actual"
"VIC",2026-04-19 00:00:00.000,64.6667361111111,4595.4342361111112,"Actual"
"VIC",2026-04-20 00:00:00.000,81.67506944444446,4954.2781944444441,"Actual"
"VIC",2026-04-21 00:00:00.000,33.168854166666634,4822.3660416666662,"Actual"
"VIC",2026-04-22 00:00:00.000,27.012986111111097,4769.0963888888891,"Actual"
"VIC",2026-04-23 00:00:00.000,46.433715277777772,4759.1057638888888,"Actual"
"VIC",2026-04-24 00:00:00.000,13.015451388888895,4574.7136111111113,"Actual"
"VIC",2026-04-25 00:00:00.000,-9.3271180555555482,4019.4881249999994,"Actual"
"VIC",2026-04-26 00:00:00.000,24.901111111111106,4216.8299652777778,"Actual"
"VIC",2026-04-27 00:00:00.000,67.318958333333313,4985.3486111111115,"Actual"
"VIC",2026-04-28 00:00:00.000,60.768576388888889,4939.7611111111109,"Actual"
"VIC",2026-04-29 00:00:00.000,56.029756944444486,4901.3468055555559,"Actual"
"VIC",2026-04-30 00:00:00.000,11.998611111111114,4758.7775,"Actual"
"VIC",2026-05-01 00:00:00.000,1.8692013888888903,4572.1549652777776,"Actual"
"VIC",2026-05-02 00:00:00.000,-1.8104861111111108,4275.0185416666664,"Actual"
"VIC",2026-05-03 00:00:00.000,0.36555555555555563,4433.9974305555552,"Actual"
"VIC",2026-05-04 00:00:00.000,0.15013888888888838,4738.0958333333328,"Actual"
"VIC",2026-05-05 00:00:00.000,77.077118055555559,5278.76375,"Actual"
"VIC",2026-05-06 00:00:00.000,36.979756944444375,5273.8497916666665,"Actual"
"VIC",2026-05-07 00:00:00.000,16.882326388888888,6026.8351388888877,"Actual"
"VIC",2026-05-08 00:00:00.000,28.594131944444449,5524.695625,"Actual"
"VIC",2026-05-09 00:00:00.000,81.564027777777781,5093.433125,"Actual"
"VIC",2026-05-10 00:00:00.000,78.253020833333352,4891.6695833333333,"Actual"
"VIC",2026-05-11 00:00:00.000,79.557708333333323,5437.1844791666663,"Actual"
"VIC",2026-05-12 00:00:00.000,66.009131944444448,5324.7773958333337,"Actual"
"VIC",2026-05-13 00:00:00.000,61.097951388888887,5273.497152777778,"Actual"
"VIC",2026-05-14 00:00:00.000,76.842847222222218,5330.2613888888891,"Actual"
"VIC",2026-05-15 00:00:00.000,36.016111111111108,4942.074375,"Actual"
"VIC",2026-05-16 00:00:00.000,39.906319444444435,4481.5280902777777,"Actual"
"VIC",2026-05-17 00:00:00.000,138.18829861111112,5061.1941319444441,"Actual"
"VIC",2026-05-18 00:00:00.000,171.41249999999997,5684.8809722222222,"Actual"
"VIC",2026-05-19 00:00:00.000,61.745208333333352,5634.0373611111117,"Actual"
"VIC",2026-05-20 00:00:00.000,66.296597222222232,5684.0180902777774,"Actual"
"VIC",2026-05-21 00:00:00.000,112.69326388888888,6093.9677430555557,"Actual"
"VIC",2026-05-22 00:00:00.000,80.003125,5750.0820833333337,"Actual"
"VIC",2026-05-23 00:00:00.000,48.988194444444446,5351.6689236111115,"Actual"
"VIC",2026-05-24 00:00:00.000,83.374791666666667,5345.3656597222225,"Actual"
"VIC",2026-05-25 00:00:00.000,89.0832291666667,5590.7837152777784,"Actual"
"VIC",2026-05-26 00:00:00.000,74.030555555555537,5546.8905555555557,"Actual"
"VIC",2026-05-27 00:00:00.000,127.19434027777785,5714.3253125,"Actual"
"VIC",2026-05-28 00:00:00.000,135.08215277777776,5935.6720138888886,"Actual"
"VIC",2026-05-29 00:00:00.000,92.620659722222214,5724.6334027777775,"Actual"
"VIC",2026-05-30 00:00:00.000,20.258124999999982,5122.8812152777782,"Actual"
"VIC",2026-05-31 00:00:00.000,27.342013888888879,5205.2417708333332,"Actual"
"VIC",2026-06-01 00:00:00.000,40.075972222222234,6336.3202430555557,"Actual"
"VIC",2026-06-02 00:00:00.000,16.10395833333331,5949.5682638888884,"Actual"
"VIC",2026-06-03 00:00:00.000,6.7060069444444537,5848.0936805555557,"Actual"
"VIC",2026-06-04 00:00:00.000,25.648854166666663,6440.2190625,"Actual"
"VIC",2026-06-05 00:00:00.000,63.852395833333347,6060.6981944444442,"Actual"
"VIC",2026-06-06 00:00:00.000,60.438472222222217,5534.6192708333338,"Actual"
"VIC",2026-06-07 00:00:00.000,76.701284722222212,5293.4042708333336,"Actual"
"VIC",2026-06-08 00:00:00.000,46.35413194444444,5306.1956944444446,"Actual"
"VIC",2026-06-09 00:00:00.000,2.6833680555555568,5797.299722222222,"Actual"
"VIC",2026-06-10 00:00:00.000,50.697187500000055,5866.929930555556,"Actual"
"VIC",2026-06-11 00:00:00.000,93.801736111111126,5974.2509375,"Actual"
"VIC",2026-06-12 00:00:00.000,-1.668715277777757,5482.4790277777774,"Actual"
"VIC",2026-06-13 00:00:00.000,26.352430555555546,5421.0355902777783,"Actual"
"VIC",2026-06-14 00:00:00.000,52.464409722222229,5418.6792708333332,"Actual"
"VIC",2026-06-15 00:00:00.000,54.18472222222222,6261.4419097222217,"Actual"
"VIC",2026-06-16 00:00:00.000,23.441076388888884,5833.2451041666673,"Actual"
"VIC",2026-06-17 00:00:00.000,10.886006944444448,5577.994548611111,"Actual"
"VIC",2026-06-18 00:00:00.000,3.8220138888888986,5695.475381944445,"Actual"
"VIC",2026-06-19 00:00:00.000,30.463472222222215,5962.5327777777784,"Actual"
"VIC",2026-06-20 00:00:00.000,65.920069444444451,5677.8998958333332,"Actual"
"VIC",2026-06-21 00:00:00.000,85.062465277777775,5515.2524305555553,"Actual"
"VIC",2026-06-22 00:00:00.000,181.57506944444444,6604.8057291666664,"Actual"
"VIC",2026-06-23 00:00:00.000,143.72871527777778,6587.5704861111117,"Actual"
"VIC",2026-06-24 00:00:00.000,162.18017361111112,6408.4708333333338,"Actual"
"VIC",2026-06-25 00:00:00.000,150.5490972222222,6442.8655902777773,"Actual"
"VIC",2026-06-26 00:00:00.000,146.44579861111114,6407.4724305555555,"Actual"
"VIC",2026-06-27 00:00:00.000,106.90763888888888,5928.1861458333333,"Actual"
"VIC",2026-06-28 00:00:00.000,72.348680555555561,5649.436770833333,"Actual"
"VIC",2026-06-29 00:00:00.000,83.263993055555588,6372.7467361111112,"Actual"
"VIC",2026-06-30 00:00:00.000,123.46746527777776,6419.8272569444453,"Actual"
"VIC",2026-07-01 00:00:00.000,1.89,5536.52,"Actual"
