Date,Region,RRP,TotalDemand,Type
2026-07-02 00:00:00.000,"NSW",105.57,8467.39,"Forecast"
2026-07-03 00:00:00.000,"NSW",91.7,8471.47,"Forecast"
2026-07-04 00:00:00.000,"NSW",82.57,8104.69,"Forecast"
2026-07-05 00:00:00.000,"NSW",83.6,8138.85,"Forecast"
2026-07-06 00:00:00.000,"NSW",94.95,8648.12,"Forecast"
2026-07-07 00:00:00.000,"NSW",110.21,8826.54,"Forecast"
2026-07-08 00:00:00.000,"NSW",116.64,8818.66,"Forecast"
2026-07-09 00:00:00.000,"NSW",110.32,8821.75,"Forecast"
2026-07-10 00:00:00.000,"NSW",95.98,8682.44,"Forecast"
2026-07-11 00:00:00.000,"NSW",85.91,8254.39,"Forecast"
2026-07-12 00:00:00.000,"NSW",86.5,8196.49,"Forecast"
2026-07-13 00:00:00.000,"NSW",97.41,8655.23,"Forecast"
2026-07-14 00:00:00.000,"NSW",111.93,8823.74,"Forecast"
2026-07-15 00:00:00.000,"NSW",117.76,8808.9,"Forecast"
2026-07-16 00:00:00.000,"NSW",111.33,8804.14,"Forecast"
2026-07-17 00:00:00.000,"NSW",96.66,8658.86,"Forecast"
2026-07-18 00:00:00.000,"NSW",86.26,8216.01,"Forecast"
2026-07-19 00:00:00.000,"NSW",86.63,8149.76,"Forecast"
2026-07-20 00:00:00.000,"NSW",97.4,8621.78,"Forecast"
2026-07-21 00:00:00.000,"NSW",112,8791.98,"Forecast"
2026-07-22 00:00:00.000,"NSW",117.85,8774,"Forecast"
2026-07-23 00:00:00.000,"NSW",111.35,8765.45,"Forecast"
2026-07-24 00:00:00.000,"NSW",96.29,8618.92,"Forecast"
2026-07-25 00:00:00.000,"NSW",85.76,8162.21,"Forecast"
2026-07-26 00:00:00.000,"NSW",85.97,8080.6,"Forecast"
2026-07-27 00:00:00.000,"NSW",96.6,8561.1,"Forecast"
2026-07-28 00:00:00.000,"NSW",111.48,8728.75,"Forecast"
2026-07-29 00:00:00.000,"NSW",117.51,8706.42,"Forecast"
2026-07-30 00:00:00.000,"NSW",110.97,8695.89,"Forecast"
2026-07-31 00:00:00.000,"NSW",95.49,8552.58,"Forecast"
2026-08-01 00:00:00.000,"NSW",84.83,8080.07,"Forecast"
2026-08-02 00:00:00.000,"NSW",84.9,7979.76,"Forecast"
2026-08-03 00:00:00.000,"NSW",95.4,8472.58,"Forecast"
2026-08-04 00:00:00.000,"NSW",110.67,8636.88,"Forecast"
2026-08-05 00:00:00.000,"NSW",116.96,8609.97,"Forecast"
2026-08-06 00:00:00.000,"NSW",110.39,8598.97,"Forecast"
2026-08-07 00:00:00.000,"NSW",94.41,8462.53,"Forecast"
2026-08-08 00:00:00.000,"NSW",83.65,7972.96,"Forecast"
2026-08-09 00:00:00.000,"NSW",83.56,7850.79,"Forecast"
2026-08-10 00:00:00.000,"NSW",93.9,8358.01,"Forecast"
2026-08-11 00:00:00.000,"NSW",109.53,8517.55,"Forecast"
2026-08-12 00:00:00.000,"NSW",116.01,8485.27,"Forecast"
2026-08-13 00:00:00.000,"NSW",109.4,8474.44,"Forecast"
2026-08-14 00:00:00.000,"NSW",92.99,8346.59,"Forecast"
2026-08-15 00:00:00.000,"NSW",82.17,7838.51,"Forecast"
2026-08-16 00:00:00.000,"NSW",81.89,7691.39,"Forecast"
2026-08-17 00:00:00.000,"NSW",92.07,8215.4,"Forecast"
2026-08-18 00:00:00.000,"NSW",107.76,8368.95,"Forecast"
2026-08-19 00:00:00.000,"NSW",114.75,8330.49,"Forecast"
2026-08-20 00:00:00.000,"NSW",107.83,8319.97,"Forecast"
2026-08-21 00:00:00.000,"NSW",91.15,8190.93,"Forecast"
2026-08-22 00:00:00.000,"NSW",80.29,7662.8,"Forecast"
2026-08-23 00:00:00.000,"NSW",79.87,7488.43,"Forecast"
2026-08-24 00:00:00.000,"NSW",89.85,8018.47,"Forecast"
2026-08-25 00:00:00.000,"NSW",105.31,8175.23,"Forecast"
2026-08-26 00:00:00.000,"NSW",112.97,8133.15,"Forecast"
2026-08-27 00:00:00.000,"NSW",105.43,8124.82,"Forecast"
2026-08-28 00:00:00.000,"NSW",88.73,7984.12,"Forecast"
2026-08-29 00:00:00.000,"NSW",77.86,7429.72,"Forecast"
2026-08-30 00:00:00.000,"NSW",77.31,7196.37,"Forecast"
2026-08-31 00:00:00.000,"NSW",87.08,7699.86,"Forecast"
2026-09-01 00:00:00.000,"NSW",102.4,7894.1,"Forecast"
2026-09-02 00:00:00.000,"NSW",110.11,7858.68,"Forecast"
2026-09-03 00:00:00.000,"NSW",102.4,7845.71,"Forecast"
2026-09-04 00:00:00.000,"NSW",85.65,7685.32,"Forecast"
2026-09-05 00:00:00.000,"NSW",74.68,7079.12,"Forecast"
2026-09-06 00:00:00.000,"NSW",73.93,6856.13,"Forecast"
2026-09-07 00:00:00.000,"NSW",83.66,7266.15,"Forecast"
2026-09-08 00:00:00.000,"NSW",99.05,7461.42,"Forecast"
2026-09-09 00:00:00.000,"NSW",106.66,7429.51,"Forecast"
2026-09-10 00:00:00.000,"NSW",99.04,7404.58,"Forecast"
2026-09-11 00:00:00.000,"NSW",82.12,7200.98,"Forecast"
2026-09-12 00:00:00.000,"NSW",70.56,6735.78,"Forecast"
2026-09-13 00:00:00.000,"NSW",69.69,6651.72,"Forecast"
2026-09-14 00:00:00.000,"NSW",79.79,6998.97,"Forecast"
2026-09-15 00:00:00.000,"NSW",95.14,7166.93,"Forecast"
2026-09-16 00:00:00.000,"NSW",102.54,7151.03,"Forecast"
2026-09-17 00:00:00.000,"NSW",95.04,7104.37,"Forecast"
2026-09-18 00:00:00.000,"NSW",78.2,6930.1,"Forecast"
2026-09-19 00:00:00.000,"NSW",66.66,6574.89,"Forecast"
2026-09-20 00:00:00.000,"NSW",65.95,6533.25,"Forecast"
2026-09-21 00:00:00.000,"NSW",75.82,6886.93,"Forecast"
2026-09-22 00:00:00.000,"NSW",90.98,7066.92,"Forecast"
2026-09-23 00:00:00.000,"NSW",97.95,7065.71,"Forecast"
2026-09-24 00:00:00.000,"NSW",90.51,7025.9,"Forecast"
2026-09-25 00:00:00.000,"NSW",73.7,6853.72,"Forecast"
2026-09-26 00:00:00.000,"NSW",63.24,6503.68,"Forecast"
2026-09-27 00:00:00.000,"NSW",62.81,6465.26,"Forecast"
2026-09-28 00:00:00.000,"NSW",71.84,6819.35,"Forecast"
2026-09-29 00:00:00.000,"NSW",86.69,7005.04,"Forecast"
2026-09-30 00:00:00.000,"NSW",93.4,7009.73,"Forecast"
2026-10-01 00:00:00.000,"NSW",85.78,6972.28,"Forecast"
2026-10-02 00:00:00.000,"NSW",69.56,6799.9,"Forecast"
2026-10-03 00:00:00.000,"NSW",60.22,6453.19,"Forecast"
2026-10-04 00:00:00.000,"NSW",60.07,6418.14,"Forecast"
2026-10-05 00:00:00.000,"NSW",68.51,6773.34,"Forecast"
2026-10-06 00:00:00.000,"NSW",82.7,6962.71,"Forecast"
2026-10-07 00:00:00.000,"NSW",89.1,6971.93,"Forecast"
2026-10-08 00:00:00.000,"NSW",81.27,6936.71,"Forecast"
2026-10-09 00:00:00.000,"NSW",66.15,6764.42,"Forecast"
2026-10-10 00:00:00.000,"NSW",58.22,6419.96,"Forecast"
2026-10-11 00:00:00.000,"NSW",58.4,6387.98,"Forecast"
2026-10-12 00:00:00.000,"NSW",66.22,6744.84,"Forecast"
2026-10-13 00:00:00.000,"NSW",79.55,6936.62,"Forecast"
2026-10-14 00:00:00.000,"NSW",85.63,6949.77,"Forecast"
2026-10-15 00:00:00.000,"NSW",77.55,6917.15,"Forecast"
2026-10-16 00:00:00.000,"NSW",63.7,6745.59,"Forecast"
2026-10-17 00:00:00.000,"NSW",56.78,6402.83,"Forecast"
2026-10-18 00:00:00.000,"NSW",57.28,6374.39,"Forecast"
2026-10-19 00:00:00.000,"NSW",64.73,6734.21,"Forecast"
2026-10-20 00:00:00.000,"NSW",77.09,6927.77,"Forecast"
2026-10-21 00:00:00.000,"NSW",82.84,6944.76,"Forecast"
2026-10-22 00:00:00.000,"NSW",74.51,6915.59,"Forecast"
2026-10-23 00:00:00.000,"NSW",62.04,6745.86,"Forecast"
2026-10-24 00:00:00.000,"NSW",55.84,6404.76,"Forecast"
2026-10-25 00:00:00.000,"NSW",56.61,6381.11,"Forecast"
2026-10-26 00:00:00.000,"NSW",63.73,6745.79,"Forecast"
2026-10-27 00:00:00.000,"NSW",75.15,6940.59,"Forecast"
2026-10-28 00:00:00.000,"NSW",80.57,6961.36,"Forecast"
2026-10-29 00:00:00.000,"NSW",72.4,6936.65,"Forecast"
2026-10-30 00:00:00.000,"NSW",61.35,6770.33,"Forecast"
2026-10-31 00:00:00.000,"NSW",55.47,6431.16,"Forecast"
2026-11-01 00:00:00.000,"NSW",56.46,6413.95,"Forecast"
2026-11-02 00:00:00.000,"NSW",63.46,6785.29,"Forecast"
2026-11-03 00:00:00.000,"NSW",74.08,6979.88,"Forecast"
2026-11-04 00:00:00.000,"NSW",79.04,7003.26,"Forecast"
2026-11-05 00:00:00.000,"NSW",71.34,6983.02,"Forecast"
2026-11-06 00:00:00.000,"NSW",61.28,6821,"Forecast"
2026-11-07 00:00:00.000,"NSW",55.66,6483.46,"Forecast"
2026-11-08 00:00:00.000,"NSW",56.83,6472.89,"Forecast"
2026-11-09 00:00:00.000,"NSW",63.97,6850.1,"Forecast"
2026-11-10 00:00:00.000,"NSW",74.04,7040.67,"Forecast"
2026-11-11 00:00:00.000,"NSW",78.32,7062.88,"Forecast"
2026-11-12 00:00:00.000,"NSW",71.28,7058.61,"Forecast"
2026-11-13 00:00:00.000,"NSW",61.83,6895.14,"Forecast"
2026-11-14 00:00:00.000,"NSW",56.39,6551.02,"Forecast"
2026-11-15 00:00:00.000,"NSW",57.68,6541.13,"Forecast"
2026-11-16 00:00:00.000,"NSW",64.91,6921.57,"Forecast"
2026-11-17 00:00:00.000,"NSW",74.49,7128.68,"Forecast"
2026-11-18 00:00:00.000,"NSW",78.55,7171.38,"Forecast"
2026-11-19 00:00:00.000,"NSW",71.86,7224.38,"Forecast"
2026-11-20 00:00:00.000,"NSW",63.01,7107.53,"Forecast"
2026-11-21 00:00:00.000,"NSW",57.93,6678.65,"Forecast"
2026-11-22 00:00:00.000,"NSW",59.34,6626.76,"Forecast"
2026-11-23 00:00:00.000,"NSW",66.57,7056.52,"Forecast"
2026-11-24 00:00:00.000,"NSW",75.83,7306.57,"Forecast"
2026-11-25 00:00:00.000,"NSW",79.73,7380.53,"Forecast"
2026-11-26 00:00:00.000,"NSW",73.34,7471.12,"Forecast"
2026-11-27 00:00:00.000,"NSW",65.11,7384.29,"Forecast"
2026-11-28 00:00:00.000,"NSW",60.34,6887.65,"Forecast"
2026-11-29 00:00:00.000,"NSW",61.88,6744.14,"Forecast"
2026-11-30 00:00:00.000,"NSW",69.03,7208.55,"Forecast"
2026-12-01 00:00:00.000,"NSW",77.96,7468.08,"Forecast"
2026-12-02 00:00:00.000,"NSW",81.57,7536.22,"Forecast"
2026-12-03 00:00:00.000,"NSW",75.4,7621.33,"Forecast"
2026-12-04 00:00:00.000,"NSW",67.31,7535.59,"Forecast"
2026-12-05 00:00:00.000,"NSW",62.55,7026.12,"Forecast"
2026-12-06 00:00:00.000,"NSW",64.08,6845.84,"Forecast"
2026-12-07 00:00:00.000,"NSW",71.15,7317.58,"Forecast"
2026-12-08 00:00:00.000,"NSW",79.8,7568.46,"Forecast"
2026-12-09 00:00:00.000,"NSW",83.16,7623.11,"Forecast"
2026-12-10 00:00:00.000,"NSW",77.18,7695.47,"Forecast"
2026-12-11 00:00:00.000,"NSW",69,7604.3,"Forecast"
2026-12-12 00:00:00.000,"NSW",64.15,7085.04,"Forecast"
2026-12-13 00:00:00.000,"NSW",65.6,6897.94,"Forecast"
2026-12-14 00:00:00.000,"NSW",72.6,7375.22,"Forecast"
2026-12-15 00:00:00.000,"NSW",81.07,7619.74,"Forecast"
2026-12-16 00:00:00.000,"NSW",84.34,7664.76,"Forecast"
2026-12-17 00:00:00.000,"NSW",78.39,7729.34,"Forecast"
2026-12-18 00:00:00.000,"NSW",70.15,7638.09,"Forecast"
2026-12-19 00:00:00.000,"NSW",65.23,7117.47,"Forecast"
2026-12-20 00:00:00.000,"NSW",66.64,6933.36,"Forecast"
2026-12-21 00:00:00.000,"NSW",73.63,7418.97,"Forecast"
2026-12-22 00:00:00.000,"NSW",82.01,7656.7,"Forecast"
2026-12-23 00:00:00.000,"NSW",85.25,7698.11,"Forecast"
2026-12-24 00:00:00.000,"NSW",79.34,7759.77,"Forecast"
2026-12-25 00:00:00.000,"NSW",71.06,7671.94,"Forecast"
2026-12-26 00:00:00.000,"NSW",66.13,7153.76,"Forecast"
2026-12-27 00:00:00.000,"NSW",67.55,6974.95,"Forecast"
2026-12-28 00:00:00.000,"NSW",74.56,7470.25,"Forecast"
2026-12-29 00:00:00.000,"NSW",82.92,7699.64,"Forecast"
2026-12-30 00:00:00.000,"NSW",86.16,7736.34,"Forecast"
2026-12-31 00:00:00.000,"NSW",80.28,7794.65,"Forecast"
2027-01-01 00:00:00.000,"NSW",71.98,7708.86,"Forecast"
2027-01-02 00:00:00.000,"NSW",67.03,7194.68,"Forecast"
2027-01-03 00:00:00.000,"NSW",68.47,7023.08,"Forecast"
2027-01-04 00:00:00.000,"NSW",75.52,7530.11,"Forecast"
2027-01-05 00:00:00.000,"NSW",83.91,7747.23,"Forecast"
2027-01-06 00:00:00.000,"NSW",87.16,7775.58,"Forecast"
2027-01-07 00:00:00.000,"NSW",81.28,7831.76,"Forecast"
2027-01-08 00:00:00.000,"NSW",72.95,7745.83,"Forecast"
2027-01-09 00:00:00.000,"NSW",67.97,7237.68,"Forecast"
2027-01-10 00:00:00.000,"NSW",69.41,7075.37,"Forecast"
2027-01-11 00:00:00.000,"NSW",76.51,7595.48,"Forecast"
2027-01-12 00:00:00.000,"NSW",84.96,7794.24,"Forecast"
2027-01-13 00:00:00.000,"NSW",88.23,7811.99,"Forecast"
2027-01-14 00:00:00.000,"NSW",82.29,7861.81,"Forecast"
2027-01-15 00:00:00.000,"NSW",73.9,7778.07,"Forecast"
2027-01-16 00:00:00.000,"NSW",68.88,7278.88,"Forecast"
2027-01-17 00:00:00.000,"NSW",70.32,7128.65,"Forecast"
2027-01-18 00:00:00.000,"NSW",77.46,7662.26,"Forecast"
2027-01-19 00:00:00.000,"NSW",86.02,7837.76,"Forecast"
2027-01-20 00:00:00.000,"NSW",89.33,7841.87,"Forecast"
2027-01-21 00:00:00.000,"NSW",83.28,7888.1,"Forecast"
2027-01-22 00:00:00.000,"NSW",74.81,7809.6,"Forecast"
2027-01-23 00:00:00.000,"NSW",69.74,7321.9,"Forecast"
2027-01-24 00:00:00.000,"NSW",71.2,7185.32,"Forecast"
2027-01-25 00:00:00.000,"NSW",78.39,7720.05,"Forecast"
2027-01-26 00:00:00.000,"NSW",87.1,7873.39,"Forecast"
2027-01-27 00:00:00.000,"NSW",90.44,7868.93,"Forecast"
2027-01-28 00:00:00.000,"NSW",84.23,7911.34,"Forecast"
2027-01-29 00:00:00.000,"NSW",75.69,7840.15,"Forecast"
2027-01-30 00:00:00.000,"NSW",70.57,7365.67,"Forecast"
2027-01-31 00:00:00.000,"NSW",72.04,7243.43,"Forecast"
2027-02-01 00:00:00.000,"NSW",79.29,7776.91,"Forecast"
2027-02-02 00:00:00.000,"NSW",88.19,7908.4,"Forecast"
2027-02-03 00:00:00.000,"NSW",91.57,7895.4,"Forecast"
2027-02-04 00:00:00.000,"NSW",85.16,7933.83,"Forecast"
2027-02-05 00:00:00.000,"NSW",76.53,7869.59,"Forecast"
2027-02-06 00:00:00.000,"NSW",71.36,7407.76,"Forecast"
2027-02-07 00:00:00.000,"NSW",72.84,7298.95,"Forecast"
2027-02-08 00:00:00.000,"NSW",80.15,7826.95,"Forecast"
2027-02-09 00:00:00.000,"NSW",89.27,7939.8,"Forecast"
2027-02-10 00:00:00.000,"NSW",92.74,7919.31,"Forecast"
2027-02-11 00:00:00.000,"NSW",86.22,7953.95,"Forecast"
2027-02-12 00:00:00.000,"NSW",77.37,7895.6,"Forecast"
2027-02-13 00:00:00.000,"NSW",72.12,7444.61,"Forecast"
2027-02-14 00:00:00.000,"NSW",73.6,7347.21,"Forecast"
2027-02-15 00:00:00.000,"NSW",80.95,7867.41,"Forecast"
2027-02-16 00:00:00.000,"NSW",90.34,7965.48,"Forecast"
2027-02-17 00:00:00.000,"NSW",93.9,7938.71,"Forecast"
2027-02-18 00:00:00.000,"NSW",87.36,7969.63,"Forecast"
2027-02-19 00:00:00.000,"NSW",78.18,7913.34,"Forecast"
2027-02-20 00:00:00.000,"NSW",72.83,7469.67,"Forecast"
2027-02-21 00:00:00.000,"NSW",74.28,7380.65,"Forecast"
2027-02-22 00:00:00.000,"NSW",81.66,7892.22,"Forecast"
2027-02-23 00:00:00.000,"NSW",91.35,7986.97,"Forecast"
2027-02-24 00:00:00.000,"NSW",95.1,7952.67,"Forecast"
2027-02-25 00:00:00.000,"NSW",88.49,7978.65,"Forecast"
2027-02-26 00:00:00.000,"NSW",78.91,7919.69,"Forecast"
2027-02-27 00:00:00.000,"NSW",73.45,7477.37,"Forecast"
2027-02-28 00:00:00.000,"NSW",74.85,7391.36,"Forecast"
2027-03-01 00:00:00.000,"NSW",82.22,7911.15,"Forecast"
2027-03-02 00:00:00.000,"NSW",92.29,8009.46,"Forecast"
2027-03-03 00:00:00.000,"NSW",96.32,7962.75,"Forecast"
2027-03-04 00:00:00.000,"NSW",89.58,7986.24,"Forecast"
2027-03-05 00:00:00.000,"NSW",79.58,7919.31,"Forecast"
2027-03-06 00:00:00.000,"NSW",74,7466.75,"Forecast"
2027-03-07 00:00:00.000,"NSW",75.32,7372.74,"Forecast"
2027-03-08 00:00:00.000,"NSW",82.65,7906.87,"Forecast"
2027-03-09 00:00:00.000,"NSW",93.35,8018,"Forecast"
2027-03-10 00:00:00.000,"NSW",97.59,7971.38,"Forecast"
2027-03-11 00:00:00.000,"NSW",90.67,7986.07,"Forecast"
2027-03-12 00:00:00.000,"NSW",80.17,7905.43,"Forecast"
2027-03-13 00:00:00.000,"NSW",74.44,7428.46,"Forecast"
2027-03-14 00:00:00.000,"NSW",75.64,7314.85,"Forecast"
2027-03-15 00:00:00.000,"NSW",83.02,7864.53,"Forecast"
2027-03-16 00:00:00.000,"NSW",94.35,7993.31,"Forecast"
2027-03-17 00:00:00.000,"NSW",98.87,7949.43,"Forecast"
2027-03-18 00:00:00.000,"NSW",91.87,7962.72,"Forecast"
2027-03-19 00:00:00.000,"NSW",80.6,7861.05,"Forecast"
2027-03-20 00:00:00.000,"NSW",74.69,7345.75,"Forecast"
2027-03-21 00:00:00.000,"NSW",75.7,7200.07,"Forecast"
2027-03-22 00:00:00.000,"NSW",83.46,7745.45,"Forecast"
2027-03-23 00:00:00.000,"NSW",95.25,7906.11,"Forecast"
2027-03-24 00:00:00.000,"NSW",100.1,7872.97,"Forecast"
2027-03-25 00:00:00.000,"NSW",93.11,7890.24,"Forecast"
2027-03-26 00:00:00.000,"NSW",80.82,7764.38,"Forecast"
2027-03-27 00:00:00.000,"NSW",74.57,7200.69,"Forecast"
2027-03-28 00:00:00.000,"NSW",75.32,7011.92,"Forecast"
2027-03-29 00:00:00.000,"NSW",83.5,7534.92,"Forecast"
2027-03-30 00:00:00.000,"NSW",95.8,7737.44,"Forecast"
2027-03-31 00:00:00.000,"NSW",101.02,7723.31,"Forecast"
2027-04-01 00:00:00.000,"NSW",94.01,7735.91,"Forecast"
2027-04-02 00:00:00.000,"NSW",81.17,7582.25,"Forecast"
2027-04-03 00:00:00.000,"NSW",73.93,6987.62,"Forecast"
2027-04-04 00:00:00.000,"NSW",74.35,6821.99,"Forecast"
2027-04-05 00:00:00.000,"NSW",83.13,7264.56,"Forecast"
2027-04-06 00:00:00.000,"NSW",96.12,7462.22,"Forecast"
2027-04-07 00:00:00.000,"NSW",102.23,7447.14,"Forecast"
2027-04-08 00:00:00.000,"NSW",94.85,7447.57,"Forecast"
2027-04-09 00:00:00.000,"NSW",81.11,7255.87,"Forecast"
2027-04-10 00:00:00.000,"NSW",72.49,6761.63,"Forecast"
2027-04-11 00:00:00.000,"NSW",73,6696.61,"Forecast"
2027-04-12 00:00:00.000,"NSW",82.81,7098.95,"Forecast"
2027-04-13 00:00:00.000,"NSW",96.71,7279.44,"Forecast"
2027-04-14 00:00:00.000,"NSW",104.31,7262.23,"Forecast"
2027-04-15 00:00:00.000,"NSW",96.7,7250.71,"Forecast"
2027-04-16 00:00:00.000,"NSW",82.28,7065.08,"Forecast"
2027-04-17 00:00:00.000,"NSW",72.84,6676.82,"Forecast"
2027-04-18 00:00:00.000,"NSW",73.31,6658.26,"Forecast"
2027-04-19 00:00:00.000,"NSW",83.69,7054.17,"Forecast"
2027-04-20 00:00:00.000,"NSW",99,7242.65,"Forecast"
2027-04-21 00:00:00.000,"NSW",107.51,7234.74,"Forecast"
2027-04-22 00:00:00.000,"NSW",100.43,7233.3,"Forecast"
2027-04-23 00:00:00.000,"NSW",84.9,7065.59,"Forecast"
2027-04-24 00:00:00.000,"NSW",74.72,6692.72,"Forecast"
2027-04-25 00:00:00.000,"NSW",75.01,6679.56,"Forecast"
2027-04-26 00:00:00.000,"NSW",85.98,7083.87,"Forecast"
2027-04-27 00:00:00.000,"NSW",102.52,7280.38,"Forecast"
2027-04-28 00:00:00.000,"NSW",111.57,7282.3,"Forecast"
2027-04-29 00:00:00.000,"NSW",104.97,7297.57,"Forecast"
2027-04-30 00:00:00.000,"NSW",88.66,7148.42,"Forecast"
2027-05-01 00:00:00.000,"NSW",77.74,6751.94,"Forecast"
2027-05-02 00:00:00.000,"NSW",77.96,6726.39,"Forecast"
2027-05-03 00:00:00.000,"NSW",89.34,7150.51,"Forecast"
2027-05-04 00:00:00.000,"NSW",106.8,7358.52,"Forecast"
2027-05-05 00:00:00.000,"NSW",116.11,7373.79,"Forecast"
2027-05-06 00:00:00.000,"NSW",109.94,7415.85,"Forecast"
2027-05-07 00:00:00.000,"NSW",92.95,7303.99,"Forecast"
2027-05-08 00:00:00.000,"NSW",81.51,6850.92,"Forecast"
2027-05-09 00:00:00.000,"NSW",81.51,6798.03,"Forecast"
2027-05-10 00:00:00.000,"NSW",93.12,7260.81,"Forecast"
2027-05-11 00:00:00.000,"NSW",111.34,7496.84,"Forecast"
2027-05-12 00:00:00.000,"NSW",120.49,7531.74,"Forecast"
2027-05-13 00:00:00.000,"NSW",114.66,7604.6,"Forecast"
2027-05-14 00:00:00.000,"NSW",97.58,7544.5,"Forecast"
2027-05-15 00:00:00.000,"NSW",85.41,7069.46,"Forecast"
2027-05-16 00:00:00.000,"NSW",85.26,6969.94,"Forecast"
2027-05-17 00:00:00.000,"NSW",97.47,7506.4,"Forecast"
2027-05-18 00:00:00.000,"NSW",115.45,7747.76,"Forecast"
2027-05-19 00:00:00.000,"NSW",123.83,7775.6,"Forecast"
2027-05-20 00:00:00.000,"NSW",117.62,7855.07,"Forecast"
2027-05-21 00:00:00.000,"NSW",101.02,7816.58,"Forecast"
2027-05-22 00:00:00.000,"NSW",88.52,7376.96,"Forecast"
2027-05-23 00:00:00.000,"NSW",88.33,7273.85,"Forecast"
2027-05-24 00:00:00.000,"NSW",100.57,7842.65,"Forecast"
2027-05-25 00:00:00.000,"NSW",117.2,8030.28,"Forecast"
2027-05-26 00:00:00.000,"NSW",124.83,8041.96,"Forecast"
2027-05-27 00:00:00.000,"NSW",118.2,8111.05,"Forecast"
2027-05-28 00:00:00.000,"NSW",102.27,8084.32,"Forecast"
2027-05-29 00:00:00.000,"NSW",90.01,7675.61,"Forecast"
2027-05-30 00:00:00.000,"NSW",89.92,7610.97,"Forecast"
2027-05-31 00:00:00.000,"NSW",101.91,8144.13,"Forecast"
2027-06-01 00:00:00.000,"NSW",117.27,8307.69,"Forecast"
2027-06-02 00:00:00.000,"NSW",123.67,8311.46,"Forecast"
2027-06-03 00:00:00.000,"NSW",117.15,8366.56,"Forecast"
2027-06-04 00:00:00.000,"NSW",101.92,8316.84,"Forecast"
2027-06-05 00:00:00.000,"NSW",90.2,7913.26,"Forecast"
2027-06-06 00:00:00.000,"NSW",90.29,7863.17,"Forecast"
2027-06-07 00:00:00.000,"NSW",102.04,8367.89,"Forecast"
2027-06-08 00:00:00.000,"NSW",116.5,8535.88,"Forecast"
2027-06-09 00:00:00.000,"NSW",122.12,8539.41,"Forecast"
2027-06-10 00:00:00.000,"NSW",115.66,8580.6,"Forecast"
2027-06-11 00:00:00.000,"NSW",100.95,8498.31,"Forecast"
2027-06-12 00:00:00.000,"NSW",89.79,8093.68,"Forecast"
2027-06-13 00:00:00.000,"NSW",90.07,8054.26,"Forecast"
2027-06-14 00:00:00.000,"NSW",101.58,8538.48,"Forecast"
2027-06-15 00:00:00.000,"NSW",115.39,8710.33,"Forecast"
2027-06-16 00:00:00.000,"NSW",120.74,8711.01,"Forecast"
2027-06-17 00:00:00.000,"NSW",114.24,8735.88,"Forecast"
2027-06-18 00:00:00.000,"NSW",99.87,8624.17,"Forecast"
2027-06-19 00:00:00.000,"NSW",89.18,8214.49,"Forecast"
2027-06-20 00:00:00.000,"NSW",89.6,8179.54,"Forecast"
2027-06-21 00:00:00.000,"NSW",100.89,8649.12,"Forecast"
2027-06-22 00:00:00.000,"NSW",114.37,8822.76,"Forecast"
2027-06-23 00:00:00.000,"NSW",119.64,8818.94,"Forecast"
2027-06-24 00:00:00.000,"NSW",113.15,8829.32,"Forecast"
2027-06-25 00:00:00.000,"NSW",99.05,8696.05,"Forecast"
2027-06-26 00:00:00.000,"NSW",88.57,8277.23,"Forecast"
2027-06-27 00:00:00.000,"NSW",89.06,8241.93,"Forecast"
2027-06-28 00:00:00.000,"NSW",100.18,8704.43,"Forecast"
2027-06-29 00:00:00.000,"NSW",113.66,8878.82,"Forecast"
2027-06-30 00:00:00.000,"NSW",118.94,8870.76,"Forecast"
2027-07-01 00:00:00.000,"NSW",112.45,8870.87,"Forecast"
2027-07-02 00:00:00.000,"NSW",98.39,8724.66,"Forecast"
2027-07-03 00:00:00.000,"NSW",88,8297.71,"Forecast"
2027-07-04 00:00:00.000,"NSW",88.49,8257.3,"Forecast"
2027-07-05 00:00:00.000,"NSW",99.46,8717.66,"Forecast"
2027-07-06 00:00:00.000,"NSW",113.18,8891.68,"Forecast"
2027-07-07 00:00:00.000,"NSW",118.51,8879.87,"Forecast"
2027-07-08 00:00:00.000,"NSW",112.02,8873.56,"Forecast"
2027-07-09 00:00:00.000,"NSW",97.77,8721.08,"Forecast"
2027-07-10 00:00:00.000,"NSW",87.41,8286.25,"Forecast"
2027-07-11 00:00:00.000,"NSW",87.85,8236.6,"Forecast"
2027-07-12 00:00:00.000,"NSW",98.67,8699.06,"Forecast"
2027-07-13 00:00:00.000,"NSW",112.73,8871.93,"Forecast"
2027-07-14 00:00:00.000,"NSW",118.18,8856.71,"Forecast"
2027-07-15 00:00:00.000,"NSW",111.69,8846.75,"Forecast"
2027-07-16 00:00:00.000,"NSW",97.17,8692.74,"Forecast"
2027-07-17 00:00:00.000,"NSW",86.75,8249.35,"Forecast"
2027-07-18 00:00:00.000,"NSW",87.1,8186.86,"Forecast"
2027-07-19 00:00:00.000,"NSW",97.83,8654.93,"Forecast"
2027-07-20 00:00:00.000,"NSW",112.18,8825.91,"Forecast"
2027-07-21 00:00:00.000,"NSW",117.85,8807.25,"Forecast"
2027-07-22 00:00:00.000,"NSW",111.34,8795.44,"Forecast"
2027-07-23 00:00:00.000,"NSW",96.46,8643.39,"Forecast"
2027-07-24 00:00:00.000,"NSW",85.94,8187.07,"Forecast"
2027-07-25 00:00:00.000,"NSW",86.18,8109,"Forecast"
2027-07-26 00:00:00.000,"NSW",96.8,8586.94,"Forecast"
2027-07-27 00:00:00.000,"NSW",111.52,8755.61,"Forecast"
2027-07-28 00:00:00.000,"NSW",117.45,8733.38,"Forecast"
2027-07-29 00:00:00.000,"NSW",110.9,8721.06,"Forecast"
2027-07-30 00:00:00.000,"NSW",95.58,8574,"Forecast"
2027-07-31 00:00:00.000,"NSW",84.96,8102.93,"Forecast"
2027-08-01 00:00:00.000,"NSW",85.06,8006.25,"Forecast"
2027-08-02 00:00:00.000,"NSW",95.56,8496.49,"Forecast"
2027-08-03 00:00:00.000,"NSW",110.71,8661.77,"Forecast"
2027-08-04 00:00:00.000,"NSW",116.95,8635.31,"Forecast"
2027-08-05 00:00:00.000,"NSW",110.36,8623.23,"Forecast"
2027-08-06 00:00:00.000,"NSW",94.52,8483.81,"Forecast"
2027-08-07 00:00:00.000,"NSW",83.81,7996.32,"Forecast"
2027-08-08 00:00:00.000,"NSW",83.74,7878.02,"Forecast"
2027-08-09 00:00:00.000,"NSW",94.1,8382.59,"Forecast"
2027-08-10 00:00:00.000,"NSW",109.66,8543.18,"Forecast"
2027-08-11 00:00:00.000,"NSW",116.08,8511.62,"Forecast"
2027-08-12 00:00:00.000,"NSW",109.49,8500.13,"Forecast"
2027-08-13 00:00:00.000,"NSW",93.16,8370.39,"Forecast"
2027-08-14 00:00:00.000,"NSW",82.38,7864.85,"Forecast"
2027-08-15 00:00:00.000,"NSW",82.13,7721.85,"Forecast"
2027-08-16 00:00:00.000,"NSW",92.33,8242.75,"Forecast"
2027-08-17 00:00:00.000,"NSW",108.02,8397.36,"Forecast"
2027-08-18 00:00:00.000,"NSW",114.9,8359.77,"Forecast"
2027-08-19 00:00:00.000,"NSW",108.06,8348.83,"Forecast"
2027-08-20 00:00:00.000,"NSW",91.41,8221.02,"Forecast"
2027-08-21 00:00:00.000,"NSW",80.58,7695.87,"Forecast"
2027-08-22 00:00:00.000,"NSW",80.18,7526.25,"Forecast"
2027-08-23 00:00:00.000,"NSW",90.19,8058.27,"Forecast"
2027-08-24 00:00:00.000,"NSW",105.65,8212.32,"Forecast"
2027-08-25 00:00:00.000,"NSW",113.23,8170.05,"Forecast"
2027-08-26 00:00:00.000,"NSW",105.76,8160.73,"Forecast"
2027-08-27 00:00:00.000,"NSW",89.08,8021.82,"Forecast"
2027-08-28 00:00:00.000,"NSW",78.24,7474.05,"Forecast"
2027-08-29 00:00:00.000,"NSW",77.72,7251.07,"Forecast"
2027-08-30 00:00:00.000,"NSW",87.5,7760.14,"Forecast"
2027-08-31 00:00:00.000,"NSW",102.82,7946.26,"Forecast"
2027-09-01 00:00:00.000,"NSW",110.53,7909.29,"Forecast"
2027-09-02 00:00:00.000,"NSW",102.82,7900.91,"Forecast"
2027-09-03 00:00:00.000,"NSW",86.1,7747.01,"Forecast"
2027-09-04 00:00:00.000,"NSW",75.2,7145.61,"Forecast"
2027-09-05 00:00:00.000,"NSW",74.49,6906.2,"Forecast"
2027-09-06 00:00:00.000,"NSW",84.16,7331.6,"Forecast"
2027-09-07 00:00:00.000,"NSW",99.54,7521.97,"Forecast"
2027-09-08 00:00:00.000,"NSW",107.16,7488.77,"Forecast"
2027-09-09 00:00:00.000,"NSW",99.51,7471.1,"Forecast"
2027-09-10 00:00:00.000,"NSW",82.57,7279.28,"Forecast"
2027-09-11 00:00:00.000,"NSW",71.16,6775.73,"Forecast"
2027-09-12 00:00:00.000,"NSW",70.3,6675.38,"Forecast"
2027-09-13 00:00:00.000,"NSW",80.34,7022.84,"Forecast"
2027-09-14 00:00:00.000,"NSW",95.7,7192.58,"Forecast"
2027-09-15 00:00:00.000,"NSW",103.15,7168.9,"Forecast"
2027-09-16 00:00:00.000,"NSW",95.64,7119.78,"Forecast"
2027-09-17 00:00:00.000,"NSW",78.78,6943.74,"Forecast"
2027-09-18 00:00:00.000,"NSW",67.14,6587.06,"Forecast"
2027-09-19 00:00:00.000,"NSW",66.4,6545.01,"Forecast"
2027-09-20 00:00:00.000,"NSW",76.36,6898.79,"Forecast"
2027-09-21 00:00:00.000,"NSW",91.56,7077.77,"Forecast"
2027-09-22 00:00:00.000,"NSW",98.56,7075.54,"Forecast"
2027-09-23 00:00:00.000,"NSW",91.15,7035.34,"Forecast"
2027-09-24 00:00:00.000,"NSW",74.29,6863.2,"Forecast"
2027-09-25 00:00:00.000,"NSW",63.69,6512.57,"Forecast"
2027-09-26 00:00:00.000,"NSW",63.22,6473.6,"Forecast"
2027-09-27 00:00:00.000,"NSW",72.35,6827.54,"Forecast"
2027-09-28 00:00:00.000,"NSW",87.27,7012.54,"Forecast"
2027-09-29 00:00:00.000,"NSW",94.02,7016.49,"Forecast"
2027-09-30 00:00:00.000,"NSW",86.43,6978.71,"Forecast"
2027-10-01 00:00:00.000,"NSW",70.09,6806.34,"Forecast"
2027-10-02 00:00:00.000,"NSW",60.59,6459.24,"Forecast"
2027-10-03 00:00:00.000,"NSW",60.39,6423.75,"Forecast"
2027-10-04 00:00:00.000,"NSW",68.9,6778.76,"Forecast"
2027-10-05 00:00:00.000,"NSW",83.21,6967.71,"Forecast"
2027-10-06 00:00:00.000,"NSW",89.66,6976.34,"Forecast"
2027-10-07 00:00:00.000,"NSW",81.86,6940.79,"Forecast"
2027-10-08 00:00:00.000,"NSW",66.55,6768.46,"Forecast"
2027-10-09 00:00:00.000,"NSW",58.46,6423.72,"Forecast"
2027-10-10 00:00:00.000,"NSW",58.59,6391.3,"Forecast"
2027-10-11 00:00:00.000,"NSW",66.47,6747.85,"Forecast"
2027-10-12 00:00:00.000,"NSW",79.94,6939.34,"Forecast"
2027-10-13 00:00:00.000,"NSW",86.06,6951.95,"Forecast"
2027-10-14 00:00:00.000,"NSW",78.03,6918.92,"Forecast"
2027-10-15 00:00:00.000,"NSW",64,6747.19,"Forecast"
2027-10-16 00:00:00.000,"NSW",56.95,6404.2,"Forecast"
2027-10-17 00:00:00.000,"NSW",57.41,6375.2,"Forecast"
2027-10-18 00:00:00.000,"NSW",64.91,6734.49,"Forecast"
2027-10-19 00:00:00.000,"NSW",77.4,6927.82,"Forecast"
2027-10-20 00:00:00.000,"NSW",83.2,6944.26,"Forecast"
2027-10-21 00:00:00.000,"NSW",74.91,6914.54,"Forecast"
2027-10-22 00:00:00.000,"NSW",62.19,6744.46,"Forecast"
2027-10-23 00:00:00.000,"NSW",55.94,6403.11,"Forecast"
2027-10-24 00:00:00.000,"NSW",56.67,6378.68,"Forecast"
2027-10-25 00:00:00.000,"NSW",63.84,6742.53,"Forecast"
2027-10-26 00:00:00.000,"NSW",75.38,6937.2,"Forecast"
2027-10-27 00:00:00.000,"NSW",80.85,6957.46,"Forecast"
2027-10-28 00:00:00.000,"NSW",72.61,6932.07,"Forecast"
2027-10-29 00:00:00.000,"NSW",61.41,6765.16,"Forecast"
2027-10-30 00:00:00.000,"NSW",55.49,6425.7,"Forecast"
2027-10-31 00:00:00.000,"NSW",56.45,6407.49,"Forecast"
2027-11-01 00:00:00.000,"NSW",63.44,6777.83,"Forecast"
2027-11-02 00:00:00.000,"NSW",74.13,6972.62,"Forecast"
2027-11-03 00:00:00.000,"NSW",79.19,6995.79,"Forecast"
2027-11-04 00:00:00.000,"NSW",71.43,6975.02,"Forecast"
2027-11-05 00:00:00.000,"NSW",61.25,6812.42,"Forecast"
2027-11-06 00:00:00.000,"NSW",55.59,6474.75,"Forecast"
2027-11-07 00:00:00.000,"NSW",56.75,6463.36,"Forecast"
2027-11-08 00:00:00.000,"NSW",63.87,6839.95,"Forecast"
2027-11-09 00:00:00.000,"NSW",74.01,7031.42,"Forecast"
2027-11-10 00:00:00.000,"NSW",78.39,7054.03,"Forecast"
2027-11-11 00:00:00.000,"NSW",71.26,7043.72,"Forecast"
2027-11-12 00:00:00.000,"NSW",61.72,6879.89,"Forecast"
2027-11-13 00:00:00.000,"NSW",56.25,6539.43,"Forecast"
2027-11-14 00:00:00.000,"NSW",57.53,6530.89,"Forecast"
2027-11-15 00:00:00.000,"NSW",64.74,6910.33,"Forecast"
2027-11-16 00:00:00.000,"NSW",74.4,7112.21,"Forecast"
2027-11-17 00:00:00.000,"NSW",78.47,7150.77,"Forecast"
2027-11-18 00:00:00.000,"NSW",71.74,7195.01,"Forecast"
2027-11-19 00:00:00.000,"NSW",62.8,7070.08,"Forecast"
2027-11-20 00:00:00.000,"NSW",57.66,6657.48,"Forecast"
2027-11-21 00:00:00.000,"NSW",59.06,6614.27,"Forecast"
2027-11-22 00:00:00.000,"NSW",66.29,7035.99,"Forecast"
2027-11-23 00:00:00.000,"NSW",75.59,7281.96,"Forecast"
2027-11-24 00:00:00.000,"NSW",79.52,7353.21,"Forecast"
2027-11-25 00:00:00.000,"NSW",73.1,7440.52,"Forecast"
2027-11-26 00:00:00.000,"NSW",64.8,7351.65,"Forecast"
2027-11-27 00:00:00.000,"NSW",60.01,6856.41,"Forecast"
2027-11-28 00:00:00.000,"NSW",61.53,6725.59,"Forecast"
2027-11-29 00:00:00.000,"NSW",68.69,7187.63,"Forecast"
2027-11-30 00:00:00.000,"NSW",77.66,7448.51,"Forecast"
2027-12-01 00:00:00.000,"NSW",81.31,7518.06,"Forecast"
2027-12-02 00:00:00.000,"NSW",75.1,7604.74,"Forecast"
2027-12-03 00:00:00.000,"NSW",67.02,7519.82,"Forecast"
2027-12-04 00:00:00.000,"NSW",62.27,7012.45,"Forecast"
2027-12-05 00:00:00.000,"NSW",63.8,6834.64,"Forecast"
2027-12-06 00:00:00.000,"NSW",70.89,7305.8,"Forecast"
2027-12-07 00:00:00.000,"NSW",79.57,7557.74,"Forecast"
2027-12-08 00:00:00.000,"NSW",82.96,7613.83,"Forecast"
2027-12-09 00:00:00.000,"NSW",76.96,7688.58,"Forecast"
2027-12-10 00:00:00.000,"NSW",68.8,7598.02,"Forecast"
2027-12-11 00:00:00.000,"NSW",63.96,7079.59,"Forecast"
2027-12-12 00:00:00.000,"NSW",65.42,6892.55,"Forecast"
2027-12-13 00:00:00.000,"NSW",72.43,7368.83,"Forecast"
2027-12-14 00:00:00.000,"NSW",80.91,7614.19,"Forecast"
2027-12-15 00:00:00.000,"NSW",84.2,7659.94,"Forecast"
2027-12-16 00:00:00.000,"NSW",78.24,7725.1,"Forecast"
2027-12-17 00:00:00.000,"NSW",70.01,7633.5,"Forecast"
2027-12-18 00:00:00.000,"NSW",65.09,7112.75,"Forecast"
2027-12-19 00:00:00.000,"NSW",66.51,6928.02,"Forecast"
2027-12-20 00:00:00.000,"NSW",73.49,7412.36,"Forecast"
2027-12-21 00:00:00.000,"NSW",81.88,7651.13,"Forecast"
2027-12-22 00:00:00.000,"NSW",85.12,7693.08,"Forecast"
2027-12-23 00:00:00.000,"NSW",79.21,7755.17,"Forecast"
2027-12-24 00:00:00.000,"NSW",70.94,7667.12,"Forecast"
2027-12-25 00:00:00.000,"NSW",66,7148.49,"Forecast"
2027-12-26 00:00:00.000,"NSW",67.42,6968.79,"Forecast"
2027-12-27 00:00:00.000,"NSW",74.43,7462.58,"Forecast"
2027-12-28 00:00:00.000,"NSW",82.78,7693.19,"Forecast"
2027-12-29 00:00:00.000,"NSW",86.02,7730.74,"Forecast"
2027-12-30 00:00:00.000,"NSW",80.14,7789.49,"Forecast"
2027-12-31 00:00:00.000,"NSW",71.85,7703.31,"Forecast"
2028-01-01 00:00:00.000,"NSW",66.9,7188.34,"Forecast"
2028-01-02 00:00:00.000,"NSW",68.33,7015.46,"Forecast"
2028-01-03 00:00:00.000,"NSW",75.38,7520.74,"Forecast"
2028-01-04 00:00:00.000,"NSW",83.76,7740.23,"Forecast"
2028-01-05 00:00:00.000,"NSW",87.01,7769.83,"Forecast"
2028-01-06 00:00:00.000,"NSW",81.13,7826.51,"Forecast"
2028-01-07 00:00:00.000,"NSW",72.81,7740.67,"Forecast"
2028-01-08 00:00:00.000,"NSW",67.83,7231.59,"Forecast"
2028-01-09 00:00:00.000,"NSW",69.28,7067.84,"Forecast"
2028-01-10 00:00:00.000,"NSW",76.37,7585.99,"Forecast"
2028-01-11 00:00:00.000,"NSW",84.8,7787.85,"Forecast"
2028-01-12 00:00:00.000,"NSW",88.07,7807.71,"Forecast"
2028-01-13 00:00:00.000,"NSW",82.15,7858.03,"Forecast"
2028-01-14 00:00:00.000,"NSW",73.77,7773.66,"Forecast"
2028-01-15 00:00:00.000,"NSW",68.75,7272.96,"Forecast"
2028-01-16 00:00:00.000,"NSW",70.2,7120.85,"Forecast"
2028-01-17 00:00:00.000,"NSW",77.33,7653.24,"Forecast"
2028-01-18 00:00:00.000,"NSW",85.87,7832.39,"Forecast"
2028-01-19 00:00:00.000,"NSW",89.17,7837.91,"Forecast"
2028-01-20 00:00:00.000,"NSW",83.14,7884.77,"Forecast"
2028-01-21 00:00:00.000,"NSW",74.69,7805.28,"Forecast"
2028-01-22 00:00:00.000,"NSW",69.62,7315.75,"Forecast"
2028-01-23 00:00:00.000,"NSW",71.08,7177.1,"Forecast"
2028-01-24 00:00:00.000,"NSW",78.26,7711.84,"Forecast"
2028-01-25 00:00:00.000,"NSW",86.95,7868.32,"Forecast"
2028-01-26 00:00:00.000,"NSW",90.28,7865.08,"Forecast"
2028-01-27 00:00:00.000,"NSW",84.09,7908.04,"Forecast"
2028-01-28 00:00:00.000,"NSW",75.56,7835.79,"Forecast"
2028-01-29 00:00:00.000,"NSW",70.45,7359.43,"Forecast"
2028-01-30 00:00:00.000,"NSW",71.92,7235.17,"Forecast"
2028-01-31 00:00:00.000,"NSW",79.16,7769.41,"Forecast"
2028-02-01 00:00:00.000,"NSW",88.03,7903.68,"Forecast"
2028-02-02 00:00:00.000,"NSW",91.4,7891.77,"Forecast"
2028-02-03 00:00:00.000,"NSW",85.03,7930.74,"Forecast"
2028-02-04 00:00:00.000,"NSW",76.42,7865.52,"Forecast"
2028-02-05 00:00:00.000,"NSW",71.25,7401.95,"Forecast"
2028-02-06 00:00:00.000,"NSW",72.73,7291.31,"Forecast"
2028-02-07 00:00:00.000,"NSW",80.03,7820.1,"Forecast"
2028-02-08 00:00:00.000,"NSW",89.12,7935.53,"Forecast"
2028-02-09 00:00:00.000,"NSW",92.57,7916.09,"Forecast"
2028-02-10 00:00:00.000,"NSW",86.06,7951.29,"Forecast"
2028-02-11 00:00:00.000,"NSW",77.25,7892.22,"Forecast"
2028-02-12 00:00:00.000,"NSW",72.01,7439.85,"Forecast"
2028-02-13 00:00:00.000,"NSW",73.49,7341,"Forecast"
2028-02-14 00:00:00.000,"NSW",80.84,7862.68,"Forecast"
2028-02-15 00:00:00.000,"NSW",90.19,7962.38,"Forecast"
2028-02-16 00:00:00.000,"NSW",93.73,7936.36,"Forecast"
2028-02-17 00:00:00.000,"NSW",87.2,7967.77,"Forecast"
2028-02-18 00:00:00.000,"NSW",78.07,7911.5,"Forecast"
2028-02-19 00:00:00.000,"NSW",72.74,7467.06,"Forecast"
2028-02-20 00:00:00.000,"NSW",74.19,7377.08,"Forecast"
2028-02-21 00:00:00.000,"NSW",81.56,7888.68,"Forecast"
2028-02-22 00:00:00.000,"NSW",91.21,7982.8,"Forecast"
2028-02-23 00:00:00.000,"NSW",94.93,7950.56,"Forecast"
2028-02-24 00:00:00.000,"NSW",88.33,7977.73,"Forecast"
2028-02-25 00:00:00.000,"NSW",78.81,7919.61,"Forecast"
2028-02-26 00:00:00.000,"NSW",73.37,7477.69,"Forecast"
2028-02-27 00:00:00.000,"NSW",74.78,7391.73,"Forecast"
2028-02-28 00:00:00.000,"NSW",82.15,7909.63,"Forecast"
2028-02-29 00:00:00.000,"NSW",92.16,8007.26,"Forecast"
2028-03-01 00:00:00.000,"NSW",96.14,7960.46,"Forecast"
2028-03-02 00:00:00.000,"NSW",89.43,7985.02,"Forecast"
2028-03-03 00:00:00.000,"NSW",79.48,7919.35,"Forecast"
2028-03-04 00:00:00.000,"NSW",73.92,7469.14,"Forecast"
2028-03-05 00:00:00.000,"NSW",75.26,7377.22,"Forecast"
2028-03-06 00:00:00.000,"NSW",82.59,7909.21,"Forecast"
2028-03-07 00:00:00.000,"NSW",93.21,8018.26,"Forecast"
2028-03-08 00:00:00.000,"NSW",97.41,7971.62,"Forecast"
2028-03-09 00:00:00.000,"NSW",90.52,7986.82,"Forecast"
2028-03-10 00:00:00.000,"NSW",80.09,7908.7,"Forecast"
2028-03-11 00:00:00.000,"NSW",74.39,7436.14,"Forecast"
2028-03-12 00:00:00.000,"NSW",75.61,7325.85,"Forecast"
2028-03-13 00:00:00.000,"NSW",82.93,7874.34,"Forecast"
2028-03-14 00:00:00.000,"NSW",94.21,7999.92,"Forecast"
2028-03-15 00:00:00.000,"NSW",98.68,7954.88,"Forecast"
2028-03-16 00:00:00.000,"NSW",91.68,7968.32,"Forecast"
2028-03-17 00:00:00.000,"NSW",80.55,7869.97,"Forecast"
2028-03-18 00:00:00.000,"NSW",74.66,7360.89,"Forecast"
2028-03-19 00:00:00.000,"NSW",75.71,7220.74,"Forecast"
2028-03-20 00:00:00.000,"NSW",83.41,7767.98,"Forecast"
2028-03-21 00:00:00.000,"NSW",95.14,7923.17,"Forecast"
2028-03-22 00:00:00.000,"NSW",99.96,7888.14,"Forecast"
2028-03-23 00:00:00.000,"NSW",92.95,7904.32,"Forecast"
2028-03-24 00:00:00.000,"NSW",80.74,7782.62,"Forecast"
2028-03-25 00:00:00.000,"NSW",74.6,7226.17,"Forecast"
2028-03-26 00:00:00.000,"NSW",75.4,7041.51,"Forecast"
2028-03-27 00:00:00.000,"NSW",83.51,7569.11,"Forecast"
2028-03-28 00:00:00.000,"NSW",95.74,7767.49,"Forecast"
2028-03-29 00:00:00.000,"NSW",100.85,7751.39,"Forecast"
2028-03-30 00:00:00.000,"NSW",93.89,7765.03,"Forecast"
2028-03-31 00:00:00.000,"NSW",81.14,7614.23,"Forecast"
2028-04-01 00:00:00.000,"NSW",74.06,7017.19,"Forecast"
2028-04-02 00:00:00.000,"NSW",74.52,6847.03,"Forecast"
2028-04-03 00:00:00.000,"NSW",83.16,7301.87,"Forecast"
2028-04-04 00:00:00.000,"NSW",96.02,7498.67,"Forecast"
2028-04-05 00:00:00.000,"NSW",101.95,7484.84,"Forecast"
2028-04-06 00:00:00.000,"NSW",94.61,7490.81,"Forecast"
2028-04-07 00:00:00.000,"NSW",81.07,7306.92,"Forecast"
2028-04-08 00:00:00.000,"NSW",72.67,6788.88,"Forecast"
2028-04-09 00:00:00.000,"NSW",73.09,6709.77,"Forecast"
2028-04-10 00:00:00.000,"NSW",82.8,7115.4,"Forecast"
2028-04-11 00:00:00.000,"NSW",96.55,7295.24,"Forecast"
2028-04-12 00:00:00.000,"NSW",103.95,7276.44,"Forecast"
2028-04-13 00:00:00.000,"NSW",96.3,7264.42,"Forecast"
2028-04-14 00:00:00.000,"NSW",82.01,7076.47,"Forecast"
2028-04-15 00:00:00.000,"NSW",72.68,6680.69,"Forecast"
2028-04-16 00:00:00.000,"NSW",73.16,6659.04,"Forecast"
2028-04-17 00:00:00.000,"NSW",83.47,7054.3,"Forecast"
2028-04-18 00:00:00.000,"NSW",98.58,7241.74,"Forecast"
2028-04-19 00:00:00.000,"NSW",106.99,7232.46,"Forecast"
2028-04-20 00:00:00.000,"NSW",99.83,7229.35,"Forecast"
2028-04-21 00:00:00.000,"NSW",84.46,7059.48,"Forecast"
2028-04-22 00:00:00.000,"NSW",74.39,6687.19,"Forecast"
2028-04-23 00:00:00.000,"NSW",74.71,6674.48,"Forecast"
2028-04-24 00:00:00.000,"NSW",85.58,7076.42,"Forecast"
2028-04-25 00:00:00.000,"NSW",101.97,7271.6,"Forecast"
2028-04-26 00:00:00.000,"NSW",110.96,7272.42,"Forecast"
2028-04-27 00:00:00.000,"NSW",104.29,7285.05,"Forecast"
2028-04-28 00:00:00.000,"NSW",88.07,7133.34,"Forecast"
2028-04-29 00:00:00.000,"NSW",77.24,6741.9,"Forecast"
2028-04-30 00:00:00.000,"NSW",77.48,6718.93,"Forecast"
2028-05-01 00:00:00.000,"NSW",88.82,7139.63,"Forecast"
2028-05-02 00:00:00.000,"NSW",106.16,7345.44,"Forecast"
2028-05-03 00:00:00.000,"NSW",115.48,7358.03,"Forecast"
2028-05-04 00:00:00.000,"NSW",109.23,7395.61,"Forecast"
2028-05-05 00:00:00.000,"NSW",92.34,7276.19,"Forecast"
2028-05-06 00:00:00.000,"NSW",80.96,6833.34,"Forecast"
2028-05-07 00:00:00.000,"NSW",81,6784.39,"Forecast"
2028-05-08 00:00:00.000,"NSW",92.57,7240.66,"Forecast"
2028-05-09 00:00:00.000,"NSW",110.71,7473.18,"Forecast"
2028-05-10 00:00:00.000,"NSW",119.9,7504.72,"Forecast"
2028-05-11 00:00:00.000,"NSW",114.09,7576.45,"Forecast"
2028-05-12 00:00:00.000,"NSW",96.95,7513.17,"Forecast"
2028-05-13 00:00:00.000,"NSW",84.89,7037.12,"Forecast"
2028-05-14 00:00:00.000,"NSW",84.76,6939.83,"Forecast"
2028-05-15 00:00:00.000,"NSW",96.91,7470.2,"Forecast"
2028-05-16 00:00:00.000,"NSW",114.97,7714.21,"Forecast"
2028-05-17 00:00:00.000,"NSW",123.44,7742.3,"Forecast"
2028-05-18 00:00:00.000,"NSW",117.32,7821.18,"Forecast"
2028-05-19 00:00:00.000,"NSW",100.64,7780.48,"Forecast"
2028-05-20 00:00:00.000,"NSW",88.16,7332.58,"Forecast"
2028-05-21 00:00:00.000,"NSW",87.96,7222.88,"Forecast"
2028-05-22 00:00:00.000,"NSW",100.22,7789.89,"Forecast"
2028-05-23 00:00:00.000,"NSW",117.07,7987.3,"Forecast"
2028-05-24 00:00:00.000,"NSW",124.81,8001.9,"Forecast"
2028-05-25 00:00:00.000,"NSW",118.22,8073.55,"Forecast"
2028-05-26 00:00:00.000,"NSW",102.18,8046.32,"Forecast"
2028-05-27 00:00:00.000,"NSW",89.88,7636.32,"Forecast"
2028-05-28 00:00:00.000,"NSW",89.76,7569.97,"Forecast"
2028-05-29 00:00:00.000,"NSW",101.78,8108.86,"Forecast"
2028-05-30 00:00:00.000,"NSW",117.3,8272.28,"Forecast"
2028-05-31 00:00:00.000,"NSW",123.87,8276.07,"Forecast"
2028-06-01 00:00:00.000,"NSW",117.32,8332.82,"Forecast"
2028-06-02 00:00:00.000,"NSW",102.01,8287.56,"Forecast"
2028-06-03 00:00:00.000,"NSW",90.21,7883.55,"Forecast"
2028-06-04 00:00:00.000,"NSW",90.27,7831.41,"Forecast"
2028-06-05 00:00:00.000,"NSW",102.06,8339.42,"Forecast"
2028-06-06 00:00:00.000,"NSW",116.62,8506.71,"Forecast"
2028-06-07 00:00:00.000,"NSW",122.31,8510.41,"Forecast"
2028-06-08 00:00:00.000,"NSW",115.86,8553.78,"Forecast"
2028-06-09 00:00:00.000,"NSW",101.09,8476,"Forecast"
2028-06-10 00:00:00.000,"NSW",89.85,8071.83,"Forecast"
2028-06-11 00:00:00.000,"NSW",90.11,8031.31,"Forecast"
2028-06-12 00:00:00.000,"NSW",101.65,8518.1,"Forecast"
2028-06-13 00:00:00.000,"NSW",115.54,8689.54,"Forecast"
2028-06-14 00:00:00.000,"NSW",120.91,8690.77,"Forecast"
2028-06-15 00:00:00.000,"NSW",114.42,8717.92,"Forecast"
2028-06-16 00:00:00.000,"NSW",100.01,8609.92,"Forecast"
2028-06-17 00:00:00.000,"NSW",89.26,8201.06,"Forecast"
2028-06-18 00:00:00.000,"NSW",89.67,8165.82,"Forecast"
2028-06-19 00:00:00.000,"NSW",100.99,8637.09,"Forecast"
2028-06-20 00:00:00.000,"NSW",114.49,8810.59,"Forecast"
2028-06-21 00:00:00.000,"NSW",119.77,8807.43,"Forecast"
2028-06-22 00:00:00.000,"NSW",113.27,8819.62,"Forecast"
2028-06-23 00:00:00.000,"NSW",99.16,8688.84,"Forecast"
2028-06-24 00:00:00.000,"NSW",88.65,8271.26,"Forecast"
2028-06-25 00:00:00.000,"NSW",89.14,8236.32,"Forecast"
2028-06-26 00:00:00.000,"NSW",100.28,8699.49,"Forecast"
2028-06-27 00:00:00.000,"NSW",113.75,8873.85,"Forecast"
2028-06-28 00:00:00.000,"NSW",119.02,8866.36,"Forecast"
2028-06-29 00:00:00.000,"NSW",112.53,8867.67,"Forecast"
2028-06-30 00:00:00.000,"NSW",98.47,8722.82,"Forecast"
2028-07-01 00:00:00.000,"NSW",88.08,8296.99,"Forecast"
2028-07-02 00:00:00.000,"NSW",88.57,8257.58,"Forecast"
2028-07-03 00:00:00.000,"NSW",99.57,8717.96,"Forecast"
2028-07-04 00:00:00.000,"NSW",113.24,8892.09,"Forecast"
2028-07-05 00:00:00.000,"NSW",118.56,8880.78,"Forecast"
2028-07-06 00:00:00.000,"NSW",112.07,8875.19,"Forecast"
2028-07-07 00:00:00.000,"NSW",97.86,8723.26,"Forecast"
2028-07-08 00:00:00.000,"NSW",87.5,8289.58,"Forecast"
2028-07-09 00:00:00.000,"NSW",87.95,8241.48,"Forecast"
2028-07-10 00:00:00.000,"NSW",98.79,8703.41,"Forecast"
2028-07-11 00:00:00.000,"NSW",112.8,8876.49,"Forecast"
2028-07-12 00:00:00.000,"NSW",118.23,8861.75,"Forecast"
2028-07-13 00:00:00.000,"NSW",111.74,8852.18,"Forecast"
2028-07-14 00:00:00.000,"NSW",97.27,8698.15,"Forecast"
2028-07-15 00:00:00.000,"NSW",86.85,8256.22,"Forecast"
2028-07-16 00:00:00.000,"NSW",87.22,8195.74,"Forecast"
2028-07-17 00:00:00.000,"NSW",97.96,8662.74,"Forecast"
2028-07-18 00:00:00.000,"NSW",112.27,8834.01,"Forecast"
2028-07-19 00:00:00.000,"NSW",117.91,8815.85,"Forecast"
2028-07-20 00:00:00.000,"NSW",111.39,8804.2,"Forecast"
2028-07-21 00:00:00.000,"NSW",96.57,8651.68,"Forecast"
2028-07-22 00:00:00.000,"NSW",86.07,8197.32,"Forecast"
2028-07-23 00:00:00.000,"NSW",86.32,8121.66,"Forecast"
2028-07-24 00:00:00.000,"NSW",96.96,8598.03,"Forecast"
2028-07-25 00:00:00.000,"NSW",111.63,8767.09,"Forecast"
2028-07-26 00:00:00.000,"NSW",117.52,8745.4,"Forecast"
2028-07-27 00:00:00.000,"NSW",110.97,8733.1,"Forecast"
2028-07-28 00:00:00.000,"NSW",95.72,8585.15,"Forecast"
2028-07-29 00:00:00.000,"NSW",85.11,8116.31,"Forecast"
2028-07-30 00:00:00.000,"NSW",85.23,8022.46,"Forecast"
2028-07-31 00:00:00.000,"NSW",95.75,8510.81,"Forecast"
2028-08-01 00:00:00.000,"NSW",110.83,8676.65,"Forecast"
2028-08-02 00:00:00.000,"NSW",117.03,8650.84,"Forecast"
2028-08-03 00:00:00.000,"NSW",110.44,8638.7,"Forecast"
2028-08-04 00:00:00.000,"NSW",94.68,8498.03,"Forecast"
2028-08-05 00:00:00.000,"NSW",83.99,8012.98,"Forecast"
2028-08-06 00:00:00.000,"NSW",83.94,7897.96,"Forecast"
2028-08-07 00:00:00.000,"NSW",94.32,8400.37,"Forecast"
2028-08-08 00:00:00.000,"NSW",109.86,8561.72,"Forecast"
2028-08-09 00:00:00.000,"NSW",116.23,8530.94,"Forecast"
2028-08-10 00:00:00.000,"NSW",109.66,8519.36,"Forecast"
2028-08-11 00:00:00.000,"NSW",93.38,8388.47,"Forecast"
2028-08-12 00:00:00.000,"NSW",82.62,7885.59,"Forecast"
2028-08-13 00:00:00.000,"NSW",82.39,7746.26,"Forecast"
2028-08-14 00:00:00.000,"NSW",92.61,8264.58,"Forecast"
2028-08-15 00:00:00.000,"NSW",108.33,8420.08,"Forecast"
2028-08-16 00:00:00.000,"NSW",115.1,8383.39,"Forecast"
2028-08-17 00:00:00.000,"NSW",108.32,8372.37,"Forecast"
2028-08-18 00:00:00.000,"NSW",91.71,8245.91,"Forecast"
2028-08-19 00:00:00.000,"NSW",80.88,7723.63,"Forecast"
2028-08-20 00:00:00.000,"NSW",80.5,7557.78,"Forecast"
2028-08-21 00:00:00.000,"NSW",90.53,8091.4,"Forecast"
2028-08-22 00:00:00.000,"NSW",106.02,8243.4,"Forecast"
2028-08-23 00:00:00.000,"NSW",113.53,8201.18,"Forecast"
2028-08-24 00:00:00.000,"NSW",106.13,8191.21,"Forecast"
2028-08-25 00:00:00.000,"NSW",89.45,8053.94,"Forecast"
2028-08-26 00:00:00.000,"NSW",78.62,7509.65,"Forecast"
2028-08-27 00:00:00.000,"NSW",78.11,7295.73,"Forecast"
2028-08-28 00:00:00.000,"NSW",87.93,7809.92,"Forecast"
2028-08-29 00:00:00.000,"NSW",103.26,7989.91,"Forecast"
2028-08-30 00:00:00.000,"NSW",110.98,7951.73,"Forecast"
2028-08-31 00:00:00.000,"NSW",103.28,7945.94,"Forecast"
2028-09-01 00:00:00.000,"NSW",86.57,7794.51,"Forecast"
2028-09-02 00:00:00.000,"NSW",75.69,7199.33,"Forecast"
2028-09-03 00:00:00.000,"NSW",75.01,6949.8,"Forecast"
2028-09-04 00:00:00.000,"NSW",84.66,7393.31,"Forecast"
2028-09-05 00:00:00.000,"NSW",100.04,7587.51,"Forecast"
2028-09-06 00:00:00.000,"NSW",107.68,7554,"Forecast"
2028-09-07 00:00:00.000,"NSW",100,7538.24,"Forecast"
2028-09-08 00:00:00.000,"NSW",83.08,7358.82,"Forecast"
2028-09-09 00:00:00.000,"NSW",71.78,6819.53,"Forecast"
2028-09-10 00:00:00.000,"NSW",70.92,6699.27,"Forecast"
2028-09-11 00:00:00.000,"NSW",80.91,7054.27,"Forecast"
2028-09-12 00:00:00.000,"NSW",96.28,7224.73,"Forecast"
2028-09-13 00:00:00.000,"NSW",103.78,7189.98,"Forecast"
2028-09-14 00:00:00.000,"NSW",96.24,7138.88,"Forecast"
2028-09-15 00:00:00.000,"NSW",79.38,6958.83,"Forecast"
2028-09-16 00:00:00.000,"NSW",67.65,6599.59,"Forecast"
2028-09-17 00:00:00.000,"NSW",66.87,6556.85,"Forecast"
2028-09-18 00:00:00.000,"NSW",76.92,6910.76,"Forecast"
2028-09-19 00:00:00.000,"NSW",92.15,7088.73,"Forecast"
2028-09-20 00:00:00.000,"NSW",99.18,7085.44,"Forecast"
2028-09-21 00:00:00.000,"NSW",91.79,7044.83,"Forecast"
2028-09-22 00:00:00.000,"NSW",74.94,6872.72,"Forecast"
2028-09-23 00:00:00.000,"NSW",64.16,6521.53,"Forecast"
2028-09-24 00:00:00.000,"NSW",63.66,6482.04,"Forecast"
2028-09-25 00:00:00.000,"NSW",72.92,6835.85,"Forecast"
2028-09-26 00:00:00.000,"NSW",87.89,7020.16,"Forecast"
2028-09-27 00:00:00.000,"NSW",94.68,7023.37,"Forecast"
2028-09-28 00:00:00.000,"NSW",87.12,6985.28,"Forecast"
2028-09-29 00:00:00.000,"NSW",70.66,6812.93,"Forecast"
2028-09-30 00:00:00.000,"NSW",60.97,6465.42,"Forecast"
2028-10-01 00:00:00.000,"NSW",60.72,6429.49,"Forecast"
2028-10-02 00:00:00.000,"NSW",69.32,6784.34,"Forecast"
2028-10-03 00:00:00.000,"NSW",83.74,6972.87,"Forecast"
2028-10-04 00:00:00.000,"NSW",90.23,6980.9,"Forecast"
2028-10-05 00:00:00.000,"NSW",82.47,6945.03,"Forecast"
2028-10-06 00:00:00.000,"NSW",66.96,6772.68,"Forecast"
2028-10-07 00:00:00.000,"NSW",58.71,6427.67,"Forecast"
2028-10-08 00:00:00.000,"NSW",58.79,6394.81,"Forecast"
2028-10-09 00:00:00.000,"NSW",66.72,6751.1,"Forecast"
2028-10-10 00:00:00.000,"NSW",80.34,6942.29,"Forecast"
2028-10-11 00:00:00.000,"NSW",86.51,6954.35,"Forecast"
2028-10-12 00:00:00.000,"NSW",78.51,6920.93,"Forecast"
2028-10-13 00:00:00.000,"NSW",64.32,6749.06,"Forecast"
2028-10-14 00:00:00.000,"NSW",57.13,6405.85,"Forecast"
2028-10-15 00:00:00.000,"NSW",57.54,6376.32,"Forecast"
2028-10-16 00:00:00.000,"NSW",65.1,6735.11,"Forecast"
2028-10-17 00:00:00.000,"NSW",77.73,6928.22,"Forecast"
2028-10-18 00:00:00.000,"NSW",83.57,6944.12,"Forecast"
2028-10-19 00:00:00.000,"NSW",75.31,6913.85,"Forecast"
2028-10-20 00:00:00.000,"NSW",62.39,6743.46,"Forecast"
2028-10-21 00:00:00.000,"NSW",56.05,6401.86,"Forecast"
2028-10-22 00:00:00.000,"NSW",56.74,6376.69,"Forecast"
2028-10-23 00:00:00.000,"NSW",63.96,6739.76,"Forecast"
2028-10-24 00:00:00.000,"NSW",75.64,6934.28,"Forecast"
2028-10-25 00:00:00.000,"NSW",81.15,6954.02,"Forecast"
2028-10-26 00:00:00.000,"NSW",72.84,6927.96,"Forecast"
2028-10-27 00:00:00.000,"NSW",61.47,6760.5,"Forecast"
2028-10-28 00:00:00.000,"NSW",55.51,6420.75,"Forecast"
2028-10-29 00:00:00.000,"NSW",56.44,6401.56,"Forecast"
2028-10-30 00:00:00.000,"NSW",63.44,6770.9,"Forecast"
2028-10-31 00:00:00.000,"NSW",74.19,6965.82,"Forecast"
2028-11-01 00:00:00.000,"NSW",79.36,6988.71,"Forecast"
2028-11-02 00:00:00.000,"NSW",71.54,6967.36,"Forecast"
2028-11-03 00:00:00.000,"NSW",61.23,6804.15,"Forecast"
2028-11-04 00:00:00.000,"NSW",55.54,6466.3,"Forecast"
2028-11-05 00:00:00.000,"NSW",56.67,6454.03,"Forecast"
2028-11-06 00:00:00.000,"NSW",63.77,6829.91,"Forecast"
2028-11-07 00:00:00.000,"NSW",73.99,7022.16,"Forecast"
2028-11-08 00:00:00.000,"NSW",78.46,7045.17,"Forecast"
2028-11-09 00:00:00.000,"NSW",71.24,7030.8,"Forecast"
2028-11-10 00:00:00.000,"NSW",61.62,6868.71,"Forecast"
2028-11-11 00:00:00.000,"NSW",56.13,6529.67,"Forecast"
2028-11-12 00:00:00.000,"NSW",57.39,6521.33,"Forecast"
2028-11-13 00:00:00.000,"NSW",64.6,6899.87,"Forecast"
2028-11-14 00:00:00.000,"NSW",74.32,7097.51,"Forecast"
2028-11-15 00:00:00.000,"NSW",78.4,7130.97,"Forecast"
2028-11-16 00:00:00.000,"NSW",71.63,7165.67,"Forecast"
2028-11-17 00:00:00.000,"NSW",62.6,7031.8,"Forecast"
2028-11-18 00:00:00.000,"NSW",57.4,6635.8,"Forecast"
2028-11-19 00:00:00.000,"NSW",58.78,6601.11,"Forecast"
2028-11-20 00:00:00.000,"NSW",66.01,7013.93,"Forecast"
2028-11-21 00:00:00.000,"NSW",75.35,7255.32,"Forecast"
2028-11-22 00:00:00.000,"NSW",79.32,7322.78,"Forecast"
2028-11-23 00:00:00.000,"NSW",72.86,7406.27,"Forecast"
2028-11-24 00:00:00.000,"NSW",64.48,7314.83,"Forecast"
2028-11-25 00:00:00.000,"NSW",59.65,6822.37,"Forecast"
2028-11-26 00:00:00.000,"NSW",61.15,6706.88,"Forecast"
2028-11-27 00:00:00.000,"NSW",68.32,7165.7,"Forecast"
2028-11-28 00:00:00.000,"NSW",77.34,7427.71,"Forecast"
2028-11-29 00:00:00.000,"NSW",81.04,7498.55,"Forecast"
2028-11-30 00:00:00.000,"NSW",74.79,7586.7,"Forecast"
2028-12-01 00:00:00.000,"NSW",66.71,7502.4,"Forecast"
2028-12-02 00:00:00.000,"NSW",61.97,6997.11,"Forecast"
2028-12-03 00:00:00.000,"NSW",63.51,6822.8,"Forecast"
2028-12-04 00:00:00.000,"NSW",70.61,7293.24,"Forecast"
2028-12-05 00:00:00.000,"NSW",79.33,7546.14,"Forecast"
2028-12-06 00:00:00.000,"NSW",82.75,7603.81,"Forecast"
2028-12-07 00:00:00.000,"NSW",76.73,7681.16,"Forecast"
2028-12-08 00:00:00.000,"NSW",68.59,7591.28,"Forecast"
2028-12-09 00:00:00.000,"NSW",63.76,7073.78,"Forecast"
2028-12-10 00:00:00.000,"NSW",65.23,6886.89,"Forecast"
2028-12-11 00:00:00.000,"NSW",72.25,7362.19,"Forecast"
2028-12-12 00:00:00.000,"NSW",80.76,7607.98,"Forecast"
2028-12-13 00:00:00.000,"NSW",84.05,7654.71,"Forecast"
2028-12-14 00:00:00.000,"NSW",78.09,7720.63,"Forecast"
2028-12-15 00:00:00.000,"NSW",69.86,7628.8,"Forecast"
2028-12-16 00:00:00.000,"NSW",64.95,7108.02,"Forecast"
2028-12-17 00:00:00.000,"NSW",66.37,6922.74,"Forecast"
2028-12-18 00:00:00.000,"NSW",73.36,7405.84,"Forecast"
2028-12-19 00:00:00.000,"NSW",81.75,7645.64,"Forecast"
2028-12-20 00:00:00.000,"NSW",85,7688.15,"Forecast"
2028-12-21 00:00:00.000,"NSW",79.08,7750.66,"Forecast"
2028-12-22 00:00:00.000,"NSW",70.81,7662.22,"Forecast"
2028-12-23 00:00:00.000,"NSW",65.88,7143.18,"Forecast"
2028-12-24 00:00:00.000,"NSW",67.29,6962.64,"Forecast"
2028-12-25 00:00:00.000,"NSW",74.29,7454.99,"Forecast"
2028-12-26 00:00:00.000,"NSW",82.65,7686.83,"Forecast"
2028-12-27 00:00:00.000,"NSW",85.89,7725.05,"Forecast"
2028-12-28 00:00:00.000,"NSW",80.01,7784.3,"Forecast"
2028-12-29 00:00:00.000,"NSW",71.72,7697.79,"Forecast"
2028-12-30 00:00:00.000,"NSW",66.77,7182.22,"Forecast"
2028-12-31 00:00:00.000,"NSW",68.2,7008.16,"Forecast"
2029-01-01 00:00:00.000,"NSW",75.23,7511.34,"Forecast"
2029-01-02 00:00:00.000,"NSW",83.59,7732.28,"Forecast"
2029-01-03 00:00:00.000,"NSW",86.83,7762.19,"Forecast"
2029-01-04 00:00:00.000,"NSW",80.94,7818.1,"Forecast"
2029-01-05 00:00:00.000,"NSW",72.62,7731.41,"Forecast"
2029-01-06 00:00:00.000,"NSW",67.64,7219.88,"Forecast"
2029-01-07 00:00:00.000,"NSW",69.06,7052.93,"Forecast"
2029-01-08 00:00:00.000,"NSW",76.13,7567.14,"Forecast"
2029-01-09 00:00:00.000,"NSW",84.54,7775.2,"Forecast"
2029-01-10 00:00:00.000,"NSW",87.8,7798.05,"Forecast"
2029-01-11 00:00:00.000,"NSW",81.88,7849.94,"Forecast"
2029-01-12 00:00:00.000,"NSW",73.52,7764.55,"Forecast"
2029-01-13 00:00:00.000,"NSW",68.51,7260.95,"Forecast"
2029-01-14 00:00:00.000,"NSW",69.95,7105.2,"Forecast"
2029-01-15 00:00:00.000,"NSW",77.07,7633.67,"Forecast"
2029-01-16 00:00:00.000,"NSW",85.57,7820.17,"Forecast"
2029-01-17 00:00:00.000,"NSW",88.86,7829.44,"Forecast"
2029-01-18 00:00:00.000,"NSW",82.86,7877.27,"Forecast"
2029-01-19 00:00:00.000,"NSW",74.43,7796.21,"Forecast"
2029-01-20 00:00:00.000,"NSW",69.38,7303.31,"Forecast"
2029-01-21 00:00:00.000,"NSW",70.83,7160.72,"Forecast"
2029-01-22 00:00:00.000,"NSW",78,7695.51,"Forecast"
2029-01-23 00:00:00.000,"NSW",86.64,7858.2,"Forecast"
2029-01-24 00:00:00.000,"NSW",89.96,7857.37,"Forecast"
2029-01-25 00:00:00.000,"NSW",83.82,7901.41,"Forecast"
2029-01-26 00:00:00.000,"NSW",75.32,7827.06,"Forecast"
2029-01-27 00:00:00.000,"NSW",70.22,7346.91,"Forecast"
2029-01-28 00:00:00.000,"NSW",71.68,7218.58,"Forecast"
2029-01-29 00:00:00.000,"NSW",78.91,7753.03,"Forecast"
2029-01-30 00:00:00.000,"NSW",87.72,7893.66,"Forecast"
2029-01-31 00:00:00.000,"NSW",91.08,7884.25,"Forecast"
2029-02-01 00:00:00.000,"NSW",84.77,7924.38,"Forecast"
2029-02-02 00:00:00.000,"NSW",76.18,7857.25,"Forecast"
2029-02-03 00:00:00.000,"NSW",71.02,7390.14,"Forecast"
2029-02-04 00:00:00.000,"NSW",72.5,7275.75,"Forecast"
2029-02-05 00:00:00.000,"NSW",79.78,7806.09,"Forecast"
2029-02-06 00:00:00.000,"NSW",88.81,7926.75,"Forecast"
2029-02-07 00:00:00.000,"NSW",92.23,7909.43,"Forecast"
2029-02-08 00:00:00.000,"NSW",85.73,7945.72,"Forecast"
2029-02-09 00:00:00.000,"NSW",77.01,7885.07,"Forecast"
2029-02-10 00:00:00.000,"NSW",71.79,7429.77,"Forecast"
2029-02-11 00:00:00.000,"NSW",73.28,7327.82,"Forecast"
2029-02-12 00:00:00.000,"NSW",80.61,7852.11,"Forecast"
2029-02-13 00:00:00.000,"NSW",89.88,7955.58,"Forecast"
2029-02-14 00:00:00.000,"NSW",93.39,7931.19,"Forecast"
2029-02-15 00:00:00.000,"NSW",86.87,7963.64,"Forecast"
2029-02-16 00:00:00.000,"NSW",77.84,7907.27,"Forecast"
2029-02-17 00:00:00.000,"NSW",72.54,7460.99,"Forecast"
2029-02-18 00:00:00.000,"NSW",74,7368.77,"Forecast"
2029-02-19 00:00:00.000,"NSW",81.37,7882.68,"Forecast"
2029-02-20 00:00:00.000,"NSW",90.93,7975.69,"Forecast"
2029-02-21 00:00:00.000,"NSW",94.59,7946.46,"Forecast"
2029-02-22 00:00:00.000,"NSW",88.01,7975.46,"Forecast"
2029-02-23 00:00:00.000,"NSW",78.6,7918.51,"Forecast"
2029-02-24 00:00:00.000,"NSW",73.2,7476.73,"Forecast"
2029-02-25 00:00:00.000,"NSW",74.62,7390.35,"Forecast"
2029-02-26 00:00:00.000,"NSW",82,7904.97,"Forecast"
2029-02-27 00:00:00.000,"NSW",91.9,8001.63,"Forecast"
2029-02-28 00:00:00.000,"NSW",95.8,7958.9,"Forecast"
2029-03-01 00:00:00.000,"NSW",89.12,7983.64,"Forecast"
2029-03-02 00:00:00.000,"NSW",79.3,7919.25,"Forecast"
2029-03-03 00:00:00.000,"NSW",73.78,7472.59,"Forecast"
2029-03-04 00:00:00.000,"NSW",75.13,7383.9,"Forecast"
2029-03-05 00:00:00.000,"NSW",82.48,7911.91,"Forecast"
2029-03-06 00:00:00.000,"NSW",92.91,8017.05,"Forecast"
2029-03-07 00:00:00.000,"NSW",97.04,7970.47,"Forecast"
2029-03-08 00:00:00.000,"NSW",90.22,7988.41,"Forecast"
2029-03-09 00:00:00.000,"NSW",79.93,7914.58,"Forecast"
2029-03-10 00:00:00.000,"NSW",74.28,7449.76,"Forecast"
2029-03-11 00:00:00.000,"NSW",75.53,7344.99,"Forecast"
2029-03-12 00:00:00.000,"NSW",82.81,7889.26,"Forecast"
2029-03-13 00:00:00.000,"NSW",93.92,8009.55,"Forecast"
2029-03-14 00:00:00.000,"NSW",98.31,7963.63,"Forecast"
2029-03-15 00:00:00.000,"NSW",91.3,7977.33,"Forecast"
2029-03-16 00:00:00.000,"NSW",80.43,7885.29,"Forecast"
2029-03-17 00:00:00.000,"NSW",74.61,7387.94,"Forecast"
2029-03-18 00:00:00.000,"NSW",75.71,7257.91,"Forecast"
2029-03-19 00:00:00.000,"NSW",83.3,7808.08,"Forecast"
2029-03-20 00:00:00.000,"NSW",94.89,7952.96,"Forecast"
2029-03-21 00:00:00.000,"NSW",99.62,7914.59,"Forecast"
2029-03-22 00:00:00.000,"NSW",92.61,7928.97,"Forecast"
2029-03-23 00:00:00.000,"NSW",80.74,7813.85,"Forecast"
2029-03-24 00:00:00.000,"NSW",74.68,7271.7,"Forecast"
2029-03-25 00:00:00.000,"NSW",75.55,7100.9,"Forecast"
2029-03-26 00:00:00.000,"NSW",83.54,7635.75,"Forecast"
2029-03-27 00:00:00.000,"NSW",95.62,7820.64,"Forecast"
2029-03-28 00:00:00.000,"NSW",100.58,7798.64,"Forecast"
2029-03-29 00:00:00.000,"NSW",93.65,7816.27,"Forecast"
2029-03-30 00:00:00.000,"NSW",81.07,7672.81,"Forecast"
2029-03-31 00:00:00.000,"NSW",74.29,7081.16,"Forecast"
2029-04-01 00:00:00.000,"NSW",74.85,6901.19,"Forecast"
2029-04-02 00:00:00.000,"NSW",83.31,7380.55,"Forecast"
2029-04-03 00:00:00.000,"NSW",95.93,7581.73,"Forecast"
2029-04-04 00:00:00.000,"NSW",101.6,7571.22,"Forecast"
2029-04-05 00:00:00.000,"NSW",94.4,7580.2,"Forecast"
2029-04-06 00:00:00.000,"NSW",81.12,7411.94,"Forecast"
2029-04-07 00:00:00.000,"NSW",73.15,6851.5,"Forecast"
2029-04-08 00:00:00.000,"NSW",73.39,6740.51,"Forecast"
2029-04-09 00:00:00.000,"NSW",82.89,7153.77,"Forecast"
2029-04-10 00:00:00.000,"NSW",96.38,7335.61,"Forecast"
2029-04-11 00:00:00.000,"NSW",103.34,7316.65,"Forecast"
2029-04-12 00:00:00.000,"NSW",95.79,7303.88,"Forecast"
2029-04-13 00:00:00.000,"NSW",81.64,7111.31,"Forecast"
2029-04-14 00:00:00.000,"NSW",72.5,6694.87,"Forecast"
2029-04-15 00:00:00.000,"NSW",73.01,6664.57,"Forecast"
2029-04-16 00:00:00.000,"NSW",83.17,7058.85,"Forecast"
2029-04-17 00:00:00.000,"NSW",97.84,7244.39,"Forecast"
2029-04-18 00:00:00.000,"NSW",106.04,7232.61,"Forecast"
2029-04-19 00:00:00.000,"NSW",98.72,7226.23,"Forecast"
2029-04-20 00:00:00.000,"NSW",83.67,7051.79,"Forecast"
2029-04-21 00:00:00.000,"NSW",73.8,6678.59,"Forecast"
2029-04-22 00:00:00.000,"NSW",74.17,6665.85,"Forecast"
2029-04-23 00:00:00.000,"NSW",84.82,7065.01,"Forecast"
2029-04-24 00:00:00.000,"NSW",100.92,7257.85,"Forecast"
2029-04-25 00:00:00.000,"NSW",109.76,7255.85,"Forecast"
2029-04-26 00:00:00.000,"NSW",102.97,7263.4,"Forecast"
2029-04-27 00:00:00.000,"NSW",86.94,7106.28,"Forecast"
2029-04-28 00:00:00.000,"NSW",76.25,6723.27,"Forecast"
2029-04-29 00:00:00.000,"NSW",76.55,6704.65,"Forecast"
2029-04-30 00:00:00.000,"NSW",87.8,7119.6,"Forecast"
2029-05-01 00:00:00.000,"NSW",104.88,7321.15,"Forecast"
2029-05-02 00:00:00.000,"NSW",114.19,7330.15,"Forecast"
2029-05-03 00:00:00.000,"NSW",107.79,7360.38,"Forecast"
2029-05-04 00:00:00.000,"NSW",91.09,7230.06,"Forecast"
2029-05-05 00:00:00.000,"NSW",79.87,6803.03,"Forecast"
2029-05-06 00:00:00.000,"NSW",79.97,6761.2,"Forecast"
2029-05-07 00:00:00.000,"NSW",91.48,7204.42,"Forecast"
2029-05-08 00:00:00.000,"NSW",109.42,7429.67,"Forecast"
2029-05-09 00:00:00.000,"NSW",118.6,7454.28,"Forecast"
2029-05-10 00:00:00.000,"NSW",112.73,7518.16,"Forecast"
2029-05-11 00:00:00.000,"NSW",95.6,7441.87,"Forecast"
2029-05-12 00:00:00.000,"NSW",83.76,6967.27,"Forecast"
2029-05-13 00:00:00.000,"NSW",83.67,6879.04,"Forecast"
2029-05-14 00:00:00.000,"NSW",95.67,7386.22,"Forecast"
2029-05-15 00:00:00.000,"NSW",113.92,7635.05,"Forecast"
2029-05-16 00:00:00.000,"NSW",122.62,7665.06,"Forecast"
2029-05-17 00:00:00.000,"NSW",116.71,7740.69,"Forecast"
2029-05-18 00:00:00.000,"NSW",99.83,7696.97,"Forecast"
2029-05-19 00:00:00.000,"NSW",87.38,7231.39,"Forecast"
2029-05-20 00:00:00.000,"NSW",87.17,7121.87,"Forecast"
2029-05-21 00:00:00.000,"NSW",99.49,7681.41,"Forecast"
2029-05-22 00:00:00.000,"NSW",116.78,7897.88,"Forecast"
2029-05-23 00:00:00.000,"NSW",124.79,7918.12,"Forecast"
2029-05-24 00:00:00.000,"NSW",118.29,7994.59,"Forecast"
2029-05-25 00:00:00.000,"NSW",102,7965.06,"Forecast"
2029-05-26 00:00:00.000,"NSW",89.59,7551.16,"Forecast"
2029-05-27 00:00:00.000,"NSW",89.43,7477.31,"Forecast"
2029-05-28 00:00:00.000,"NSW",101.51,8031.06,"Forecast"
2029-05-29 00:00:00.000,"NSW",117.39,8195.31,"Forecast"
2029-05-30 00:00:00.000,"NSW",124.34,8199.58,"Forecast"
2029-05-31 00:00:00.000,"NSW",117.73,8259.74,"Forecast"
2029-06-01 00:00:00.000,"NSW",102.23,8223.77,"Forecast"
2029-06-02 00:00:00.000,"NSW",90.25,7818.51,"Forecast"
2029-06-03 00:00:00.000,"NSW",90.25,7761.77,"Forecast"
2029-06-04 00:00:00.000,"NSW",102.12,8276.98,"Forecast"
2029-06-05 00:00:00.000,"NSW",116.91,8442.76,"Forecast"
2029-06-06 00:00:00.000,"NSW",122.75,8446.62,"Forecast"
2029-06-07 00:00:00.000,"NSW",116.32,8494.33,"Forecast"
2029-06-08 00:00:00.000,"NSW",101.41,8426.14,"Forecast"
2029-06-09 00:00:00.000,"NSW",90,8022.7,"Forecast"
2029-06-10 00:00:00.000,"NSW",90.21,7979.51,"Forecast"
2029-06-11 00:00:00.000,"NSW",101.82,8471.94,"Forecast"
2029-06-12 00:00:00.000,"NSW",115.9,8642.39,"Forecast"
2029-06-13 00:00:00.000,"NSW",121.33,8644.63,"Forecast"
2029-06-14 00:00:00.000,"NSW",114.84,8676.59,"Forecast"
2029-06-15 00:00:00.000,"NSW",100.35,8576.82,"Forecast"
2029-06-16 00:00:00.000,"NSW",89.46,8169.62,"Forecast"
2029-06-17 00:00:00.000,"NSW",89.83,8133.43,"Forecast"
2029-06-18 00:00:00.000,"NSW",101.21,8608.54,"Forecast"
2029-06-19 00:00:00.000,"NSW",114.79,8781.62,"Forecast"
2029-06-20 00:00:00.000,"NSW",120.08,8779.81,"Forecast"
2029-06-21 00:00:00.000,"NSW",113.58,8796.02,"Forecast"
2029-06-22 00:00:00.000,"NSW",99.39,8670.98,"Forecast"
2029-06-23 00:00:00.000,"NSW",88.83,8256.05,"Forecast"
2029-06-24 00:00:00.000,"NSW",89.3,8221.5,"Forecast"
2029-06-25 00:00:00.000,"NSW",100.49,8686.36,"Forecast"
2029-06-26 00:00:00.000,"NSW",113.94,8860.57,"Forecast"
2029-06-27 00:00:00.000,"NSW",119.21,8854.27,"Forecast"
2029-06-28 00:00:00.000,"NSW",112.72,8858.3,"Forecast"
2029-06-29 00:00:00.000,"NSW",98.67,8716.75,"Forecast"
2029-06-30 00:00:00.000,"NSW",88.25,8293.22,"Forecast"
2029-07-01 00:00:00.000,"NSW",88.75,8255.53,"Forecast"
2029-07-02 00:00:00.000,"NSW",99.78,8716.25,"Forecast"
2029-07-03 00:00:00.000,"NSW",113.37,8890.53,"Forecast"
2029-07-04 00:00:00.000,"NSW",118.68,8880.27,"Forecast"
2029-07-05 00:00:00.000,"NSW",112.19,8876.34,"Forecast"
2029-07-06 00:00:00.000,"NSW",98.04,8725.89,"Forecast"
2029-07-07 00:00:00.000,"NSW",87.67,8294.48,"Forecast"
2029-07-08 00:00:00.000,"NSW",88.14,8249.25,"Forecast"
2029-07-09 00:00:00.000,"NSW",99.02,8710.35,"Forecast"
2029-07-10 00:00:00.000,"NSW",112.95,8883.8,"Forecast"
2029-07-11 00:00:00.000,"NSW",118.33,8870.03,"Forecast"
2029-07-12 00:00:00.000,"NSW",111.84,8861.38,"Forecast"
2029-07-13 00:00:00.000,"NSW",97.45,8707.56,"Forecast"
2029-07-14 00:00:00.000,"NSW",87.05,8268.06,"Forecast"
2029-07-15 00:00:00.000,"NSW",87.45,8211.47,"Forecast"
2029-07-16 00:00:00.000,"NSW",98.21,8676.71,"Forecast"
2029-07-17 00:00:00.000,"NSW",112.44,8848.58,"Forecast"
2029-07-18 00:00:00.000,"NSW",118.01,8831.42,"Forecast"
2029-07-19 00:00:00.000,"NSW",111.5,8820.22,"Forecast"
2029-07-20 00:00:00.000,"NSW",96.79,8666.97,"Forecast"
2029-07-21 00:00:00.000,"NSW",86.31,8216.44,"Forecast"
2029-07-22 00:00:00.000,"NSW",86.6,8145.41,"Forecast"
2029-07-23 00:00:00.000,"NSW",97.27,8618.78,"Forecast"
2029-07-24 00:00:00.000,"NSW",111.83,8788.55,"Forecast"
2029-07-25 00:00:00.000,"NSW",117.64,8767.91,"Forecast"
2029-07-26 00:00:00.000,"NSW",111.1,8755.7,"Forecast"
2029-07-27 00:00:00.000,"NSW",95.98,8606.17,"Forecast"
2029-07-28 00:00:00.000,"NSW",85.4,8141.65,"Forecast"
2029-07-29 00:00:00.000,"NSW",85.56,8053.3,"Forecast"
2029-07-30 00:00:00.000,"NSW",96.12,8538,"Forecast"
2029-07-31 00:00:00.000,"NSW",111.08,8704.88,"Forecast"
2029-08-01 00:00:00.000,"NSW",117.18,8680.33,"Forecast"
2029-08-02 00:00:00.000,"NSW",110.61,8668.09,"Forecast"
2029-08-03 00:00:00.000,"NSW",95,8525.08,"Forecast"
2029-08-04 00:00:00.000,"NSW",84.33,8044.83,"Forecast"
2029-08-05 00:00:00.000,"NSW",84.33,7936.16,"Forecast"
2029-08-06 00:00:00.000,"NSW",94.75,8434.37,"Forecast"
2029-08-07 00:00:00.000,"NSW",110.17,8597.14,"Forecast"
2029-08-08 00:00:00.000,"NSW",116.49,8567.88,"Forecast"
2029-08-09 00:00:00.000,"NSW",109.96,8556.13,"Forecast"
2029-08-10 00:00:00.000,"NSW",93.8,8422.2,"Forecast"
2029-08-11 00:00:00.000,"NSW",83.05,7924.6,"Forecast"
2029-08-12 00:00:00.000,"NSW",82.87,7792.55,"Forecast"
2029-08-13 00:00:00.000,"NSW",93.14,8306.12,"Forecast"
2029-08-14 00:00:00.000,"NSW",108.8,8463.43,"Forecast"
2029-08-15 00:00:00.000,"NSW",115.45,8428.52,"Forecast"
2029-08-16 00:00:00.000,"NSW",108.73,8417.36,"Forecast"
2029-08-17 00:00:00.000,"NSW",92.21,8291.59,"Forecast"
2029-08-18 00:00:00.000,"NSW",81.41,7774.99,"Forecast"
2029-08-19 00:00:00.000,"NSW",81.06,7616.75,"Forecast"
2029-08-20 00:00:00.000,"NSW",91.15,8147.34,"Forecast"
2029-08-21 00:00:00.000,"NSW",106.71,8299.03,"Forecast"
2029-08-22 00:00:00.000,"NSW",114.05,8258,"Forecast"
2029-08-23 00:00:00.000,"NSW",106.81,8247.47,"Forecast"
2029-08-24 00:00:00.000,"NSW",90.14,8113.58,"Forecast"
2029-08-25 00:00:00.000,"NSW",79.31,7576.06,"Forecast"
2029-08-26 00:00:00.000,"NSW",78.84,7379.14,"Forecast"
2029-08-27 00:00:00.000,"NSW",88.72,7902.46,"Forecast"
2029-08-28 00:00:00.000,"NSW",104.09,8071.19,"Forecast"
2029-08-29 00:00:00.000,"NSW",111.84,8030.88,"Forecast"
2029-08-30 00:00:00.000,"NSW",104.17,8025.41,"Forecast"
2029-08-31 00:00:00.000,"NSW",87.47,7878.69,"Forecast"
2029-09-01 00:00:00.000,"NSW",76.61,7299.66,"Forecast"
2029-09-02 00:00:00.000,"NSW",75.99,7037.32,"Forecast"
2029-09-03 00:00:00.000,"NSW",85.66,7514.82,"Forecast"
2029-09-04 00:00:00.000,"NSW",101,7724.15,"Forecast"
2029-09-05 00:00:00.000,"NSW",108.67,7687.8,"Forecast"
2029-09-06 00:00:00.000,"NSW",100.96,7669.59,"Forecast"
2029-09-07 00:00:00.000,"NSW",84.13,7507.86,"Forecast"
2029-09-08 00:00:00.000,"NSW",73.01,6925.9,"Forecast"
2029-09-09 00:00:00.000,"NSW",72.19,6755.5,"Forecast"
2029-09-10 00:00:00.000,"NSW",82.05,7127.09,"Forecast"
2029-09-11 00:00:00.000,"NSW",97.43,7307.4,"Forecast"
2029-09-12 00:00:00.000,"NSW",104.97,7269.33,"Forecast"
2029-09-13 00:00:00.000,"NSW",97.41,7228.94,"Forecast"
2029-09-14 00:00:00.000,"NSW",80.53,7019.34,"Forecast"
2029-09-15 00:00:00.000,"NSW",68.76,6638.73,"Forecast"
2029-09-16 00:00:00.000,"NSW",67.92,6588.21,"Forecast"
2029-09-17 00:00:00.000,"NSW",78.05,6941.08,"Forecast"
2029-09-18 00:00:00.000,"NSW",93.34,7115.75,"Forecast"
2029-09-19 00:00:00.000,"NSW",100.46,7109.11,"Forecast"
2029-09-20 00:00:00.000,"NSW",93.08,7066.99,"Forecast"
2029-09-21 00:00:00.000,"NSW",76.24,6894.57,"Forecast"
2029-09-22 00:00:00.000,"NSW",65.14,6541.97,"Forecast"
2029-09-23 00:00:00.000,"NSW",64.55,6501.48,"Forecast"
2029-09-24 00:00:00.000,"NSW",74.07,6855.11,"Forecast"
2029-09-25 00:00:00.000,"NSW",89.12,7037.77,"Forecast"
2029-09-26 00:00:00.000,"NSW",95.98,7039.3,"Forecast"
2029-09-27 00:00:00.000,"NSW",88.48,7000.53,"Forecast"
2029-09-28 00:00:00.000,"NSW",71.82,6828.23,"Forecast"
2029-09-29 00:00:00.000,"NSW",61.82,6479.76,"Forecast"
2029-09-30 00:00:00.000,"NSW",61.51,6442.86,"Forecast"
2029-10-01 00:00:00.000,"NSW",70.26,6797.4,"Forecast"
2029-10-02 00:00:00.000,"NSW",84.87,6984.88,"Forecast"
2029-10-03 00:00:00.000,"NSW",91.46,6991.62,"Forecast"
2029-10-04 00:00:00.000,"NSW",83.75,6955.11,"Forecast"
2029-10-05 00:00:00.000,"NSW",67.9,6782.72,"Forecast"
2029-10-06 00:00:00.000,"NSW",59.27,6437.07,"Forecast"
2029-10-07 00:00:00.000,"NSW",59.25,6403.33,"Forecast"
2029-10-08 00:00:00.000,"NSW",67.37,6759.13,"Forecast"
2029-10-09 00:00:00.000,"NSW",81.22,6949.63,"Forecast"
2029-10-10 00:00:00.000,"NSW",87.49,6960.57,"Forecast"
2029-10-11 00:00:00.000,"NSW",79.56,6926.38,"Forecast"
2029-10-12 00:00:00.000,"NSW",65.01,6754.3,"Forecast"
2029-10-13 00:00:00.000,"NSW",57.53,6410.6,"Forecast"
2029-10-14 00:00:00.000,"NSW",57.86,6380.03,"Forecast"
2029-10-15 00:00:00.000,"NSW",65.52,6737.96,"Forecast"
2029-10-16 00:00:00.000,"NSW",78.42,6930.56,"Forecast"
2029-10-17 00:00:00.000,"NSW",84.36,6945.35,"Forecast"
2029-10-18 00:00:00.000,"NSW",76.18,6914.08,"Forecast"
2029-10-19 00:00:00.000,"NSW",62.82,6743.14,"Forecast"
2029-10-20 00:00:00.000,"NSW",56.3,6401.06,"Forecast"
2029-10-21 00:00:00.000,"NSW",56.92,6374.49,"Forecast"
2029-10-22 00:00:00.000,"NSW",64.23,6736.13,"Forecast"
2029-10-23 00:00:00.000,"NSW",76.18,6930.3,"Forecast"
2029-10-24 00:00:00.000,"NSW",81.79,6948.95,"Forecast"
2029-10-25 00:00:00.000,"NSW",73.35,6921.58,"Forecast"
2029-10-26 00:00:00.000,"NSW",61.65,6753.11,"Forecast"
2029-10-27 00:00:00.000,"NSW",55.6,6412.8,"Forecast"
2029-10-28 00:00:00.000,"NSW",56.47,6391.73,"Forecast"
2029-10-29 00:00:00.000,"NSW",63.49,6759.12,"Forecast"
2029-10-30 00:00:00.000,"NSW",74.49,6954.1,"Forecast"
2029-10-31 00:00:00.000,"NSW",79.78,6976.27,"Forecast"
2029-11-01 00:00:00.000,"NSW",71.82,6953.62,"Forecast"
2029-11-02 00:00:00.000,"NSW",61.23,6789.15,"Forecast"
2029-11-03 00:00:00.000,"NSW",55.47,6450.83,"Forecast"
2029-11-04 00:00:00.000,"NSW",56.55,6436.64,"Forecast"
2029-11-05 00:00:00.000,"NSW",63.62,6810.86,"Forecast"
2029-11-06 00:00:00.000,"NSW",73.99,7004.34,"Forecast"
2029-11-07 00:00:00.000,"NSW",78.66,7027.8,"Forecast"
2029-11-08 00:00:00.000,"NSW",71.24,7008.74,"Forecast"
2029-11-09 00:00:00.000,"NSW",61.45,6848.12,"Forecast"
2029-11-10 00:00:00.000,"NSW",55.91,6510.62,"Forecast"
2029-11-11 00:00:00.000,"NSW",57.14,6501.97,"Forecast"
2029-11-12 00:00:00.000,"NSW",64.33,6880.37,"Forecast"
2029-11-13 00:00:00.000,"NSW",74.18,7071.28,"Forecast"
2029-11-14 00:00:00.000,"NSW",78.29,7098.23,"Forecast"
2029-11-15 00:00:00.000,"NSW",71.45,7116.39,"Forecast"
2029-11-16 00:00:00.000,"NSW",62.24,6964.83,"Forecast"
2029-11-17 00:00:00.000,"NSW",56.93,6596.43,"Forecast"
2029-11-18 00:00:00.000,"NSW",58.27,6575.49,"Forecast"
2029-11-19 00:00:00.000,"NSW",65.51,6969.74,"Forecast"
2029-11-20 00:00:00.000,"NSW",74.91,7200.21,"Forecast"
2029-11-21 00:00:00.000,"NSW",78.94,7258.28,"Forecast"
2029-11-22 00:00:00.000,"NSW",72.4,7332.06,"Forecast"
2029-11-23 00:00:00.000,"NSW",63.84,7233.27,"Forecast"
2029-11-24 00:00:00.000,"NSW",58.93,6754.41,"Forecast"
2029-11-25 00:00:00.000,"NSW",60.37,6668.71,"Forecast"
2029-11-26 00:00:00.000,"NSW",67.56,7118.69,"Forecast"
2029-11-27 00:00:00.000,"NSW",76.68,7378.35,"Forecast"
2029-11-28 00:00:00.000,"NSW",80.47,7452.01,"Forecast"
2029-11-29 00:00:00.000,"NSW",74.16,7543.07,"Forecast"
2029-11-30 00:00:00.000,"NSW",66.04,7459.44,"Forecast"
2029-12-01 00:00:00.000,"NSW",61.31,6958.61,"Forecast"
2029-12-02 00:00:00.000,"NSW",62.86,6794.83,"Forecast"
2029-12-03 00:00:00.000,"NSW",69.99,7263.54,"Forecast"
2029-12-04 00:00:00.000,"NSW",78.79,7518.84,"Forecast"
2029-12-05 00:00:00.000,"NSW",82.29,7580.42,"Forecast"
2029-12-06 00:00:00.000,"NSW",76.22,7661.47,"Forecast"
2029-12-07 00:00:00.000,"NSW",68.11,7573.24,"Forecast"
2029-12-08 00:00:00.000,"NSW",63.31,7058.44,"Forecast"
2029-12-09 00:00:00.000,"NSW",64.81,6872.81,"Forecast"
2029-12-10 00:00:00.000,"NSW",71.85,7346.5,"Forecast"
2029-12-11 00:00:00.000,"NSW",80.4,7593.79,"Forecast"
2029-12-12 00:00:00.000,"NSW",83.72,7643.22,"Forecast"
2029-12-13 00:00:00.000,"NSW",77.75,7711.2,"Forecast"
2029-12-14 00:00:00.000,"NSW",69.54,7619.31,"Forecast"
2029-12-15 00:00:00.000,"NSW",64.65,7098.83,"Forecast"
2029-12-16 00:00:00.000,"NSW",66.08,6912.63,"Forecast"
2029-12-17 00:00:00.000,"NSW",73.07,7393.32,"Forecast"
2029-12-18 00:00:00.000,"NSW",81.49,7635.05,"Forecast"
2029-12-19 00:00:00.000,"NSW",84.74,7678.57,"Forecast"
2029-12-20 00:00:00.000,"NSW",78.81,7741.91,"Forecast"
2029-12-21 00:00:00.000,"NSW",70.55,7652.22,"Forecast"
2029-12-22 00:00:00.000,"NSW",65.62,7132.44,"Forecast"
2029-12-23 00:00:00.000,"NSW",67.03,6950.42,"Forecast"
2029-12-24 00:00:00.000,"NSW",74.03,7440,"Forecast"
2029-12-25 00:00:00.000,"NSW",82.39,7674.32,"Forecast"
2029-12-26 00:00:00.000,"NSW",85.63,7713.91,"Forecast"
2029-12-27 00:00:00.000,"NSW",79.74,7774.17,"Forecast"
2029-12-28 00:00:00.000,"NSW",71.45,7687.1,"Forecast"
2029-12-29 00:00:00.000,"NSW",66.51,7170.42,"Forecast"
2029-12-30 00:00:00.000,"NSW",67.93,6994.41,"Forecast"
2029-12-31 00:00:00.000,"NSW",74.96,7494.36,"Forecast"
2030-01-01 00:00:00.000,"NSW",83.32,7719.86,"Forecast"
2030-01-02 00:00:00.000,"NSW",86.57,7752.93,"Forecast"
2030-01-03 00:00:00.000,"NSW",80.7,7810.43,"Forecast"
2030-01-04 00:00:00.000,"NSW",72.39,7724.95,"Forecast"
2030-01-05 00:00:00.000,"NSW",67.43,7213.27,"Forecast"
2030-01-06 00:00:00.000,"NSW",68.87,7045.46,"Forecast"
2030-01-07 00:00:00.000,"NSW",75.94,7557.9,"Forecast"
2030-01-08 00:00:00.000,"NSW",84.35,7768.17,"Forecast"
2030-01-09 00:00:00.000,"NSW",87.61,7792.83,"Forecast"
2030-01-10 00:00:00.000,"NSW",81.71,7845.78,"Forecast"
2030-01-11 00:00:00.000,"NSW",73.36,7760.14,"Forecast"
2030-01-12 00:00:00.000,"NSW",68.36,7255.34,"Forecast"
2030-01-13 00:00:00.000,"NSW",69.81,7097.86,"Forecast"
2030-01-14 00:00:00.000,"NSW",76.92,7624.15,"Forecast"
2030-01-15 00:00:00.000,"NSW",85.41,7813.65,"Forecast"
2030-01-16 00:00:00.000,"NSW",88.7,7825.03,"Forecast"
2030-01-17 00:00:00.000,"NSW",82.71,7873.35,"Forecast"
2030-01-18 00:00:00.000,"NSW",74.3,7791.6,"Forecast"
2030-01-19 00:00:00.000,"NSW",69.25,7297.1,"Forecast"
2030-01-20 00:00:00.000,"NSW",70.7,7152.59,"Forecast"
2030-01-21 00:00:00.000,"NSW",77.87,7687.38,"Forecast"
2030-01-22 00:00:00.000,"NSW",86.48,7853.15,"Forecast"
2030-01-23 00:00:00.000,"NSW",89.8,7853.51,"Forecast"
2030-01-24 00:00:00.000,"NSW",83.69,7898.08,"Forecast"
2030-01-25 00:00:00.000,"NSW",75.19,7822.69,"Forecast"
2030-01-26 00:00:00.000,"NSW",70.1,7340.64,"Forecast"
2030-01-27 00:00:00.000,"NSW",71.56,7210.25,"Forecast"
2030-01-28 00:00:00.000,"NSW",78.78,7744.79,"Forecast"
2030-01-29 00:00:00.000,"NSW",87.57,7888.61,"Forecast"
2030-01-30 00:00:00.000,"NSW",90.92,7880.44,"Forecast"
2030-01-31 00:00:00.000,"NSW",84.63,7921.16,"Forecast"
2030-02-01 00:00:00.000,"NSW",76.05,7853.03,"Forecast"
2030-02-02 00:00:00.000,"NSW",70.91,7384.12,"Forecast"
2030-02-03 00:00:00.000,"NSW",72.39,7267.8,"Forecast"
2030-02-04 00:00:00.000,"NSW",79.66,7798.92,"Forecast"
2030-02-05 00:00:00.000,"NSW",88.65,7922.25,"Forecast"
2030-02-06 00:00:00.000,"NSW",92.05,7906,"Forecast"
2030-02-07 00:00:00.000,"NSW",85.57,7942.84,"Forecast"
2030-02-08 00:00:00.000,"NSW",76.89,7881.33,"Forecast"
2030-02-09 00:00:00.000,"NSW",71.68,7424.48,"Forecast"
2030-02-10 00:00:00.000,"NSW",73.16,7320.88,"Forecast"
2030-02-11 00:00:00.000,"NSW",80.49,7846.55,"Forecast"
2030-02-12 00:00:00.000,"NSW",89.73,7951.98,"Forecast"
2030-02-13 00:00:00.000,"NSW",93.23,7928.44,"Forecast"
2030-02-14 00:00:00.000,"NSW",86.71,7961.38,"Forecast"
2030-02-15 00:00:00.000,"NSW",77.72,7904.89,"Forecast"
2030-02-16 00:00:00.000,"NSW",72.44,7457.54,"Forecast"
2030-02-17 00:00:00.000,"NSW",73.9,7364.06,"Forecast"
2030-02-18 00:00:00.000,"NSW",81.27,7879.29,"Forecast"
2030-02-19 00:00:00.000,"NSW",90.78,7973.43,"Forecast"
2030-02-20 00:00:00.000,"NSW",94.41,7944.78,"Forecast"
2030-02-21 00:00:00.000,"NSW",87.85,7974.26,"Forecast"
2030-02-22 00:00:00.000,"NSW",78.5,7917.57,"Forecast"
2030-02-23 00:00:00.000,"NSW",73.11,7475.52,"Forecast"
2030-02-24 00:00:00.000,"NSW",74.54,7388.68,"Forecast"
2030-02-25 00:00:00.000,"NSW",81.92,7901.9,"Forecast"
2030-02-26 00:00:00.000,"NSW",91.77,7998.24,"Forecast"
2030-02-27 00:00:00.000,"NSW",95.62,7957.69,"Forecast"
2030-02-28 00:00:00.000,"NSW",88.96,7982.52,"Forecast"
2030-03-01 00:00:00.000,"NSW",79.21,7919.61,"Forecast"
2030-03-02 00:00:00.000,"NSW",73.7,7474.41,"Forecast"
2030-03-03 00:00:00.000,"NSW",75.07,7386.76,"Forecast"
2030-03-04 00:00:00.000,"NSW",82.42,7912.6,"Forecast"
2030-03-05 00:00:00.000,"NSW",92.76,8015.74,"Forecast"
2030-03-06 00:00:00.000,"NSW",96.86,7969.17,"Forecast"
2030-03-07 00:00:00.000,"NSW",90.06,7988.5,"Forecast"
2030-03-08 00:00:00.000,"NSW",79.85,7916.6,"Forecast"
2030-03-09 00:00:00.000,"NSW",74.21,7455.23,"Forecast"
2030-03-10 00:00:00.000,"NSW",75.49,7353.5,"Forecast"
2030-03-11 00:00:00.000,"NSW",82.78,7895.01,"Forecast"
2030-03-12 00:00:00.000,"NSW",93.79,8012.9,"Forecast"
2030-03-13 00:00:00.000,"NSW",98.13,7966.72,"Forecast"
2030-03-14 00:00:00.000,"NSW",91.11,7980.63,"Forecast"
2030-03-15 00:00:00.000,"NSW",80.37,7891.6,"Forecast"
2030-03-16 00:00:00.000,"NSW",74.57,7399.75,"Forecast"
2030-03-17 00:00:00.000,"NSW",75.7,7274.3,"Forecast"
2030-03-18 00:00:00.000,"NSW",83.24,7825.56,"Forecast"
2030-03-19 00:00:00.000,"NSW",94.76,7965.63,"Forecast"
2030-03-20 00:00:00.000,"NSW",99.43,7925.64,"Forecast"
2030-03-21 00:00:00.000,"NSW",92.43,7939.38,"Forecast"
2030-03-22 00:00:00.000,"NSW",80.72,7827.59,"Forecast"
2030-03-23 00:00:00.000,"NSW",74.69,7292.39,"Forecast"
2030-03-24 00:00:00.000,"NSW",75.61,7128.32,"Forecast"
2030-03-25 00:00:00.000,"NSW",83.54,7666.33,"Forecast"
2030-03-26 00:00:00.000,"NSW",95.54,7844.8,"Forecast"
2030-03-27 00:00:00.000,"NSW",100.47,7819.63,"Forecast"
2030-03-28 00:00:00.000,"NSW",93.52,7837.84,"Forecast"
2030-03-29 00:00:00.000,"NSW",81.03,7698.62,"Forecast"
2030-03-30 00:00:00.000,"NSW",74.38,7113.67,"Forecast"
2030-03-31 00:00:00.000,"NSW",74.99,6929.14,"Forecast"
2030-04-01 00:00:00.000,"NSW",83.38,7422.03,"Forecast"
2030-04-02 00:00:00.000,"NSW",95.92,7623.48,"Forecast"
2030-04-03 00:00:00.000,"NSW",101.47,7613.54,"Forecast"
2030-04-04 00:00:00.000,"NSW",94.32,7624.62,"Forecast"
2030-04-05 00:00:00.000,"NSW",81.16,7461.39,"Forecast"
2030-04-06 00:00:00.000,"NSW",73.38,6888.7,"Forecast"
2030-04-07 00:00:00.000,"NSW",73.66,6761.01,"Forecast"
2030-04-08 00:00:00.000,"NSW",82.98,7178.23,"Forecast"
2030-04-09 00:00:00.000,"NSW",96.34,7364.96,"Forecast"
2030-04-10 00:00:00.000,"NSW",103.07,7345.46,"Forecast"
2030-04-11 00:00:00.000,"NSW",95.57,7332.06,"Forecast"
2030-04-12 00:00:00.000,"NSW",81.49,7136.77,"Forecast"
2030-04-13 00:00:00.000,"NSW",72.46,6706.1,"Forecast"
2030-04-14 00:00:00.000,"NSW",72.97,6669.76,"Forecast"
2030-04-15 00:00:00.000,"NSW",83.05,7064.72,"Forecast"
2030-04-16 00:00:00.000,"NSW",97.55,7249.05,"Forecast"
2030-04-17 00:00:00.000,"NSW",105.61,7236.08,"Forecast"
2030-04-18 00:00:00.000,"NSW",98.19,7228.05,"Forecast"
2030-04-19 00:00:00.000,"NSW",83.3,7051.12,"Forecast"
2030-04-20 00:00:00.000,"NSW",73.53,6676.02,"Forecast"
2030-04-21 00:00:00.000,"NSW",73.93,6662.61,"Forecast"
2030-04-22 00:00:00.000,"NSW",84.5,7060.88,"Forecast"
2030-04-23 00:00:00.000,"NSW",100.43,7252.61,"Forecast"
2030-04-24 00:00:00.000,"NSW",109.19,7249.1,"Forecast"
2030-04-25 00:00:00.000,"NSW",102.33,7254.19,"Forecast"
2030-04-26 00:00:00.000,"NSW",86.38,7094.31,"Forecast"
2030-04-27 00:00:00.000,"NSW",75.83,6714.72,"Forecast"
2030-04-28 00:00:00.000,"NSW",76.11,6697.88,"Forecast"
2030-04-29 00:00:00.000,"NSW",87.32,7110.05,"Forecast"
2030-04-30 00:00:00.000,"NSW",104.26,7310.37,"Forecast"
2030-05-01 00:00:00.000,"NSW",113.51,7317.26,"Forecast"
2030-05-02 00:00:00.000,"NSW",107.06,7343.79,"Forecast"
2030-05-03 00:00:00.000,"NSW",90.47,7207.99,"Forecast"
2030-05-04 00:00:00.000,"NSW",79.33,6788.86,"Forecast"
2030-05-05 00:00:00.000,"NSW",79.46,6751.87,"Forecast"
2030-05-06 00:00:00.000,"NSW",90.94,7189.39,"Forecast"
2030-05-07 00:00:00.000,"NSW",108.76,7410.43,"Forecast"
2030-05-08 00:00:00.000,"NSW",117.97,7432.56,"Forecast"
2030-05-09 00:00:00.000,"NSW",112.03,7492.1,"Forecast"
2030-05-10 00:00:00.000,"NSW",94.93,7408.36,"Forecast"
2030-05-11 00:00:00.000,"NSW",83.2,6934.86,"Forecast"
2030-05-12 00:00:00.000,"NSW",83.13,6855.64,"Forecast"
2030-05-13 00:00:00.000,"NSW",95.04,7348.85,"Forecast"
2030-05-14 00:00:00.000,"NSW",113.33,7595.73,"Forecast"
2030-05-15 00:00:00.000,"NSW",122.14,7629.89,"Forecast"
2030-05-16 00:00:00.000,"NSW",116.27,7704.49,"Forecast"
2030-05-17 00:00:00.000,"NSW",99.33,7657.27,"Forecast"
2030-05-18 00:00:00.000,"NSW",86.93,7183.98,"Forecast"
2030-05-19 00:00:00.000,"NSW",86.73,7076.08,"Forecast"
2030-05-20 00:00:00.000,"NSW",99.04,7631.03,"Forecast"
2030-05-21 00:00:00.000,"NSW",116.56,7856.34,"Forecast"
2030-05-22 00:00:00.000,"NSW",124.67,7879.11,"Forecast"
2030-05-23 00:00:00.000,"NSW",118.22,7957.6,"Forecast"
2030-05-24 00:00:00.000,"NSW",101.87,7926.23,"Forecast"
2030-05-25 00:00:00.000,"NSW",89.39,7509.61,"Forecast"
2030-05-26 00:00:00.000,"NSW",89.22,7428.51,"Forecast"
2030-05-27 00:00:00.000,"NSW",101.34,7990.77,"Forecast"
2030-05-28 00:00:00.000,"NSW",117.39,8156.76,"Forecast"
2030-05-29 00:00:00.000,"NSW",124.53,8161.7,"Forecast"
2030-05-30 00:00:00.000,"NSW",117.89,8223.56,"Forecast"
2030-05-31 00:00:00.000,"NSW",102.29,8192,"Forecast"
2030-06-01 00:00:00.000,"NSW",90.23,7785.82,"Forecast"
2030-06-02 00:00:00.000,"NSW",90.21,7726.7,"Forecast"
2030-06-03 00:00:00.000,"NSW",102.11,8245.6,"Forecast"
2030-06-04 00:00:00.000,"NSW",117.03,8410.64,"Forecast"
2030-06-05 00:00:00.000,"NSW",122.96,8414.47,"Forecast"
2030-06-06 00:00:00.000,"NSW",116.52,8464.1,"Forecast"
2030-06-07 00:00:00.000,"NSW",101.54,8400.5,"Forecast"
2030-06-08 00:00:00.000,"NSW",90.06,7997.18,"Forecast"
2030-06-09 00:00:00.000,"NSW",90.24,7952.5,"Forecast"
2030-06-10 00:00:00.000,"NSW",101.88,8447.87,"Forecast"
2030-06-11 00:00:00.000,"NSW",116.07,8617.79,"Forecast"
2030-06-12 00:00:00.000,"NSW",121.52,8620.45,"Forecast"
2030-06-13 00:00:00.000,"NSW",115.04,8654.72,"Forecast"
2030-06-14 00:00:00.000,"NSW",100.5,8559.12,"Forecast"
2030-06-15 00:00:00.000,"NSW",89.55,8152.64,"Forecast"
2030-06-16 00:00:00.000,"NSW",89.9,8115.82,"Forecast"
2030-06-17 00:00:00.000,"NSW",101.31,8593,"Forecast"
2030-06-18 00:00:00.000,"NSW",114.93,8765.84,"Forecast"
2030-06-19 00:00:00.000,"NSW",120.23,8764.68,"Forecast"
2030-06-20 00:00:00.000,"NSW",113.73,8782.94,"Forecast"
2030-06-21 00:00:00.000,"NSW",99.5,8660.93,"Forecast"
2030-06-22 00:00:00.000,"NSW",88.92,8247.33,"Forecast"
2030-06-23 00:00:00.000,"NSW",89.38,8212.83,"Forecast"
2030-06-24 00:00:00.000,"NSW",100.59,8678.67,"Forecast"
2030-06-25 00:00:00.000,"NSW",114.04,8852.78,"Forecast"
2030-06-26 00:00:00.000,"NSW",119.3,8847.08,"Forecast"
2030-06-27 00:00:00.000,"NSW",112.81,8852.56,"Forecast"
2030-06-28 00:00:00.000,"NSW",98.76,8712.81,"Forecast"
2030-06-29 00:00:00.000,"NSW",88.33,8290.42,"Forecast"
2030-06-30 00:00:00.000,"NSW",88.83,8253.47,"Forecast"
2030-07-01 00:00:00.000,"NSW",99.88,8714.49,"Forecast"
2030-07-02 00:00:00.000,"NSW",113.44,8888.83,"Forecast"
2030-07-03 00:00:00.000,"NSW",118.74,8879.1,"Forecast"
2030-07-04 00:00:00.000,"NSW",112.25,8876.07,"Forecast"
2030-07-05 00:00:00.000,"NSW",98.12,8726.49,"Forecast"
2030-07-06 00:00:00.000,"NSW",87.76,8296.19,"Forecast"
2030-07-07 00:00:00.000,"NSW",88.23,8252.29,"Forecast"
2030-07-08 00:00:00.000,"NSW",99.14,8713.08,"Forecast"
2030-07-09 00:00:00.000,"NSW",113,8886.7,"Forecast"
2030-07-10 00:00:00.000,"NSW",118.37,8873.41,"Forecast"
2030-07-11 00:00:00.000,"NSW",111.88,8865.27,"Forecast"
2030-07-12 00:00:00.000,"NSW",97.53,8711.65,"Forecast"
2030-07-13 00:00:00.000,"NSW",87.15,8273.34,"Forecast"
2030-07-14 00:00:00.000,"NSW",87.55,8218.59,"Forecast"
2030-07-15 00:00:00.000,"NSW",98.33,8683.04,"Forecast"
2030-07-16 00:00:00.000,"NSW",112.51,8855.19,"Forecast"
2030-07-17 00:00:00.000,"NSW",118.05,8838.51,"Forecast"
2030-07-18 00:00:00.000,"NSW",111.55,8827.58,"Forecast"
2030-07-19 00:00:00.000,"NSW",96.89,8674.04,"Forecast"
2030-07-20 00:00:00.000,"NSW",86.42,8225.35,"Forecast"
2030-07-21 00:00:00.000,"NSW",86.73,8156.56,"Forecast"
2030-07-22 00:00:00.000,"NSW",97.42,8628.5,"Forecast"
2030-07-23 00:00:00.000,"NSW",111.92,8798.61,"Forecast"
2030-07-24 00:00:00.000,"NSW",117.7,8778.48,"Forecast"
2030-07-25 00:00:00.000,"NSW",111.17,8766.33,"Forecast"
2030-07-26 00:00:00.000,"NSW",96.1,8616.09,"Forecast"
2030-07-27 00:00:00.000,"NSW",85.54,8153.67,"Forecast"
2030-07-28 00:00:00.000,"NSW",85.72,8067.98,"Forecast"
2030-07-29 00:00:00.000,"NSW",96.3,8550.92,"Forecast"
2030-07-30 00:00:00.000,"NSW",111.19,8718.29,"Forecast"
2030-07-31 00:00:00.000,"NSW",117.25,8694.34,"Forecast"
2030-08-01 00:00:00.000,"NSW",110.68,8682.06,"Forecast"
2030-08-02 00:00:00.000,"NSW",95.15,8537.96,"Forecast"
2030-08-03 00:00:00.000,"NSW",84.49,8060.05,"Forecast"
2030-08-04 00:00:00.000,"NSW",84.52,7954.47,"Forecast"
2030-08-05 00:00:00.000,"NSW",94.96,8450.63,"Forecast"
2030-08-06 00:00:00.000,"NSW",110.31,8614.07,"Forecast"
2030-08-07 00:00:00.000,"NSW",116.61,8585.54,"Forecast"
2030-08-08 00:00:00.000,"NSW",110.06,8573.7,"Forecast"
2030-08-09 00:00:00.000,"NSW",93.99,8438.32,"Forecast"
2030-08-10 00:00:00.000,"NSW",83.25,7943.3,"Forecast"
2030-08-11 00:00:00.000,"NSW",83.1,7814.79,"Forecast"
2030-08-12 00:00:00.000,"NSW",93.38,8326.06,"Forecast"
2030-08-13 00:00:00.000,"NSW",109.03,8484.22,"Forecast"
2030-08-14 00:00:00.000,"NSW",115.61,8450.18,"Forecast"
2030-08-15 00:00:00.000,"NSW",108.93,8438.95,"Forecast"
2030-08-16 00:00:00.000,"NSW",92.45,8312.15,"Forecast"
2030-08-17 00:00:00.000,"NSW",81.66,7798.4,"Forecast"
2030-08-18 00:00:00.000,"NSW",81.33,7644.09,"Forecast"
2030-08-19 00:00:00.000,"NSW",91.45,8173.09,"Forecast"
2030-08-20 00:00:00.000,"NSW",107.04,8325.05,"Forecast"
2030-08-21 00:00:00.000,"NSW",114.26,8284.76,"Forecast"
2030-08-22 00:00:00.000,"NSW",107.13,8274.05,"Forecast"
2030-08-23 00:00:00.000,"NSW",90.47,8141.75,"Forecast"
2030-08-24 00:00:00.000,"NSW",79.64,7607.45,"Forecast"
2030-08-25 00:00:00.000,"NSW",79.19,7418.57,"Forecast"
2030-08-26 00:00:00.000,"NSW",89.09,7946.05,"Forecast"
2030-08-27 00:00:00.000,"NSW",104.48,8109.57,"Forecast"
2030-08-28 00:00:00.000,"NSW",112.25,8068.31,"Forecast"
2030-08-29 00:00:00.000,"NSW",104.59,8061.61,"Forecast"
2030-08-30 00:00:00.000,"NSW",87.9,7917.05,"Forecast"
2030-08-31 00:00:00.000,"NSW",77.04,7346.93,"Forecast"
2030-09-01 00:00:00.000,"NSW",76.45,7094.45,"Forecast"
2030-09-02 00:00:00.000,"NSW",86.15,7582.78,"Forecast"
2030-09-03 00:00:00.000,"NSW",101.46,7790.18,"Forecast"
2030-09-04 00:00:00.000,"NSW",109.15,7752.55,"Forecast"
2030-09-05 00:00:00.000,"NSW",101.43,7733.47,"Forecast"
2030-09-06 00:00:00.000,"NSW",84.64,7569.88,"Forecast"
2030-09-07 00:00:00.000,"NSW",73.58,6971.62,"Forecast"
2030-09-08 00:00:00.000,"NSW",72.78,6780.78,"Forecast"
2030-09-09 00:00:00.000,"NSW",82.59,7163.3,"Forecast"
2030-09-10 00:00:00.000,"NSW",97.98,7355.22,"Forecast"
2030-09-11 00:00:00.000,"NSW",105.54,7318.81,"Forecast"
2030-09-12 00:00:00.000,"NSW",97.96,7283.41,"Forecast"
2030-09-13 00:00:00.000,"NSW",81.07,7068.2,"Forecast"
2030-09-14 00:00:00.000,"NSW",69.34,6666.29,"Forecast"
2030-09-15 00:00:00.000,"NSW",68.48,6607.59,"Forecast"
2030-09-16 00:00:00.000,"NSW",78.62,6958.89,"Forecast"
2030-09-17 00:00:00.000,"NSW",93.94,7131.18,"Forecast"
2030-09-18 00:00:00.000,"NSW",101.16,7122.24,"Forecast"
2030-09-19 00:00:00.000,"NSW",93.74,7078.95,"Forecast"
2030-09-20 00:00:00.000,"NSW",76.9,6906.13,"Forecast"
2030-09-21 00:00:00.000,"NSW",65.64,6552.73,"Forecast"
2030-09-22 00:00:00.000,"NSW",65.02,6511.79,"Forecast"
2030-09-23 00:00:00.000,"NSW",74.66,6865.39,"Forecast"
2030-09-24 00:00:00.000,"NSW",89.75,7047.17,"Forecast"
2030-09-25 00:00:00.000,"NSW",96.65,7047.81,"Forecast"
2030-09-26 00:00:00.000,"NSW",89.16,7008.69,"Forecast"
2030-09-27 00:00:00.000,"NSW",72.45,6836.42,"Forecast"
2030-09-28 00:00:00.000,"NSW",62.29,6487.45,"Forecast"
2030-09-29 00:00:00.000,"NSW",61.95,6450.05,"Forecast"
2030-09-30 00:00:00.000,"NSW",70.79,6804.43,"Forecast"
2030-10-01 00:00:00.000,"NSW",85.48,6991.34,"Forecast"
2030-10-02 00:00:00.000,"NSW",92.11,6997.42,"Forecast"
2030-10-03 00:00:00.000,"NSW",84.43,6960.59,"Forecast"
2030-10-04 00:00:00.000,"NSW",68.45,6788.19,"Forecast"
2030-10-05 00:00:00.000,"NSW",59.58,6442.2,"Forecast"
2030-10-06 00:00:00.000,"NSW",59.5,6408.02,"Forecast"
2030-10-07 00:00:00.000,"NSW",67.74,6763.6,"Forecast"
2030-10-08 00:00:00.000,"NSW",81.71,6953.74,"Forecast"
2030-10-09 00:00:00.000,"NSW",88.02,6964.11,"Forecast"
2030-10-10 00:00:00.000,"NSW",80.12,6929.57,"Forecast"
2030-10-11 00:00:00.000,"NSW",65.38,6757.4,"Forecast"
2030-10-12 00:00:00.000,"NSW",57.75,6413.45,"Forecast"
2030-10-13 00:00:00.000,"NSW",58.03,6382.39,"Forecast"
2030-10-14 00:00:00.000,"NSW",65.75,6739.94,"Forecast"
2030-10-15 00:00:00.000,"NSW",78.79,6932.27,"Forecast"
2030-10-16 00:00:00.000,"NSW",84.78,6946.51,"Forecast"
2030-10-17 00:00:00.000,"NSW",76.63,6914.77,"Forecast"
2030-10-18 00:00:00.000,"NSW",63.11,6743.59,"Forecast"
2030-10-19 00:00:00.000,"NSW",56.46,6401.29,"Forecast"
2030-10-20 00:00:00.000,"NSW",57.04,6374.06,"Forecast"
2030-10-21 00:00:00.000,"NSW",64.4,6735.05,"Forecast"
2030-10-22 00:00:00.000,"NSW",76.48,6929.03,"Forecast"
2030-10-23 00:00:00.000,"NSW",82.13,6947.12,"Forecast"
2030-10-24 00:00:00.000,"NSW",73.73,6919.13,"Forecast"
2030-10-25 00:00:00.000,"NSW",61.77,6750.21,"Forecast"
2030-10-26 00:00:00.000,"NSW",55.67,6409.62,"Forecast"
2030-10-27 00:00:00.000,"NSW",56.51,6387.66,"Forecast"
2030-10-28 00:00:00.000,"NSW",63.54,6754.11,"Forecast"
2030-10-29 00:00:00.000,"NSW",74.7,6949.07,"Forecast"
2030-10-30 00:00:00.000,"NSW",80.03,6970.79,"Forecast"
2030-10-31 00:00:00.000,"NSW",72,6947.47,"Forecast"
2030-11-01 00:00:00.000,"NSW",61.26,6782.37,"Forecast"
2030-11-02 00:00:00.000,"NSW",55.46,6443.77,"Forecast"
2030-11-03 00:00:00.000,"NSW",56.51,6428.59,"Forecast"
2030-11-04 00:00:00.000,"NSW",63.56,6801.88,"Forecast"
2030-11-05 00:00:00.000,"NSW",74.01,6995.82,"Forecast"
2030-11-06 00:00:00.000,"NSW",78.78,7019.34,"Forecast"
2030-11-07 00:00:00.000,"NSW",71.25,6999.98,"Forecast"
2030-11-08 00:00:00.000,"NSW",61.39,6838.96,"Forecast"
2030-11-09 00:00:00.000,"NSW",55.82,6501.52,"Forecast"
2030-11-10 00:00:00.000,"NSW",57.03,6492.32,"Forecast"
2030-11-11 00:00:00.000,"NSW",64.2,6870.43,"Forecast"
2030-11-12 00:00:00.000,"NSW",74.13,7059.09,"Forecast"
2030-11-13 00:00:00.000,"NSW",78.26,7084.77,"Forecast"
2030-11-14 00:00:00.000,"NSW",71.37,7094.46,"Forecast"
2030-11-15 00:00:00.000,"NSW",62.08,6936.21,"Forecast"
2030-11-16 00:00:00.000,"NSW",56.72,6578.82,"Forecast"
2030-11-17 00:00:00.000,"NSW",58.05,6563.12,"Forecast"
2030-11-18 00:00:00.000,"NSW",65.28,6948.61,"Forecast"
2030-11-19 00:00:00.000,"NSW",74.73,7172.5,"Forecast"
2030-11-20 00:00:00.000,"NSW",78.78,7224.86,"Forecast"
2030-11-21 00:00:00.000,"NSW",72.18,7292.62,"Forecast"
2030-11-22 00:00:00.000,"NSW",63.53,7188.88,"Forecast"
2030-11-23 00:00:00.000,"NSW",58.56,6727.6,"Forecast"
2030-11-24 00:00:00.000,"NSW",60,6653.8,"Forecast"
2030-11-25 00:00:00.000,"NSW",67.2,7097.74,"Forecast"
2030-11-26 00:00:00.000,"NSW",76.37,7354.62,"Forecast"
2030-11-27 00:00:00.000,"NSW",80.2,7428.82,"Forecast"
2030-11-28 00:00:00.000,"NSW",73.85,7520.48,"Forecast"
2030-11-29 00:00:00.000,"NSW",65.72,7436.3,"Forecast"
2030-11-30 00:00:00.000,"NSW",60.98,6937.11,"Forecast"
2030-12-01 00:00:00.000,"NSW",62.54,6779.46,"Forecast"
2030-12-02 00:00:00.000,"NSW",69.68,7246.94,"Forecast"
2030-12-03 00:00:00.000,"NSW",78.52,7503.51,"Forecast"
2030-12-04 00:00:00.000,"NSW",82.05,7567.24,"Forecast"
2030-12-05 00:00:00.000,"NSW",75.96,7649.51,"Forecast"
2030-12-06 00:00:00.000,"NSW",67.85,7562.08,"Forecast"
2030-12-07 00:00:00.000,"NSW",63.07,7048.89,"Forecast"
2030-12-08 00:00:00.000,"NSW",64.58,6864.67,"Forecast"
2030-12-09 00:00:00.000,"NSW",71.63,7337.67,"Forecast"
2030-12-10 00:00:00.000,"NSW",80.21,7585.96,"Forecast"
2030-12-11 00:00:00.000,"NSW",83.54,7637.03,"Forecast"
2030-12-12 00:00:00.000,"NSW",77.57,7706.26,"Forecast"
2030-12-13 00:00:00.000,"NSW",69.37,7614.5,"Forecast"
2030-12-14 00:00:00.000,"NSW",64.49,7094.31,"Forecast"
2030-12-15 00:00:00.000,"NSW",65.92,6907.73,"Forecast"
2030-12-16 00:00:00.000,"NSW",72.92,7387.25,"Forecast"
2030-12-17 00:00:00.000,"NSW",81.35,7629.9,"Forecast"
2030-12-18 00:00:00.000,"NSW",84.61,7673.92,"Forecast"
2030-12-19 00:00:00.000,"NSW",78.67,7737.66,"Forecast"
2030-12-20 00:00:00.000,"NSW",70.41,7647.4,"Forecast"
2030-12-21 00:00:00.000,"NSW",65.49,7127.3,"Forecast"
2030-12-22 00:00:00.000,"NSW",66.9,6944.56,"Forecast"
2030-12-23 00:00:00.000,"NSW",73.89,7432.8,"Forecast"
2030-12-24 00:00:00.000,"NSW",82.26,7668.3,"Forecast"
2030-12-25 00:00:00.000,"NSW",85.5,7708.52,"Forecast"
2030-12-26 00:00:00.000,"NSW",79.6,7769.27,"Forecast"
2030-12-27 00:00:00.000,"NSW",71.32,7681.93,"Forecast"
2030-12-28 00:00:00.000,"NSW",66.38,7164.72,"Forecast"
2030-12-29 00:00:00.000,"NSW",67.8,6987.76,"Forecast"
2030-12-30 00:00:00.000,"NSW",74.83,7486.14,"Forecast"
2030-12-31 00:00:00.000,"NSW",83.19,7712.97,"Forecast"
2026-07-02 00:00:00.000,"QLD",83.57,6092.65,"Forecast"
2026-07-03 00:00:00.000,"QLD",73.11,6085.19,"Forecast"
2026-07-04 00:00:00.000,"QLD",65.9,5805.47,"Forecast"
2026-07-05 00:00:00.000,"QLD",65.88,5782.96,"Forecast"
2026-07-06 00:00:00.000,"QLD",73.05,6145.82,"Forecast"
2026-07-07 00:00:00.000,"QLD",81.52,6187.11,"Forecast"
2026-07-08 00:00:00.000,"QLD",84.42,6147.26,"Forecast"
2026-07-09 00:00:00.000,"QLD",78.93,6174.82,"Forecast"
2026-07-10 00:00:00.000,"QLD",69.18,6127.39,"Forecast"
2026-07-11 00:00:00.000,"QLD",62.98,5805.62,"Forecast"
2026-07-12 00:00:00.000,"QLD",63.22,5761.13,"Forecast"
2026-07-13 00:00:00.000,"QLD",70.18,6124.69,"Forecast"
2026-07-14 00:00:00.000,"QLD",78.68,6173.22,"Forecast"
2026-07-15 00:00:00.000,"QLD",81.67,6134.81,"Forecast"
2026-07-16 00:00:00.000,"QLD",76.3,6163.42,"Forecast"
2026-07-17 00:00:00.000,"QLD",67.24,6105.14,"Forecast"
2026-07-18 00:00:00.000,"QLD",61.39,5779.83,"Forecast"
2026-07-19 00:00:00.000,"QLD",61.8,5735.7,"Forecast"
2026-07-20 00:00:00.000,"QLD",68.63,6101.5,"Forecast"
2026-07-21 00:00:00.000,"QLD",77,6154.96,"Forecast"
2026-07-22 00:00:00.000,"QLD",79.96,6118.77,"Forecast"
2026-07-23 00:00:00.000,"QLD",74.65,6148.86,"Forecast"
2026-07-24 00:00:00.000,"QLD",66.02,6080.13,"Forecast"
2026-07-25 00:00:00.000,"QLD",60.29,5753.12,"Forecast"
2026-07-26 00:00:00.000,"QLD",60.78,5709.17,"Forecast"
2026-07-27 00:00:00.000,"QLD",67.46,6068.87,"Forecast"
2026-07-28 00:00:00.000,"QLD",75.71,6127.1,"Forecast"
2026-07-29 00:00:00.000,"QLD",78.62,6096.45,"Forecast"
2026-07-30 00:00:00.000,"QLD",73.41,6130.2,"Forecast"
2026-07-31 00:00:00.000,"QLD",65.01,6051.2,"Forecast"
2026-08-01 00:00:00.000,"QLD",59.36,5724.3,"Forecast"
2026-08-02 00:00:00.000,"QLD",59.88,5682.29,"Forecast"
2026-08-03 00:00:00.000,"QLD",66.42,6031.9,"Forecast"
2026-08-04 00:00:00.000,"QLD",74.55,6094.98,"Forecast"
2026-08-05 00:00:00.000,"QLD",77.42,6071.93,"Forecast"
2026-08-06 00:00:00.000,"QLD",72.26,6105.64,"Forecast"
2026-08-07 00:00:00.000,"QLD",64.06,6016.72,"Forecast"
2026-08-08 00:00:00.000,"QLD",58.46,5692.14,"Forecast"
2026-08-09 00:00:00.000,"QLD",59.02,5655.66,"Forecast"
2026-08-10 00:00:00.000,"QLD",65.41,5996.14,"Forecast"
2026-08-11 00:00:00.000,"QLD",73.44,6062.42,"Forecast"
2026-08-12 00:00:00.000,"QLD",76.26,6048.41,"Forecast"
2026-08-13 00:00:00.000,"QLD",71.14,6079.69,"Forecast"
2026-08-14 00:00:00.000,"QLD",63.13,5981.17,"Forecast"
2026-08-15 00:00:00.000,"QLD",57.59,5660.41,"Forecast"
2026-08-16 00:00:00.000,"QLD",58.18,5631.65,"Forecast"
2026-08-17 00:00:00.000,"QLD",64.44,5962.1,"Forecast"
2026-08-18 00:00:00.000,"QLD",72.37,6035.67,"Forecast"
2026-08-19 00:00:00.000,"QLD",75.13,6023.87,"Forecast"
2026-08-20 00:00:00.000,"QLD",70.06,6048.14,"Forecast"
2026-08-21 00:00:00.000,"QLD",62.22,5946.19,"Forecast"
2026-08-22 00:00:00.000,"QLD",56.74,5631.49,"Forecast"
2026-08-23 00:00:00.000,"QLD",57.36,5609.98,"Forecast"
2026-08-24 00:00:00.000,"QLD",63.63,5930.68,"Forecast"
2026-08-25 00:00:00.000,"QLD",71.37,6010.5,"Forecast"
2026-08-26 00:00:00.000,"QLD",74.08,5996.23,"Forecast"
2026-08-27 00:00:00.000,"QLD",69.1,6015.85,"Forecast"
2026-08-28 00:00:00.000,"QLD",61.39,5914.72,"Forecast"
2026-08-29 00:00:00.000,"QLD",55.96,5607.55,"Forecast"
2026-08-30 00:00:00.000,"QLD",56.6,5591.69,"Forecast"
2026-08-31 00:00:00.000,"QLD",62.89,5904.12,"Forecast"
2026-09-01 00:00:00.000,"QLD",70.45,5985.22,"Forecast"
2026-09-02 00:00:00.000,"QLD",73.13,5967.03,"Forecast"
2026-09-03 00:00:00.000,"QLD",68.31,5984.14,"Forecast"
2026-09-04 00:00:00.000,"QLD",60.65,5885.6,"Forecast"
2026-09-05 00:00:00.000,"QLD",55.25,5586.47,"Forecast"
2026-09-06 00:00:00.000,"QLD",55.92,5576.25,"Forecast"
2026-09-07 00:00:00.000,"QLD",62.22,5883.74,"Forecast"
2026-09-08 00:00:00.000,"QLD",69.64,5960.99,"Forecast"
2026-09-09 00:00:00.000,"QLD",72.27,5940.9,"Forecast"
2026-09-10 00:00:00.000,"QLD",67.61,5958,"Forecast"
2026-09-11 00:00:00.000,"QLD",59.99,5862.17,"Forecast"
2026-09-12 00:00:00.000,"QLD",54.63,5570.61,"Forecast"
2026-09-13 00:00:00.000,"QLD",55.33,5564.86,"Forecast"
2026-09-14 00:00:00.000,"QLD",61.63,5869.02,"Forecast"
2026-09-15 00:00:00.000,"QLD",68.93,5942.69,"Forecast"
2026-09-16 00:00:00.000,"QLD",71.53,5923.84,"Forecast"
2026-09-17 00:00:00.000,"QLD",67.01,5942.22,"Forecast"
2026-09-18 00:00:00.000,"QLD",59.42,5848,"Forecast"
2026-09-19 00:00:00.000,"QLD",54.11,5560.48,"Forecast"
2026-09-20 00:00:00.000,"QLD",54.83,5558.27,"Forecast"
2026-09-21 00:00:00.000,"QLD",61.15,5861.01,"Forecast"
2026-09-22 00:00:00.000,"QLD",68.34,5931.5,"Forecast"
2026-09-23 00:00:00.000,"QLD",70.92,5914.14,"Forecast"
2026-09-24 00:00:00.000,"QLD",66.51,5934.3,"Forecast"
2026-09-25 00:00:00.000,"QLD",58.97,5842.02,"Forecast"
2026-09-26 00:00:00.000,"QLD",53.7,5555.95,"Forecast"
2026-09-27 00:00:00.000,"QLD",54.45,5556.54,"Forecast"
2026-09-28 00:00:00.000,"QLD",60.77,5859.87,"Forecast"
2026-09-29 00:00:00.000,"QLD",67.88,5927.78,"Forecast"
2026-09-30 00:00:00.000,"QLD",70.44,5911.82,"Forecast"
2026-10-01 00:00:00.000,"QLD",66.14,5934.24,"Forecast"
2026-10-02 00:00:00.000,"QLD",58.65,5844.22,"Forecast"
2026-10-03 00:00:00.000,"QLD",53.42,5556.9,"Forecast"
2026-10-04 00:00:00.000,"QLD",54.18,5559.48,"Forecast"
2026-10-05 00:00:00.000,"QLD",60.52,5865.39,"Forecast"
2026-10-06 00:00:00.000,"QLD",67.55,5930.89,"Forecast"
2026-10-07 00:00:00.000,"QLD",70.11,5916.35,"Forecast"
2026-10-08 00:00:00.000,"QLD",65.9,5941.53,"Forecast"
2026-10-09 00:00:00.000,"QLD",58.45,5854.08,"Forecast"
2026-10-10 00:00:00.000,"QLD",53.25,5563.75,"Forecast"
2026-10-11 00:00:00.000,"QLD",54.04,5566.95,"Forecast"
2026-10-12 00:00:00.000,"QLD",60.39,5878.01,"Forecast"
2026-10-13 00:00:00.000,"QLD",67.38,5941.56,"Forecast"
2026-10-14 00:00:00.000,"QLD",69.94,5928.44,"Forecast"
2026-10-15 00:00:00.000,"QLD",65.79,5956.33,"Forecast"
2026-10-16 00:00:00.000,"QLD",58.38,5871.37,"Forecast"
2026-10-17 00:00:00.000,"QLD",53.22,5576.22,"Forecast"
2026-10-18 00:00:00.000,"QLD",54.03,5578.58,"Forecast"
2026-10-19 00:00:00.000,"QLD",60.39,5896.91,"Forecast"
2026-10-20 00:00:00.000,"QLD",67.42,5960.7,"Forecast"
2026-10-21 00:00:00.000,"QLD",69.97,5949.19,"Forecast"
2026-10-22 00:00:00.000,"QLD",65.84,5978.97,"Forecast"
2026-10-23 00:00:00.000,"QLD",58.45,5895.86,"Forecast"
2026-10-24 00:00:00.000,"QLD",53.33,5593.62,"Forecast"
2026-10-25 00:00:00.000,"QLD",54.14,5594.51,"Forecast"
2026-10-26 00:00:00.000,"QLD",60.51,5921.52,"Forecast"
2026-10-27 00:00:00.000,"QLD",67.6,5985.58,"Forecast"
2026-10-28 00:00:00.000,"QLD",70.17,5978.13,"Forecast"
2026-10-29 00:00:00.000,"QLD",66.02,6012.3,"Forecast"
2026-10-30 00:00:00.000,"QLD",58.66,5928.94,"Forecast"
2026-10-31 00:00:00.000,"QLD",53.56,5620.17,"Forecast"
2026-11-01 00:00:00.000,"QLD",54.38,5616.83,"Forecast"
2026-11-02 00:00:00.000,"QLD",60.75,5953.14,"Forecast"
2026-11-03 00:00:00.000,"QLD",67.9,6013.84,"Forecast"
2026-11-04 00:00:00.000,"QLD",70.49,6010.09,"Forecast"
2026-11-05 00:00:00.000,"QLD",66.31,6050.53,"Forecast"
2026-11-06 00:00:00.000,"QLD",58.99,5966.63,"Forecast"
2026-11-07 00:00:00.000,"QLD",53.91,5653.56,"Forecast"
2026-11-08 00:00:00.000,"QLD",54.73,5642.95,"Forecast"
2026-11-09 00:00:00.000,"QLD",61.1,5995.67,"Forecast"
2026-11-10 00:00:00.000,"QLD",68.31,6048.22,"Forecast"
2026-11-11 00:00:00.000,"QLD",70.92,6043.66,"Forecast"
2026-11-12 00:00:00.000,"QLD",66.71,6097.51,"Forecast"
2026-11-13 00:00:00.000,"QLD",59.41,6027.65,"Forecast"
2026-11-14 00:00:00.000,"QLD",54.37,5702.8,"Forecast"
2026-11-15 00:00:00.000,"QLD",55.19,5684,"Forecast"
2026-11-16 00:00:00.000,"QLD",61.56,6056.08,"Forecast"
2026-11-17 00:00:00.000,"QLD",68.81,6100.88,"Forecast"
2026-11-18 00:00:00.000,"QLD",71.44,6090.86,"Forecast"
2026-11-19 00:00:00.000,"QLD",67.21,6166.44,"Forecast"
2026-11-20 00:00:00.000,"QLD",59.96,6120.48,"Forecast"
2026-11-21 00:00:00.000,"QLD",54.97,5771.99,"Forecast"
2026-11-22 00:00:00.000,"QLD",55.79,5742.4,"Forecast"
2026-11-23 00:00:00.000,"QLD",62.15,6137.17,"Forecast"
2026-11-24 00:00:00.000,"QLD",69.44,6196.24,"Forecast"
2026-11-25 00:00:00.000,"QLD",72.07,6192.57,"Forecast"
2026-11-26 00:00:00.000,"QLD",67.86,6278.68,"Forecast"
2026-11-27 00:00:00.000,"QLD",60.68,6257,"Forecast"
2026-11-28 00:00:00.000,"QLD",55.77,5876.06,"Forecast"
2026-11-29 00:00:00.000,"QLD",56.58,5828.95,"Forecast"
2026-11-30 00:00:00.000,"QLD",62.93,6245.29,"Forecast"
2026-12-01 00:00:00.000,"QLD",70.2,6324.44,"Forecast"
2026-12-02 00:00:00.000,"QLD",72.87,6332.18,"Forecast"
2026-12-03 00:00:00.000,"QLD",68.67,6418.84,"Forecast"
2026-12-04 00:00:00.000,"QLD",61.57,6414.03,"Forecast"
2026-12-05 00:00:00.000,"QLD",56.73,6038.48,"Forecast"
2026-12-06 00:00:00.000,"QLD",57.55,5974.89,"Forecast"
2026-12-07 00:00:00.000,"QLD",63.85,6401.51,"Forecast"
2026-12-08 00:00:00.000,"QLD",71.06,6472.14,"Forecast"
2026-12-09 00:00:00.000,"QLD",73.88,6469.32,"Forecast"
2026-12-10 00:00:00.000,"QLD",69.61,6539.76,"Forecast"
2026-12-11 00:00:00.000,"QLD",62.56,6523.65,"Forecast"
2026-12-12 00:00:00.000,"QLD",57.74,6164.98,"Forecast"
2026-12-13 00:00:00.000,"QLD",58.55,6132.58,"Forecast"
2026-12-14 00:00:00.000,"QLD",64.8,6539.74,"Forecast"
2026-12-15 00:00:00.000,"QLD",71.99,6585.87,"Forecast"
2026-12-16 00:00:00.000,"QLD",74.92,6561.46,"Forecast"
2026-12-17 00:00:00.000,"QLD",70.54,6616.09,"Forecast"
2026-12-18 00:00:00.000,"QLD",63.49,6592.84,"Forecast"
2026-12-19 00:00:00.000,"QLD",58.64,6254.11,"Forecast"
2026-12-20 00:00:00.000,"QLD",59.44,6244.34,"Forecast"
2026-12-21 00:00:00.000,"QLD",65.65,6632.14,"Forecast"
2026-12-22 00:00:00.000,"QLD",72.95,6662.34,"Forecast"
2026-12-23 00:00:00.000,"QLD",75.92,6625.23,"Forecast"
2026-12-24 00:00:00.000,"QLD",71.39,6670.8,"Forecast"
2026-12-25 00:00:00.000,"QLD",64.31,6641.14,"Forecast"
2026-12-26 00:00:00.000,"QLD",59.43,6315.5,"Forecast"
2026-12-27 00:00:00.000,"QLD",60.22,6318.98,"Forecast"
2026-12-28 00:00:00.000,"QLD",66.39,6695.16,"Forecast"
2026-12-29 00:00:00.000,"QLD",73.84,6716.93,"Forecast"
2026-12-30 00:00:00.000,"QLD",76.84,6672.71,"Forecast"
2026-12-31 00:00:00.000,"QLD",72.16,6712.52,"Forecast"
2027-01-01 00:00:00.000,"QLD",65.05,6677.94,"Forecast"
2027-01-02 00:00:00.000,"QLD",60.14,6360.2,"Forecast"
2027-01-03 00:00:00.000,"QLD",60.92,6370.98,"Forecast"
2027-01-04 00:00:00.000,"QLD",67.09,6740.26,"Forecast"
2027-01-05 00:00:00.000,"QLD",74.68,6758.29,"Forecast"
2027-01-06 00:00:00.000,"QLD",77.72,6710.1,"Forecast"
2027-01-07 00:00:00.000,"QLD",72.89,6745.67,"Forecast"
2027-01-08 00:00:00.000,"QLD",65.76,6706.74,"Forecast"
2027-01-09 00:00:00.000,"QLD",60.8,6393.26,"Forecast"
2027-01-10 00:00:00.000,"QLD",61.57,6407.29,"Forecast"
2027-01-11 00:00:00.000,"QLD",67.74,6772.23,"Forecast"
2027-01-12 00:00:00.000,"QLD",75.46,6789.01,"Forecast"
2027-01-13 00:00:00.000,"QLD",78.52,6738.4,"Forecast"
2027-01-14 00:00:00.000,"QLD",73.58,6770.45,"Forecast"
2027-01-15 00:00:00.000,"QLD",66.4,6727.48,"Forecast"
2027-01-16 00:00:00.000,"QLD",61.42,6416.07,"Forecast"
2027-01-17 00:00:00.000,"QLD",62.18,6430.53,"Forecast"
2027-01-18 00:00:00.000,"QLD",68.35,6792.91,"Forecast"
2027-01-19 00:00:00.000,"QLD",76.17,6810.16,"Forecast"
2027-01-20 00:00:00.000,"QLD",79.38,6758.23,"Forecast"
2027-01-21 00:00:00.000,"QLD",74.32,6787.26,"Forecast"
2027-01-22 00:00:00.000,"QLD",67.05,6740.59,"Forecast"
2027-01-23 00:00:00.000,"QLD",62.02,6429.44,"Forecast"
2027-01-24 00:00:00.000,"QLD",62.78,6441.85,"Forecast"
2027-01-25 00:00:00.000,"QLD",68.96,6802.93,"Forecast"
2027-01-26 00:00:00.000,"QLD",76.99,6821.9,"Forecast"
2027-01-27 00:00:00.000,"QLD",80.26,6769.45,"Forecast"
2027-01-28 00:00:00.000,"QLD",75.08,6795.89,"Forecast"
2027-01-29 00:00:00.000,"QLD",67.69,6745.86,"Forecast"
2027-01-30 00:00:00.000,"QLD",62.61,6433.33,"Forecast"
2027-01-31 00:00:00.000,"QLD",63.35,6441.4,"Forecast"
2027-02-01 00:00:00.000,"QLD",69.54,6802.23,"Forecast"
2027-02-02 00:00:00.000,"QLD",77.79,6823.91,"Forecast"
2027-02-03 00:00:00.000,"QLD",81.13,6771.63,"Forecast"
2027-02-04 00:00:00.000,"QLD",75.83,6795.86,"Forecast"
2027-02-05 00:00:00.000,"QLD",68.3,6742.89,"Forecast"
2027-02-06 00:00:00.000,"QLD",63.17,6427.37,"Forecast"
2027-02-07 00:00:00.000,"QLD",63.9,6428.85,"Forecast"
2027-02-08 00:00:00.000,"QLD",70.13,6790.41,"Forecast"
2027-02-09 00:00:00.000,"QLD",78.58,6815.61,"Forecast"
2027-02-10 00:00:00.000,"QLD",81.97,6764.1,"Forecast"
2027-02-11 00:00:00.000,"QLD",76.56,6786.56,"Forecast"
2027-02-12 00:00:00.000,"QLD",68.89,6731.1,"Forecast"
2027-02-13 00:00:00.000,"QLD",63.69,6410.94,"Forecast"
2027-02-14 00:00:00.000,"QLD",64.41,6403.56,"Forecast"
2027-02-15 00:00:00.000,"QLD",70.74,6766.77,"Forecast"
2027-02-16 00:00:00.000,"QLD",79.34,6796.15,"Forecast"
2027-02-17 00:00:00.000,"QLD",82.79,6745.99,"Forecast"
2027-02-18 00:00:00.000,"QLD",77.32,6767.13,"Forecast"
2027-02-19 00:00:00.000,"QLD",69.46,6709.75,"Forecast"
2027-02-20 00:00:00.000,"QLD",64.19,6383.2,"Forecast"
2027-02-21 00:00:00.000,"QLD",64.88,6364.58,"Forecast"
2027-02-22 00:00:00.000,"QLD",71.32,6730.33,"Forecast"
2027-02-23 00:00:00.000,"QLD",80.07,6764.41,"Forecast"
2027-02-24 00:00:00.000,"QLD",83.58,6716.2,"Forecast"
2027-02-25 00:00:00.000,"QLD",78.21,6736.58,"Forecast"
2027-02-26 00:00:00.000,"QLD",70.02,6677.95,"Forecast"
2027-02-27 00:00:00.000,"QLD",64.66,6343.08,"Forecast"
2027-02-28 00:00:00.000,"QLD",65.33,6310.61,"Forecast"
2027-03-01 00:00:00.000,"QLD",72.03,6679.87,"Forecast"
2027-03-02 00:00:00.000,"QLD",80.84,6719.12,"Forecast"
2027-03-03 00:00:00.000,"QLD",84.4,6673.48,"Forecast"
2027-03-04 00:00:00.000,"QLD",79.12,6693.79,"Forecast"
2027-03-05 00:00:00.000,"QLD",70.57,6634.77,"Forecast"
2027-03-06 00:00:00.000,"QLD",65.11,6289.38,"Forecast"
2027-03-07 00:00:00.000,"QLD",65.74,6240.21,"Forecast"
2027-03-08 00:00:00.000,"QLD",72.79,6614.12,"Forecast"
2027-03-09 00:00:00.000,"QLD",81.61,6658.97,"Forecast"
2027-03-10 00:00:00.000,"QLD",85.23,6616.66,"Forecast"
2027-03-11 00:00:00.000,"QLD",80.05,6637.81,"Forecast"
2027-03-12 00:00:00.000,"QLD",71.09,6579.51,"Forecast"
2027-03-13 00:00:00.000,"QLD",65.52,6221.08,"Forecast"
2027-03-14 00:00:00.000,"QLD",66.11,6152.04,"Forecast"
2027-03-15 00:00:00.000,"QLD",73.53,6532.06,"Forecast"
2027-03-16 00:00:00.000,"QLD",82.47,6583.06,"Forecast"
2027-03-17 00:00:00.000,"QLD",86.08,6545.03,"Forecast"
2027-03-18 00:00:00.000,"QLD",81.01,6568.24,"Forecast"
2027-03-19 00:00:00.000,"QLD",71.59,6512.06,"Forecast"
2027-03-20 00:00:00.000,"QLD",65.89,6137.69,"Forecast"
2027-03-21 00:00:00.000,"QLD",66.43,6046.14,"Forecast"
2027-03-22 00:00:00.000,"QLD",74.25,6434.08,"Forecast"
2027-03-23 00:00:00.000,"QLD",83.37,6491.81,"Forecast"
2027-03-24 00:00:00.000,"QLD",86.93,6459.1,"Forecast"
2027-03-25 00:00:00.000,"QLD",81.96,6485.81,"Forecast"
2027-03-26 00:00:00.000,"QLD",72.14,6429.16,"Forecast"
2027-03-27 00:00:00.000,"QLD",66.23,6041.44,"Forecast"
2027-03-28 00:00:00.000,"QLD",66.7,5934.98,"Forecast"
2027-03-29 00:00:00.000,"QLD",74.93,6320.38,"Forecast"
2027-03-30 00:00:00.000,"QLD",84.24,6385.2,"Forecast"
2027-03-31 00:00:00.000,"QLD",87.81,6359.54,"Forecast"
2027-04-01 00:00:00.000,"QLD",82.92,6392.2,"Forecast"
2027-04-02 00:00:00.000,"QLD",72.98,6336.09,"Forecast"
2027-04-03 00:00:00.000,"QLD",66.58,5949.66,"Forecast"
2027-04-04 00:00:00.000,"QLD",67.04,5854.88,"Forecast"
2027-04-05 00:00:00.000,"QLD",75.57,6226.63,"Forecast"
2027-04-06 00:00:00.000,"QLD",85,6290.73,"Forecast"
2027-04-07 00:00:00.000,"QLD",88.67,6261.4,"Forecast"
2027-04-08 00:00:00.000,"QLD",83.78,6291.25,"Forecast"
2027-04-09 00:00:00.000,"QLD",73.76,6228.69,"Forecast"
2027-04-10 00:00:00.000,"QLD",66.88,5868.78,"Forecast"
2027-04-11 00:00:00.000,"QLD",67.51,5793.86,"Forecast"
2027-04-12 00:00:00.000,"QLD",76.14,6157.36,"Forecast"
2027-04-13 00:00:00.000,"QLD",85.64,6216.81,"Forecast"
2027-04-14 00:00:00.000,"QLD",89.37,6180.59,"Forecast"
2027-04-15 00:00:00.000,"QLD",84.47,6205.42,"Forecast"
2027-04-16 00:00:00.000,"QLD",74.38,6140.05,"Forecast"
2027-04-17 00:00:00.000,"QLD",67.21,5813.68,"Forecast"
2027-04-18 00:00:00.000,"QLD",67.89,5755.98,"Forecast"
2027-04-19 00:00:00.000,"QLD",76.55,6113.08,"Forecast"
2027-04-20 00:00:00.000,"QLD",86.06,6168.6,"Forecast"
2027-04-21 00:00:00.000,"QLD",89.81,6133.8,"Forecast"
2027-04-22 00:00:00.000,"QLD",84.89,6162.66,"Forecast"
2027-04-23 00:00:00.000,"QLD",74.74,6106.28,"Forecast"
2027-04-24 00:00:00.000,"QLD",67.47,5792.19,"Forecast"
2027-04-25 00:00:00.000,"QLD",68.11,5743.78,"Forecast"
2027-04-26 00:00:00.000,"QLD",76.74,6094.11,"Forecast"
2027-04-27 00:00:00.000,"QLD",86.54,6148.4,"Forecast"
2027-04-28 00:00:00.000,"QLD",90.07,6120.33,"Forecast"
2027-04-29 00:00:00.000,"QLD",85.1,6153.82,"Forecast"
2027-04-30 00:00:00.000,"QLD",74.89,6101.31,"Forecast"
2027-05-01 00:00:00.000,"QLD",67.59,5790.92,"Forecast"
2027-05-02 00:00:00.000,"QLD",68.19,5745.09,"Forecast"
2027-05-03 00:00:00.000,"QLD",76.75,6094.73,"Forecast"
2027-05-04 00:00:00.000,"QLD",86.64,6147.36,"Forecast"
2027-05-05 00:00:00.000,"QLD",90.04,6120.57,"Forecast"
2027-05-06 00:00:00.000,"QLD",85.04,6155.08,"Forecast"
2027-05-07 00:00:00.000,"QLD",74.8,6106.27,"Forecast"
2027-05-08 00:00:00.000,"QLD",67.53,5798.05,"Forecast"
2027-05-09 00:00:00.000,"QLD",68.11,5752.64,"Forecast"
2027-05-10 00:00:00.000,"QLD",76.57,6103.05,"Forecast"
2027-05-11 00:00:00.000,"QLD",86.33,6154.59,"Forecast"
2027-05-12 00:00:00.000,"QLD",89.73,6126.72,"Forecast"
2027-05-13 00:00:00.000,"QLD",84.7,6160.7,"Forecast"
2027-05-14 00:00:00.000,"QLD",74.45,6115.25,"Forecast"
2027-05-15 00:00:00.000,"QLD",67.26,5808.14,"Forecast"
2027-05-16 00:00:00.000,"QLD",67.84,5764.15,"Forecast"
2027-05-17 00:00:00.000,"QLD",76.17,6113.51,"Forecast"
2027-05-18 00:00:00.000,"QLD",85.68,6164.38,"Forecast"
2027-05-19 00:00:00.000,"QLD",89.16,6134.58,"Forecast"
2027-05-20 00:00:00.000,"QLD",84.12,6167.48,"Forecast"
2027-05-21 00:00:00.000,"QLD",73.87,6124.8,"Forecast"
2027-05-22 00:00:00.000,"QLD",66.8,5817.99,"Forecast"
2027-05-23 00:00:00.000,"QLD",67.39,5774.95,"Forecast"
2027-05-24 00:00:00.000,"QLD",75.59,6123.73,"Forecast"
2027-05-25 00:00:00.000,"QLD",84.85,6172.72,"Forecast"
2027-05-26 00:00:00.000,"QLD",88.4,6141.28,"Forecast"
2027-05-27 00:00:00.000,"QLD",83.35,6173.29,"Forecast"
2027-05-28 00:00:00.000,"QLD",73.15,6132.68,"Forecast"
2027-05-29 00:00:00.000,"QLD",66.19,5825.52,"Forecast"
2027-05-30 00:00:00.000,"QLD",66.8,5783.07,"Forecast"
2027-05-31 00:00:00.000,"QLD",74.85,6132.04,"Forecast"
2027-06-01 00:00:00.000,"QLD",84.05,6177.51,"Forecast"
2027-06-02 00:00:00.000,"QLD",87.55,6145.2,"Forecast"
2027-06-03 00:00:00.000,"QLD",82.48,6176.09,"Forecast"
2027-06-04 00:00:00.000,"QLD",72.43,6136.95,"Forecast"
2027-06-05 00:00:00.000,"QLD",65.61,5829.1,"Forecast"
2027-06-06 00:00:00.000,"QLD",66.16,5787.12,"Forecast"
2027-06-07 00:00:00.000,"QLD",74.06,6137.18,"Forecast"
2027-06-08 00:00:00.000,"QLD",83.18,6180.45,"Forecast"
2027-06-09 00:00:00.000,"QLD",86.63,6146.45,"Forecast"
2027-06-10 00:00:00.000,"QLD",81.54,6176.57,"Forecast"
2027-06-11 00:00:00.000,"QLD",71.64,6137.75,"Forecast"
2027-06-12 00:00:00.000,"QLD",65,5828.56,"Forecast"
2027-06-13 00:00:00.000,"QLD",65.45,5786.82,"Forecast"
2027-06-14 00:00:00.000,"QLD",73.2,6138.86,"Forecast"
2027-06-15 00:00:00.000,"QLD",82.24,6181.58,"Forecast"
2027-06-16 00:00:00.000,"QLD",85.62,6146.36,"Forecast"
2027-06-17 00:00:00.000,"QLD",80.5,6175.92,"Forecast"
2027-06-18 00:00:00.000,"QLD",70.75,6135.86,"Forecast"
2027-06-19 00:00:00.000,"QLD",64.31,5824.36,"Forecast"
2027-06-20 00:00:00.000,"QLD",64.66,5782.48,"Forecast"
2027-06-21 00:00:00.000,"QLD",72.25,6137.23,"Forecast"
2027-06-22 00:00:00.000,"QLD",81.21,6180.93,"Forecast"
2027-06-23 00:00:00.000,"QLD",84.52,6144.95,"Forecast"
2027-06-24 00:00:00.000,"QLD",79.36,6174.18,"Forecast"
2027-06-25 00:00:00.000,"QLD",69.76,6131.42,"Forecast"
2027-06-26 00:00:00.000,"QLD",63.55,5816.72,"Forecast"
2027-06-27 00:00:00.000,"QLD",63.9,5774.37,"Forecast"
2027-06-28 00:00:00.000,"QLD",71.25,6132.43,"Forecast"
2027-06-29 00:00:00.000,"QLD",80.13,6178.47,"Forecast"
2027-06-30 00:00:00.000,"QLD",83.37,6142.21,"Forecast"
2027-07-01 00:00:00.000,"QLD",78.17,6171.35,"Forecast"
2027-07-02 00:00:00.000,"QLD",68.72,6124.55,"Forecast"
2027-07-03 00:00:00.000,"QLD",62.73,5805.93,"Forecast"
2027-07-04 00:00:00.000,"QLD",63.13,5762.82,"Forecast"
2027-07-05 00:00:00.000,"QLD",70.32,6124.62,"Forecast"
2027-07-06 00:00:00.000,"QLD",79.04,6174.1,"Forecast"
2027-07-07 00:00:00.000,"QLD",82.2,6137.18,"Forecast"
2027-07-08 00:00:00.000,"QLD",76.96,6166.33,"Forecast"
2027-07-09 00:00:00.000,"QLD",67.76,6113.26,"Forecast"
2027-07-10 00:00:00.000,"QLD",61.91,5791.07,"Forecast"
2027-07-11 00:00:00.000,"QLD",62.36,5747.47,"Forecast"
2027-07-12 00:00:00.000,"QLD",69.39,6111.89,"Forecast"
2027-07-13 00:00:00.000,"QLD",77.95,6164.92,"Forecast"
2027-07-14 00:00:00.000,"QLD",81.02,6128.16,"Forecast"
2027-07-15 00:00:00.000,"QLD",75.73,6157.54,"Forecast"
2027-07-16 00:00:00.000,"QLD",66.86,6096.43,"Forecast"
2027-07-17 00:00:00.000,"QLD",61.09,5771.57,"Forecast"
2027-07-18 00:00:00.000,"QLD",61.56,5727.93,"Forecast"
2027-07-19 00:00:00.000,"QLD",68.44,6092.96,"Forecast"
2027-07-20 00:00:00.000,"QLD",76.85,6148.27,"Forecast"
2027-07-21 00:00:00.000,"QLD",79.85,6113.83,"Forecast"
2027-07-22 00:00:00.000,"QLD",74.58,6144.85,"Forecast"
2027-07-23 00:00:00.000,"QLD",65.96,6074.87,"Forecast"
2027-07-24 00:00:00.000,"QLD",60.25,5748.74,"Forecast"
2027-07-25 00:00:00.000,"QLD",60.76,5704.97,"Forecast"
2027-07-26 00:00:00.000,"QLD",67.48,6063.22,"Forecast"
2027-07-27 00:00:00.000,"QLD",75.76,6122.87,"Forecast"
2027-07-28 00:00:00.000,"QLD",78.7,6093.44,"Forecast"
2027-07-29 00:00:00.000,"QLD",73.48,6127.79,"Forecast"
2027-07-30 00:00:00.000,"QLD",65.06,6048.32,"Forecast"
2027-07-31 00:00:00.000,"QLD",59.41,5722.13,"Forecast"
2027-08-01 00:00:00.000,"QLD",59.94,5680.54,"Forecast"
2027-08-02 00:00:00.000,"QLD",66.5,6029.47,"Forecast"
2027-08-03 00:00:00.000,"QLD",74.67,6093.3,"Forecast"
2027-08-04 00:00:00.000,"QLD",77.55,6070.85,"Forecast"
2027-08-05 00:00:00.000,"QLD",72.38,6104.64,"Forecast"
2027-08-06 00:00:00.000,"QLD",64.15,6015.69,"Forecast"
2027-08-07 00:00:00.000,"QLD",58.55,5691.58,"Forecast"
2027-08-08 00:00:00.000,"QLD",59.1,5655.31,"Forecast"
2027-08-09 00:00:00.000,"QLD",65.52,5995.55,"Forecast"
2027-08-10 00:00:00.000,"QLD",73.58,6062.28,"Forecast"
2027-08-11 00:00:00.000,"QLD",76.4,6048.42,"Forecast"
2027-08-12 00:00:00.000,"QLD",71.28,6079.87,"Forecast"
2027-08-13 00:00:00.000,"QLD",63.23,5981.49,"Forecast"
2027-08-14 00:00:00.000,"QLD",57.68,5661.02,"Forecast"
2027-08-15 00:00:00.000,"QLD",58.27,5632.17,"Forecast"
2027-08-16 00:00:00.000,"QLD",64.54,5962.69,"Forecast"
2027-08-17 00:00:00.000,"QLD",72.5,6036.28,"Forecast"
2027-08-18 00:00:00.000,"QLD",75.27,6024.53,"Forecast"
2027-08-19 00:00:00.000,"QLD",70.19,6049.07,"Forecast"
2027-08-20 00:00:00.000,"QLD",62.33,5947.22,"Forecast"
2027-08-21 00:00:00.000,"QLD",56.83,5632.53,"Forecast"
2027-08-22 00:00:00.000,"QLD",57.45,5610.79,"Forecast"
2027-08-23 00:00:00.000,"QLD",63.73,5931.73,"Forecast"
2027-08-24 00:00:00.000,"QLD",71.5,6011.64,"Forecast"
2027-08-25 00:00:00.000,"QLD",74.22,5997.73,"Forecast"
2027-08-26 00:00:00.000,"QLD",69.2,6017.48,"Forecast"
2027-08-27 00:00:00.000,"QLD",61.49,5916.22,"Forecast"
2027-08-28 00:00:00.000,"QLD",56.04,5608.8,"Forecast"
2027-08-29 00:00:00.000,"QLD",56.69,5592.57,"Forecast"
2027-08-30 00:00:00.000,"QLD",62.98,5905.33,"Forecast"
2027-08-31 00:00:00.000,"QLD",70.57,5986.96,"Forecast"
2027-09-01 00:00:00.000,"QLD",73.25,5968.9,"Forecast"
2027-09-02 00:00:00.000,"QLD",68.41,5985.99,"Forecast"
2027-09-03 00:00:00.000,"QLD",60.74,5887.16,"Forecast"
2027-09-04 00:00:00.000,"QLD",55.33,5587.64,"Forecast"
2027-09-05 00:00:00.000,"QLD",56,5577.01,"Forecast"
2027-09-06 00:00:00.000,"QLD",62.3,5884.61,"Forecast"
2027-09-07 00:00:00.000,"QLD",69.73,5962.4,"Forecast"
2027-09-08 00:00:00.000,"QLD",72.38,5942.42,"Forecast"
2027-09-09 00:00:00.000,"QLD",67.69,5959.27,"Forecast"
2027-09-10 00:00:00.000,"QLD",60.06,5863.19,"Forecast"
2027-09-11 00:00:00.000,"QLD",54.7,5571.42,"Forecast"
2027-09-12 00:00:00.000,"QLD",55.39,5565.28,"Forecast"
2027-09-13 00:00:00.000,"QLD",61.7,5869.43,"Forecast"
2027-09-14 00:00:00.000,"QLD",69.02,5943.57,"Forecast"
2027-09-15 00:00:00.000,"QLD",71.62,5924.59,"Forecast"
2027-09-16 00:00:00.000,"QLD",67.08,5942.73,"Forecast"
2027-09-17 00:00:00.000,"QLD",59.49,5848.24,"Forecast"
2027-09-18 00:00:00.000,"QLD",54.17,5560.76,"Forecast"
2027-09-19 00:00:00.000,"QLD",54.89,5558.22,"Forecast"
2027-09-20 00:00:00.000,"QLD",61.2,5860.79,"Forecast"
2027-09-21 00:00:00.000,"QLD",68.41,5931.68,"Forecast"
2027-09-22 00:00:00.000,"QLD",70.99,5914.16,"Forecast"
2027-09-23 00:00:00.000,"QLD",66.57,5934,"Forecast"
2027-09-24 00:00:00.000,"QLD",59.02,5841.4,"Forecast"
2027-09-25 00:00:00.000,"QLD",53.75,5555.64,"Forecast"
2027-09-26 00:00:00.000,"QLD",54.49,5555.98,"Forecast"
2027-09-27 00:00:00.000,"QLD",60.81,5858.88,"Forecast"
2027-09-28 00:00:00.000,"QLD",67.93,5927.2,"Forecast"
2027-09-29 00:00:00.000,"QLD",70.49,5911.05,"Forecast"
2027-09-30 00:00:00.000,"QLD",66.18,5933.08,"Forecast"
2027-10-01 00:00:00.000,"QLD",58.68,5842.7,"Forecast"
2027-10-02 00:00:00.000,"QLD",53.44,5555.98,"Forecast"
2027-10-03 00:00:00.000,"QLD",54.21,5558.4,"Forecast"
2027-10-04 00:00:00.000,"QLD",60.55,5863.66,"Forecast"
2027-10-05 00:00:00.000,"QLD",67.58,5929.62,"Forecast"
2027-10-06 00:00:00.000,"QLD",70.15,5914.85,"Forecast"
2027-10-07 00:00:00.000,"QLD",65.92,5939.57,"Forecast"
2027-10-08 00:00:00.000,"QLD",58.46,5851.71,"Forecast"
2027-10-09 00:00:00.000,"QLD",53.27,5562.03,"Forecast"
2027-10-10 00:00:00.000,"QLD",54.05,5565.33,"Forecast"
2027-10-11 00:00:00.000,"QLD",60.4,5875.35,"Forecast"
2027-10-12 00:00:00.000,"QLD",67.39,5938.94,"Forecast"
2027-10-13 00:00:00.000,"QLD",69.95,5925.59,"Forecast"
2027-10-14 00:00:00.000,"QLD",65.8,5953.19,"Forecast"
2027-10-15 00:00:00.000,"QLD",58.38,5867.95,"Forecast"
2027-10-16 00:00:00.000,"QLD",53.22,5573.8,"Forecast"
2027-10-17 00:00:00.000,"QLD",54.02,5576.44,"Forecast"
2027-10-18 00:00:00.000,"QLD",60.37,5893.49,"Forecast"
2027-10-19 00:00:00.000,"QLD",67.41,5957.05,"Forecast"
2027-10-20 00:00:00.000,"QLD",69.95,5945.38,"Forecast"
2027-10-21 00:00:00.000,"QLD",65.82,5974.91,"Forecast"
2027-10-22 00:00:00.000,"QLD",58.43,5891.59,"Forecast"
2027-10-23 00:00:00.000,"QLD",53.3,5590.52,"Forecast"
2027-10-24 00:00:00.000,"QLD",54.11,5591.61,"Forecast"
2027-10-25 00:00:00.000,"QLD",60.48,5917.25,"Forecast"
2027-10-26 00:00:00.000,"QLD",67.56,5981.49,"Forecast"
2027-10-27 00:00:00.000,"QLD",70.13,5973.29,"Forecast"
2027-10-28 00:00:00.000,"QLD",65.98,6006.79,"Forecast"
2027-10-29 00:00:00.000,"QLD",58.62,5923.54,"Forecast"
2027-10-30 00:00:00.000,"QLD",53.52,5615.59,"Forecast"
2027-10-31 00:00:00.000,"QLD",54.34,5613.16,"Forecast"
2027-11-01 00:00:00.000,"QLD",60.71,5948.05,"Forecast"
2027-11-02 00:00:00.000,"QLD",67.85,6009.53,"Forecast"
2027-11-03 00:00:00.000,"QLD",70.44,6005.58,"Forecast"
2027-11-04 00:00:00.000,"QLD",66.26,6043.99,"Forecast"
2027-11-05 00:00:00.000,"QLD",58.93,5960.37,"Forecast"
2027-11-06 00:00:00.000,"QLD",53.85,5647.98,"Forecast"
2027-11-07 00:00:00.000,"QLD",54.67,5638.66,"Forecast"
2027-11-08 00:00:00.000,"QLD",61.04,5988.6,"Forecast"
2027-11-09 00:00:00.000,"QLD",68.24,6042.41,"Forecast"
2027-11-10 00:00:00.000,"QLD",70.85,6038.21,"Forecast"
2027-11-11 00:00:00.000,"QLD",66.64,6089.77,"Forecast"
2027-11-12 00:00:00.000,"QLD",59.34,6016.72,"Forecast"
2027-11-13 00:00:00.000,"QLD",54.29,5694.34,"Forecast"
2027-11-14 00:00:00.000,"QLD",55.12,5677.31,"Forecast"
2027-11-15 00:00:00.000,"QLD",61.49,6046.46,"Forecast"
2027-11-16 00:00:00.000,"QLD",68.73,6091,"Forecast"
2027-11-17 00:00:00.000,"QLD",71.36,6080.74,"Forecast"
2027-11-18 00:00:00.000,"QLD",67.13,6153.14,"Forecast"
2027-11-19 00:00:00.000,"QLD",59.87,6102.87,"Forecast"
2027-11-20 00:00:00.000,"QLD",54.87,5759.44,"Forecast"
2027-11-21 00:00:00.000,"QLD",55.69,5731.5,"Forecast"
2027-11-22 00:00:00.000,"QLD",62.06,6121.92,"Forecast"
2027-11-23 00:00:00.000,"QLD",69.34,6178.18,"Forecast"
2027-11-24 00:00:00.000,"QLD",71.97,6174.13,"Forecast"
2027-11-25 00:00:00.000,"QLD",67.75,6260.42,"Forecast"
2027-11-26 00:00:00.000,"QLD",60.56,6236.45,"Forecast"
2027-11-27 00:00:00.000,"QLD",55.64,5859.09,"Forecast"
2027-11-28 00:00:00.000,"QLD",56.45,5814.96,"Forecast"
2027-11-29 00:00:00.000,"QLD",62.8,6228.48,"Forecast"
2027-11-30 00:00:00.000,"QLD",70.08,6304.74,"Forecast"
2027-12-01 00:00:00.000,"QLD",72.73,6310.18,"Forecast"
2027-12-02 00:00:00.000,"QLD",68.54,6397.99,"Forecast"
2027-12-03 00:00:00.000,"QLD",61.43,6391.85,"Forecast"
2027-12-04 00:00:00.000,"QLD",56.58,6013.98,"Forecast"
2027-12-05 00:00:00.000,"QLD",57.41,5948.84,"Forecast"
2027-12-06 00:00:00.000,"QLD",63.71,6374.98,"Forecast"
2027-12-07 00:00:00.000,"QLD",70.93,6450.14,"Forecast"
2027-12-08 00:00:00.000,"QLD",73.74,6451.96,"Forecast"
2027-12-09 00:00:00.000,"QLD",69.47,6525.97,"Forecast"
2027-12-10 00:00:00.000,"QLD",62.42,6511.08,"Forecast"
2027-12-11 00:00:00.000,"QLD",57.6,6149.66,"Forecast"
2027-12-12 00:00:00.000,"QLD",58.41,6112.97,"Forecast"
2027-12-13 00:00:00.000,"QLD",64.67,6523.44,"Forecast"
2027-12-14 00:00:00.000,"QLD",71.84,6572.43,"Forecast"
2027-12-15 00:00:00.000,"QLD",74.76,6550.34,"Forecast"
2027-12-16 00:00:00.000,"QLD",70.41,6606.64,"Forecast"
2027-12-17 00:00:00.000,"QLD",63.36,6584.55,"Forecast"
2027-12-18 00:00:00.000,"QLD",58.51,6243.3,"Forecast"
2027-12-19 00:00:00.000,"QLD",59.32,6230.93,"Forecast"
2027-12-20 00:00:00.000,"QLD",65.53,6620.99,"Forecast"
2027-12-21 00:00:00.000,"QLD",72.82,6652.96,"Forecast"
2027-12-22 00:00:00.000,"QLD",75.78,6617.28,"Forecast"
2027-12-23 00:00:00.000,"QLD",71.27,6663.9,"Forecast"
2027-12-24 00:00:00.000,"QLD",64.2,6635.04,"Forecast"
2027-12-25 00:00:00.000,"QLD",59.32,6307.91,"Forecast"
2027-12-26 00:00:00.000,"QLD",60.11,6309.92,"Forecast"
2027-12-27 00:00:00.000,"QLD",66.29,6687.43,"Forecast"
2027-12-28 00:00:00.000,"QLD",73.72,6710.08,"Forecast"
2027-12-29 00:00:00.000,"QLD",76.72,6666.64,"Forecast"
2027-12-30 00:00:00.000,"QLD",72.05,6707.15,"Forecast"
2027-12-31 00:00:00.000,"QLD",64.95,6673.24,"Forecast"
2028-01-01 00:00:00.000,"QLD",60.04,6354.43,"Forecast"
2028-01-02 00:00:00.000,"QLD",60.82,6364.46,"Forecast"
2028-01-03 00:00:00.000,"QLD",66.99,6734.61,"Forecast"
2028-01-04 00:00:00.000,"QLD",74.57,6753.04,"Forecast"
2028-01-05 00:00:00.000,"QLD",77.6,6705.34,"Forecast"
2028-01-06 00:00:00.000,"QLD",72.79,6741.48,"Forecast"
2028-01-07 00:00:00.000,"QLD",65.66,6703.15,"Forecast"
2028-01-08 00:00:00.000,"QLD",60.71,6389.21,"Forecast"
2028-01-09 00:00:00.000,"QLD",61.48,6402.95,"Forecast"
2028-01-10 00:00:00.000,"QLD",67.65,6768.38,"Forecast"
2028-01-11 00:00:00.000,"QLD",75.35,6785.22,"Forecast"
2028-01-12 00:00:00.000,"QLD",78.41,6734.88,"Forecast"
2028-01-13 00:00:00.000,"QLD",73.48,6767.39,"Forecast"
2028-01-14 00:00:00.000,"QLD",66.31,6724.98,"Forecast"
2028-01-15 00:00:00.000,"QLD",61.33,6413.39,"Forecast"
2028-01-16 00:00:00.000,"QLD",62.1,6427.95,"Forecast"
2028-01-17 00:00:00.000,"QLD",68.27,6790.61,"Forecast"
2028-01-18 00:00:00.000,"QLD",76.07,6807.72,"Forecast"
2028-01-19 00:00:00.000,"QLD",79.25,6755.92,"Forecast"
2028-01-20 00:00:00.000,"QLD",74.22,6785.35,"Forecast"
2028-01-21 00:00:00.000,"QLD",66.96,6739.19,"Forecast"
2028-01-22 00:00:00.000,"QLD",61.93,6428.1,"Forecast"
2028-01-23 00:00:00.000,"QLD",62.69,6440.95,"Forecast"
2028-01-24 00:00:00.000,"QLD",68.87,6802.15,"Forecast"
2028-01-25 00:00:00.000,"QLD",76.87,6820.81,"Forecast"
2028-01-26 00:00:00.000,"QLD",80.14,6768.39,"Forecast"
2028-01-27 00:00:00.000,"QLD",74.98,6795.17,"Forecast"
2028-01-28 00:00:00.000,"QLD",67.6,6745.6,"Forecast"
2028-01-29 00:00:00.000,"QLD",62.52,6433.36,"Forecast"
2028-01-30 00:00:00.000,"QLD",63.27,6442.19,"Forecast"
2028-01-31 00:00:00.000,"QLD",69.46,6803,"Forecast"
2028-02-01 00:00:00.000,"QLD",77.68,6824.24,"Forecast"
2028-02-02 00:00:00.000,"QLD",81.01,6771.89,"Forecast"
2028-02-03 00:00:00.000,"QLD",75.73,6796.42,"Forecast"
2028-02-04 00:00:00.000,"QLD",68.22,6743.84,"Forecast"
2028-02-05 00:00:00.000,"QLD",63.09,6428.84,"Forecast"
2028-02-06 00:00:00.000,"QLD",63.82,6431.4,"Forecast"
2028-02-07 00:00:00.000,"QLD",70.04,6792.81,"Forecast"
2028-02-08 00:00:00.000,"QLD",78.46,6817.46,"Forecast"
2028-02-09 00:00:00.000,"QLD",81.85,6765.8,"Forecast"
2028-02-10 00:00:00.000,"QLD",76.45,6788.49,"Forecast"
2028-02-11 00:00:00.000,"QLD",68.81,6733.35,"Forecast"
2028-02-12 00:00:00.000,"QLD",63.62,6413.96,"Forecast"
2028-02-13 00:00:00.000,"QLD",64.33,6407.99,"Forecast"
2028-02-14 00:00:00.000,"QLD",70.65,6770.91,"Forecast"
2028-02-15 00:00:00.000,"QLD",79.23,6799.65,"Forecast"
2028-02-16 00:00:00.000,"QLD",82.67,6749.27,"Forecast"
2028-02-17 00:00:00.000,"QLD",77.2,6770.56,"Forecast"
2028-02-18 00:00:00.000,"QLD",69.37,6713.42,"Forecast"
2028-02-19 00:00:00.000,"QLD",64.11,6387.9,"Forecast"
2028-02-20 00:00:00.000,"QLD",64.81,6371.03,"Forecast"
2028-02-21 00:00:00.000,"QLD",71.24,6736.36,"Forecast"
2028-02-22 00:00:00.000,"QLD",79.97,6769.74,"Forecast"
2028-02-23 00:00:00.000,"QLD",83.47,6721.22,"Forecast"
2028-02-24 00:00:00.000,"QLD",78.08,6741.67,"Forecast"
2028-02-25 00:00:00.000,"QLD",69.94,6683.16,"Forecast"
2028-02-26 00:00:00.000,"QLD",64.6,6349.61,"Forecast"
2028-02-27 00:00:00.000,"QLD",65.27,6319.29,"Forecast"
2028-02-28 00:00:00.000,"QLD",71.92,6687.99,"Forecast"
2028-02-29 00:00:00.000,"QLD",80.73,6726.47,"Forecast"
2028-03-01 00:00:00.000,"QLD",84.28,6680.42,"Forecast"
2028-03-02 00:00:00.000,"QLD",78.99,6700.69,"Forecast"
2028-03-03 00:00:00.000,"QLD",70.49,6641.67,"Forecast"
2028-03-04 00:00:00.000,"QLD",65.05,6297.93,"Forecast"
2028-03-05 00:00:00.000,"QLD",65.69,6251.33,"Forecast"
2028-03-06 00:00:00.000,"QLD",72.68,6624.49,"Forecast"
2028-03-07 00:00:00.000,"QLD",81.5,6668.51,"Forecast"
2028-03-08 00:00:00.000,"QLD",85.11,6625.67,"Forecast"
2028-03-09 00:00:00.000,"QLD",79.92,6646.64,"Forecast"
2028-03-10 00:00:00.000,"QLD",71.02,6588.16,"Forecast"
2028-03-11 00:00:00.000,"QLD",65.47,6231.76,"Forecast"
2028-03-12 00:00:00.000,"QLD",66.06,6165.76,"Forecast"
2028-03-13 00:00:00.000,"QLD",73.43,6544.8,"Forecast"
2028-03-14 00:00:00.000,"QLD",82.34,6594.88,"Forecast"
2028-03-15 00:00:00.000,"QLD",85.95,6556.17,"Forecast"
2028-03-16 00:00:00.000,"QLD",80.87,6579,"Forecast"
2028-03-17 00:00:00.000,"QLD",71.53,6522.42,"Forecast"
2028-03-18 00:00:00.000,"QLD",65.84,6150.52,"Forecast"
2028-03-19 00:00:00.000,"QLD",66.39,6061.79,"Forecast"
2028-03-20 00:00:00.000,"QLD",74.15,6448.62,"Forecast"
2028-03-21 00:00:00.000,"QLD",83.24,6505.48,"Forecast"
2028-03-22 00:00:00.000,"QLD",86.81,6472.05,"Forecast"
2028-03-23 00:00:00.000,"QLD",81.83,6498.23,"Forecast"
2028-03-24 00:00:00.000,"QLD",72.04,6441.69,"Forecast"
2028-03-25 00:00:00.000,"QLD",66.18,6055.66,"Forecast"
2028-03-26 00:00:00.000,"QLD",66.66,5951.42,"Forecast"
2028-03-27 00:00:00.000,"QLD",74.84,6338.59,"Forecast"
2028-03-28 00:00:00.000,"QLD",84.11,6402.02,"Forecast"
2028-03-29 00:00:00.000,"QLD",87.67,6374.91,"Forecast"
2028-03-30 00:00:00.000,"QLD",82.77,6406.33,"Forecast"
2028-03-31 00:00:00.000,"QLD",72.85,6349.94,"Forecast"
2028-04-01 00:00:00.000,"QLD",66.53,5960.73,"Forecast"
2028-04-02 00:00:00.000,"QLD",66.97,5863.4,"Forecast"
2028-04-03 00:00:00.000,"QLD",75.48,6236.96,"Forecast"
2028-04-04 00:00:00.000,"QLD",84.9,6302.05,"Forecast"
2028-04-05 00:00:00.000,"QLD",88.56,6274.21,"Forecast"
2028-04-06 00:00:00.000,"QLD",83.67,6304.94,"Forecast"
2028-04-07 00:00:00.000,"QLD",73.66,6243.22,"Forecast"
2028-04-08 00:00:00.000,"QLD",66.84,5878.21,"Forecast"
2028-04-09 00:00:00.000,"QLD",67.45,5801.07,"Forecast"
2028-04-10 00:00:00.000,"QLD",76.07,6165.13,"Forecast"
2028-04-11 00:00:00.000,"QLD",85.56,6225.87,"Forecast"
2028-04-12 00:00:00.000,"QLD",89.28,6190.7,"Forecast"
2028-04-13 00:00:00.000,"QLD",84.39,6216.13,"Forecast"
2028-04-14 00:00:00.000,"QLD",74.31,6149.42,"Forecast"
2028-04-15 00:00:00.000,"QLD",67.16,5819.48,"Forecast"
2028-04-16 00:00:00.000,"QLD",67.84,5759.24,"Forecast"
2028-04-17 00:00:00.000,"QLD",76.5,6117.71,"Forecast"
2028-04-18 00:00:00.000,"QLD",86.02,6173.42,"Forecast"
2028-04-19 00:00:00.000,"QLD",89.76,6137.12,"Forecast"
2028-04-20 00:00:00.000,"QLD",84.85,6164.96,"Forecast"
2028-04-21 00:00:00.000,"QLD",74.71,6108.03,"Forecast"
2028-04-22 00:00:00.000,"QLD",67.45,5793.26,"Forecast"
2028-04-23 00:00:00.000,"QLD",68.09,5744.27,"Forecast"
2028-04-24 00:00:00.000,"QLD",76.73,6095.23,"Forecast"
2028-04-25 00:00:00.000,"QLD",86.49,6149.7,"Forecast"
2028-04-26 00:00:00.000,"QLD",90.05,6121.09,"Forecast"
2028-04-27 00:00:00.000,"QLD",85.09,6154.21,"Forecast"
2028-04-28 00:00:00.000,"QLD",74.89,6101.12,"Forecast"
2028-04-29 00:00:00.000,"QLD",67.59,5790.32,"Forecast"
2028-04-30 00:00:00.000,"QLD",68.19,5744.3,"Forecast"
2028-05-01 00:00:00.000,"QLD",76.77,6093.91,"Forecast"
2028-05-02 00:00:00.000,"QLD",86.65,6146.77,"Forecast"
2028-05-03 00:00:00.000,"QLD",90.06,6120,"Forecast"
2028-05-04 00:00:00.000,"QLD",85.07,6154.49,"Forecast"
2028-05-05 00:00:00.000,"QLD",74.83,6105.16,"Forecast"
2028-05-06 00:00:00.000,"QLD",67.55,5796.7,"Forecast"
2028-05-07 00:00:00.000,"QLD",68.13,5751.32,"Forecast"
2028-05-08 00:00:00.000,"QLD",76.61,6101.58,"Forecast"
2028-05-09 00:00:00.000,"QLD",86.4,6153.23,"Forecast"
2028-05-10 00:00:00.000,"QLD",89.79,6125.62,"Forecast"
2028-05-11 00:00:00.000,"QLD",84.77,6159.73,"Forecast"
2028-05-12 00:00:00.000,"QLD",74.51,6113.84,"Forecast"
2028-05-13 00:00:00.000,"QLD",67.31,5806.62,"Forecast"
2028-05-14 00:00:00.000,"QLD",67.89,5762.47,"Forecast"
2028-05-15 00:00:00.000,"QLD",76.24,6111.97,"Forecast"
2028-05-16 00:00:00.000,"QLD",85.79,6162.93,"Forecast"
2028-05-17 00:00:00.000,"QLD",89.25,6133.43,"Forecast"
2028-05-18 00:00:00.000,"QLD",84.21,6166.5,"Forecast"
2028-05-19 00:00:00.000,"QLD",73.97,6123.47,"Forecast"
2028-05-20 00:00:00.000,"QLD",66.87,5816.67,"Forecast"
2028-05-21 00:00:00.000,"QLD",67.46,5773.52,"Forecast"
2028-05-22 00:00:00.000,"QLD",75.68,6122.34,"Forecast"
2028-05-23 00:00:00.000,"QLD",84.95,6171.73,"Forecast"
2028-05-24 00:00:00.000,"QLD",88.51,6140.47,"Forecast"
2028-05-25 00:00:00.000,"QLD",83.46,6172.57,"Forecast"
2028-05-26 00:00:00.000,"QLD",73.24,6131.71,"Forecast"
2028-05-27 00:00:00.000,"QLD",66.28,5824.63,"Forecast"
2028-05-28 00:00:00.000,"QLD",66.88,5782.12,"Forecast"
2028-05-29 00:00:00.000,"QLD",74.96,6131.01,"Forecast"
2028-05-30 00:00:00.000,"QLD",84.16,6176.94,"Forecast"
2028-05-31 00:00:00.000,"QLD",87.68,6144.83,"Forecast"
2028-06-01 00:00:00.000,"QLD",82.61,6175.89,"Forecast"
2028-06-02 00:00:00.000,"QLD",72.54,6136.58,"Forecast"
2028-06-03 00:00:00.000,"QLD",65.69,5828.85,"Forecast"
2028-06-04 00:00:00.000,"QLD",66.25,5786.81,"Forecast"
2028-06-05 00:00:00.000,"QLD",74.18,6136.66,"Forecast"
2028-06-06 00:00:00.000,"QLD",83.31,6180.14,"Forecast"
2028-06-07 00:00:00.000,"QLD",86.77,6146.35,"Forecast"
2028-06-08 00:00:00.000,"QLD",81.68,6176.57,"Forecast"
2028-06-09 00:00:00.000,"QLD",71.75,6137.8,"Forecast"
2028-06-10 00:00:00.000,"QLD",65.09,5828.87,"Forecast"
2028-06-11 00:00:00.000,"QLD",65.56,5787.11,"Forecast"
2028-06-12 00:00:00.000,"QLD",73.33,6138.82,"Forecast"
2028-06-13 00:00:00.000,"QLD",82.38,6181.53,"Forecast"
2028-06-14 00:00:00.000,"QLD",85.77,6146.45,"Forecast"
2028-06-15 00:00:00.000,"QLD",80.65,6176.08,"Forecast"
2028-06-16 00:00:00.000,"QLD",70.88,6136.29,"Forecast"
2028-06-17 00:00:00.000,"QLD",64.41,5825.17,"Forecast"
2028-06-18 00:00:00.000,"QLD",64.78,5783.33,"Forecast"
2028-06-19 00:00:00.000,"QLD",72.39,6137.66,"Forecast"
2028-06-20 00:00:00.000,"QLD",81.36,6181.13,"Forecast"
2028-06-21 00:00:00.000,"QLD",84.68,6145.23,"Forecast"
2028-06-22 00:00:00.000,"QLD",79.53,6174.49,"Forecast"
2028-06-23 00:00:00.000,"QLD",69.91,6132.2,"Forecast"
2028-06-24 00:00:00.000,"QLD",63.66,5818.01,"Forecast"
2028-06-25 00:00:00.000,"QLD",64.01,5775.74,"Forecast"
2028-06-26 00:00:00.000,"QLD",71.39,6133.3,"Forecast"
2028-06-27 00:00:00.000,"QLD",80.29,6178.93,"Forecast"
2028-06-28 00:00:00.000,"QLD",83.53,6142.68,"Forecast"
2028-06-29 00:00:00.000,"QLD",78.34,6171.82,"Forecast"
2028-06-30 00:00:00.000,"QLD",68.87,6125.67,"Forecast"
2028-07-01 00:00:00.000,"QLD",62.85,5807.65,"Forecast"
2028-07-02 00:00:00.000,"QLD",63.25,5764.67,"Forecast"
2028-07-03 00:00:00.000,"QLD",70.46,6125.91,"Forecast"
2028-07-04 00:00:00.000,"QLD",79.2,6174.93,"Forecast"
2028-07-05 00:00:00.000,"QLD",82.37,6138.12,"Forecast"
2028-07-06 00:00:00.000,"QLD",77.13,6167.32,"Forecast"
2028-07-07 00:00:00.000,"QLD",67.88,6115.31,"Forecast"
2028-07-08 00:00:00.000,"QLD",62.03,5793.53,"Forecast"
2028-07-09 00:00:00.000,"QLD",62.47,5749.95,"Forecast"
2028-07-10 00:00:00.000,"QLD",69.52,6114.16,"Forecast"
2028-07-11 00:00:00.000,"QLD",78.1,6166.54,"Forecast"
2028-07-12 00:00:00.000,"QLD",81.19,6129.69,"Forecast"
2028-07-13 00:00:00.000,"QLD",75.91,6158.99,"Forecast"
2028-07-14 00:00:00.000,"QLD",66.99,6099.1,"Forecast"
2028-07-15 00:00:00.000,"QLD",61.21,5774.6,"Forecast"
2028-07-16 00:00:00.000,"QLD",61.68,5730.96,"Forecast"
2028-07-17 00:00:00.000,"QLD",68.58,6096.36,"Forecast"
2028-07-18 00:00:00.000,"QLD",77,6151.22,"Forecast"
2028-07-19 00:00:00.000,"QLD",80.02,6116.27,"Forecast"
2028-07-20 00:00:00.000,"QLD",74.74,6146.94,"Forecast"
2028-07-21 00:00:00.000,"QLD",66.09,6078.26,"Forecast"
2028-07-22 00:00:00.000,"QLD",60.37,5752.23,"Forecast"
2028-07-23 00:00:00.000,"QLD",60.87,5708.47,"Forecast"
2028-07-24 00:00:00.000,"QLD",67.61,6067.9,"Forecast"
2028-07-25 00:00:00.000,"QLD",75.91,6126.87,"Forecast"
2028-07-26 00:00:00.000,"QLD",78.86,6096.64,"Forecast"
2028-07-27 00:00:00.000,"QLD",73.64,6130.49,"Forecast"
2028-07-28 00:00:00.000,"QLD",65.19,6052.41,"Forecast"
2028-07-29 00:00:00.000,"QLD",59.53,5726.16,"Forecast"
2028-07-30 00:00:00.000,"QLD",60.05,5684.09,"Forecast"
2028-07-31 00:00:00.000,"QLD",66.64,6034.28,"Forecast"
2028-08-01 00:00:00.000,"QLD",74.82,6097.6,"Forecast"
2028-08-02 00:00:00.000,"QLD",77.71,6073.86,"Forecast"
2028-08-03 00:00:00.000,"QLD",72.54,6107.85,"Forecast"
2028-08-04 00:00:00.000,"QLD",64.28,6020.33,"Forecast"
2028-08-05 00:00:00.000,"QLD",58.67,5695.94,"Forecast"
2028-08-06 00:00:00.000,"QLD",59.22,5658.8,"Forecast"
2028-08-07 00:00:00.000,"QLD",65.66,6000.33,"Forecast"
2028-08-08 00:00:00.000,"QLD",73.73,6066.63,"Forecast"
2028-08-09 00:00:00.000,"QLD",76.56,6052.01,"Forecast"
2028-08-10 00:00:00.000,"QLD",71.44,6084.13,"Forecast"
2028-08-11 00:00:00.000,"QLD",63.36,5986.65,"Forecast"
2028-08-12 00:00:00.000,"QLD",57.81,5665.3,"Forecast"
2028-08-13 00:00:00.000,"QLD",58.39,5635.4,"Forecast"
2028-08-14 00:00:00.000,"QLD",64.68,5967.34,"Forecast"
2028-08-15 00:00:00.000,"QLD",72.65,6039.62,"Forecast"
2028-08-16 00:00:00.000,"QLD",75.43,6027.72,"Forecast"
2028-08-17 00:00:00.000,"QLD",70.34,6053.5,"Forecast"
2028-08-18 00:00:00.000,"QLD",62.46,5951.73,"Forecast"
2028-08-19 00:00:00.000,"QLD",56.95,5636.3,"Forecast"
2028-08-20 00:00:00.000,"QLD",57.56,5613.64,"Forecast"
2028-08-21 00:00:00.000,"QLD",63.84,5935.9,"Forecast"
2028-08-22 00:00:00.000,"QLD",71.64,6015.15,"Forecast"
2028-08-23 00:00:00.000,"QLD",74.36,6002.03,"Forecast"
2028-08-24 00:00:00.000,"QLD",69.32,6022.25,"Forecast"
2028-08-25 00:00:00.000,"QLD",61.6,5920.69,"Forecast"
2028-08-26 00:00:00.000,"QLD",56.15,5612.1,"Forecast"
2028-08-27 00:00:00.000,"QLD",56.79,5595.05,"Forecast"
2028-08-28 00:00:00.000,"QLD",63.08,5908.93,"Forecast"
2028-08-29 00:00:00.000,"QLD",70.69,5991.2,"Forecast"
2028-08-30 00:00:00.000,"QLD",73.38,5973.35,"Forecast"
2028-08-31 00:00:00.000,"QLD",68.52,5990.65,"Forecast"
2028-09-01 00:00:00.000,"QLD",60.84,5891.32,"Forecast"
2028-09-02 00:00:00.000,"QLD",55.43,5590.58,"Forecast"
2028-09-03 00:00:00.000,"QLD",56.1,5579.14,"Forecast"
2028-09-04 00:00:00.000,"QLD",62.39,5887.37,"Forecast"
2028-09-05 00:00:00.000,"QLD",69.84,5965.7,"Forecast"
2028-09-06 00:00:00.000,"QLD",72.5,5945.99,"Forecast"
2028-09-07 00:00:00.000,"QLD",67.79,5962.56,"Forecast"
2028-09-08 00:00:00.000,"QLD",60.15,5866.19,"Forecast"
2028-09-09 00:00:00.000,"QLD",54.79,5573.49,"Forecast"
2028-09-10 00:00:00.000,"QLD",55.48,5566.76,"Forecast"
2028-09-11 00:00:00.000,"QLD",61.78,5871.32,"Forecast"
2028-09-12 00:00:00.000,"QLD",69.12,5945.96,"Forecast"
2028-09-13 00:00:00.000,"QLD",71.72,5926.77,"Forecast"
2028-09-14 00:00:00.000,"QLD",67.16,5944.71,"Forecast"
2028-09-15 00:00:00.000,"QLD",59.56,5849.99,"Forecast"
2028-09-16 00:00:00.000,"QLD",54.24,5562.01,"Forecast"
2028-09-17 00:00:00.000,"QLD",54.95,5558.99,"Forecast"
2028-09-18 00:00:00.000,"QLD",61.27,5861.7,"Forecast"
2028-09-19 00:00:00.000,"QLD",68.49,5933.03,"Forecast"
2028-09-20 00:00:00.000,"QLD",71.07,5915.29,"Forecast"
2028-09-21 00:00:00.000,"QLD",66.64,5934.86,"Forecast"
2028-09-22 00:00:00.000,"QLD",59.08,5841.97,"Forecast"
2028-09-23 00:00:00.000,"QLD",53.8,5556.08,"Forecast"
2028-09-24 00:00:00.000,"QLD",54.54,5556.06,"Forecast"
2028-09-25 00:00:00.000,"QLD",60.86,5858.8,"Forecast"
2028-09-26 00:00:00.000,"QLD",67.99,5927.4,"Forecast"
2028-09-27 00:00:00.000,"QLD",70.56,5911.08,"Forecast"
2028-09-28 00:00:00.000,"QLD",66.23,5932.79,"Forecast"
2028-09-29 00:00:00.000,"QLD",58.72,5842.08,"Forecast"
2028-09-30 00:00:00.000,"QLD",53.48,5555.64,"Forecast"
2028-10-01 00:00:00.000,"QLD",54.24,5557.82,"Forecast"
2028-10-02 00:00:00.000,"QLD",60.58,5862.63,"Forecast"
2028-10-03 00:00:00.000,"QLD",67.62,5928.95,"Forecast"
2028-10-04 00:00:00.000,"QLD",70.19,5913.97,"Forecast"
2028-10-05 00:00:00.000,"QLD",65.95,5938.27,"Forecast"
2028-10-06 00:00:00.000,"QLD",58.49,5850.03,"Forecast"
2028-10-07 00:00:00.000,"QLD",53.28,5560.8,"Forecast"
2028-10-08 00:00:00.000,"QLD",54.07,5564.08,"Forecast"
2028-10-09 00:00:00.000,"QLD",60.41,5873.27,"Forecast"
2028-10-10 00:00:00.000,"QLD",67.4,5937.19,"Forecast"
2028-10-11 00:00:00.000,"QLD",69.97,5923.5,"Forecast"
2028-10-12 00:00:00.000,"QLD",65.81,5950.74,"Forecast"
2028-10-13 00:00:00.000,"QLD",58.38,5865.17,"Forecast"
2028-10-14 00:00:00.000,"QLD",53.21,5571.82,"Forecast"
2028-10-15 00:00:00.000,"QLD",54.01,5574.63,"Forecast"
2028-10-16 00:00:00.000,"QLD",60.37,5890.57,"Forecast"
2028-10-17 00:00:00.000,"QLD",67.39,5954.08,"Forecast"
2028-10-18 00:00:00.000,"QLD",69.94,5942.18,"Forecast"
2028-10-19 00:00:00.000,"QLD",65.81,5971.46,"Forecast"
2028-10-20 00:00:00.000,"QLD",58.42,5887.87,"Forecast"
2028-10-21 00:00:00.000,"QLD",53.28,5587.9,"Forecast"
2028-10-22 00:00:00.000,"QLD",54.09,5589.06,"Forecast"
2028-10-23 00:00:00.000,"QLD",60.46,5913.47,"Forecast"
2028-10-24 00:00:00.000,"QLD",67.53,5977.89,"Forecast"
2028-10-25 00:00:00.000,"QLD",70.09,5968.98,"Forecast"
2028-10-26 00:00:00.000,"QLD",65.95,6001.84,"Forecast"
2028-10-27 00:00:00.000,"QLD",58.59,5918.65,"Forecast"
2028-10-28 00:00:00.000,"QLD",53.48,5611.42,"Forecast"
2028-10-29 00:00:00.000,"QLD",54.3,5609.78,"Forecast"
2028-10-30 00:00:00.000,"QLD",60.67,5943.34,"Forecast"
2028-10-31 00:00:00.000,"QLD",67.8,6005.56,"Forecast"
2028-11-01 00:00:00.000,"QLD",70.38,6001.4,"Forecast"
2028-11-02 00:00:00.000,"QLD",66.22,6038.97,"Forecast"
2028-11-03 00:00:00.000,"QLD",58.88,5955.25,"Forecast"
2028-11-04 00:00:00.000,"QLD",53.8,5643.14,"Forecast"
2028-11-05 00:00:00.000,"QLD",54.62,5634.95,"Forecast"
2028-11-06 00:00:00.000,"QLD",60.99,5982.31,"Forecast"
2028-11-07 00:00:00.000,"QLD",68.18,6037.23,"Forecast"
2028-11-08 00:00:00.000,"QLD",70.79,6033.3,"Forecast"
2028-11-09 00:00:00.000,"QLD",66.58,6082.69,"Forecast"
2028-11-10 00:00:00.000,"QLD",59.28,6006.64,"Forecast"
2028-11-11 00:00:00.000,"QLD",54.22,5686.53,"Forecast"
2028-11-12 00:00:00.000,"QLD",55.05,5671.11,"Forecast"
2028-11-13 00:00:00.000,"QLD",61.42,6037.47,"Forecast"
2028-11-14 00:00:00.000,"QLD",68.66,6082.54,"Forecast"
2028-11-15 00:00:00.000,"QLD",71.28,6073.9,"Forecast"
2028-11-16 00:00:00.000,"QLD",67.06,6143.29,"Forecast"
2028-11-17 00:00:00.000,"QLD",59.79,6089.79,"Forecast"
2028-11-18 00:00:00.000,"QLD",54.78,5749.66,"Forecast"
2028-11-19 00:00:00.000,"QLD",55.6,5722.58,"Forecast"
2028-11-20 00:00:00.000,"QLD",61.97,6109.23,"Forecast"
2028-11-21 00:00:00.000,"QLD",69.25,6162.94,"Forecast"
2028-11-22 00:00:00.000,"QLD",71.88,6158.33,"Forecast"
2028-11-23 00:00:00.000,"QLD",67.66,6244.52,"Forecast"
2028-11-24 00:00:00.000,"QLD",60.46,6218.38,"Forecast"
2028-11-25 00:00:00.000,"QLD",55.52,5844.91,"Forecast"
2028-11-26 00:00:00.000,"QLD",56.34,5803.2,"Forecast"
2028-11-27 00:00:00.000,"QLD",62.69,6214.02,"Forecast"
2028-11-28 00:00:00.000,"QLD",69.97,6287.49,"Forecast"
2028-11-29 00:00:00.000,"QLD",72.59,6290.61,"Forecast"
2028-11-30 00:00:00.000,"QLD",68.42,6377.81,"Forecast"
2028-12-01 00:00:00.000,"QLD",61.3,6368.58,"Forecast"
2028-12-02 00:00:00.000,"QLD",56.44,5988.56,"Forecast"
2028-12-03 00:00:00.000,"QLD",57.26,5925.75,"Forecast"
2028-12-04 00:00:00.000,"QLD",63.58,6351.22,"Forecast"
2028-12-05 00:00:00.000,"QLD",70.81,6429.97,"Forecast"
2028-12-06 00:00:00.000,"QLD",73.6,6434.96,"Forecast"
2028-12-07 00:00:00.000,"QLD",69.34,6512.02,"Forecast"
2028-12-08 00:00:00.000,"QLD",62.28,6498.3,"Forecast"
2028-12-09 00:00:00.000,"QLD",57.46,6134.23,"Forecast"
2028-12-10 00:00:00.000,"QLD",58.28,6093.3,"Forecast"
2028-12-11 00:00:00.000,"QLD",64.54,6507.06,"Forecast"
2028-12-12 00:00:00.000,"QLD",71.69,6558.89,"Forecast"
2028-12-13 00:00:00.000,"QLD",74.61,6539.12,"Forecast"
2028-12-14 00:00:00.000,"QLD",70.28,6597.1,"Forecast"
2028-12-15 00:00:00.000,"QLD",63.23,6576.16,"Forecast"
2028-12-16 00:00:00.000,"QLD",58.39,6232.35,"Forecast"
2028-12-17 00:00:00.000,"QLD",59.2,6217.28,"Forecast"
2028-12-18 00:00:00.000,"QLD",65.41,6609.63,"Forecast"
2028-12-19 00:00:00.000,"QLD",72.68,6643.42,"Forecast"
2028-12-20 00:00:00.000,"QLD",75.64,6609.18,"Forecast"
2028-12-21 00:00:00.000,"QLD",71.15,6656.87,"Forecast"
2028-12-22 00:00:00.000,"QLD",64.09,6628.8,"Forecast"
2028-12-23 00:00:00.000,"QLD",59.21,6300.13,"Forecast"
2028-12-24 00:00:00.000,"QLD",60,6300.61,"Forecast"
2028-12-25 00:00:00.000,"QLD",66.19,6679.48,"Forecast"
2028-12-26 00:00:00.000,"QLD",73.6,6703.05,"Forecast"
2028-12-27 00:00:00.000,"QLD",76.59,6660.43,"Forecast"
2028-12-28 00:00:00.000,"QLD",71.94,6701.66,"Forecast"
2028-12-29 00:00:00.000,"QLD",64.85,6668.4,"Forecast"
2028-12-30 00:00:00.000,"QLD",59.94,6348.68,"Forecast"
2028-12-31 00:00:00.000,"QLD",60.72,6357.78,"Forecast"
2029-01-01 00:00:00.000,"QLD",66.89,6728.66,"Forecast"
2029-01-02 00:00:00.000,"QLD",74.42,6746.93,"Forecast"
2029-01-03 00:00:00.000,"QLD",77.43,6699.1,"Forecast"
2029-01-04 00:00:00.000,"QLD",72.64,6735.49,"Forecast"
2029-01-05 00:00:00.000,"QLD",65.51,6697.72,"Forecast"
2029-01-06 00:00:00.000,"QLD",60.56,6382.85,"Forecast"
2029-01-07 00:00:00.000,"QLD",61.33,6396.29,"Forecast"
2029-01-08 00:00:00.000,"QLD",67.49,6762.46,"Forecast"
2029-01-09 00:00:00.000,"QLD",75.15,6779.1,"Forecast"
2029-01-10 00:00:00.000,"QLD",78.2,6728.92,"Forecast"
2029-01-11 00:00:00.000,"QLD",73.3,6762.05,"Forecast"
2029-01-12 00:00:00.000,"QLD",66.14,6720.51,"Forecast"
2029-01-13 00:00:00.000,"QLD",61.17,6408.58,"Forecast"
2029-01-14 00:00:00.000,"QLD",61.94,6423.39,"Forecast"
2029-01-15 00:00:00.000,"QLD",68.1,6786.49,"Forecast"
2029-01-16 00:00:00.000,"QLD",75.88,6803.14,"Forecast"
2029-01-17 00:00:00.000,"QLD",79.01,6751.45,"Forecast"
2029-01-18 00:00:00.000,"QLD",74.01,6781.56,"Forecast"
2029-01-19 00:00:00.000,"QLD",66.78,6736.33,"Forecast"
2029-01-20 00:00:00.000,"QLD",61.77,6425.35,"Forecast"
2029-01-21 00:00:00.000,"QLD",62.53,6439.04,"Forecast"
2029-01-22 00:00:00.000,"QLD",68.7,6800.43,"Forecast"
2029-01-23 00:00:00.000,"QLD",76.64,6818.42,"Forecast"
2029-01-24 00:00:00.000,"QLD",79.89,6766.01,"Forecast"
2029-01-25 00:00:00.000,"QLD",74.76,6793.44,"Forecast"
2029-01-26 00:00:00.000,"QLD",67.42,6744.76,"Forecast"
2029-01-27 00:00:00.000,"QLD",62.36,6433.06,"Forecast"
2029-01-28 00:00:00.000,"QLD",63.11,6443.32,"Forecast"
2029-01-29 00:00:00.000,"QLD",69.3,6804.08,"Forecast"
2029-01-30 00:00:00.000,"QLD",77.45,6824.44,"Forecast"
2029-01-31 00:00:00.000,"QLD",80.76,6771.97,"Forecast"
2029-02-01 00:00:00.000,"QLD",75.52,6797.07,"Forecast"
2029-02-02 00:00:00.000,"QLD",68.04,6745.29,"Forecast"
2029-02-03 00:00:00.000,"QLD",62.93,6431.26,"Forecast"
2029-02-04 00:00:00.000,"QLD",63.67,6435.86,"Forecast"
2029-02-05 00:00:00.000,"QLD",69.87,6796.98,"Forecast"
2029-02-06 00:00:00.000,"QLD",78.24,6820.56,"Forecast"
2029-02-07 00:00:00.000,"QLD",81.61,6768.62,"Forecast"
2029-02-08 00:00:00.000,"QLD",76.25,6791.78,"Forecast"
2029-02-09 00:00:00.000,"QLD",68.64,6737.31,"Forecast"
2029-02-10 00:00:00.000,"QLD",63.47,6419.36,"Forecast"
2029-02-11 00:00:00.000,"QLD",64.19,6416.07,"Forecast"
2029-02-12 00:00:00.000,"QLD",70.48,6778.45,"Forecast"
2029-02-13 00:00:00.000,"QLD",79.01,6805.96,"Forecast"
2029-02-14 00:00:00.000,"QLD",82.44,6755.14,"Forecast"
2029-02-15 00:00:00.000,"QLD",76.96,6776.78,"Forecast"
2029-02-16 00:00:00.000,"QLD",69.21,6720.14,"Forecast"
2029-02-17 00:00:00.000,"QLD",63.97,6396.56,"Forecast"
2029-02-18 00:00:00.000,"QLD",64.68,6383.07,"Forecast"
2029-02-19 00:00:00.000,"QLD",71.07,6747.61,"Forecast"
2029-02-20 00:00:00.000,"QLD",79.76,6779.61,"Forecast"
2029-02-21 00:00:00.000,"QLD",83.24,6730.49,"Forecast"
2029-02-22 00:00:00.000,"QLD",77.83,6751.12,"Forecast"
2029-02-23 00:00:00.000,"QLD",69.78,6692.92,"Forecast"
2029-02-24 00:00:00.000,"QLD",64.46,6361.88,"Forecast"
2029-02-25 00:00:00.000,"QLD",65.14,6335.68,"Forecast"
2029-02-26 00:00:00.000,"QLD",71.7,6703.31,"Forecast"
2029-02-27 00:00:00.000,"QLD",80.5,6740.29,"Forecast"
2029-02-28 00:00:00.000,"QLD",84.04,6693.46,"Forecast"
2029-03-01 00:00:00.000,"QLD",78.73,6713.7,"Forecast"
2029-03-02 00:00:00.000,"QLD",70.33,6654.73,"Forecast"
2029-03-03 00:00:00.000,"QLD",64.92,6314.14,"Forecast"
2029-03-04 00:00:00.000,"QLD",65.57,6272.5,"Forecast"
2029-03-05 00:00:00.000,"QLD",72.46,6644.26,"Forecast"
2029-03-06 00:00:00.000,"QLD",81.28,6686.64,"Forecast"
2029-03-07 00:00:00.000,"QLD",84.87,6642.8,"Forecast"
2029-03-08 00:00:00.000,"QLD",79.66,6663.47,"Forecast"
2029-03-09 00:00:00.000,"QLD",70.87,6604.7,"Forecast"
2029-03-10 00:00:00.000,"QLD",65.35,6252.19,"Forecast"
2029-03-11 00:00:00.000,"QLD",65.96,6192.08,"Forecast"
2029-03-12 00:00:00.000,"QLD",73.22,6569.26,"Forecast"
2029-03-13 00:00:00.000,"QLD",82.09,6617.55,"Forecast"
2029-03-14 00:00:00.000,"QLD",85.71,6577.55,"Forecast"
2029-03-15 00:00:00.000,"QLD",80.59,6599.71,"Forecast"
2029-03-16 00:00:00.000,"QLD",71.38,6542.43,"Forecast"
2029-03-17 00:00:00.000,"QLD",65.74,6175.26,"Forecast"
2029-03-18 00:00:00.000,"QLD",66.3,6093.38,"Forecast"
2029-03-19 00:00:00.000,"QLD",73.95,6477.74,"Forecast"
2029-03-20 00:00:00.000,"QLD",82.99,6532.58,"Forecast"
2029-03-21 00:00:00.000,"QLD",86.57,6497.51,"Forecast"
2029-03-22 00:00:00.000,"QLD",81.56,6522.57,"Forecast"
2029-03-23 00:00:00.000,"QLD",71.87,6466.24,"Forecast"
2029-03-24 00:00:00.000,"QLD",66.08,6083.5,"Forecast"
2029-03-25 00:00:00.000,"QLD",66.58,5983.65,"Forecast"
2029-03-26 00:00:00.000,"QLD",74.64,6372.73,"Forecast"
2029-03-27 00:00:00.000,"QLD",83.86,6433.89,"Forecast"
2029-03-28 00:00:00.000,"QLD",87.39,6404.43,"Forecast"
2029-03-29 00:00:00.000,"QLD",82.49,6433.84,"Forecast"
2029-03-30 00:00:00.000,"QLD",72.6,6377.11,"Forecast"
2029-03-31 00:00:00.000,"QLD",66.42,5986.64,"Forecast"
2029-04-01 00:00:00.000,"QLD",66.85,5882.82,"Forecast"
2029-04-02 00:00:00.000,"QLD",75.3,6259.47,"Forecast"
2029-04-03 00:00:00.000,"QLD",84.69,6326.01,"Forecast"
2029-04-04 00:00:00.000,"QLD",88.33,6300.82,"Forecast"
2029-04-05 00:00:00.000,"QLD",83.44,6333.13,"Forecast"
2029-04-06 00:00:00.000,"QLD",73.45,6272.88,"Forecast"
2029-04-07 00:00:00.000,"QLD",66.76,5900.42,"Forecast"
2029-04-08 00:00:00.000,"QLD",67.32,5817.81,"Forecast"
2029-04-09 00:00:00.000,"QLD",75.92,6182.95,"Forecast"
2029-04-10 00:00:00.000,"QLD",85.39,6246.08,"Forecast"
2029-04-11 00:00:00.000,"QLD",89.1,6212.85,"Forecast"
2029-04-12 00:00:00.000,"QLD",84.21,6239.57,"Forecast"
2029-04-13 00:00:00.000,"QLD",74.14,6170.64,"Forecast"
2029-04-14 00:00:00.000,"QLD",67.04,5832.69,"Forecast"
2029-04-15 00:00:00.000,"QLD",67.73,5767.46,"Forecast"
2029-04-16 00:00:00.000,"QLD",76.39,6128.24,"Forecast"
2029-04-17 00:00:00.000,"QLD",85.91,6184.37,"Forecast"
2029-04-18 00:00:00.000,"QLD",89.65,6145.31,"Forecast"
2029-04-19 00:00:00.000,"QLD",84.75,6171.46,"Forecast"
2029-04-20 00:00:00.000,"QLD",74.62,6113.1,"Forecast"
2029-04-21 00:00:00.000,"QLD",67.39,5796.52,"Forecast"
2029-04-22 00:00:00.000,"QLD",68.04,5745.99,"Forecast"
2029-04-23 00:00:00.000,"QLD",76.69,6098.43,"Forecast"
2029-04-24 00:00:00.000,"QLD",86.37,6153.26,"Forecast"
2029-04-25 00:00:00.000,"QLD",89.99,6123.32,"Forecast"
2029-04-26 00:00:00.000,"QLD",85.05,6155.51,"Forecast"
2029-04-27 00:00:00.000,"QLD",74.86,6101.28,"Forecast"
2029-04-28 00:00:00.000,"QLD",67.56,5789.56,"Forecast"
2029-04-29 00:00:00.000,"QLD",68.18,5743.05,"Forecast"
2029-04-30 00:00:00.000,"QLD",76.77,6092.65,"Forecast"
2029-05-01 00:00:00.000,"QLD",86.66,6146,"Forecast"
2029-05-02 00:00:00.000,"QLD",90.09,6119.15,"Forecast"
2029-05-03 00:00:00.000,"QLD",85.11,6153.53,"Forecast"
2029-05-04 00:00:00.000,"QLD",74.87,6103.13,"Forecast"
2029-05-05 00:00:00.000,"QLD",67.58,5794.14,"Forecast"
2029-05-06 00:00:00.000,"QLD",68.17,5748.77,"Forecast"
2029-05-07 00:00:00.000,"QLD",76.68,6098.75,"Forecast"
2029-05-08 00:00:00.000,"QLD",86.51,6150.61,"Forecast"
2029-05-09 00:00:00.000,"QLD",89.9,6123.48,"Forecast"
2029-05-10 00:00:00.000,"QLD",84.88,6157.85,"Forecast"
2029-05-11 00:00:00.000,"QLD",74.63,6111.02,"Forecast"
2029-05-12 00:00:00.000,"QLD",67.4,5803.56,"Forecast"
2029-05-13 00:00:00.000,"QLD",67.98,5759.04,"Forecast"
2029-05-14 00:00:00.000,"QLD",76.37,6108.84,"Forecast"
2029-05-15 00:00:00.000,"QLD",86,6160.01,"Forecast"
2029-05-16 00:00:00.000,"QLD",89.43,6131.11,"Forecast"
2029-05-17 00:00:00.000,"QLD",84.4,6164.51,"Forecast"
2029-05-18 00:00:00.000,"QLD",74.15,6120.72,"Forecast"
2029-05-19 00:00:00.000,"QLD",67.02,5813.88,"Forecast"
2029-05-20 00:00:00.000,"QLD",67.6,5770.48,"Forecast"
2029-05-21 00:00:00.000,"QLD",75.86,6119.44,"Forecast"
2029-05-22 00:00:00.000,"QLD",85.18,6169.68,"Forecast"
2029-05-23 00:00:00.000,"QLD",88.73,6138.77,"Forecast"
2029-05-24 00:00:00.000,"QLD",83.68,6171.05,"Forecast"
2029-05-25 00:00:00.000,"QLD",73.45,6129.62,"Forecast"
2029-05-26 00:00:00.000,"QLD",66.46,5822.66,"Forecast"
2029-05-27 00:00:00.000,"QLD",67.05,5779.99,"Forecast"
2029-05-28 00:00:00.000,"QLD",75.17,6128.79,"Forecast"
2029-05-29 00:00:00.000,"QLD",84.4,6175.72,"Forecast"
2029-05-30 00:00:00.000,"QLD",87.92,6143.81,"Forecast"
2029-05-31 00:00:00.000,"QLD",82.86,6175.32,"Forecast"
2029-06-01 00:00:00.000,"QLD",72.75,6135.63,"Forecast"
2029-06-02 00:00:00.000,"QLD",65.85,5828.1,"Forecast"
2029-06-03 00:00:00.000,"QLD",66.44,5785.92,"Forecast"
2029-06-04 00:00:00.000,"QLD",74.41,6135.4,"Forecast"
2029-06-05 00:00:00.000,"QLD",83.56,6179.41,"Forecast"
2029-06-06 00:00:00.000,"QLD",87.03,6146.08,"Forecast"
2029-06-07 00:00:00.000,"QLD",81.95,6176.5,"Forecast"
2029-06-08 00:00:00.000,"QLD",71.99,6137.73,"Forecast"
2029-06-09 00:00:00.000,"QLD",65.27,5829.25,"Forecast"
2029-06-10 00:00:00.000,"QLD",65.77,5787.45,"Forecast"
2029-06-11 00:00:00.000,"QLD",73.58,6138.54,"Forecast"
2029-06-12 00:00:00.000,"QLD",82.65,6181.31,"Forecast"
2029-06-13 00:00:00.000,"QLD",86.06,6146.56,"Forecast"
2029-06-14 00:00:00.000,"QLD",80.95,6176.33,"Forecast"
2029-06-15 00:00:00.000,"QLD",71.14,6136.99,"Forecast"
2029-06-16 00:00:00.000,"QLD",64.61,5826.59,"Forecast"
2029-06-17 00:00:00.000,"QLD",65.01,5784.81,"Forecast"
2029-06-18 00:00:00.000,"QLD",72.67,6138.32,"Forecast"
2029-06-19 00:00:00.000,"QLD",81.66,6181.42,"Forecast"
2029-06-20 00:00:00.000,"QLD",85,6145.72,"Forecast"
2029-06-21 00:00:00.000,"QLD",79.86,6175.06,"Forecast"
2029-06-22 00:00:00.000,"QLD",70.19,6133.62,"Forecast"
2029-06-23 00:00:00.000,"QLD",63.88,5820.4,"Forecast"
2029-06-24 00:00:00.000,"QLD",64.22,5778.28,"Forecast"
2029-06-25 00:00:00.000,"QLD",71.68,6134.86,"Forecast"
2029-06-26 00:00:00.000,"QLD",80.6,6179.74,"Forecast"
2029-06-27 00:00:00.000,"QLD",83.87,6143.54,"Forecast"
2029-06-28 00:00:00.000,"QLD",78.69,6172.69,"Forecast"
2029-06-29 00:00:00.000,"QLD",69.17,6127.78,"Forecast"
2029-06-30 00:00:00.000,"QLD",63.09,5810.92,"Forecast"
2029-07-01 00:00:00.000,"QLD",63.47,5768.16,"Forecast"
2029-07-02 00:00:00.000,"QLD",70.72,6128.32,"Forecast"
2029-07-03 00:00:00.000,"QLD",79.51,6176.26,"Forecast"
2029-07-04 00:00:00.000,"QLD",82.7,6139.75,"Forecast"
2029-07-05 00:00:00.000,"QLD",77.48,6169.11,"Forecast"
2029-07-06 00:00:00.000,"QLD",68.14,6119.17,"Forecast"
2029-07-07 00:00:00.000,"QLD",62.26,5798.23,"Forecast"
2029-07-08 00:00:00.000,"QLD",62.69,5754.69,"Forecast"
2029-07-09 00:00:00.000,"QLD",69.79,6118.47,"Forecast"
2029-07-10 00:00:00.000,"QLD",78.41,6169.61,"Forecast"
2029-07-11 00:00:00.000,"QLD",81.52,6132.58,"Forecast"
2029-07-12 00:00:00.000,"QLD",76.26,6161.74,"Forecast"
2029-07-13 00:00:00.000,"QLD",67.24,6104.22,"Forecast"
2029-07-14 00:00:00.000,"QLD",61.44,5780.47,"Forecast"
2029-07-15 00:00:00.000,"QLD",61.9,5736.83,"Forecast"
2029-07-16 00:00:00.000,"QLD",68.85,6101.97,"Forecast"
2029-07-17 00:00:00.000,"QLD",77.32,6156.27,"Forecast"
2029-07-18 00:00:00.000,"QLD",80.35,6120.6,"Forecast"
2029-07-19 00:00:00.000,"QLD",75.05,6150.77,"Forecast"
2029-07-20 00:00:00.000,"QLD",66.34,6084.69,"Forecast"
2029-07-21 00:00:00.000,"QLD",60.61,5758.92,"Forecast"
2029-07-22 00:00:00.000,"QLD",61.1,5715.22,"Forecast"
2029-07-23 00:00:00.000,"QLD",67.89,6076.85,"Forecast"
2029-07-24 00:00:00.000,"QLD",76.22,6134.52,"Forecast"
2029-07-25 00:00:00.000,"QLD",79.19,6102.75,"Forecast"
2029-07-26 00:00:00.000,"QLD",73.95,6135.56,"Forecast"
2029-07-27 00:00:00.000,"QLD",65.44,6060.23,"Forecast"
2029-07-28 00:00:00.000,"QLD",59.77,5733.94,"Forecast"
2029-07-29 00:00:00.000,"QLD",60.29,5691,"Forecast"
2029-07-30 00:00:00.000,"QLD",66.92,6044.05,"Forecast"
2029-07-31 00:00:00.000,"QLD",75.13,6106.21,"Forecast"
2029-08-01 00:00:00.000,"QLD",78.04,6080.09,"Forecast"
2029-08-02 00:00:00.000,"QLD",72.85,6114.35,"Forecast"
2029-08-03 00:00:00.000,"QLD",64.54,6029.6,"Forecast"
2029-08-04 00:00:00.000,"QLD",58.92,5704.65,"Forecast"
2029-08-05 00:00:00.000,"QLD",59.46,5665.78,"Forecast"
2029-08-06 00:00:00.000,"QLD",65.94,6009.87,"Forecast"
2029-08-07 00:00:00.000,"QLD",74.04,6075.46,"Forecast"
2029-08-08 00:00:00.000,"QLD",76.89,6058.27,"Forecast"
2029-08-09 00:00:00.000,"QLD",71.75,6091.24,"Forecast"
2029-08-10 00:00:00.000,"QLD",63.62,5996.49,"Forecast"
2029-08-11 00:00:00.000,"QLD",58.05,5673.68,"Forecast"
2029-08-12 00:00:00.000,"QLD",58.62,5641.8,"Forecast"
2029-08-13 00:00:00.000,"QLD",64.95,5976.5,"Forecast"
2029-08-14 00:00:00.000,"QLD",72.96,6046.45,"Forecast"
2029-08-15 00:00:00.000,"QLD",75.75,6034.17,"Forecast"
2029-08-16 00:00:00.000,"QLD",70.65,6062.59,"Forecast"
2029-08-17 00:00:00.000,"QLD",62.71,5961.4,"Forecast"
2029-08-18 00:00:00.000,"QLD",57.2,5644.29,"Forecast"
2029-08-19 00:00:00.000,"QLD",57.8,5619.58,"Forecast"
2029-08-20 00:00:00.000,"QLD",64.07,5944.52,"Forecast"
2029-08-21 00:00:00.000,"QLD",71.92,6022.35,"Forecast"
2029-08-22 00:00:00.000,"QLD",74.66,6010.85,"Forecast"
2029-08-23 00:00:00.000,"QLD",69.6,6032.05,"Forecast"
2029-08-24 00:00:00.000,"QLD",61.84,5929.91,"Forecast"
2029-08-25 00:00:00.000,"QLD",56.37,5618.94,"Forecast"
2029-08-26 00:00:00.000,"QLD",57.01,5600.22,"Forecast"
2029-08-27 00:00:00.000,"QLD",63.29,5916.44,"Forecast"
2029-08-28 00:00:00.000,"QLD",70.96,5998.46,"Forecast"
2029-08-29 00:00:00.000,"QLD",73.65,5981.55,"Forecast"
2029-08-30 00:00:00.000,"QLD",68.74,5999.58,"Forecast"
2029-08-31 00:00:00.000,"QLD",61.05,5899.53,"Forecast"
2029-09-01 00:00:00.000,"QLD",55.63,5596.53,"Forecast"
2029-09-02 00:00:00.000,"QLD",56.29,5583.48,"Forecast"
2029-09-03 00:00:00.000,"QLD",62.58,5893.01,"Forecast"
2029-09-04 00:00:00.000,"QLD",70.08,5972.41,"Forecast"
2029-09-05 00:00:00.000,"QLD",72.74,5953.27,"Forecast"
2029-09-06 00:00:00.000,"QLD",67.99,5969.56,"Forecast"
2029-09-07 00:00:00.000,"QLD",60.34,5872.53,"Forecast"
2029-09-08 00:00:00.000,"QLD",54.96,5577.84,"Forecast"
2029-09-09 00:00:00.000,"QLD",55.65,5569.88,"Forecast"
2029-09-10 00:00:00.000,"QLD",61.95,5875.35,"Forecast"
2029-09-11 00:00:00.000,"QLD",69.31,5951.01,"Forecast"
2029-09-12 00:00:00.000,"QLD",71.93,5931.39,"Forecast"
2029-09-13 00:00:00.000,"QLD",67.33,5948.98,"Forecast"
2029-09-14 00:00:00.000,"QLD",59.72,5853.8,"Forecast"
2029-09-15 00:00:00.000,"QLD",54.38,5564.75,"Forecast"
2029-09-16 00:00:00.000,"QLD",55.09,5560.74,"Forecast"
2029-09-17 00:00:00.000,"QLD",61.4,5863.8,"Forecast"
2029-09-18 00:00:00.000,"QLD",68.66,5936.03,"Forecast"
2029-09-19 00:00:00.000,"QLD",71.24,5917.86,"Forecast"
2029-09-20 00:00:00.000,"QLD",66.77,5936.91,"Forecast"
2029-09-21 00:00:00.000,"QLD",59.21,5843.46,"Forecast"
2029-09-22 00:00:00.000,"QLD",53.91,5557.23,"Forecast"
2029-09-23 00:00:00.000,"QLD",54.65,5556.42,"Forecast"
2029-09-24 00:00:00.000,"QLD",60.97,5858.94,"Forecast"
2029-09-25 00:00:00.000,"QLD",68.12,5928.21,"Forecast"
2029-09-26 00:00:00.000,"QLD",70.69,5911.52,"Forecast"
2029-09-27 00:00:00.000,"QLD",66.33,5932.58,"Forecast"
2029-09-28 00:00:00.000,"QLD",58.81,5841.23,"Forecast"
2029-09-29 00:00:00.000,"QLD",53.56,5555.22,"Forecast"
2029-09-30 00:00:00.000,"QLD",54.31,5556.85,"Forecast"
2029-10-01 00:00:00.000,"QLD",60.65,5860.88,"Forecast"
2029-10-02 00:00:00.000,"QLD",67.72,5927.9,"Forecast"
2029-10-03 00:00:00.000,"QLD",70.28,5912.51,"Forecast"
2029-10-04 00:00:00.000,"QLD",66.02,5936.01,"Forecast"
2029-10-05 00:00:00.000,"QLD",58.54,5847.02,"Forecast"
2029-10-06 00:00:00.000,"QLD",53.33,5558.59,"Forecast"
2029-10-07 00:00:00.000,"QLD",54.1,5561.79,"Forecast"
2029-10-08 00:00:00.000,"QLD",60.45,5869.39,"Forecast"
2029-10-09 00:00:00.000,"QLD",67.44,5933.98,"Forecast"
2029-10-10 00:00:00.000,"QLD",70.02,5919.97,"Forecast"
2029-10-11 00:00:00.000,"QLD",65.83,5946.4,"Forecast"
2029-10-12 00:00:00.000,"QLD",58.4,5860.09,"Forecast"
2029-10-13 00:00:00.000,"QLD",53.22,5568.14,"Forecast"
2029-10-14 00:00:00.000,"QLD",54.01,5571.21,"Forecast"
2029-10-15 00:00:00.000,"QLD",60.37,5885.03,"Forecast"
2029-10-16 00:00:00.000,"QLD",67.38,5948.5,"Forecast"
2029-10-17 00:00:00.000,"QLD",69.92,5936.13,"Forecast"
2029-10-18 00:00:00.000,"QLD",65.79,5964.86,"Forecast"
2029-10-19 00:00:00.000,"QLD",58.39,5880.74,"Forecast"
2029-10-20 00:00:00.000,"QLD",53.25,5582.86,"Forecast"
2029-10-21 00:00:00.000,"QLD",54.06,5584.5,"Forecast"
2029-10-22 00:00:00.000,"QLD",60.42,5906.38,"Forecast"
2029-10-23 00:00:00.000,"QLD",67.48,5971.09,"Forecast"
2029-10-24 00:00:00.000,"QLD",70.04,5960.73,"Forecast"
2029-10-25 00:00:00.000,"QLD",65.9,5992.28,"Forecast"
2029-10-26 00:00:00.000,"QLD",58.53,5909.15,"Forecast"
2029-10-27 00:00:00.000,"QLD",53.42,5603.97,"Forecast"
2029-10-28 00:00:00.000,"QLD",54.23,5603.46,"Forecast"
2029-10-29 00:00:00.000,"QLD",60.6,5934.37,"Forecast"
2029-10-30 00:00:00.000,"QLD",67.71,5997.8,"Forecast"
2029-10-31 00:00:00.000,"QLD",70.29,5992.51,"Forecast"
2029-11-01 00:00:00.000,"QLD",66.13,6028.58,"Forecast"
2029-11-02 00:00:00.000,"QLD",58.79,5944.85,"Forecast"
2029-11-03 00:00:00.000,"QLD",53.7,5633.64,"Forecast"
2029-11-04 00:00:00.000,"QLD",54.52,5627.59,"Forecast"
2029-11-05 00:00:00.000,"QLD",60.89,5969.77,"Forecast"
2029-11-06 00:00:00.000,"QLD",68.06,6026.98,"Forecast"
2029-11-07 00:00:00.000,"QLD",70.66,6023.5,"Forecast"
2029-11-08 00:00:00.000,"QLD",66.47,6069.13,"Forecast"
2029-11-09 00:00:00.000,"QLD",59.16,5988.85,"Forecast"
2029-11-10 00:00:00.000,"QLD",54.09,5672.29,"Forecast"
2029-11-11 00:00:00.000,"QLD",54.92,5659.31,"Forecast"
2029-11-12 00:00:00.000,"QLD",61.28,6020.14,"Forecast"
2029-11-13 00:00:00.000,"QLD",68.51,6067.65,"Forecast"
2029-11-14 00:00:00.000,"QLD",71.13,6060.15,"Forecast"
2029-11-15 00:00:00.000,"QLD",66.91,6123.27,"Forecast"
2029-11-16 00:00:00.000,"QLD",59.63,6063.31,"Forecast"
2029-11-17 00:00:00.000,"QLD",54.61,5729.95,"Forecast"
2029-11-18 00:00:00.000,"QLD",55.43,5705.83,"Forecast"
2029-11-19 00:00:00.000,"QLD",61.8,6086.2,"Forecast"
2029-11-20 00:00:00.000,"QLD",69.07,6134.64,"Forecast"
2029-11-21 00:00:00.000,"QLD",71.7,6128.3,"Forecast"
2029-11-22 00:00:00.000,"QLD",67.47,6212.34,"Forecast"
2029-11-23 00:00:00.000,"QLD",60.25,6179.57,"Forecast"
2029-11-24 00:00:00.000,"QLD",55.29,5814.48,"Forecast"
2029-11-25 00:00:00.000,"QLD",56.11,5778.04,"Forecast"
2029-11-26 00:00:00.000,"QLD",62.47,6183.22,"Forecast"
2029-11-27 00:00:00.000,"QLD",69.75,6251,"Forecast"
2029-11-28 00:00:00.000,"QLD",72.38,6249.34,"Forecast"
2029-11-29 00:00:00.000,"QLD",68.19,6334.62,"Forecast"
2029-11-30 00:00:00.000,"QLD",61.04,6319.36,"Forecast"
2029-12-01 00:00:00.000,"QLD",56.16,5935.1,"Forecast"
2029-12-02 00:00:00.000,"QLD",56.98,5879.92,"Forecast"
2029-12-03 00:00:00.000,"QLD",63.31,6303.04,"Forecast"
2029-12-04 00:00:00.000,"QLD",70.57,6386.46,"Forecast"
2029-12-05 00:00:00.000,"QLD",73.31,6395.04,"Forecast"
2029-12-06 00:00:00.000,"QLD",69.06,6477.17,"Forecast"
2029-12-07 00:00:00.000,"QLD",61.99,6467.09,"Forecast"
2029-12-08 00:00:00.000,"QLD",57.16,6097.94,"Forecast"
2029-12-09 00:00:00.000,"QLD",57.99,6047.74,"Forecast"
2029-12-10 00:00:00.000,"QLD",64.26,6469.42,"Forecast"
2029-12-11 00:00:00.000,"QLD",71.42,6528.05,"Forecast"
2029-12-12 00:00:00.000,"QLD",74.31,6513.85,"Forecast"
2029-12-13 00:00:00.000,"QLD",70.01,6575.82,"Forecast"
2029-12-14 00:00:00.000,"QLD",62.97,6557.01,"Forecast"
2029-12-15 00:00:00.000,"QLD",58.13,6207.05,"Forecast"
2029-12-16 00:00:00.000,"QLD",58.95,6185.6,"Forecast"
2029-12-17 00:00:00.000,"QLD",65.17,6583.54,"Forecast"
2029-12-18 00:00:00.000,"QLD",72.41,6621.92,"Forecast"
2029-12-19 00:00:00.000,"QLD",75.35,6591.31,"Forecast"
2029-12-20 00:00:00.000,"QLD",70.91,6641.56,"Forecast"
2029-12-21 00:00:00.000,"QLD",63.85,6615.28,"Forecast"
2029-12-22 00:00:00.000,"QLD",58.99,6282.98,"Forecast"
2029-12-23 00:00:00.000,"QLD",59.78,6279.82,"Forecast"
2029-12-24 00:00:00.000,"QLD",65.98,6661.9,"Forecast"
2029-12-25 00:00:00.000,"QLD",73.34,6687.76,"Forecast"
2029-12-26 00:00:00.000,"QLD",76.32,6647.1,"Forecast"
2029-12-27 00:00:00.000,"QLD",71.73,6689.94,"Forecast"
2029-12-28 00:00:00.000,"QLD",64.64,6658.06,"Forecast"
2029-12-29 00:00:00.000,"QLD",59.74,6336.23,"Forecast"
2029-12-30 00:00:00.000,"QLD",60.52,6343.36,"Forecast"
2029-12-31 00:00:00.000,"QLD",66.69,6716.15,"Forecast"
2030-01-01 00:00:00.000,"QLD",74.2,6735.86,"Forecast"
2030-01-02 00:00:00.000,"QLD",77.22,6689.79,"Forecast"
2030-01-03 00:00:00.000,"QLD",72.48,6727.79,"Forecast"
2030-01-04 00:00:00.000,"QLD",65.36,6691.4,"Forecast"
2030-01-05 00:00:00.000,"QLD",60.43,6375.82,"Forecast"
2030-01-06 00:00:00.000,"QLD",61.21,6388.36,"Forecast"
2030-01-07 00:00:00.000,"QLD",67.37,6755.46,"Forecast"
2030-01-08 00:00:00.000,"QLD",75.02,6772.66,"Forecast"
2030-01-09 00:00:00.000,"QLD",78.07,6723.27,"Forecast"
2030-01-10 00:00:00.000,"QLD",73.19,6757.25,"Forecast"
2030-01-11 00:00:00.000,"QLD",66.04,6716.55,"Forecast"
2030-01-12 00:00:00.000,"QLD",61.07,6404.21,"Forecast"
2030-01-13 00:00:00.000,"QLD",61.84,6418.74,"Forecast"
2030-01-14 00:00:00.000,"QLD",68.01,6782.42,"Forecast"
2030-01-15 00:00:00.000,"QLD",75.77,6799.22,"Forecast"
2030-01-16 00:00:00.000,"QLD",78.89,6747.94,"Forecast"
2030-01-17 00:00:00.000,"QLD",73.9,6778.64,"Forecast"
2030-01-18 00:00:00.000,"QLD",66.68,6734.04,"Forecast"
2030-01-19 00:00:00.000,"QLD",61.68,6422.95,"Forecast"
2030-01-20 00:00:00.000,"QLD",62.44,6436.82,"Forecast"
2030-01-21 00:00:00.000,"QLD",68.62,6798.5,"Forecast"
2030-01-22 00:00:00.000,"QLD",76.52,6816.36,"Forecast"
2030-01-23 00:00:00.000,"QLD",79.76,6764.12,"Forecast"
2030-01-24 00:00:00.000,"QLD",74.65,6791.98,"Forecast"
2030-01-25 00:00:00.000,"QLD",67.32,6743.83,"Forecast"
2030-01-26 00:00:00.000,"QLD",62.27,6432.28,"Forecast"
2030-01-27 00:00:00.000,"QLD",63.03,6443.11,"Forecast"
2030-01-28 00:00:00.000,"QLD",69.21,6803.96,"Forecast"
2030-01-29 00:00:00.000,"QLD",77.34,6823.98,"Forecast"
2030-01-30 00:00:00.000,"QLD",80.64,6771.53,"Forecast"
2030-01-31 00:00:00.000,"QLD",75.41,6796.97,"Forecast"
2030-02-01 00:00:00.000,"QLD",67.96,6745.63,"Forecast"
2030-02-02 00:00:00.000,"QLD",62.85,6432.01,"Forecast"
2030-02-03 00:00:00.000,"QLD",63.59,6437.53,"Forecast"
2030-02-04 00:00:00.000,"QLD",69.79,6798.56,"Forecast"
2030-02-05 00:00:00.000,"QLD",78.13,6821.66,"Forecast"
2030-02-06 00:00:00.000,"QLD",81.49,6769.64,"Forecast"
2030-02-07 00:00:00.000,"QLD",76.14,6793.06,"Forecast"
2030-02-08 00:00:00.000,"QLD",68.56,6738.96,"Forecast"
2030-02-09 00:00:00.000,"QLD",63.39,6421.65,"Forecast"
2030-02-10 00:00:00.000,"QLD",64.12,6419.62,"Forecast"
2030-02-11 00:00:00.000,"QLD",70.39,6781.78,"Forecast"
2030-02-12 00:00:00.000,"QLD",78.91,6808.69,"Forecast"
2030-02-13 00:00:00.000,"QLD",82.32,6757.7,"Forecast"
2030-02-14 00:00:00.000,"QLD",76.86,6779.53,"Forecast"
2030-02-15 00:00:00.000,"QLD",69.13,6723.17,"Forecast"
2030-02-16 00:00:00.000,"QLD",63.9,6400.5,"Forecast"
2030-02-17 00:00:00.000,"QLD",64.61,6388.6,"Forecast"
2030-02-18 00:00:00.000,"QLD",70.99,6752.79,"Forecast"
2030-02-19 00:00:00.000,"QLD",79.65,6784.12,"Forecast"
2030-02-20 00:00:00.000,"QLD",83.13,6734.72,"Forecast"
2030-02-21 00:00:00.000,"QLD",77.7,6755.46,"Forecast"
2030-02-22 00:00:00.000,"QLD",69.7,6697.45,"Forecast"
2030-02-23 00:00:00.000,"QLD",64.39,6367.59,"Forecast"
2030-02-24 00:00:00.000,"QLD",65.08,6343.36,"Forecast"
2030-02-25 00:00:00.000,"QLD",71.59,6710.5,"Forecast"
2030-02-26 00:00:00.000,"QLD",80.39,6746.74,"Forecast"
2030-02-27 00:00:00.000,"QLD",83.92,6699.55,"Forecast"
2030-02-28 00:00:00.000,"QLD",78.59,6719.8,"Forecast"
2030-03-01 00:00:00.000,"QLD",70.25,6660.88,"Forecast"
2030-03-02 00:00:00.000,"QLD",64.86,6321.8,"Forecast"
2030-03-03 00:00:00.000,"QLD",65.51,6282.54,"Forecast"
2030-03-04 00:00:00.000,"QLD",72.35,6653.64,"Forecast"
2030-03-05 00:00:00.000,"QLD",81.17,6695.23,"Forecast"
2030-03-06 00:00:00.000,"QLD",84.75,6650.91,"Forecast"
2030-03-07 00:00:00.000,"QLD",79.52,6671.46,"Forecast"
2030-03-08 00:00:00.000,"QLD",70.8,6612.59,"Forecast"
2030-03-09 00:00:00.000,"QLD",65.29,6261.94,"Forecast"
2030-03-10 00:00:00.000,"QLD",65.91,6204.66,"Forecast"
2030-03-11 00:00:00.000,"QLD",73.11,6580.98,"Forecast"
2030-03-12 00:00:00.000,"QLD",81.96,6628.39,"Forecast"
2030-03-13 00:00:00.000,"QLD",85.58,6587.78,"Forecast"
2030-03-14 00:00:00.000,"QLD",80.46,6609.65,"Forecast"
2030-03-15 00:00:00.000,"QLD",71.31,6552.07,"Forecast"
2030-03-16 00:00:00.000,"QLD",65.68,6187.18,"Forecast"
2030-03-17 00:00:00.000,"QLD",66.25,6108.61,"Forecast"
2030-03-18 00:00:00.000,"QLD",73.84,6491.82,"Forecast"
2030-03-19 00:00:00.000,"QLD",82.86,6545.67,"Forecast"
2030-03-20 00:00:00.000,"QLD",86.44,6509.82,"Forecast"
2030-03-21 00:00:00.000,"QLD",81.42,6534.37,"Forecast"
2030-03-22 00:00:00.000,"QLD",71.8,6478.18,"Forecast"
2030-03-23 00:00:00.000,"QLD",66.03,6097.02,"Forecast"
2030-03-24 00:00:00.000,"QLD",66.54,5999.28,"Forecast"
2030-03-25 00:00:00.000,"QLD",74.55,6388.64,"Forecast"
2030-03-26 00:00:00.000,"QLD",83.74,6448.9,"Forecast"
2030-03-27 00:00:00.000,"QLD",87.28,6418.53,"Forecast"
2030-03-28 00:00:00.000,"QLD",82.36,6447.15,"Forecast"
2030-03-29 00:00:00.000,"QLD",72.48,6390.37,"Forecast"
2030-03-30 00:00:00.000,"QLD",66.38,6000.21,"Forecast"
2030-03-31 00:00:00.000,"QLD",66.81,5893.15,"Forecast"
2030-04-01 00:00:00.000,"QLD",75.21,6272,"Forecast"
2030-04-02 00:00:00.000,"QLD",84.59,6338.92,"Forecast"
2030-04-03 00:00:00.000,"QLD",88.22,6314.77,"Forecast"
2030-04-04 00:00:00.000,"QLD",83.32,6347.66,"Forecast"
2030-04-05 00:00:00.000,"QLD",73.34,6289.45,"Forecast"
2030-04-06 00:00:00.000,"QLD",66.72,5913.23,"Forecast"
2030-04-07 00:00:00.000,"QLD",67.26,5827.32,"Forecast"
2030-04-08 00:00:00.000,"QLD",75.83,6194.01,"Forecast"
2030-04-09 00:00:00.000,"QLD",85.3,6257.5,"Forecast"
2030-04-10 00:00:00.000,"QLD",89,6225.05,"Forecast"
2030-04-11 00:00:00.000,"QLD",84.1,6252.3,"Forecast"
2030-04-12 00:00:00.000,"QLD",74.05,6184.9,"Forecast"
2030-04-13 00:00:00.000,"QLD",66.99,5841.59,"Forecast"
2030-04-14 00:00:00.000,"QLD",67.68,5773.82,"Forecast"
2030-04-15 00:00:00.000,"QLD",76.33,6135.31,"Forecast"
2030-04-16 00:00:00.000,"QLD",85.84,6191.53,"Forecast"
2030-04-17 00:00:00.000,"QLD",89.58,6152.05,"Forecast"
2030-04-18 00:00:00.000,"QLD",84.69,6178.35,"Forecast"
2030-04-19 00:00:00.000,"QLD",74.57,6118.48,"Forecast"
2030-04-20 00:00:00.000,"QLD",67.35,5800.03,"Forecast"
2030-04-21 00:00:00.000,"QLD",68.01,5748.06,"Forecast"
2030-04-22 00:00:00.000,"QLD",76.66,6101.53,"Forecast"
2030-04-23 00:00:00.000,"QLD",86.28,6156.51,"Forecast"
2030-04-24 00:00:00.000,"QLD",89.95,6125.51,"Forecast"
2030-04-25 00:00:00.000,"QLD",85.01,6156.98,"Forecast"
2030-04-26 00:00:00.000,"QLD",74.83,6102.21,"Forecast"
2030-04-27 00:00:00.000,"QLD",67.54,5789.95,"Forecast"
2030-04-28 00:00:00.000,"QLD",68.16,5743.03,"Forecast"
2030-04-29 00:00:00.000,"QLD",76.77,6092.72,"Forecast"
2030-04-30 00:00:00.000,"QLD",86.64,6146.3,"Forecast"
2030-05-01 00:00:00.000,"QLD",90.09,6119.23,"Forecast"
2030-05-02 00:00:00.000,"QLD",85.11,6153.45,"Forecast"
2030-05-03 00:00:00.000,"QLD",74.88,6102.53,"Forecast"
2030-05-04 00:00:00.000,"QLD",67.59,5793.23,"Forecast"
2030-05-05 00:00:00.000,"QLD",68.18,5747.78,"Forecast"
2030-05-06 00:00:00.000,"QLD",76.7,6097.65,"Forecast"
2030-05-07 00:00:00.000,"QLD",86.55,6149.62,"Forecast"
2030-05-08 00:00:00.000,"QLD",89.94,6122.64,"Forecast"
2030-05-09 00:00:00.000,"QLD",84.93,6157.09,"Forecast"
2030-05-10 00:00:00.000,"QLD",74.68,6109.79,"Forecast"
2030-05-11 00:00:00.000,"QLD",67.44,5802.17,"Forecast"
2030-05-12 00:00:00.000,"QLD",68.02,5757.44,"Forecast"
2030-05-13 00:00:00.000,"QLD",76.43,6107.4,"Forecast"
2030-05-14 00:00:00.000,"QLD",86.09,6158.65,"Forecast"
2030-05-15 00:00:00.000,"QLD",89.51,6130.01,"Forecast"
2030-05-16 00:00:00.000,"QLD",84.48,6163.56,"Forecast"
2030-05-17 00:00:00.000,"QLD",74.23,6119.38,"Forecast"
2030-05-18 00:00:00.000,"QLD",67.08,5812.5,"Forecast"
2030-05-19 00:00:00.000,"QLD",67.67,5768.97,"Forecast"
2030-05-20 00:00:00.000,"QLD",75.95,6118,"Forecast"
2030-05-21 00:00:00.000,"QLD",85.31,6168.59,"Forecast"
2030-05-22 00:00:00.000,"QLD",88.84,6137.88,"Forecast"
2030-05-23 00:00:00.000,"QLD",83.8,6170.26,"Forecast"
2030-05-24 00:00:00.000,"QLD",73.56,6128.53,"Forecast"
2030-05-25 00:00:00.000,"QLD",66.55,5821.62,"Forecast"
2030-05-26 00:00:00.000,"QLD",67.14,5778.86,"Forecast"
2030-05-27 00:00:00.000,"QLD",75.28,6127.62,"Forecast"
2030-05-28 00:00:00.000,"QLD",84.51,6175.09,"Forecast"
2030-05-29 00:00:00.000,"QLD",88.05,6143.27,"Forecast"
2030-05-30 00:00:00.000,"QLD",82.99,6175.01,"Forecast"
2030-05-31 00:00:00.000,"QLD",72.86,6135.09,"Forecast"
2030-06-01 00:00:00.000,"QLD",65.93,5827.64,"Forecast"
2030-06-02 00:00:00.000,"QLD",66.53,5785.38,"Forecast"
2030-06-03 00:00:00.000,"QLD",74.52,6134.7,"Forecast"
2030-06-04 00:00:00.000,"QLD",83.68,6179.01,"Forecast"
2030-06-05 00:00:00.000,"QLD",87.16,6145.91,"Forecast"
2030-06-06 00:00:00.000,"QLD",82.09,6176.44,"Forecast"
2030-06-07 00:00:00.000,"QLD",72.1,6137.63,"Forecast"
2030-06-08 00:00:00.000,"QLD",65.36,5829.34,"Forecast"
2030-06-09 00:00:00.000,"QLD",65.87,5787.51,"Forecast"
2030-06-10 00:00:00.000,"QLD",73.7,6138.32,"Forecast"
2030-06-11 00:00:00.000,"QLD",82.79,6181.16,"Forecast"
2030-06-12 00:00:00.000,"QLD",86.21,6146.58,"Forecast"
2030-06-13 00:00:00.000,"QLD",81.1,6176.43,"Forecast"
2030-06-14 00:00:00.000,"QLD",71.26,6137.26,"Forecast"
2030-06-15 00:00:00.000,"QLD",64.71,5827.2,"Forecast"
2030-06-16 00:00:00.000,"QLD",65.12,5785.44,"Forecast"
2030-06-17 00:00:00.000,"QLD",72.8,6138.56,"Forecast"
2030-06-18 00:00:00.000,"QLD",81.81,6181.52,"Forecast"
2030-06-19 00:00:00.000,"QLD",85.16,6145.92,"Forecast"
2030-06-20 00:00:00.000,"QLD",80.02,6175.31,"Forecast"
2030-06-21 00:00:00.000,"QLD",70.33,6134.26,"Forecast"
2030-06-22 00:00:00.000,"QLD",63.99,5821.49,"Forecast"
2030-06-23 00:00:00.000,"QLD",64.32,5779.45,"Forecast"
2030-06-24 00:00:00.000,"QLD",71.82,6135.55,"Forecast"
2030-06-25 00:00:00.000,"QLD",80.75,6180.1,"Forecast"
2030-06-26 00:00:00.000,"QLD",84.03,6143.94,"Forecast"
2030-06-27 00:00:00.000,"QLD",78.86,6173.1,"Forecast"
2030-06-28 00:00:00.000,"QLD",69.32,6128.76,"Forecast"
2030-06-29 00:00:00.000,"QLD",63.2,5812.47,"Forecast"
2030-06-30 00:00:00.000,"QLD",63.58,5769.82,"Forecast"
2030-07-01 00:00:00.000,"QLD",70.85,6129.44,"Forecast"
2030-07-02 00:00:00.000,"QLD",79.67,6176.86,"Forecast"
2030-07-03 00:00:00.000,"QLD",82.87,6140.51,"Forecast"
2030-07-04 00:00:00.000,"QLD",77.65,6169.76,"Forecast"
2030-07-05 00:00:00.000,"QLD",68.26,6120.85,"Forecast"
2030-07-06 00:00:00.000,"QLD",62.38,5800.39,"Forecast"
2030-07-07 00:00:00.000,"QLD",62.8,5756.91,"Forecast"
2030-07-08 00:00:00.000,"QLD",69.92,6120.39,"Forecast"
2030-07-09 00:00:00.000,"QLD",78.57,6170.98,"Forecast"
2030-07-10 00:00:00.000,"QLD",81.69,6133.91,"Forecast"
2030-07-11 00:00:00.000,"QLD",76.43,6163.02,"Forecast"
2030-07-12 00:00:00.000,"QLD",67.37,6106.65,"Forecast"
2030-07-13 00:00:00.000,"QLD",61.56,5783.28,"Forecast"
2030-07-14 00:00:00.000,"QLD",62.02,5739.65,"Forecast"
2030-07-15 00:00:00.000,"QLD",68.98,6104.62,"Forecast"
2030-07-16 00:00:00.000,"QLD",77.47,6158.66,"Forecast"
2030-07-17 00:00:00.000,"QLD",80.52,6122.66,"Forecast"
2030-07-18 00:00:00.000,"QLD",75.21,6152.59,"Forecast"
2030-07-19 00:00:00.000,"QLD",66.47,6087.79,"Forecast"
2030-07-20 00:00:00.000,"QLD",60.73,5762.17,"Forecast"
2030-07-21 00:00:00.000,"QLD",61.22,5718.5,"Forecast"
2030-07-22 00:00:00.000,"QLD",68.02,6081.19,"Forecast"
2030-07-23 00:00:00.000,"QLD",76.38,6138.2,"Forecast"
2030-07-24 00:00:00.000,"QLD",79.35,6105.69,"Forecast"
2030-07-25 00:00:00.000,"QLD",74.11,6138.01,"Forecast"
2030-07-26 00:00:00.000,"QLD",65.57,6064.04,"Forecast"
2030-07-27 00:00:00.000,"QLD",59.89,5737.76,"Forecast"
2030-07-28 00:00:00.000,"QLD",60.41,5694.4,"Forecast"
2030-07-29 00:00:00.000,"QLD",67.06,6048.84,"Forecast"
2030-07-30 00:00:00.000,"QLD",75.29,6110.42,"Forecast"
2030-07-31 00:00:00.000,"QLD",78.2,6083.48,"Forecast"
2030-08-01 00:00:00.000,"QLD",73.01,6117.77,"Forecast"
2030-08-02 00:00:00.000,"QLD",64.67,6034.36,"Forecast"
2030-08-03 00:00:00.000,"QLD",59.04,5709.07,"Forecast"
2030-08-04 00:00:00.000,"QLD",59.58,5669.31,"Forecast"
2030-08-05 00:00:00.000,"QLD",66.08,6014.68,"Forecast"
2030-08-06 00:00:00.000,"QLD",74.2,6079.88,"Forecast"
2030-08-07 00:00:00.000,"QLD",77.06,6061.41,"Forecast"
2030-08-08 00:00:00.000,"QLD",71.91,6094.59,"Forecast"
2030-08-09 00:00:00.000,"QLD",63.75,6001.28,"Forecast"
2030-08-10 00:00:00.000,"QLD",58.18,5678.13,"Forecast"
2030-08-11 00:00:00.000,"QLD",58.74,5645.13,"Forecast"
2030-08-12 00:00:00.000,"QLD",65.09,5981.21,"Forecast"
2030-08-13 00:00:00.000,"QLD",73.11,6050.39,"Forecast"
2030-08-14 00:00:00.000,"QLD",75.91,6037.72,"Forecast"
2030-08-15 00:00:00.000,"QLD",70.81,6067.07,"Forecast"
2030-08-16 00:00:00.000,"QLD",62.84,5966.5,"Forecast"
2030-08-17 00:00:00.000,"QLD",57.32,5648.47,"Forecast"
2030-08-18 00:00:00.000,"QLD",57.91,5622.7,"Forecast"
2030-08-19 00:00:00.000,"QLD",64.18,5949.02,"Forecast"
2030-08-20 00:00:00.000,"QLD",72.06,6026.1,"Forecast"
2030-08-21 00:00:00.000,"QLD",74.81,6014.89,"Forecast"
2030-08-22 00:00:00.000,"QLD",69.74,6036.74,"Forecast"
2030-08-23 00:00:00.000,"QLD",61.96,5934.48,"Forecast"
2030-08-24 00:00:00.000,"QLD",56.49,5622.42,"Forecast"
2030-08-25 00:00:00.000,"QLD",57.12,5602.88,"Forecast"
2030-08-26 00:00:00.000,"QLD",63.4,5920.3,"Forecast"
2030-08-27 00:00:00.000,"QLD",71.09,6001.8,"Forecast"
2030-08-28 00:00:00.000,"QLD",73.79,5985.62,"Forecast"
2030-08-29 00:00:00.000,"QLD",68.85,6004.07,"Forecast"
2030-08-30 00:00:00.000,"QLD",61.16,5903.71,"Forecast"
2030-08-31 00:00:00.000,"QLD",55.73,5599.58,"Forecast"
2030-09-01 00:00:00.000,"QLD",56.39,5585.73,"Forecast"
2030-09-02 00:00:00.000,"QLD",62.68,5895.92,"Forecast"
2030-09-03 00:00:00.000,"QLD",70.2,5975.86,"Forecast"
2030-09-04 00:00:00.000,"QLD",72.86,5957.02,"Forecast"
2030-09-05 00:00:00.000,"QLD",68.09,5973.52,"Forecast"
2030-09-06 00:00:00.000,"QLD",60.44,5876.06,"Forecast"
2030-09-07 00:00:00.000,"QLD",55.05,5580.2,"Forecast"
2030-09-08 00:00:00.000,"QLD",55.73,5571.58,"Forecast"
2030-09-09 00:00:00.000,"QLD",62.03,5877.54,"Forecast"
2030-09-10 00:00:00.000,"QLD",69.42,5953.72,"Forecast"
2030-09-11 00:00:00.000,"QLD",72.04,5933.9,"Forecast"
2030-09-12 00:00:00.000,"QLD",67.42,5951.33,"Forecast"
2030-09-13 00:00:00.000,"QLD",59.81,5855.94,"Forecast"
2030-09-14 00:00:00.000,"QLD",54.46,5566.28,"Forecast"
2030-09-15 00:00:00.000,"QLD",55.17,5561.76,"Forecast"
2030-09-16 00:00:00.000,"QLD",61.47,5865.03,"Forecast"
2030-09-17 00:00:00.000,"QLD",68.75,5937.73,"Forecast"
2030-09-18 00:00:00.000,"QLD",71.34,5919.36,"Forecast"
2030-09-19 00:00:00.000,"QLD",66.85,5938.17,"Forecast"
2030-09-20 00:00:00.000,"QLD",59.28,5844.44,"Forecast"
2030-09-21 00:00:00.000,"QLD",53.97,5557.97,"Forecast"
2030-09-22 00:00:00.000,"QLD",54.7,5556.74,"Forecast"
2030-09-23 00:00:00.000,"QLD",61.02,5859.22,"Forecast"
2030-09-24 00:00:00.000,"QLD",68.19,5928.88,"Forecast"
2030-09-25 00:00:00.000,"QLD",70.76,5911.98,"Forecast"
2030-09-26 00:00:00.000,"QLD",66.39,5932.72,"Forecast"
2030-09-27 00:00:00.000,"QLD",58.86,5841.05,"Forecast"
2030-09-28 00:00:00.000,"QLD",53.6,5555.18,"Forecast"
2030-09-29 00:00:00.000,"QLD",54.35,5556.51,"Forecast"
2030-09-30 00:00:00.000,"QLD",60.69,5860.2,"Forecast"
2030-10-01 00:00:00.000,"QLD",67.77,5927.56,"Forecast"
2030-10-02 00:00:00.000,"QLD",70.33,5911.97,"Forecast"
2030-10-03 00:00:00.000,"QLD",66.06,5935.08,"Forecast"
2030-10-04 00:00:00.000,"QLD",58.57,5845.74,"Forecast"
2030-10-05 00:00:00.000,"QLD",53.35,5557.77,"Forecast"
2030-10-06 00:00:00.000,"QLD",54.13,5560.82,"Forecast"
2030-10-07 00:00:00.000,"QLD",60.47,5867.68,"Forecast"
2030-10-08 00:00:00.000,"QLD",67.47,5932.61,"Forecast"
2030-10-09 00:00:00.000,"QLD",70.04,5918.46,"Forecast"
2030-10-10 00:00:00.000,"QLD",65.85,5944.47,"Forecast"
2030-10-11 00:00:00.000,"QLD",58.41,5857.77,"Forecast"
2030-10-12 00:00:00.000,"QLD",53.23,5566.46,"Forecast"
2030-10-13 00:00:00.000,"QLD",54.02,5569.62,"Forecast"
2030-10-14 00:00:00.000,"QLD",60.37,5882.44,"Forecast"
2030-10-15 00:00:00.000,"QLD",67.38,5945.9,"Forecast"
2030-10-16 00:00:00.000,"QLD",69.93,5933.29,"Forecast"
2030-10-17 00:00:00.000,"QLD",65.79,5961.75,"Forecast"
2030-10-18 00:00:00.000,"QLD",58.38,5877.36,"Forecast"
2030-10-19 00:00:00.000,"QLD",53.24,5580.47,"Forecast"
2030-10-20 00:00:00.000,"QLD",54.04,5582.39,"Forecast"
2030-10-21 00:00:00.000,"QLD",60.41,5903.02,"Forecast"
2030-10-22 00:00:00.000,"QLD",67.46,5967.5,"Forecast"
2030-10-23 00:00:00.000,"QLD",70.01,5956.5,"Forecast"
2030-10-24 00:00:00.000,"QLD",65.87,5987.48,"Forecast"
2030-10-25 00:00:00.000,"QLD",58.5,5904.43,"Forecast"
2030-10-26 00:00:00.000,"QLD",53.38,5600.33,"Forecast"
2030-10-27 00:00:00.000,"QLD",54.2,5600.34,"Forecast"
2030-10-28 00:00:00.000,"QLD",60.57,5929.9,"Forecast"
2030-10-29 00:00:00.000,"QLD",67.67,5993.54,"Forecast"
2030-10-30 00:00:00.000,"QLD",70.24,5987.52,"Forecast"
2030-10-31 00:00:00.000,"QLD",66.09,6022.95,"Forecast"
2030-11-01 00:00:00.000,"QLD",58.75,5939.37,"Forecast"
2030-11-02 00:00:00.000,"QLD",53.65,5629.01,"Forecast"
2030-11-03 00:00:00.000,"QLD",54.47,5623.91,"Forecast"
2030-11-04 00:00:00.000,"QLD",60.84,5963.52,"Forecast"
2030-11-05 00:00:00.000,"QLD",68.01,6022.48,"Forecast"
2030-11-06 00:00:00.000,"QLD",70.6,6018.95,"Forecast"
2030-11-07 00:00:00.000,"QLD",66.42,6063.06,"Forecast"
2030-11-08 00:00:00.000,"QLD",59.1,5980.68,"Forecast"
2030-11-09 00:00:00.000,"QLD",54.03,5665.52,"Forecast"
2030-11-10 00:00:00.000,"QLD",54.85,5653.56,"Forecast"
2030-11-11 00:00:00.000,"QLD",61.22,6011.62,"Forecast"
2030-11-12 00:00:00.000,"QLD",68.44,6060.9,"Forecast"
2030-11-13 00:00:00.000,"QLD",71.06,6054.27,"Forecast"
2030-11-14 00:00:00.000,"QLD",66.84,6114.22,"Forecast"
2030-11-15 00:00:00.000,"QLD",59.55,6050.93,"Forecast"
2030-11-16 00:00:00.000,"QLD",54.52,5720.58,"Forecast"
2030-11-17 00:00:00.000,"QLD",55.35,5698.07,"Forecast"
2030-11-18 00:00:00.000,"QLD",61.72,6075.64,"Forecast"
2030-11-19 00:00:00.000,"QLD",68.98,6121.48,"Forecast"
2030-11-20 00:00:00.000,"QLD",71.61,6114.11,"Forecast"
2030-11-21 00:00:00.000,"QLD",67.38,6196.16,"Forecast"
2030-11-22 00:00:00.000,"QLD",60.15,6159.17,"Forecast"
2030-11-23 00:00:00.000,"QLD",55.18,5799.03,"Forecast"
2030-11-24 00:00:00.000,"QLD",56,5765.24,"Forecast"
2030-11-25 00:00:00.000,"QLD",62.36,6167.18,"Forecast"
2030-11-26 00:00:00.000,"QLD",69.64,6232.04,"Forecast"
2030-11-27 00:00:00.000,"QLD",72.27,6229.25,"Forecast"
2030-11-28 00:00:00.000,"QLD",68.07,6314.98,"Forecast"
2030-11-29 00:00:00.000,"QLD",60.92,6297.72,"Forecast"
2030-11-30 00:00:00.000,"QLD",56.03,5914.36,"Forecast"
2030-12-01 00:00:00.000,"QLD",56.84,5861.49,"Forecast"
2030-12-02 00:00:00.000,"QLD",63.18,6282.54,"Forecast"
2030-12-03 00:00:00.000,"QLD",70.44,6366.07,"Forecast"
2030-12-04 00:00:00.000,"QLD",73.16,6375.49,"Forecast"
2030-12-05 00:00:00.000,"QLD",68.93,6459.04,"Forecast"
2030-12-06 00:00:00.000,"QLD",61.85,6450.8,"Forecast"
2030-12-07 00:00:00.000,"QLD",57.02,6079.34,"Forecast"
2030-12-08 00:00:00.000,"QLD",57.84,6024.64,"Forecast"
2030-12-09 00:00:00.000,"QLD",64.13,6448.63,"Forecast"
2030-12-10 00:00:00.000,"QLD",71.3,6510.94,"Forecast"
2030-12-11 00:00:00.000,"QLD",74.17,6500.11,"Forecast"
2030-12-12 00:00:00.000,"QLD",69.88,6564.55,"Forecast"
2030-12-13 00:00:00.000,"QLD",62.83,6546.49,"Forecast"
2030-12-14 00:00:00.000,"QLD",58,6193.22,"Forecast"
2030-12-15 00:00:00.000,"QLD",58.82,6168.33,"Forecast"
2030-12-16 00:00:00.000,"QLD",65.05,6569.38,"Forecast"
2030-12-17 00:00:00.000,"QLD",72.27,6610.35,"Forecast"
2030-12-18 00:00:00.000,"QLD",75.21,6581.79,"Forecast"
2030-12-19 00:00:00.000,"QLD",70.79,6633.45,"Forecast"
2030-12-20 00:00:00.000,"QLD",63.73,6608.14,"Forecast"
2030-12-21 00:00:00.000,"QLD",58.87,6273.83,"Forecast"
2030-12-22 00:00:00.000,"QLD",59.67,6268.62,"Forecast"
2030-12-23 00:00:00.000,"QLD",65.87,6652.47,"Forecast"
2030-12-24 00:00:00.000,"QLD",73.21,6679.65,"Forecast"
2030-12-25 00:00:00.000,"QLD",76.19,6640.07,"Forecast"
2030-12-26 00:00:00.000,"QLD",71.61,6683.77,"Forecast"
2030-12-27 00:00:00.000,"QLD",64.53,6652.62,"Forecast"
2030-12-28 00:00:00.000,"QLD",59.64,6329.61,"Forecast"
2030-12-29 00:00:00.000,"QLD",60.42,6335.62,"Forecast"
2030-12-30 00:00:00.000,"QLD",66.59,6709.47,"Forecast"
2030-12-31 00:00:00.000,"QLD",74.08,6729.79,"Forecast"
2026-07-02 00:00:00.000,"SA",52.98,1595.13,"Forecast"
2026-07-03 00:00:00.000,"SA",58.78,1578.03,"Forecast"
2026-07-04 00:00:00.000,"SA",64.03,1533.99,"Forecast"
2026-07-05 00:00:00.000,"SA",75.52,1540.25,"Forecast"
2026-07-06 00:00:00.000,"SA",94.41,1586.82,"Forecast"
2026-07-07 00:00:00.000,"SA",111.01,1623.26,"Forecast"
2026-07-08 00:00:00.000,"SA",112.93,1632.68,"Forecast"
2026-07-09 00:00:00.000,"SA",98.85,1618.77,"Forecast"
2026-07-10 00:00:00.000,"SA",81.1,1581.88,"Forecast"
2026-07-11 00:00:00.000,"SA",73.51,1529.9,"Forecast"
2026-07-12 00:00:00.000,"SA",78.47,1533.05,"Forecast"
2026-07-13 00:00:00.000,"SA",93.62,1581.22,"Forecast"
2026-07-14 00:00:00.000,"SA",108.09,1618.07,"Forecast"
2026-07-15 00:00:00.000,"SA",108.9,1627.29,"Forecast"
2026-07-16 00:00:00.000,"SA",94.36,1612.94,"Forecast"
2026-07-17 00:00:00.000,"SA",77.36,1575.54,"Forecast"
2026-07-18 00:00:00.000,"SA",70.89,1521.36,"Forecast"
2026-07-19 00:00:00.000,"SA",75.72,1523.05,"Forecast"
2026-07-20 00:00:00.000,"SA",90.19,1572.35,"Forecast"
2026-07-21 00:00:00.000,"SA",104.4,1609.34,"Forecast"
2026-07-22 00:00:00.000,"SA",105.1,1618.3,"Forecast"
2026-07-23 00:00:00.000,"SA",90.57,1603.56,"Forecast"
2026-07-24 00:00:00.000,"SA",74.78,1565.74,"Forecast"
2026-07-25 00:00:00.000,"SA",68.55,1508.85,"Forecast"
2026-07-26 00:00:00.000,"SA",73.31,1508.94,"Forecast"
2026-07-27 00:00:00.000,"SA",86.94,1559.87,"Forecast"
2026-07-28 00:00:00.000,"SA",100.72,1597.14,"Forecast"
2026-07-29 00:00:00.000,"SA",101.19,1605.89,"Forecast"
2026-07-30 00:00:00.000,"SA",86.55,1590.81,"Forecast"
2026-07-31 00:00:00.000,"SA",72.23,1552.64,"Forecast"
2026-08-01 00:00:00.000,"SA",66.04,1491.79,"Forecast"
2026-08-02 00:00:00.000,"SA",71.04,1489.57,"Forecast"
2026-08-03 00:00:00.000,"SA",83.45,1543.38,"Forecast"
2026-08-04 00:00:00.000,"SA",96.58,1581.34,"Forecast"
2026-08-05 00:00:00.000,"SA",96.68,1589.98,"Forecast"
2026-08-06 00:00:00.000,"SA",82.71,1574.64,"Forecast"
2026-08-07 00:00:00.000,"SA",69.07,1536.22,"Forecast"
2026-08-08 00:00:00.000,"SA",63.08,1470.8,"Forecast"
2026-08-09 00:00:00.000,"SA",68.06,1465.69,"Forecast"
2026-08-10 00:00:00.000,"SA",80.19,1523.18,"Forecast"
2026-08-11 00:00:00.000,"SA",92.12,1562.11,"Forecast"
2026-08-12 00:00:00.000,"SA",91.64,1570.72,"Forecast"
2026-08-13 00:00:00.000,"SA",78.64,1555.19,"Forecast"
2026-08-14 00:00:00.000,"SA",65.52,1514.86,"Forecast"
2026-08-15 00:00:00.000,"SA",59.72,1445.07,"Forecast"
2026-08-16 00:00:00.000,"SA",64.61,1437.25,"Forecast"
2026-08-17 00:00:00.000,"SA",76.45,1499.26,"Forecast"
2026-08-18 00:00:00.000,"SA",86.99,1539.43,"Forecast"
2026-08-19 00:00:00.000,"SA",85.99,1548.1,"Forecast"
2026-08-20 00:00:00.000,"SA",74.87,1532.46,"Forecast"
2026-08-21 00:00:00.000,"SA",61.85,1488.36,"Forecast"
2026-08-22 00:00:00.000,"SA",56.09,1414.26,"Forecast"
2026-08-23 00:00:00.000,"SA",60.81,1403.77,"Forecast"
2026-08-24 00:00:00.000,"SA",72.58,1470.69,"Forecast"
2026-08-25 00:00:00.000,"SA",82.54,1512.89,"Forecast"
2026-08-26 00:00:00.000,"SA",81.7,1521.88,"Forecast"
2026-08-27 00:00:00.000,"SA",71.14,1506.28,"Forecast"
2026-08-28 00:00:00.000,"SA",58.11,1456.09,"Forecast"
2026-08-29 00:00:00.000,"SA",52.23,1375.63,"Forecast"
2026-08-30 00:00:00.000,"SA",56.64,1360.75,"Forecast"
2026-08-31 00:00:00.000,"SA",68.04,1432.55,"Forecast"
2026-09-01 00:00:00.000,"SA",77.75,1480.09,"Forecast"
2026-09-02 00:00:00.000,"SA",77.15,1490.53,"Forecast"
2026-09-03 00:00:00.000,"SA",66.74,1475.39,"Forecast"
2026-09-04 00:00:00.000,"SA",53.9,1418.73,"Forecast"
2026-09-05 00:00:00.000,"SA",48.03,1330.39,"Forecast"
2026-09-06 00:00:00.000,"SA",52.08,1306.4,"Forecast"
2026-09-07 00:00:00.000,"SA",62.95,1378.1,"Forecast"
2026-09-08 00:00:00.000,"SA",72.68,1435.93,"Forecast"
2026-09-09 00:00:00.000,"SA",72.52,1450.78,"Forecast"
2026-09-10 00:00:00.000,"SA",61.97,1434.58,"Forecast"
2026-09-11 00:00:00.000,"SA",49.98,1367.17,"Forecast"
2026-09-12 00:00:00.000,"SA",44.22,1266.24,"Forecast"
2026-09-13 00:00:00.000,"SA",47.17,1230.57,"Forecast"
2026-09-14 00:00:00.000,"SA",57.1,1291.48,"Forecast"
2026-09-15 00:00:00.000,"SA",65.97,1359.88,"Forecast"
2026-09-16 00:00:00.000,"SA",65.62,1379.82,"Forecast"
2026-09-17 00:00:00.000,"SA",55.63,1360.89,"Forecast"
2026-09-18 00:00:00.000,"SA",44.59,1279.53,"Forecast"
2026-09-19 00:00:00.000,"SA",39.04,1175.28,"Forecast"
2026-09-20 00:00:00.000,"SA",41.53,1145.61,"Forecast"
2026-09-21 00:00:00.000,"SA",50.49,1199.55,"Forecast"
2026-09-22 00:00:00.000,"SA",58.81,1261.3,"Forecast"
2026-09-23 00:00:00.000,"SA",58.2,1279.87,"Forecast"
2026-09-24 00:00:00.000,"SA",49.32,1256.94,"Forecast"
2026-09-25 00:00:00.000,"SA",40.26,1180.95,"Forecast"
2026-09-26 00:00:00.000,"SA",36.01,1105.4,"Forecast"
2026-09-27 00:00:00.000,"SA",37.74,1100.75,"Forecast"
2026-09-28 00:00:00.000,"SA",46.45,1152.04,"Forecast"
2026-09-29 00:00:00.000,"SA",54.77,1201.19,"Forecast"
2026-09-30 00:00:00.000,"SA",54.38,1213.93,"Forecast"
2026-10-01 00:00:00.000,"SA",46.09,1191.61,"Forecast"
2026-10-02 00:00:00.000,"SA",38.57,1123.8,"Forecast"
2026-10-03 00:00:00.000,"SA",34.97,1071.28,"Forecast"
2026-10-04 00:00:00.000,"SA",37.08,1073.83,"Forecast"
2026-10-05 00:00:00.000,"SA",45.26,1123.95,"Forecast"
2026-10-06 00:00:00.000,"SA",53.25,1168.54,"Forecast"
2026-10-07 00:00:00.000,"SA",52.99,1174.88,"Forecast"
2026-10-08 00:00:00.000,"SA",45.61,1149.18,"Forecast"
2026-10-09 00:00:00.000,"SA",38.32,1095.7,"Forecast"
2026-10-10 00:00:00.000,"SA",34.97,1048.89,"Forecast"
2026-10-11 00:00:00.000,"SA",37.22,1053.1,"Forecast"
2026-10-12 00:00:00.000,"SA",44.8,1103.64,"Forecast"
2026-10-13 00:00:00.000,"SA",52.45,1147.95,"Forecast"
2026-10-14 00:00:00.000,"SA",52.28,1156.5,"Forecast"
2026-10-15 00:00:00.000,"SA",45.71,1130.71,"Forecast"
2026-10-16 00:00:00.000,"SA",38.67,1078.98,"Forecast"
2026-10-17 00:00:00.000,"SA",35.42,1033.41,"Forecast"
2026-10-18 00:00:00.000,"SA",37.69,1038.38,"Forecast"
2026-10-19 00:00:00.000,"SA",44.7,1089.46,"Forecast"
2026-10-20 00:00:00.000,"SA",52.11,1134.44,"Forecast"
2026-10-21 00:00:00.000,"SA",51.92,1143.69,"Forecast"
2026-10-22 00:00:00.000,"SA",46.04,1118.5,"Forecast"
2026-10-23 00:00:00.000,"SA",39.23,1067.44,"Forecast"
2026-10-24 00:00:00.000,"SA",36.06,1022.72,"Forecast"
2026-10-25 00:00:00.000,"SA",38.33,1028.4,"Forecast"
2026-10-26 00:00:00.000,"SA",44.91,1079.94,"Forecast"
2026-10-27 00:00:00.000,"SA",52.07,1125.19,"Forecast"
2026-10-28 00:00:00.000,"SA",51.81,1134.63,"Forecast"
2026-10-29 00:00:00.000,"SA",46.54,1109.64,"Forecast"
2026-10-30 00:00:00.000,"SA",39.93,1059,"Forecast"
2026-10-31 00:00:00.000,"SA",36.83,1014.98,"Forecast"
2026-11-01 00:00:00.000,"SA",39.09,1021.34,"Forecast"
2026-11-02 00:00:00.000,"SA",45.69,1073.26,"Forecast"
2026-11-03 00:00:00.000,"SA",52.35,1118.55,"Forecast"
2026-11-04 00:00:00.000,"SA",52.43,1127.94,"Forecast"
2026-11-05 00:00:00.000,"SA",47.35,1103.01,"Forecast"
2026-11-06 00:00:00.000,"SA",40.82,1052.7,"Forecast"
2026-11-07 00:00:00.000,"SA",37.74,1009.31,"Forecast"
2026-11-08 00:00:00.000,"SA",39.98,1016.37,"Forecast"
2026-11-09 00:00:00.000,"SA",46.59,1068.63,"Forecast"
2026-11-10 00:00:00.000,"SA",52.79,1113.88,"Forecast"
2026-11-11 00:00:00.000,"SA",53.27,1123.12,"Forecast"
2026-11-12 00:00:00.000,"SA",48.29,1098.22,"Forecast"
2026-11-13 00:00:00.000,"SA",41.81,1048.22,"Forecast"
2026-11-14 00:00:00.000,"SA",38.73,1005.48,"Forecast"
2026-11-15 00:00:00.000,"SA",40.96,1013.25,"Forecast"
2026-11-16 00:00:00.000,"SA",47.58,1065.85,"Forecast"
2026-11-17 00:00:00.000,"SA",53.55,1111,"Forecast"
2026-11-18 00:00:00.000,"SA",54.26,1120.08,"Forecast"
2026-11-19 00:00:00.000,"SA",49.35,1095.21,"Forecast"
2026-11-20 00:00:00.000,"SA",42.89,1045.59,"Forecast"
2026-11-21 00:00:00.000,"SA",39.8,1003.53,"Forecast"
2026-11-22 00:00:00.000,"SA",42.02,1012.06,"Forecast"
2026-11-23 00:00:00.000,"SA",48.66,1065.03,"Forecast"
2026-11-24 00:00:00.000,"SA",54.66,1110.05,"Forecast"
2026-11-25 00:00:00.000,"SA",55.41,1118.95,"Forecast"
2026-11-26 00:00:00.000,"SA",50.51,1094.2,"Forecast"
2026-11-27 00:00:00.000,"SA",44.04,1045.06,"Forecast"
2026-11-28 00:00:00.000,"SA",40.93,1003.78,"Forecast"
2026-11-29 00:00:00.000,"SA",43.16,1013.13,"Forecast"
2026-11-30 00:00:00.000,"SA",49.83,1066.48,"Forecast"
2026-12-01 00:00:00.000,"SA",55.86,1111.35,"Forecast"
2026-12-02 00:00:00.000,"SA",56.63,1120.1,"Forecast"
2026-12-03 00:00:00.000,"SA",51.75,1095.6,"Forecast"
2026-12-04 00:00:00.000,"SA",45.24,1047.14,"Forecast"
2026-12-05 00:00:00.000,"SA",42.11,1006.79,"Forecast"
2026-12-06 00:00:00.000,"SA",44.37,1017.03,"Forecast"
2026-12-07 00:00:00.000,"SA",51.06,1070.76,"Forecast"
2026-12-08 00:00:00.000,"SA",57.13,1115.42,"Forecast"
2026-12-09 00:00:00.000,"SA",57.92,1124.05,"Forecast"
2026-12-10 00:00:00.000,"SA",53.04,1100.01,"Forecast"
2026-12-11 00:00:00.000,"SA",46.49,1052.51,"Forecast"
2026-12-12 00:00:00.000,"SA",43.35,1013.29,"Forecast"
2026-12-13 00:00:00.000,"SA",45.65,1024.54,"Forecast"
2026-12-14 00:00:00.000,"SA",52.37,1078.62,"Forecast"
2026-12-15 00:00:00.000,"SA",58.47,1122.95,"Forecast"
2026-12-16 00:00:00.000,"SA",59.27,1131.47,"Forecast"
2026-12-17 00:00:00.000,"SA",54.38,1108.06,"Forecast"
2026-12-18 00:00:00.000,"SA",47.78,1061.72,"Forecast"
2026-12-19 00:00:00.000,"SA",44.62,1023.83,"Forecast"
2026-12-20 00:00:00.000,"SA",46.98,1036.26,"Forecast"
2026-12-21 00:00:00.000,"SA",53.75,1090.64,"Forecast"
2026-12-22 00:00:00.000,"SA",59.87,1134.43,"Forecast"
2026-12-23 00:00:00.000,"SA",60.66,1142.61,"Forecast"
2026-12-24 00:00:00.000,"SA",55.75,1119.61,"Forecast"
2026-12-25 00:00:00.000,"SA",49.13,1074.21,"Forecast"
2026-12-26 00:00:00.000,"SA",45.92,1037.59,"Forecast"
2026-12-27 00:00:00.000,"SA",48.33,1051.37,"Forecast"
2026-12-28 00:00:00.000,"SA",55.14,1106.13,"Forecast"
2026-12-29 00:00:00.000,"SA",61.28,1150.91,"Forecast"
2026-12-30 00:00:00.000,"SA",62.08,1158.83,"Forecast"
2026-12-31 00:00:00.000,"SA",57.15,1134.07,"Forecast"
2027-01-01 00:00:00.000,"SA",50.48,1087.73,"Forecast"
2027-01-02 00:00:00.000,"SA",47.2,1051.69,"Forecast"
2027-01-03 00:00:00.000,"SA",49.66,1066.96,"Forecast"
2027-01-04 00:00:00.000,"SA",56.5,1124.29,"Forecast"
2027-01-05 00:00:00.000,"SA",62.68,1169.29,"Forecast"
2027-01-06 00:00:00.000,"SA",63.48,1174.68,"Forecast"
2027-01-07 00:00:00.000,"SA",58.5,1148.84,"Forecast"
2027-01-08 00:00:00.000,"SA",51.77,1100.29,"Forecast"
2027-01-09 00:00:00.000,"SA",48.39,1063.79,"Forecast"
2027-01-10 00:00:00.000,"SA",50.85,1080.19,"Forecast"
2027-01-11 00:00:00.000,"SA",57.71,1142.24,"Forecast"
2027-01-12 00:00:00.000,"SA",63.94,1190.83,"Forecast"
2027-01-13 00:00:00.000,"SA",64.78,1194.55,"Forecast"
2027-01-14 00:00:00.000,"SA",59.78,1164.68,"Forecast"
2027-01-15 00:00:00.000,"SA",52.99,1112.21,"Forecast"
2027-01-16 00:00:00.000,"SA",49.48,1073.28,"Forecast"
2027-01-17 00:00:00.000,"SA",51.92,1091.54,"Forecast"
2027-01-18 00:00:00.000,"SA",58.78,1158.55,"Forecast"
2027-01-19 00:00:00.000,"SA",65.15,1212.86,"Forecast"
2027-01-20 00:00:00.000,"SA",66,1218.23,"Forecast"
2027-01-21 00:00:00.000,"SA",61.01,1186.34,"Forecast"
2027-01-22 00:00:00.000,"SA",54.19,1124.67,"Forecast"
2027-01-23 00:00:00.000,"SA",50.57,1081.32,"Forecast"
2027-01-24 00:00:00.000,"SA",52.91,1101.41,"Forecast"
2027-01-25 00:00:00.000,"SA",59.74,1172.87,"Forecast"
2027-01-26 00:00:00.000,"SA",66.27,1232.03,"Forecast"
2027-01-27 00:00:00.000,"SA",67.08,1240.13,"Forecast"
2027-01-28 00:00:00.000,"SA",62.1,1207.6,"Forecast"
2027-01-29 00:00:00.000,"SA",55.26,1139.85,"Forecast"
2027-01-30 00:00:00.000,"SA",51.57,1089.77,"Forecast"
2027-01-31 00:00:00.000,"SA",53.8,1109.09,"Forecast"
2027-02-01 00:00:00.000,"SA",60.58,1185.05,"Forecast"
2027-02-02 00:00:00.000,"SA",67.27,1248.71,"Forecast"
2027-02-03 00:00:00.000,"SA",67.99,1257.09,"Forecast"
2027-02-04 00:00:00.000,"SA",62.98,1226.21,"Forecast"
2027-02-05 00:00:00.000,"SA",56.15,1154.63,"Forecast"
2027-02-06 00:00:00.000,"SA",52.42,1097.77,"Forecast"
2027-02-07 00:00:00.000,"SA",54.57,1115.87,"Forecast"
2027-02-08 00:00:00.000,"SA",61.29,1194.76,"Forecast"
2027-02-09 00:00:00.000,"SA",68.28,1260.35,"Forecast"
2027-02-10 00:00:00.000,"SA",68.91,1269.37,"Forecast"
2027-02-11 00:00:00.000,"SA",63.73,1240.46,"Forecast"
2027-02-12 00:00:00.000,"SA",56.86,1169.34,"Forecast"
2027-02-13 00:00:00.000,"SA",53.14,1107.16,"Forecast"
2027-02-14 00:00:00.000,"SA",55.24,1122.42,"Forecast"
2027-02-15 00:00:00.000,"SA",61.95,1203.26,"Forecast"
2027-02-16 00:00:00.000,"SA",69.35,1270.61,"Forecast"
2027-02-17 00:00:00.000,"SA",69.82,1280.29,"Forecast"
2027-02-18 00:00:00.000,"SA",64.39,1251.82,"Forecast"
2027-02-19 00:00:00.000,"SA",57.44,1180.88,"Forecast"
2027-02-20 00:00:00.000,"SA",53.69,1114.78,"Forecast"
2027-02-21 00:00:00.000,"SA",55.75,1127.43,"Forecast"
2027-02-22 00:00:00.000,"SA",62.62,1209.47,"Forecast"
2027-02-23 00:00:00.000,"SA",70.37,1277.7,"Forecast"
2027-02-24 00:00:00.000,"SA",70.73,1287.69,"Forecast"
2027-02-25 00:00:00.000,"SA",64.92,1259.17,"Forecast"
2027-02-26 00:00:00.000,"SA",57.86,1188.48,"Forecast"
2027-02-27 00:00:00.000,"SA",54.07,1119.95,"Forecast"
2027-02-28 00:00:00.000,"SA",56.09,1130.67,"Forecast"
2027-03-01 00:00:00.000,"SA",63.28,1212.84,"Forecast"
2027-03-02 00:00:00.000,"SA",71.32,1281.07,"Forecast"
2027-03-03 00:00:00.000,"SA",71.78,1291.11,"Forecast"
2027-03-04 00:00:00.000,"SA",65.37,1263.41,"Forecast"
2027-03-05 00:00:00.000,"SA",58.14,1192.84,"Forecast"
2027-03-06 00:00:00.000,"SA",54.29,1122.91,"Forecast"
2027-03-07 00:00:00.000,"SA",56.28,1132.06,"Forecast"
2027-03-08 00:00:00.000,"SA",64.03,1213.27,"Forecast"
2027-03-09 00:00:00.000,"SA",72.24,1280.58,"Forecast"
2027-03-10 00:00:00.000,"SA",72.76,1290.33,"Forecast"
2027-03-11 00:00:00.000,"SA",65.67,1263.14,"Forecast"
2027-03-12 00:00:00.000,"SA",58.25,1193.49,"Forecast"
2027-03-13 00:00:00.000,"SA",54.33,1124.6,"Forecast"
2027-03-14 00:00:00.000,"SA",56.31,1132.12,"Forecast"
2027-03-15 00:00:00.000,"SA",64.68,1211.72,"Forecast"
2027-03-16 00:00:00.000,"SA",73.12,1276.85,"Forecast"
2027-03-17 00:00:00.000,"SA",73.65,1285.75,"Forecast"
2027-03-18 00:00:00.000,"SA",66.02,1261.44,"Forecast"
2027-03-19 00:00:00.000,"SA",58.27,1192.69,"Forecast"
2027-03-20 00:00:00.000,"SA",54.26,1125.72,"Forecast"
2027-03-21 00:00:00.000,"SA",56.23,1131.83,"Forecast"
2027-03-22 00:00:00.000,"SA",65.26,1208.43,"Forecast"
2027-03-23 00:00:00.000,"SA",74.21,1270.27,"Forecast"
2027-03-24 00:00:00.000,"SA",74.56,1280.9,"Forecast"
2027-03-25 00:00:00.000,"SA",66.46,1262.36,"Forecast"
2027-03-26 00:00:00.000,"SA",58.29,1194.72,"Forecast"
2027-03-27 00:00:00.000,"SA",54.17,1127.97,"Forecast"
2027-03-28 00:00:00.000,"SA",56.38,1132.2,"Forecast"
2027-03-29 00:00:00.000,"SA",65.91,1205.14,"Forecast"
2027-03-30 00:00:00.000,"SA",75.7,1263.47,"Forecast"
2027-03-31 00:00:00.000,"SA",75.82,1278.09,"Forecast"
2027-04-01 00:00:00.000,"SA",67.46,1265.12,"Forecast"
2027-04-02 00:00:00.000,"SA",58.45,1201.75,"Forecast"
2027-04-03 00:00:00.000,"SA",54.15,1132.79,"Forecast"
2027-04-04 00:00:00.000,"SA",57.03,1134.52,"Forecast"
2027-04-05 00:00:00.000,"SA",67.09,1204.07,"Forecast"
2027-04-06 00:00:00.000,"SA",77.53,1261.55,"Forecast"
2027-04-07 00:00:00.000,"SA",78.3,1280.83,"Forecast"
2027-04-08 00:00:00.000,"SA",68.97,1272.58,"Forecast"
2027-04-09 00:00:00.000,"SA",58.95,1212.58,"Forecast"
2027-04-10 00:00:00.000,"SA",54.26,1139.84,"Forecast"
2027-04-11 00:00:00.000,"SA",57.73,1138.67,"Forecast"
2027-04-12 00:00:00.000,"SA",68.29,1205.71,"Forecast"
2027-04-13 00:00:00.000,"SA",79.7,1267.91,"Forecast"
2027-04-14 00:00:00.000,"SA",81.01,1291.62,"Forecast"
2027-04-15 00:00:00.000,"SA",70.65,1285.9,"Forecast"
2027-04-16 00:00:00.000,"SA",60.01,1228.42,"Forecast"
2027-04-17 00:00:00.000,"SA",55.07,1154.61,"Forecast"
2027-04-18 00:00:00.000,"SA",58.77,1147.93,"Forecast"
2027-04-19 00:00:00.000,"SA",70.2,1214.79,"Forecast"
2027-04-20 00:00:00.000,"SA",82.05,1282.01,"Forecast"
2027-04-21 00:00:00.000,"SA",83.64,1309.22,"Forecast"
2027-04-22 00:00:00.000,"SA",72.67,1305.84,"Forecast"
2027-04-23 00:00:00.000,"SA",61.5,1251.99,"Forecast"
2027-04-24 00:00:00.000,"SA",56.42,1176,"Forecast"
2027-04-25 00:00:00.000,"SA",60.05,1165.7,"Forecast"
2027-04-26 00:00:00.000,"SA",72.24,1237.78,"Forecast"
2027-04-27 00:00:00.000,"SA",84.31,1308.14,"Forecast"
2027-04-28 00:00:00.000,"SA",85.99,1339.52,"Forecast"
2027-04-29 00:00:00.000,"SA",75.16,1338.68,"Forecast"
2027-04-30 00:00:00.000,"SA",63.24,1289.56,"Forecast"
2027-05-01 00:00:00.000,"SA",58.01,1209.87,"Forecast"
2027-05-02 00:00:00.000,"SA",61.93,1196.28,"Forecast"
2027-05-03 00:00:00.000,"SA",74.27,1274.9,"Forecast"
2027-05-04 00:00:00.000,"SA",86.32,1350.15,"Forecast"
2027-05-05 00:00:00.000,"SA",87.9,1383.21,"Forecast"
2027-05-06 00:00:00.000,"SA",76.87,1384.34,"Forecast"
2027-05-07 00:00:00.000,"SA",64.74,1342.32,"Forecast"
2027-05-08 00:00:00.000,"SA",59.58,1266.4,"Forecast"
2027-05-09 00:00:00.000,"SA",64.09,1254.81,"Forecast"
2027-05-10 00:00:00.000,"SA",76.75,1342.41,"Forecast"
2027-05-11 00:00:00.000,"SA",88.6,1415.49,"Forecast"
2027-05-12 00:00:00.000,"SA",89.79,1446.03,"Forecast"
2027-05-13 00:00:00.000,"SA",78.97,1446.44,"Forecast"
2027-05-14 00:00:00.000,"SA",66.6,1414.81,"Forecast"
2027-05-15 00:00:00.000,"SA",61.59,1349.82,"Forecast"
2027-05-16 00:00:00.000,"SA",66.99,1348.03,"Forecast"
2027-05-17 00:00:00.000,"SA",80.26,1429.24,"Forecast"
2027-05-18 00:00:00.000,"SA",91.56,1487.38,"Forecast"
2027-05-19 00:00:00.000,"SA",91.89,1508.66,"Forecast"
2027-05-20 00:00:00.000,"SA",81.15,1505.07,"Forecast"
2027-05-21 00:00:00.000,"SA",68.6,1476.68,"Forecast"
2027-05-22 00:00:00.000,"SA",63.73,1419.77,"Forecast"
2027-05-23 00:00:00.000,"SA",69.87,1424.39,"Forecast"
2027-05-24 00:00:00.000,"SA",83.37,1492.77,"Forecast"
2027-05-25 00:00:00.000,"SA",95.23,1540.36,"Forecast"
2027-05-26 00:00:00.000,"SA",95.24,1556.86,"Forecast"
2027-05-27 00:00:00.000,"SA",83.74,1549.9,"Forecast"
2027-05-28 00:00:00.000,"SA",70.82,1520.25,"Forecast"
2027-05-29 00:00:00.000,"SA",65.87,1467.22,"Forecast"
2027-05-30 00:00:00.000,"SA",72.03,1473.54,"Forecast"
2027-05-31 00:00:00.000,"SA",85.74,1533.07,"Forecast"
2027-06-01 00:00:00.000,"SA",98.81,1576.28,"Forecast"
2027-06-02 00:00:00.000,"SA",99.25,1590.2,"Forecast"
2027-06-03 00:00:00.000,"SA",86.53,1580.86,"Forecast"
2027-06-04 00:00:00.000,"SA",72.74,1548.84,"Forecast"
2027-06-05 00:00:00.000,"SA",67.74,1498.79,"Forecast"
2027-06-06 00:00:00.000,"SA",73.89,1506.22,"Forecast"
2027-06-07 00:00:00.000,"SA",87.72,1559.65,"Forecast"
2027-06-08 00:00:00.000,"SA",101.79,1599.87,"Forecast"
2027-06-09 00:00:00.000,"SA",102.63,1612.03,"Forecast"
2027-06-10 00:00:00.000,"SA",88.91,1601.04,"Forecast"
2027-06-11 00:00:00.000,"SA",74.52,1567.37,"Forecast"
2027-06-12 00:00:00.000,"SA",69.35,1518.74,"Forecast"
2027-06-13 00:00:00.000,"SA",75.4,1525.53,"Forecast"
2027-06-14 00:00:00.000,"SA",89.89,1575.75,"Forecast"
2027-06-15 00:00:00.000,"SA",104.38,1614.36,"Forecast"
2027-06-16 00:00:00.000,"SA",105.39,1625.43,"Forecast"
2027-06-17 00:00:00.000,"SA",91.31,1613.35,"Forecast"
2027-06-18 00:00:00.000,"SA",76.16,1578.53,"Forecast"
2027-06-19 00:00:00.000,"SA",70.47,1529.86,"Forecast"
2027-06-20 00:00:00.000,"SA",76.4,1536.11,"Forecast"
2027-06-21 00:00:00.000,"SA",91.41,1584.65,"Forecast"
2027-06-22 00:00:00.000,"SA",106.12,1622.33,"Forecast"
2027-06-23 00:00:00.000,"SA",107.23,1632.71,"Forecast"
2027-06-24 00:00:00.000,"SA",93.12,1619.87,"Forecast"
2027-06-25 00:00:00.000,"SA",77.26,1584.22,"Forecast"
2027-06-26 00:00:00.000,"SA",71.16,1535.01,"Forecast"
2027-06-27 00:00:00.000,"SA",76.91,1540.5,"Forecast"
2027-06-28 00:00:00.000,"SA",92.17,1588.22,"Forecast"
2027-06-29 00:00:00.000,"SA",106.95,1625.37,"Forecast"
2027-06-30 00:00:00.000,"SA",108.09,1635.26,"Forecast"
2027-07-01 00:00:00.000,"SA",93.93,1621.84,"Forecast"
2027-07-02 00:00:00.000,"SA",77.63,1585.53,"Forecast"
2027-07-03 00:00:00.000,"SA",71.32,1535.28,"Forecast"
2027-07-04 00:00:00.000,"SA",76.86,1539.8,"Forecast"
2027-07-05 00:00:00.000,"SA",92.1,1587.39,"Forecast"
2027-07-06 00:00:00.000,"SA",106.84,1624.27,"Forecast"
2027-07-07 00:00:00.000,"SA",107.93,1633.79,"Forecast"
2027-07-08 00:00:00.000,"SA",93.69,1619.89,"Forecast"
2027-07-09 00:00:00.000,"SA",77.22,1583.02,"Forecast"
2027-07-10 00:00:00.000,"SA",70.96,1531.22,"Forecast"
2027-07-11 00:00:00.000,"SA",76.25,1534.54,"Forecast"
2027-07-12 00:00:00.000,"SA",91.22,1582.6,"Forecast"
2027-07-13 00:00:00.000,"SA",105.78,1619.42,"Forecast"
2027-07-14 00:00:00.000,"SA",106.74,1628.64,"Forecast"
2027-07-15 00:00:00.000,"SA",92.41,1614.32,"Forecast"
2027-07-16 00:00:00.000,"SA",76.03,1576.96,"Forecast"
2027-07-17 00:00:00.000,"SA",69.97,1523.12,"Forecast"
2027-07-18 00:00:00.000,"SA",75.03,1525.03,"Forecast"
2027-07-19 00:00:00.000,"SA",89.48,1574.1,"Forecast"
2027-07-20 00:00:00.000,"SA",103.75,1611.03,"Forecast"
2027-07-21 00:00:00.000,"SA",104.52,1620,"Forecast"
2027-07-22 00:00:00.000,"SA",90.06,1605.3,"Forecast"
2027-07-23 00:00:00.000,"SA",74.49,1567.52,"Forecast"
2027-07-24 00:00:00.000,"SA",68.36,1511.16,"Forecast"
2027-07-25 00:00:00.000,"SA",73.22,1511.44,"Forecast"
2027-07-26 00:00:00.000,"SA",86.93,1562.04,"Forecast"
2027-07-27 00:00:00.000,"SA",100.78,1599.24,"Forecast"
2027-07-28 00:00:00.000,"SA",101.3,1608,"Forecast"
2027-07-29 00:00:00.000,"SA",86.7,1592.96,"Forecast"
2027-07-30 00:00:00.000,"SA",72.33,1554.83,"Forecast"
2027-07-31 00:00:00.000,"SA",66.18,1494.58,"Forecast"
2027-08-01 00:00:00.000,"SA",71.19,1492.75,"Forecast"
2027-08-02 00:00:00.000,"SA",83.71,1546.05,"Forecast"
2027-08-03 00:00:00.000,"SA",96.97,1583.88,"Forecast"
2027-08-04 00:00:00.000,"SA",97.13,1592.53,"Forecast"
2027-08-05 00:00:00.000,"SA",83.09,1577.22,"Forecast"
2027-08-06 00:00:00.000,"SA",69.42,1538.82,"Forecast"
2027-08-07 00:00:00.000,"SA",63.42,1474.09,"Forecast"
2027-08-08 00:00:00.000,"SA",68.42,1469.42,"Forecast"
2027-08-09 00:00:00.000,"SA",80.61,1526.33,"Forecast"
2027-08-10 00:00:00.000,"SA",92.7,1565.1,"Forecast"
2027-08-11 00:00:00.000,"SA",92.3,1573.71,"Forecast"
2027-08-12 00:00:00.000,"SA",79.18,1558.2,"Forecast"
2027-08-13 00:00:00.000,"SA",65.99,1518.16,"Forecast"
2027-08-14 00:00:00.000,"SA",60.17,1449.02,"Forecast"
2027-08-15 00:00:00.000,"SA",65.09,1441.59,"Forecast"
2027-08-16 00:00:00.000,"SA",76.97,1502.91,"Forecast"
2027-08-17 00:00:00.000,"SA",87.72,1542.89,"Forecast"
2027-08-18 00:00:00.000,"SA",86.67,1551.54,"Forecast"
2027-08-19 00:00:00.000,"SA",75.35,1535.91,"Forecast"
2027-08-20 00:00:00.000,"SA",62.35,1492.65,"Forecast"
2027-08-21 00:00:00.000,"SA",56.6,1419.31,"Forecast"
2027-08-22 00:00:00.000,"SA",61.36,1409.3,"Forecast"
2027-08-23 00:00:00.000,"SA",73.07,1475.45,"Forecast"
2027-08-24 00:00:00.000,"SA",83.13,1517.11,"Forecast"
2027-08-25 00:00:00.000,"SA",82.31,1525.98,"Forecast"
2027-08-26 00:00:00.000,"SA",71.73,1510.34,"Forecast"
2027-08-27 00:00:00.000,"SA",58.68,1461.04,"Forecast"
2027-08-28 00:00:00.000,"SA",52.81,1381.53,"Forecast"
2027-08-29 00:00:00.000,"SA",57.26,1367.44,"Forecast"
2027-08-30 00:00:00.000,"SA",68.72,1438.65,"Forecast"
2027-08-31 00:00:00.000,"SA",78.46,1485.22,"Forecast"
2027-09-01 00:00:00.000,"SA",77.72,1495.38,"Forecast"
2027-09-02 00:00:00.000,"SA",67.35,1480.15,"Forecast"
2027-09-03 00:00:00.000,"SA",54.5,1424.44,"Forecast"
2027-09-04 00:00:00.000,"SA",48.58,1337.58,"Forecast"
2027-09-05 00:00:00.000,"SA",52.73,1315.34,"Forecast"
2027-09-06 00:00:00.000,"SA",63.7,1387.74,"Forecast"
2027-09-07 00:00:00.000,"SA",73.52,1444.23,"Forecast"
2027-09-08 00:00:00.000,"SA",73.37,1457.95,"Forecast"
2027-09-09 00:00:00.000,"SA",62.79,1441.99,"Forecast"
2027-09-10 00:00:00.000,"SA",50.63,1376.2,"Forecast"
2027-09-11 00:00:00.000,"SA",44.85,1277.24,"Forecast"
2027-09-12 00:00:00.000,"SA",47.97,1243.28,"Forecast"
2027-09-13 00:00:00.000,"SA",58.04,1305.92,"Forecast"
2027-09-14 00:00:00.000,"SA",67.04,1373.32,"Forecast"
2027-09-15 00:00:00.000,"SA",66.73,1393.02,"Forecast"
2027-09-16 00:00:00.000,"SA",56.56,1375.86,"Forecast"
2027-09-17 00:00:00.000,"SA",45.47,1295.52,"Forecast"
2027-09-18 00:00:00.000,"SA",39.82,1188.93,"Forecast"
2027-09-19 00:00:00.000,"SA",42.35,1156.59,"Forecast"
2027-09-20 00:00:00.000,"SA",51.41,1211.89,"Forecast"
2027-09-21 00:00:00.000,"SA",59.78,1274.86,"Forecast"
2027-09-22 00:00:00.000,"SA",59.18,1293.26,"Forecast"
2027-09-23 00:00:00.000,"SA",50.14,1270.91,"Forecast"
2027-09-24 00:00:00.000,"SA",40.72,1192.47,"Forecast"
2027-09-25 00:00:00.000,"SA",36.31,1111.85,"Forecast"
2027-09-26 00:00:00.000,"SA",38.04,1105.26,"Forecast"
2027-09-27 00:00:00.000,"SA",46.76,1157.39,"Forecast"
2027-09-28 00:00:00.000,"SA",55.13,1206.7,"Forecast"
2027-09-29 00:00:00.000,"SA",54.68,1220.74,"Forecast"
2027-09-30 00:00:00.000,"SA",46.23,1199.46,"Forecast"
2027-10-01 00:00:00.000,"SA",38.66,1129.38,"Forecast"
2027-10-02 00:00:00.000,"SA",35.01,1075.32,"Forecast"
2027-10-03 00:00:00.000,"SA",37.1,1077.45,"Forecast"
2027-10-04 00:00:00.000,"SA",45.36,1127.47,"Forecast"
2027-10-05 00:00:00.000,"SA",53.4,1172.71,"Forecast"
2027-10-06 00:00:00.000,"SA",53.14,1179.6,"Forecast"
2027-10-07 00:00:00.000,"SA",45.64,1153.55,"Forecast"
2027-10-08 00:00:00.000,"SA",38.31,1098.94,"Forecast"
2027-10-09 00:00:00.000,"SA",34.94,1051.66,"Forecast"
2027-10-10 00:00:00.000,"SA",37.17,1055.7,"Forecast"
2027-10-11 00:00:00.000,"SA",44.84,1106.18,"Forecast"
2027-10-12 00:00:00.000,"SA",52.54,1150.37,"Forecast"
2027-10-13 00:00:00.000,"SA",52.35,1158.62,"Forecast"
2027-10-14 00:00:00.000,"SA",45.67,1132.81,"Forecast"
2027-10-15 00:00:00.000,"SA",38.6,1080.99,"Forecast"
2027-10-16 00:00:00.000,"SA",35.34,1035.31,"Forecast"
2027-10-17 00:00:00.000,"SA",37.61,1040.17,"Forecast"
2027-10-18 00:00:00.000,"SA",44.7,1091.18,"Forecast"
2027-10-19 00:00:00.000,"SA",52.14,1136.09,"Forecast"
2027-10-20 00:00:00.000,"SA",51.96,1145.27,"Forecast"
2027-10-21 00:00:00.000,"SA",45.98,1120.02,"Forecast"
2027-10-22 00:00:00.000,"SA",39.14,1068.88,"Forecast"
2027-10-23 00:00:00.000,"SA",35.96,1024.05,"Forecast"
2027-10-24 00:00:00.000,"SA",38.23,1029.63,"Forecast"
2027-10-25 00:00:00.000,"SA",44.81,1081.11,"Forecast"
2027-10-26 00:00:00.000,"SA",52.05,1126.34,"Forecast"
2027-10-27 00:00:00.000,"SA",51.8,1135.77,"Forecast"
2027-10-28 00:00:00.000,"SA",46.46,1110.76,"Forecast"
2027-10-29 00:00:00.000,"SA",39.82,1060.07,"Forecast"
2027-10-30 00:00:00.000,"SA",36.71,1015.95,"Forecast"
2027-10-31 00:00:00.000,"SA",38.98,1022.22,"Forecast"
2027-11-01 00:00:00.000,"SA",45.57,1074.08,"Forecast"
2027-11-02 00:00:00.000,"SA",52.3,1119.38,"Forecast"
2027-11-03 00:00:00.000,"SA",52.32,1128.78,"Forecast"
2027-11-04 00:00:00.000,"SA",47.23,1103.85,"Forecast"
2027-11-05 00:00:00.000,"SA",40.69,1053.49,"Forecast"
2027-11-06 00:00:00.000,"SA",37.6,1010.01,"Forecast"
2027-11-07 00:00:00.000,"SA",39.85,1016.97,"Forecast"
2027-11-08 00:00:00.000,"SA",46.45,1069.18,"Forecast"
2027-11-09 00:00:00.000,"SA",52.71,1114.44,"Forecast"
2027-11-10 00:00:00.000,"SA",53.14,1123.71,"Forecast"
2027-11-11 00:00:00.000,"SA",48.15,1098.8,"Forecast"
2027-11-12 00:00:00.000,"SA",41.67,1048.75,"Forecast"
2027-11-13 00:00:00.000,"SA",38.58,1005.91,"Forecast"
2027-11-14 00:00:00.000,"SA",40.81,1013.58,"Forecast"
2027-11-15 00:00:00.000,"SA",47.43,1066.14,"Forecast"
2027-11-16 00:00:00.000,"SA",53.42,1111.3,"Forecast"
2027-11-17 00:00:00.000,"SA",54.11,1120.4,"Forecast"
2027-11-18 00:00:00.000,"SA",49.19,1095.52,"Forecast"
2027-11-19 00:00:00.000,"SA",42.73,1045.84,"Forecast"
2027-11-20 00:00:00.000,"SA",39.64,1003.69,"Forecast"
2027-11-21 00:00:00.000,"SA",41.87,1012.1,"Forecast"
2027-11-22 00:00:00.000,"SA",48.5,1065.02,"Forecast"
2027-11-23 00:00:00.000,"SA",54.5,1110.06,"Forecast"
2027-11-24 00:00:00.000,"SA",55.24,1118.98,"Forecast"
2027-11-25 00:00:00.000,"SA",50.34,1094.21,"Forecast"
2027-11-26 00:00:00.000,"SA",43.87,1044.99,"Forecast"
2027-11-27 00:00:00.000,"SA",40.76,1003.6,"Forecast"
2027-11-28 00:00:00.000,"SA",43,1012.82,"Forecast"
2027-11-29 00:00:00.000,"SA",49.66,1066.12,"Forecast"
2027-11-30 00:00:00.000,"SA",55.69,1111.01,"Forecast"
2027-12-01 00:00:00.000,"SA",56.45,1119.78,"Forecast"
2027-12-02 00:00:00.000,"SA",51.57,1095.23,"Forecast"
2027-12-03 00:00:00.000,"SA",45.07,1046.66,"Forecast"
2027-12-04 00:00:00.000,"SA",41.94,1006.16,"Forecast"
2027-12-05 00:00:00.000,"SA",44.2,1016.27,"Forecast"
2027-12-06 00:00:00.000,"SA",50.88,1069.95,"Forecast"
2027-12-07 00:00:00.000,"SA",56.95,1114.64,"Forecast"
2027-12-08 00:00:00.000,"SA",57.73,1123.29,"Forecast"
2027-12-09 00:00:00.000,"SA",52.85,1099.17,"Forecast"
2027-12-10 00:00:00.000,"SA",46.31,1051.52,"Forecast"
2027-12-11 00:00:00.000,"SA",43.17,1012.12,"Forecast"
2027-12-12 00:00:00.000,"SA",45.46,1023.22,"Forecast"
2027-12-13 00:00:00.000,"SA",52.18,1077.25,"Forecast"
2027-12-14 00:00:00.000,"SA",58.27,1121.64,"Forecast"
2027-12-15 00:00:00.000,"SA",59.07,1130.18,"Forecast"
2027-12-16 00:00:00.000,"SA",54.19,1106.67,"Forecast"
2027-12-17 00:00:00.000,"SA",47.59,1060.17,"Forecast"
2027-12-18 00:00:00.000,"SA",44.43,1022.09,"Forecast"
2027-12-19 00:00:00.000,"SA",46.79,1034.34,"Forecast"
2027-12-20 00:00:00.000,"SA",53.55,1088.67,"Forecast"
2027-12-21 00:00:00.000,"SA",59.66,1132.56,"Forecast"
2027-12-22 00:00:00.000,"SA",60.46,1140.82,"Forecast"
2027-12-23 00:00:00.000,"SA",55.56,1117.79,"Forecast"
2027-12-24 00:00:00.000,"SA",48.93,1072.3,"Forecast"
2027-12-25 00:00:00.000,"SA",45.73,1035.52,"Forecast"
2027-12-26 00:00:00.000,"SA",48.14,1049.1,"Forecast"
2027-12-27 00:00:00.000,"SA",54.94,1103.79,"Forecast"
2027-12-28 00:00:00.000,"SA",61.08,1148.4,"Forecast"
2027-12-29 00:00:00.000,"SA",61.88,1156.36,"Forecast"
2027-12-30 00:00:00.000,"SA",56.95,1131.74,"Forecast"
2027-12-31 00:00:00.000,"SA",50.28,1085.76,"Forecast"
2028-01-01 00:00:00.000,"SA",47.01,1049.75,"Forecast"
2028-01-02 00:00:00.000,"SA",49.47,1064.83,"Forecast"
2028-01-03 00:00:00.000,"SA",56.31,1121.76,"Forecast"
2028-01-04 00:00:00.000,"SA",62.48,1166.76,"Forecast"
2028-01-05 00:00:00.000,"SA",63.29,1172.43,"Forecast"
2028-01-06 00:00:00.000,"SA",58.31,1146.84,"Forecast"
2028-01-07 00:00:00.000,"SA",51.6,1098.57,"Forecast"
2028-01-08 00:00:00.000,"SA",48.23,1062.2,"Forecast"
2028-01-09 00:00:00.000,"SA",50.69,1078.47,"Forecast"
2028-01-10 00:00:00.000,"SA",57.54,1139.76,"Forecast"
2028-01-11 00:00:00.000,"SA",63.77,1187.47,"Forecast"
2028-01-12 00:00:00.000,"SA",64.6,1191.13,"Forecast"
2028-01-13 00:00:00.000,"SA",59.59,1161.72,"Forecast"
2028-01-14 00:00:00.000,"SA",52.81,1110.4,"Forecast"
2028-01-15 00:00:00.000,"SA",49.32,1072.11,"Forecast"
2028-01-16 00:00:00.000,"SA",51.77,1089.96,"Forecast"
2028-01-17 00:00:00.000,"SA",58.63,1156.24,"Forecast"
2028-01-18 00:00:00.000,"SA",64.98,1209.86,"Forecast"
2028-01-19 00:00:00.000,"SA",65.84,1215.06,"Forecast"
2028-01-20 00:00:00.000,"SA",60.85,1183.4,"Forecast"
2028-01-21 00:00:00.000,"SA",54.03,1122.88,"Forecast"
2028-01-22 00:00:00.000,"SA",50.42,1080.19,"Forecast"
2028-01-23 00:00:00.000,"SA",52.77,1100.14,"Forecast"
2028-01-24 00:00:00.000,"SA",59.61,1170.94,"Forecast"
2028-01-25 00:00:00.000,"SA",66.12,1229.33,"Forecast"
2028-01-26 00:00:00.000,"SA",66.93,1237.09,"Forecast"
2028-01-27 00:00:00.000,"SA",61.95,1204.33,"Forecast"
2028-01-28 00:00:00.000,"SA",55.11,1137.6,"Forecast"
2028-01-29 00:00:00.000,"SA",51.43,1088.62,"Forecast"
2028-01-30 00:00:00.000,"SA",53.68,1108.12,"Forecast"
2028-01-31 00:00:00.000,"SA",60.47,1183.52,"Forecast"
2028-02-01 00:00:00.000,"SA",67.14,1246.6,"Forecast"
2028-02-02 00:00:00.000,"SA",67.88,1254.98,"Forecast"
2028-02-03 00:00:00.000,"SA",62.87,1223.85,"Forecast"
2028-02-04 00:00:00.000,"SA",56.04,1152.7,"Forecast"
2028-02-05 00:00:00.000,"SA",52.31,1096.69,"Forecast"
2028-02-06 00:00:00.000,"SA",54.47,1114.94,"Forecast"
2028-02-07 00:00:00.000,"SA",61.19,1193.49,"Forecast"
2028-02-08 00:00:00.000,"SA",68.13,1258.72,"Forecast"
2028-02-09 00:00:00.000,"SA",68.77,1267.56,"Forecast"
2028-02-10 00:00:00.000,"SA",63.63,1238.47,"Forecast"
2028-02-11 00:00:00.000,"SA",56.77,1167.32,"Forecast"
2028-02-12 00:00:00.000,"SA",53.04,1105.85,"Forecast"
2028-02-13 00:00:00.000,"SA",55.15,1121.56,"Forecast"
2028-02-14 00:00:00.000,"SA",61.84,1202.15,"Forecast"
2028-02-15 00:00:00.000,"SA",69.2,1269.31,"Forecast"
2028-02-16 00:00:00.000,"SA",69.7,1278.92,"Forecast"
2028-02-17 00:00:00.000,"SA",64.31,1250.48,"Forecast"
2028-02-18 00:00:00.000,"SA",57.37,1179.51,"Forecast"
2028-02-19 00:00:00.000,"SA",53.63,1113.85,"Forecast"
2028-02-20 00:00:00.000,"SA",55.69,1126.81,"Forecast"
2028-02-21 00:00:00.000,"SA",62.53,1208.74,"Forecast"
2028-02-22 00:00:00.000,"SA",70.23,1276.9,"Forecast"
2028-02-23 00:00:00.000,"SA",70.58,1286.86,"Forecast"
2028-02-24 00:00:00.000,"SA",64.85,1258.3,"Forecast"
2028-02-25 00:00:00.000,"SA",57.8,1187.58,"Forecast"
2028-02-26 00:00:00.000,"SA",54.02,1119.35,"Forecast"
2028-02-27 00:00:00.000,"SA",56.05,1130.33,"Forecast"
2028-02-28 00:00:00.000,"SA",63.17,1212.55,"Forecast"
2028-02-29 00:00:00.000,"SA",71.19,1280.83,"Forecast"
2028-03-01 00:00:00.000,"SA",71.63,1290.87,"Forecast"
2028-03-02 00:00:00.000,"SA",65.31,1263.07,"Forecast"
2028-03-03 00:00:00.000,"SA",58.11,1192.48,"Forecast"
2028-03-04 00:00:00.000,"SA",54.27,1122.51,"Forecast"
2028-03-05 00:00:00.000,"SA",56.26,1131.89,"Forecast"
2028-03-06 00:00:00.000,"SA",63.93,1213.26,"Forecast"
2028-03-07 00:00:00.000,"SA",72.11,1280.79,"Forecast"
2028-03-08 00:00:00.000,"SA",72.62,1290.65,"Forecast"
2028-03-09 00:00:00.000,"SA",65.63,1263.42,"Forecast"
2028-03-10 00:00:00.000,"SA",58.24,1193.6,"Forecast"
2028-03-11 00:00:00.000,"SA",54.33,1124.49,"Forecast"
2028-03-12 00:00:00.000,"SA",56.32,1132.23,"Forecast"
2028-03-13 00:00:00.000,"SA",64.59,1212.1,"Forecast"
2028-03-14 00:00:00.000,"SA",72.97,1277.6,"Forecast"
2028-03-15 00:00:00.000,"SA",73.52,1286.55,"Forecast"
2028-03-16 00:00:00.000,"SA",65.96,1261.53,"Forecast"
2028-03-17 00:00:00.000,"SA",58.27,1192.57,"Forecast"
2028-03-18 00:00:00.000,"SA",54.27,1125.43,"Forecast"
2028-03-19 00:00:00.000,"SA",56.25,1131.89,"Forecast"
2028-03-20 00:00:00.000,"SA",65.18,1209,"Forecast"
2028-03-21 00:00:00.000,"SA",74.06,1271.34,"Forecast"
2028-03-22 00:00:00.000,"SA",74.43,1281.38,"Forecast"
2028-03-23 00:00:00.000,"SA",66.36,1262.08,"Forecast"
2028-03-24 00:00:00.000,"SA",58.28,1194.21,"Forecast"
2028-03-25 00:00:00.000,"SA",54.18,1127.55,"Forecast"
2028-03-26 00:00:00.000,"SA",56.36,1132.05,"Forecast"
2028-03-27 00:00:00.000,"SA",65.82,1205.45,"Forecast"
2028-03-28 00:00:00.000,"SA",75.5,1264.1,"Forecast"
2028-03-29 00:00:00.000,"SA",75.58,1278.2,"Forecast"
2028-03-30 00:00:00.000,"SA",67.3,1264.36,"Forecast"
2028-03-31 00:00:00.000,"SA",58.42,1200.45,"Forecast"
2028-04-01 00:00:00.000,"SA",54.15,1131.96,"Forecast"
2028-04-02 00:00:00.000,"SA",56.94,1134.09,"Forecast"
2028-04-03 00:00:00.000,"SA",66.93,1204.08,"Forecast"
2028-04-04 00:00:00.000,"SA",77.21,1261.36,"Forecast"
2028-04-05 00:00:00.000,"SA",77.9,1279.83,"Forecast"
2028-04-06 00:00:00.000,"SA",68.73,1271.11,"Forecast"
2028-04-07 00:00:00.000,"SA",58.84,1210.71,"Forecast"
2028-04-08 00:00:00.000,"SA",54.21,1138.64,"Forecast"
2028-04-09 00:00:00.000,"SA",57.62,1137.91,"Forecast"
2028-04-10 00:00:00.000,"SA",68.11,1205.2,"Forecast"
2028-04-11 00:00:00.000,"SA",79.41,1266.64,"Forecast"
2028-04-12 00:00:00.000,"SA",80.65,1289.74,"Forecast"
2028-04-13 00:00:00.000,"SA",70.42,1283.67,"Forecast"
2028-04-14 00:00:00.000,"SA",59.82,1225.83,"Forecast"
2028-04-15 00:00:00.000,"SA",54.89,1152.06,"Forecast"
2028-04-16 00:00:00.000,"SA",58.6,1146.3,"Forecast"
2028-04-17 00:00:00.000,"SA",69.92,1212.53,"Forecast"
2028-04-18 00:00:00.000,"SA",81.72,1279.2,"Forecast"
2028-04-19 00:00:00.000,"SA",83.28,1306.06,"Forecast"
2028-04-20 00:00:00.000,"SA",72.3,1302.22,"Forecast"
2028-04-21 00:00:00.000,"SA",61.25,1247.85,"Forecast"
2028-04-22 00:00:00.000,"SA",56.2,1172.48,"Forecast"
2028-04-23 00:00:00.000,"SA",59.85,1162.49,"Forecast"
2028-04-24 00:00:00.000,"SA",71.94,1233.8,"Forecast"
2028-04-25 00:00:00.000,"SA",84.01,1303.64,"Forecast"
2028-04-26 00:00:00.000,"SA",85.69,1334.49,"Forecast"
2028-04-27 00:00:00.000,"SA",74.87,1333.29,"Forecast"
2028-04-28 00:00:00.000,"SA",63.01,1283.24,"Forecast"
2028-04-29 00:00:00.000,"SA",57.78,1203.5,"Forecast"
2028-04-30 00:00:00.000,"SA",61.64,1190.29,"Forecast"
2028-05-01 00:00:00.000,"SA",73.96,1268.04,"Forecast"
2028-05-02 00:00:00.000,"SA",86.03,1343.08,"Forecast"
2028-05-03 00:00:00.000,"SA",87.65,1375.86,"Forecast"
2028-05-04 00:00:00.000,"SA",76.61,1376.72,"Forecast"
2028-05-05 00:00:00.000,"SA",64.51,1333.64,"Forecast"
2028-05-06 00:00:00.000,"SA",59.34,1256.58,"Forecast"
2028-05-07 00:00:00.000,"SA",63.75,1243.66,"Forecast"
2028-05-08 00:00:00.000,"SA",76.33,1330.12,"Forecast"
2028-05-09 00:00:00.000,"SA",88.22,1404.04,"Forecast"
2028-05-10 00:00:00.000,"SA",89.48,1436.27,"Forecast"
2028-05-11 00:00:00.000,"SA",78.64,1437.08,"Forecast"
2028-05-12 00:00:00.000,"SA",66.31,1404.61,"Forecast"
2028-05-13 00:00:00.000,"SA",61.3,1337.57,"Forecast"
2028-05-14 00:00:00.000,"SA",66.57,1333.97,"Forecast"
2028-05-15 00:00:00.000,"SA",79.74,1417.45,"Forecast"
2028-05-16 00:00:00.000,"SA",91.1,1478.21,"Forecast"
2028-05-17 00:00:00.000,"SA",91.59,1500.51,"Forecast"
2028-05-18 00:00:00.000,"SA",80.85,1497.5,"Forecast"
2028-05-19 00:00:00.000,"SA",68.3,1469.11,"Forecast"
2028-05-20 00:00:00.000,"SA",63.43,1411.3,"Forecast"
2028-05-21 00:00:00.000,"SA",69.52,1415.73,"Forecast"
2028-05-22 00:00:00.000,"SA",83,1485.68,"Forecast"
2028-05-23 00:00:00.000,"SA",94.68,1534.03,"Forecast"
2028-05-24 00:00:00.000,"SA",94.63,1550.97,"Forecast"
2028-05-25 00:00:00.000,"SA",83.33,1544.41,"Forecast"
2028-05-26 00:00:00.000,"SA",70.53,1515.16,"Forecast"
2028-05-27 00:00:00.000,"SA",65.58,1461.56,"Forecast"
2028-05-28 00:00:00.000,"SA",71.74,1467.65,"Forecast"
2028-05-29 00:00:00.000,"SA",85.43,1528.26,"Forecast"
2028-05-30 00:00:00.000,"SA",98.34,1572.01,"Forecast"
2028-05-31 00:00:00.000,"SA",98.72,1586.24,"Forecast"
2028-06-01 00:00:00.000,"SA",86.16,1577.19,"Forecast"
2028-06-02 00:00:00.000,"SA",72.48,1545.46,"Forecast"
2028-06-03 00:00:00.000,"SA",67.49,1495.08,"Forecast"
2028-06-04 00:00:00.000,"SA",73.64,1502.4,"Forecast"
2028-06-05 00:00:00.000,"SA",87.46,1556.55,"Forecast"
2028-06-06 00:00:00.000,"SA",101.41,1597.12,"Forecast"
2028-06-07 00:00:00.000,"SA",102.19,1609.49,"Forecast"
2028-06-08 00:00:00.000,"SA",88.6,1598.7,"Forecast"
2028-06-09 00:00:00.000,"SA",74.28,1565.22,"Forecast"
2028-06-10 00:00:00.000,"SA",69.14,1516.56,"Forecast"
2028-06-11 00:00:00.000,"SA",75.21,1523.42,"Forecast"
2028-06-12 00:00:00.000,"SA",89.61,1573.96,"Forecast"
2028-06-13 00:00:00.000,"SA",104.06,1612.74,"Forecast"
2028-06-14 00:00:00.000,"SA",105.05,1623.94,"Forecast"
2028-06-15 00:00:00.000,"SA",90.97,1611.99,"Forecast"
2028-06-16 00:00:00.000,"SA",75.95,1577.31,"Forecast"
2028-06-17 00:00:00.000,"SA",70.33,1528.68,"Forecast"
2028-06-18 00:00:00.000,"SA",76.29,1535.01,"Forecast"
2028-06-19 00:00:00.000,"SA",91.24,1583.73,"Forecast"
2028-06-20 00:00:00.000,"SA",105.93,1621.52,"Forecast"
2028-06-21 00:00:00.000,"SA",107.03,1631.99,"Forecast"
2028-06-22 00:00:00.000,"SA",92.92,1619.24,"Forecast"
2028-06-23 00:00:00.000,"SA",77.15,1583.7,"Forecast"
2028-06-24 00:00:00.000,"SA",71.09,1534.6,"Forecast"
2028-06-25 00:00:00.000,"SA",76.87,1540.21,"Forecast"
2028-06-26 00:00:00.000,"SA",92.11,1588,"Forecast"
2028-06-27 00:00:00.000,"SA",106.89,1625.2,"Forecast"
2028-06-28 00:00:00.000,"SA",108.03,1635.16,"Forecast"
2028-06-29 00:00:00.000,"SA",93.87,1621.81,"Forecast"
2028-06-30 00:00:00.000,"SA",77.62,1585.59,"Forecast"
2028-07-01 00:00:00.000,"SA",71.33,1535.52,"Forecast"
2028-07-02 00:00:00.000,"SA",76.91,1540.19,"Forecast"
2028-07-03 00:00:00.000,"SA",92.16,1587.76,"Forecast"
2028-07-04 00:00:00.000,"SA",106.92,1624.66,"Forecast"
2028-07-05 00:00:00.000,"SA",108.02,1634.23,"Forecast"
2028-07-06 00:00:00.000,"SA",93.79,1620.4,"Forecast"
2028-07-07 00:00:00.000,"SA",77.33,1583.6,"Forecast"
2028-07-08 00:00:00.000,"SA",71.04,1532.05,"Forecast"
2028-07-09 00:00:00.000,"SA",76.37,1535.56,"Forecast"
2028-07-10 00:00:00.000,"SA",91.39,1583.52,"Forecast"
2028-07-11 00:00:00.000,"SA",105.99,1620.33,"Forecast"
2028-07-12 00:00:00.000,"SA",106.98,1629.59,"Forecast"
2028-07-13 00:00:00.000,"SA",92.65,1615.33,"Forecast"
2028-07-14 00:00:00.000,"SA",76.25,1578.04,"Forecast"
2028-07-15 00:00:00.000,"SA",70.18,1524.52,"Forecast"
2028-07-16 00:00:00.000,"SA",75.25,1526.64,"Forecast"
2028-07-17 00:00:00.000,"SA",89.79,1575.54,"Forecast"
2028-07-18 00:00:00.000,"SA",104.1,1612.44,"Forecast"
2028-07-19 00:00:00.000,"SA",104.91,1621.44,"Forecast"
2028-07-20 00:00:00.000,"SA",90.46,1606.79,"Forecast"
2028-07-21 00:00:00.000,"SA",74.75,1569.08,"Forecast"
2028-07-22 00:00:00.000,"SA",68.63,1513.11,"Forecast"
2028-07-23 00:00:00.000,"SA",73.52,1513.63,"Forecast"
2028-07-24 00:00:00.000,"SA",87.35,1563.98,"Forecast"
2028-07-25 00:00:00.000,"SA",101.26,1601.13,"Forecast"
2028-07-26 00:00:00.000,"SA",101.82,1609.91,"Forecast"
2028-07-27 00:00:00.000,"SA",87.24,1594.92,"Forecast"
2028-07-28 00:00:00.000,"SA",72.68,1556.84,"Forecast"
2028-07-29 00:00:00.000,"SA",66.53,1497.19,"Forecast"
2028-07-30 00:00:00.000,"SA",71.48,1495.73,"Forecast"
2028-07-31 00:00:00.000,"SA",84.21,1548.57,"Forecast"
2028-08-01 00:00:00.000,"SA",97.56,1586.29,"Forecast"
2028-08-02 00:00:00.000,"SA",97.78,1594.94,"Forecast"
2028-08-03 00:00:00.000,"SA",83.61,1579.67,"Forecast"
2028-08-04 00:00:00.000,"SA",69.87,1541.31,"Forecast"
2028-08-05 00:00:00.000,"SA",63.84,1477.25,"Forecast"
2028-08-06 00:00:00.000,"SA",68.86,1473,"Forecast"
2028-08-07 00:00:00.000,"SA",81.08,1529.36,"Forecast"
2028-08-08 00:00:00.000,"SA",93.36,1567.98,"Forecast"
2028-08-09 00:00:00.000,"SA",93.04,1576.6,"Forecast"
2028-08-10 00:00:00.000,"SA",79.77,1561.11,"Forecast"
2028-08-11 00:00:00.000,"SA",66.51,1521.36,"Forecast"
2028-08-12 00:00:00.000,"SA",60.67,1452.85,"Forecast"
2028-08-13 00:00:00.000,"SA",65.59,1445.82,"Forecast"
2028-08-14 00:00:00.000,"SA",77.52,1506.47,"Forecast"
2028-08-15 00:00:00.000,"SA",88.47,1546.26,"Forecast"
2028-08-16 00:00:00.000,"SA",87.52,1554.9,"Forecast"
2028-08-17 00:00:00.000,"SA",75.9,1539.28,"Forecast"
2028-08-18 00:00:00.000,"SA",62.88,1496.84,"Forecast"
2028-08-19 00:00:00.000,"SA",57.13,1423.98,"Forecast"
2028-08-20 00:00:00.000,"SA",61.93,1414.25,"Forecast"
2028-08-21 00:00:00.000,"SA",73.56,1479.89,"Forecast"
2028-08-22 00:00:00.000,"SA",83.71,1521.14,"Forecast"
2028-08-23 00:00:00.000,"SA",82.9,1529.91,"Forecast"
2028-08-24 00:00:00.000,"SA",72.3,1514.25,"Forecast"
2028-08-25 00:00:00.000,"SA",59.24,1465.84,"Forecast"
2028-08-26 00:00:00.000,"SA",53.38,1387.25,"Forecast"
2028-08-27 00:00:00.000,"SA",57.87,1373.79,"Forecast"
2028-08-28 00:00:00.000,"SA",69.39,1444.5,"Forecast"
2028-08-29 00:00:00.000,"SA",79.17,1490.17,"Forecast"
2028-08-30 00:00:00.000,"SA",78.37,1500.06,"Forecast"
2028-08-31 00:00:00.000,"SA",67.98,1484.74,"Forecast"
2028-09-01 00:00:00.000,"SA",55.11,1429.98,"Forecast"
2028-09-02 00:00:00.000,"SA",49.2,1344.57,"Forecast"
2028-09-03 00:00:00.000,"SA",53.4,1324.04,"Forecast"
2028-09-04 00:00:00.000,"SA",64.46,1396.79,"Forecast"
2028-09-05 00:00:00.000,"SA",74.29,1451.51,"Forecast"
2028-09-06 00:00:00.000,"SA",74.17,1464.16,"Forecast"
2028-09-07 00:00:00.000,"SA",63.55,1448.33,"Forecast"
2028-09-08 00:00:00.000,"SA",51.24,1384.35,"Forecast"
2028-09-09 00:00:00.000,"SA",45.44,1287.43,"Forecast"
2028-09-10 00:00:00.000,"SA",48.72,1255.16,"Forecast"
2028-09-11 00:00:00.000,"SA",58.93,1319.42,"Forecast"
2028-09-12 00:00:00.000,"SA",68.06,1385.79,"Forecast"
2028-09-13 00:00:00.000,"SA",67.79,1405.17,"Forecast"
2028-09-14 00:00:00.000,"SA",57.45,1389.11,"Forecast"
2028-09-15 00:00:00.000,"SA",46.3,1310.58,"Forecast"
2028-09-16 00:00:00.000,"SA",40.65,1202.04,"Forecast"
2028-09-17 00:00:00.000,"SA",43.18,1168.04,"Forecast"
2028-09-18 00:00:00.000,"SA",52.36,1224.8,"Forecast"
2028-09-19 00:00:00.000,"SA",60.78,1289.49,"Forecast"
2028-09-20 00:00:00.000,"SA",60.23,1306.88,"Forecast"
2028-09-21 00:00:00.000,"SA",51.01,1284.92,"Forecast"
2028-09-22 00:00:00.000,"SA",41.21,1204.71,"Forecast"
2028-09-23 00:00:00.000,"SA",36.62,1118.82,"Forecast"
2028-09-24 00:00:00.000,"SA",38.38,1110.16,"Forecast"
2028-09-25 00:00:00.000,"SA",47.12,1163.12,"Forecast"
2028-09-26 00:00:00.000,"SA",55.53,1212.76,"Forecast"
2028-09-27 00:00:00.000,"SA",55.02,1227.74,"Forecast"
2028-09-28 00:00:00.000,"SA",46.55,1207.36,"Forecast"
2028-09-29 00:00:00.000,"SA",38.82,1135.99,"Forecast"
2028-09-30 00:00:00.000,"SA",35.1,1079.7,"Forecast"
2028-10-01 00:00:00.000,"SA",37.14,1081.14,"Forecast"
2028-10-02 00:00:00.000,"SA",45.49,1131.02,"Forecast"
2028-10-03 00:00:00.000,"SA",53.58,1177.4,"Forecast"
2028-10-04 00:00:00.000,"SA",53.31,1184.59,"Forecast"
2028-10-05 00:00:00.000,"SA",45.69,1158.1,"Forecast"
2028-10-06 00:00:00.000,"SA",38.32,1102.28,"Forecast"
2028-10-07 00:00:00.000,"SA",34.91,1054.5,"Forecast"
2028-10-08 00:00:00.000,"SA",37.14,1058.39,"Forecast"
2028-10-09 00:00:00.000,"SA",44.89,1108.8,"Forecast"
2028-10-10 00:00:00.000,"SA",52.64,1152.88,"Forecast"
2028-10-11 00:00:00.000,"SA",52.44,1160.59,"Forecast"
2028-10-12 00:00:00.000,"SA",45.64,1134.9,"Forecast"
2028-10-13 00:00:00.000,"SA",38.54,1083.07,"Forecast"
2028-10-14 00:00:00.000,"SA",35.27,1037.29,"Forecast"
2028-10-15 00:00:00.000,"SA",37.53,1042.05,"Forecast"
2028-10-16 00:00:00.000,"SA",44.7,1092.98,"Forecast"
2028-10-17 00:00:00.000,"SA",52.17,1137.8,"Forecast"
2028-10-18 00:00:00.000,"SA",52,1146.91,"Forecast"
2028-10-19 00:00:00.000,"SA",45.93,1121.59,"Forecast"
2028-10-20 00:00:00.000,"SA",39.05,1070.36,"Forecast"
2028-10-21 00:00:00.000,"SA",35.87,1025.42,"Forecast"
2028-10-22 00:00:00.000,"SA",38.14,1030.9,"Forecast"
2028-10-23 00:00:00.000,"SA",44.76,1082.32,"Forecast"
2028-10-24 00:00:00.000,"SA",52.04,1127.52,"Forecast"
2028-10-25 00:00:00.000,"SA",51.81,1136.94,"Forecast"
2028-10-26 00:00:00.000,"SA",46.38,1111.92,"Forecast"
2028-10-27 00:00:00.000,"SA",39.72,1061.18,"Forecast"
2028-10-28 00:00:00.000,"SA",36.6,1016.96,"Forecast"
2028-10-29 00:00:00.000,"SA",38.87,1023.14,"Forecast"
2028-10-30 00:00:00.000,"SA",45.46,1074.94,"Forecast"
2028-10-31 00:00:00.000,"SA",52.26,1120.24,"Forecast"
2028-11-01 00:00:00.000,"SA",52.22,1129.65,"Forecast"
2028-11-02 00:00:00.000,"SA",47.1,1104.72,"Forecast"
2028-11-03 00:00:00.000,"SA",40.56,1054.31,"Forecast"
2028-11-04 00:00:00.000,"SA",37.47,1010.74,"Forecast"
2028-11-05 00:00:00.000,"SA",39.72,1017.6,"Forecast"
2028-11-06 00:00:00.000,"SA",46.32,1069.76,"Forecast"
2028-11-07 00:00:00.000,"SA",52.65,1115.03,"Forecast"
2028-11-08 00:00:00.000,"SA",53.02,1124.32,"Forecast"
2028-11-09 00:00:00.000,"SA",48.01,1099.41,"Forecast"
2028-11-10 00:00:00.000,"SA",41.52,1049.32,"Forecast"
2028-11-11 00:00:00.000,"SA",38.44,1006.39,"Forecast"
2028-11-12 00:00:00.000,"SA",40.67,1013.95,"Forecast"
2028-11-13 00:00:00.000,"SA",47.29,1066.46,"Forecast"
2028-11-14 00:00:00.000,"SA",53.29,1111.64,"Forecast"
2028-11-15 00:00:00.000,"SA",53.96,1120.76,"Forecast"
2028-11-16 00:00:00.000,"SA",49.03,1095.88,"Forecast"
2028-11-17 00:00:00.000,"SA",42.57,1046.14,"Forecast"
2028-11-18 00:00:00.000,"SA",39.48,1003.88,"Forecast"
2028-11-19 00:00:00.000,"SA",41.71,1012.18,"Forecast"
2028-11-20 00:00:00.000,"SA",48.35,1065.05,"Forecast"
2028-11-21 00:00:00.000,"SA",54.34,1110.11,"Forecast"
2028-11-22 00:00:00.000,"SA",55.07,1119.06,"Forecast"
2028-11-23 00:00:00.000,"SA",50.17,1094.27,"Forecast"
2028-11-24 00:00:00.000,"SA",43.71,1044.97,"Forecast"
2028-11-25 00:00:00.000,"SA",40.6,1003.46,"Forecast"
2028-11-26 00:00:00.000,"SA",42.83,1012.56,"Forecast"
2028-11-27 00:00:00.000,"SA",49.49,1065.81,"Forecast"
2028-11-28 00:00:00.000,"SA",55.51,1110.72,"Forecast"
2028-11-29 00:00:00.000,"SA",56.28,1119.51,"Forecast"
2028-11-30 00:00:00.000,"SA",51.39,1094.92,"Forecast"
2028-12-01 00:00:00.000,"SA",44.89,1046.25,"Forecast"
2028-12-02 00:00:00.000,"SA",41.77,1005.61,"Forecast"
2028-12-03 00:00:00.000,"SA",44.02,1015.58,"Forecast"
2028-12-04 00:00:00.000,"SA",50.7,1069.21,"Forecast"
2028-12-05 00:00:00.000,"SA",56.76,1113.93,"Forecast"
2028-12-06 00:00:00.000,"SA",57.55,1122.6,"Forecast"
2028-12-07 00:00:00.000,"SA",52.67,1098.41,"Forecast"
2028-12-08 00:00:00.000,"SA",46.13,1050.6,"Forecast"
2028-12-09 00:00:00.000,"SA",42.99,1011.03,"Forecast"
2028-12-10 00:00:00.000,"SA",45.28,1021.98,"Forecast"
2028-12-11 00:00:00.000,"SA",51.99,1075.96,"Forecast"
2028-12-12 00:00:00.000,"SA",58.08,1120.4,"Forecast"
2028-12-13 00:00:00.000,"SA",58.88,1128.97,"Forecast"
2028-12-14 00:00:00.000,"SA",53.99,1105.37,"Forecast"
2028-12-15 00:00:00.000,"SA",47.4,1058.7,"Forecast"
2028-12-16 00:00:00.000,"SA",44.25,1020.42,"Forecast"
2028-12-17 00:00:00.000,"SA",46.59,1032.49,"Forecast"
2028-12-18 00:00:00.000,"SA",53.35,1086.78,"Forecast"
2028-12-19 00:00:00.000,"SA",59.46,1130.75,"Forecast"
2028-12-20 00:00:00.000,"SA",60.26,1139.08,"Forecast"
2028-12-21 00:00:00.000,"SA",55.36,1116.02,"Forecast"
2028-12-22 00:00:00.000,"SA",48.74,1070.42,"Forecast"
2028-12-23 00:00:00.000,"SA",45.55,1033.47,"Forecast"
2028-12-24 00:00:00.000,"SA",47.95,1046.85,"Forecast"
2028-12-25 00:00:00.000,"SA",54.74,1101.48,"Forecast"
2028-12-26 00:00:00.000,"SA",60.88,1145.9,"Forecast"
2028-12-27 00:00:00.000,"SA",61.68,1153.89,"Forecast"
2028-12-28 00:00:00.000,"SA",56.75,1129.57,"Forecast"
2028-12-29 00:00:00.000,"SA",50.09,1083.84,"Forecast"
2028-12-30 00:00:00.000,"SA",46.83,1047.79,"Forecast"
2028-12-31 00:00:00.000,"SA",49.27,1062.65,"Forecast"
2029-01-01 00:00:00.000,"SA",56.1,1119.13,"Forecast"
2029-01-02 00:00:00.000,"SA",62.22,1164.02,"Forecast"
2029-01-03 00:00:00.000,"SA",63,1170.22,"Forecast"
2029-01-04 00:00:00.000,"SA",58.02,1144.69,"Forecast"
2029-01-05 00:00:00.000,"SA",51.3,1096.65,"Forecast"
2029-01-06 00:00:00.000,"SA",47.94,1060.3,"Forecast"
2029-01-07 00:00:00.000,"SA",50.39,1076.36,"Forecast"
2029-01-08 00:00:00.000,"SA",57.23,1136.68,"Forecast"
2029-01-09 00:00:00.000,"SA",63.44,1183.29,"Forecast"
2029-01-10 00:00:00.000,"SA",64.26,1186.85,"Forecast"
2029-01-11 00:00:00.000,"SA",59.25,1158.13,"Forecast"
2029-01-12 00:00:00.000,"SA",52.47,1108.06,"Forecast"
2029-01-13 00:00:00.000,"SA",49.02,1070.47,"Forecast"
2029-01-14 00:00:00.000,"SA",51.48,1088.07,"Forecast"
2029-01-15 00:00:00.000,"SA",58.34,1153.27,"Forecast"
2029-01-16 00:00:00.000,"SA",64.64,1205.81,"Forecast"
2029-01-17 00:00:00.000,"SA",65.51,1210.7,"Forecast"
2029-01-18 00:00:00.000,"SA",60.53,1179.23,"Forecast"
2029-01-19 00:00:00.000,"SA",53.72,1120.43,"Forecast"
2029-01-20 00:00:00.000,"SA",50.13,1078.56,"Forecast"
2029-01-21 00:00:00.000,"SA",52.5,1098.23,"Forecast"
2029-01-22 00:00:00.000,"SA",59.34,1168.08,"Forecast"
2029-01-23 00:00:00.000,"SA",65.8,1225.35,"Forecast"
2029-01-24 00:00:00.000,"SA",66.64,1232.61,"Forecast"
2029-01-25 00:00:00.000,"SA",61.66,1199.56,"Forecast"
2029-01-26 00:00:00.000,"SA",54.82,1134.22,"Forecast"
2029-01-27 00:00:00.000,"SA",51.15,1086.78,"Forecast"
2029-01-28 00:00:00.000,"SA",53.43,1106.54,"Forecast"
2029-01-29 00:00:00.000,"SA",60.23,1181.08,"Forecast"
2029-01-30 00:00:00.000,"SA",66.85,1243.29,"Forecast"
2029-01-31 00:00:00.000,"SA",67.62,1251.71,"Forecast"
2029-02-01 00:00:00.000,"SA",62.63,1220.14,"Forecast"
2029-02-02 00:00:00.000,"SA",55.8,1149.57,"Forecast"
2029-02-03 00:00:00.000,"SA",52.08,1094.86,"Forecast"
2029-02-04 00:00:00.000,"SA",54.26,1113.4,"Forecast"
2029-02-05 00:00:00.000,"SA",60.99,1191.43,"Forecast"
2029-02-06 00:00:00.000,"SA",67.8,1256.44,"Forecast"
2029-02-07 00:00:00.000,"SA",68.48,1264.95,"Forecast"
2029-02-08 00:00:00.000,"SA",63.41,1235.35,"Forecast"
2029-02-09 00:00:00.000,"SA",56.57,1164.05,"Forecast"
2029-02-10 00:00:00.000,"SA",52.84,1103.68,"Forecast"
2029-02-11 00:00:00.000,"SA",54.96,1120.12,"Forecast"
2029-02-12 00:00:00.000,"SA",61.64,1200.33,"Forecast"
2029-02-13 00:00:00.000,"SA",68.88,1267.23,"Forecast"
2029-02-14 00:00:00.000,"SA",69.43,1276.75,"Forecast"
2029-02-15 00:00:00.000,"SA",64.12,1248.33,"Forecast"
2029-02-16 00:00:00.000,"SA",57.22,1177.26,"Forecast"
2029-02-17 00:00:00.000,"SA",53.48,1112.3,"Forecast"
2029-02-18 00:00:00.000,"SA",55.55,1125.8,"Forecast"
2029-02-19 00:00:00.000,"SA",62.34,1207.58,"Forecast"
2029-02-20 00:00:00.000,"SA",69.94,1275.67,"Forecast"
2029-02-21 00:00:00.000,"SA",70.3,1285.6,"Forecast"
2029-02-22 00:00:00.000,"SA",64.7,1257.03,"Forecast"
2029-02-23 00:00:00.000,"SA",57.69,1186.21,"Forecast"
2029-02-24 00:00:00.000,"SA",53.92,1118.43,"Forecast"
2029-02-25 00:00:00.000,"SA",55.96,1129.8,"Forecast"
2029-02-26 00:00:00.000,"SA",62.92,1212.17,"Forecast"
2029-02-27 00:00:00.000,"SA",70.89,1280.6,"Forecast"
2029-02-28 00:00:00.000,"SA",71.32,1290.68,"Forecast"
2029-03-01 00:00:00.000,"SA",65.19,1262.69,"Forecast"
2029-03-02 00:00:00.000,"SA",58.04,1192.05,"Forecast"
2029-03-03 00:00:00.000,"SA",54.21,1122.22,"Forecast"
2029-03-04 00:00:00.000,"SA",56.22,1131.89,"Forecast"
2029-03-05 00:00:00.000,"SA",63.71,1213.69,"Forecast"
2029-03-06 00:00:00.000,"SA",71.85,1281.63,"Forecast"
2029-03-07 00:00:00.000,"SA",72.34,1291.62,"Forecast"
2029-03-08 00:00:00.000,"SA",65.56,1264.3,"Forecast"
2029-03-09 00:00:00.000,"SA",58.22,1194.09,"Forecast"
2029-03-10 00:00:00.000,"SA",54.33,1124.43,"Forecast"
2029-03-11 00:00:00.000,"SA",56.31,1132.55,"Forecast"
2029-03-12 00:00:00.000,"SA",64.41,1213.01,"Forecast"
2029-03-13 00:00:00.000,"SA",72.72,1279.3,"Forecast"
2029-03-14 00:00:00.000,"SA",73.27,1288.6,"Forecast"
2029-03-15 00:00:00.000,"SA",65.84,1262.72,"Forecast"
2029-03-16 00:00:00.000,"SA",58.26,1193.5,"Forecast"
2029-03-17 00:00:00.000,"SA",54.3,1125.39,"Forecast"
2029-03-18 00:00:00.000,"SA",56.27,1132.15,"Forecast"
2029-03-19 00:00:00.000,"SA",65.01,1210.3,"Forecast"
2029-03-20 00:00:00.000,"SA",73.73,1273.76,"Forecast"
2029-03-21 00:00:00.000,"SA",74.17,1283.2,"Forecast"
2029-03-22 00:00:00.000,"SA",66.25,1262.29,"Forecast"
2029-03-23 00:00:00.000,"SA",58.29,1193.81,"Forecast"
2029-03-24 00:00:00.000,"SA",54.21,1127.05,"Forecast"
2029-03-25 00:00:00.000,"SA",56.32,1131.93,"Forecast"
2029-03-26 00:00:00.000,"SA",65.62,1206.41,"Forecast"
2029-03-27 00:00:00.000,"SA",75.06,1266.3,"Forecast"
2029-03-28 00:00:00.000,"SA",75.12,1279.36,"Forecast"
2029-03-29 00:00:00.000,"SA",66.98,1263.9,"Forecast"
2029-03-30 00:00:00.000,"SA",58.36,1198.68,"Forecast"
2029-03-31 00:00:00.000,"SA",54.15,1130.73,"Forecast"
2029-04-01 00:00:00.000,"SA",56.75,1133.53,"Forecast"
2029-04-02 00:00:00.000,"SA",66.57,1204.52,"Forecast"
2029-04-03 00:00:00.000,"SA",76.64,1261.76,"Forecast"
2029-04-04 00:00:00.000,"SA",77.11,1278.82,"Forecast"
2029-04-05 00:00:00.000,"SA",68.26,1268.95,"Forecast"
2029-04-06 00:00:00.000,"SA",58.63,1207.67,"Forecast"
2029-04-07 00:00:00.000,"SA",54.17,1136.67,"Forecast"
2029-04-08 00:00:00.000,"SA",57.41,1136.75,"Forecast"
2029-04-09 00:00:00.000,"SA",67.76,1204.75,"Forecast"
2029-04-10 00:00:00.000,"SA",78.77,1264.82,"Forecast"
2029-04-11 00:00:00.000,"SA",79.86,1286.66,"Forecast"
2029-04-12 00:00:00.000,"SA",69.93,1279.86,"Forecast"
2029-04-13 00:00:00.000,"SA",59.42,1221.28,"Forecast"
2029-04-14 00:00:00.000,"SA",54.57,1147.43,"Forecast"
2029-04-15 00:00:00.000,"SA",58.26,1143.41,"Forecast"
2029-04-16 00:00:00.000,"SA",69.33,1209.59,"Forecast"
2029-04-17 00:00:00.000,"SA",81.01,1274.9,"Forecast"
2029-04-18 00:00:00.000,"SA",82.5,1300.85,"Forecast"
2029-04-19 00:00:00.000,"SA",71.6,1296.43,"Forecast"
2029-04-20 00:00:00.000,"SA",60.78,1240.84,"Forecast"
2029-04-21 00:00:00.000,"SA",55.78,1166.2,"Forecast"
2029-04-22 00:00:00.000,"SA",59.47,1156.62,"Forecast"
2029-04-23 00:00:00.000,"SA",71.33,1226.59,"Forecast"
2029-04-24 00:00:00.000,"SA",83.33,1295.72,"Forecast"
2029-04-25 00:00:00.000,"SA",85,1325.18,"Forecast"
2029-04-26 00:00:00.000,"SA",74.17,1323.34,"Forecast"
2029-04-27 00:00:00.000,"SA",62.51,1271.6,"Forecast"
2029-04-28 00:00:00.000,"SA",57.31,1192.76,"Forecast"
2029-04-29 00:00:00.000,"SA",61.07,1180.28,"Forecast"
2029-04-30 00:00:00.000,"SA",73.35,1256.12,"Forecast"
2029-05-01 00:00:00.000,"SA",85.43,1330.26,"Forecast"
2029-05-02 00:00:00.000,"SA",87.09,1362.56,"Forecast"
2029-05-03 00:00:00.000,"SA",76.14,1363.1,"Forecast"
2029-05-04 00:00:00.000,"SA",64.08,1317.89,"Forecast"
2029-05-05 00:00:00.000,"SA",58.88,1239.24,"Forecast"
2029-05-06 00:00:00.000,"SA",63.1,1225.01,"Forecast"
2029-05-07 00:00:00.000,"SA",75.57,1308.49,"Forecast"
2029-05-08 00:00:00.000,"SA",87.51,1383.58,"Forecast"
2029-05-09 00:00:00.000,"SA",88.9,1417.11,"Forecast"
2029-05-10 00:00:00.000,"SA",77.99,1419.06,"Forecast"
2029-05-11 00:00:00.000,"SA",65.75,1383.4,"Forecast"
2029-05-12 00:00:00.000,"SA",60.7,1312.95,"Forecast"
2029-05-13 00:00:00.000,"SA",65.71,1306.37,"Forecast"
2029-05-14 00:00:00.000,"SA",78.7,1393.17,"Forecast"
2029-05-15 00:00:00.000,"SA",90.25,1458.61,"Forecast"
2029-05-16 00:00:00.000,"SA",91,1483.77,"Forecast"
2029-05-17 00:00:00.000,"SA",80.25,1482.14,"Forecast"
2029-05-18 00:00:00.000,"SA",67.7,1452.96,"Forecast"
2029-05-19 00:00:00.000,"SA",62.81,1392.98,"Forecast"
2029-05-20 00:00:00.000,"SA",68.72,1396.7,"Forecast"
2029-05-21 00:00:00.000,"SA",82.17,1469.88,"Forecast"
2029-05-22 00:00:00.000,"SA",93.47,1520.34,"Forecast"
2029-05-23 00:00:00.000,"SA",93.54,1538.36,"Forecast"
2029-05-24 00:00:00.000,"SA",82.53,1532.67,"Forecast"
2029-05-25 00:00:00.000,"SA",69.88,1504.14,"Forecast"
2029-05-26 00:00:00.000,"SA",64.98,1449.38,"Forecast"
2029-05-27 00:00:00.000,"SA",71.14,1454.95,"Forecast"
2029-05-28 00:00:00.000,"SA",84.78,1517.87,"Forecast"
2029-05-29 00:00:00.000,"SA",97.35,1562.76,"Forecast"
2029-05-30 00:00:00.000,"SA",97.61,1577.67,"Forecast"
2029-05-31 00:00:00.000,"SA",85.38,1569.23,"Forecast"
2029-06-01 00:00:00.000,"SA",71.95,1538.12,"Forecast"
2029-06-02 00:00:00.000,"SA",66.97,1486.99,"Forecast"
2029-06-03 00:00:00.000,"SA",73.13,1494.06,"Forecast"
2029-06-04 00:00:00.000,"SA",86.92,1549.78,"Forecast"
2029-06-05 00:00:00.000,"SA",100.59,1591.11,"Forecast"
2029-06-06 00:00:00.000,"SA",101.27,1603.92,"Forecast"
2029-06-07 00:00:00.000,"SA",87.96,1593.55,"Forecast"
2029-06-08 00:00:00.000,"SA",73.77,1560.51,"Forecast"
2029-06-09 00:00:00.000,"SA",68.7,1511.55,"Forecast"
2029-06-10 00:00:00.000,"SA",74.8,1518.61,"Forecast"
2029-06-11 00:00:00.000,"SA",88.99,1569.93,"Forecast"
2029-06-12 00:00:00.000,"SA",103.35,1609.11,"Forecast"
2029-06-13 00:00:00.000,"SA",104.31,1620.58,"Forecast"
2029-06-14 00:00:00.000,"SA",90.23,1608.91,"Forecast"
2029-06-15 00:00:00.000,"SA",75.47,1574.53,"Forecast"
2029-06-16 00:00:00.000,"SA",70.02,1525.94,"Forecast"
2029-06-17 00:00:00.000,"SA",76.02,1532.44,"Forecast"
2029-06-18 00:00:00.000,"SA",90.85,1581.58,"Forecast"
2029-06-19 00:00:00.000,"SA",105.48,1619.6,"Forecast"
2029-06-20 00:00:00.000,"SA",106.56,1630.24,"Forecast"
2029-06-21 00:00:00.000,"SA",92.46,1617.7,"Forecast"
2029-06-22 00:00:00.000,"SA",76.88,1582.38,"Forecast"
2029-06-23 00:00:00.000,"SA",70.92,1533.46,"Forecast"
2029-06-24 00:00:00.000,"SA",76.76,1539.3,"Forecast"
2029-06-25 00:00:00.000,"SA",91.94,1587.28,"Forecast"
2029-06-26 00:00:00.000,"SA",106.71,1624.62,"Forecast"
2029-06-27 00:00:00.000,"SA",107.85,1634.7,"Forecast"
2029-06-28 00:00:00.000,"SA",93.71,1621.51,"Forecast"
2029-06-29 00:00:00.000,"SA",77.56,1585.47,"Forecast"
2029-06-30 00:00:00.000,"SA",71.32,1535.72,"Forecast"
2029-07-01 00:00:00.000,"SA",76.95,1540.69,"Forecast"
2029-07-02 00:00:00.000,"SA",92.23,1588.25,"Forecast"
2029-07-03 00:00:00.000,"SA",107.01,1625.22,"Forecast"
2029-07-04 00:00:00.000,"SA",108.13,1634.89,"Forecast"
2029-07-05 00:00:00.000,"SA",93.92,1621.19,"Forecast"
2029-07-06 00:00:00.000,"SA",77.49,1584.54,"Forecast"
2029-07-07 00:00:00.000,"SA",71.18,1533.47,"Forecast"
2029-07-08 00:00:00.000,"SA",76.58,1537.33,"Forecast"
2029-07-09 00:00:00.000,"SA",91.7,1585.12,"Forecast"
2029-07-10 00:00:00.000,"SA",106.35,1621.94,"Forecast"
2029-07-11 00:00:00.000,"SA",107.38,1631.28,"Forecast"
2029-07-12 00:00:00.000,"SA",93.09,1617.14,"Forecast"
2029-07-13 00:00:00.000,"SA",76.64,1579.98,"Forecast"
2029-07-14 00:00:00.000,"SA",70.5,1527.08,"Forecast"
2029-07-15 00:00:00.000,"SA",75.64,1529.61,"Forecast"
2029-07-16 00:00:00.000,"SA",90.34,1578.19,"Forecast"
2029-07-17 00:00:00.000,"SA",104.74,1615.05,"Forecast"
2029-07-18 00:00:00.000,"SA",105.61,1624.12,"Forecast"
2029-07-19 00:00:00.000,"SA",91.2,1609.58,"Forecast"
2029-07-20 00:00:00.000,"SA",75.23,1571.98,"Forecast"
2029-07-21 00:00:00.000,"SA",69.12,1516.76,"Forecast"
2029-07-22 00:00:00.000,"SA",74.07,1517.75,"Forecast"
2029-07-23 00:00:00.000,"SA",88.12,1567.64,"Forecast"
2029-07-24 00:00:00.000,"SA",102.17,1604.7,"Forecast"
2029-07-25 00:00:00.000,"SA",102.8,1613.54,"Forecast"
2029-07-26 00:00:00.000,"SA",88.26,1598.65,"Forecast"
2029-07-27 00:00:00.000,"SA",73.33,1560.66,"Forecast"
2029-07-28 00:00:00.000,"SA",67.19,1502.16,"Forecast"
2029-07-29 00:00:00.000,"SA",72.04,1501.44,"Forecast"
2029-07-30 00:00:00.000,"SA",85.15,1553.4,"Forecast"
2029-07-31 00:00:00.000,"SA",98.69,1590.9,"Forecast"
2029-08-01 00:00:00.000,"SA",99.02,1599.58,"Forecast"
2029-08-02 00:00:00.000,"SA",84.61,1584.38,"Forecast"
2029-08-03 00:00:00.000,"SA",70.74,1546.08,"Forecast"
2029-08-04 00:00:00.000,"SA",64.66,1483.34,"Forecast"
2029-08-05 00:00:00.000,"SA",69.7,1479.92,"Forecast"
2029-08-06 00:00:00.000,"SA",82,1535.21,"Forecast"
2029-08-07 00:00:00.000,"SA",94.62,1573.55,"Forecast"
2029-08-08 00:00:00.000,"SA",94.47,1582.17,"Forecast"
2029-08-09 00:00:00.000,"SA",80.93,1566.74,"Forecast"
2029-08-10 00:00:00.000,"SA",67.52,1527.58,"Forecast"
2029-08-11 00:00:00.000,"SA",61.62,1460.31,"Forecast"
2029-08-12 00:00:00.000,"SA",66.58,1454.05,"Forecast"
2029-08-13 00:00:00.000,"SA",78.59,1513.39,"Forecast"
2029-08-14 00:00:00.000,"SA",89.94,1552.81,"Forecast"
2029-08-15 00:00:00.000,"SA",89.18,1561.44,"Forecast"
2029-08-16 00:00:00.000,"SA",76.97,1545.85,"Forecast"
2029-08-17 00:00:00.000,"SA",63.93,1504.63,"Forecast"
2029-08-18 00:00:00.000,"SA",58.18,1432.86,"Forecast"
2029-08-19 00:00:00.000,"SA",63.02,1423.81,"Forecast"
2029-08-20 00:00:00.000,"SA",74.71,1487.95,"Forecast"
2029-08-21 00:00:00.000,"SA",84.91,1528.72,"Forecast"
2029-08-22 00:00:00.000,"SA",84.1,1537.44,"Forecast"
2029-08-23 00:00:00.000,"SA",73.44,1521.77,"Forecast"
2029-08-24 00:00:00.000,"SA",60.33,1475.11,"Forecast"
2029-08-25 00:00:00.000,"SA",54.5,1398.36,"Forecast"
2029-08-26 00:00:00.000,"SA",59.07,1386.1,"Forecast"
2029-08-27 00:00:00.000,"SA",70.7,1455.74,"Forecast"
2029-08-28 00:00:00.000,"SA",80.56,1499.7,"Forecast"
2029-08-29 00:00:00.000,"SA",79.73,1509.12,"Forecast"
2029-08-30 00:00:00.000,"SA",69.28,1493.65,"Forecast"
2029-08-31 00:00:00.000,"SA",56.34,1440.74,"Forecast"
2029-09-01 00:00:00.000,"SA",50.44,1357.37,"Forecast"
2029-09-02 00:00:00.000,"SA",54.72,1339.2,"Forecast"
2029-09-03 00:00:00.000,"SA",65.92,1412.27,"Forecast"
2029-09-04 00:00:00.000,"SA",75.56,1463.6,"Forecast"
2029-09-05 00:00:00.000,"SA",75.39,1475.18,"Forecast"
2029-09-06 00:00:00.000,"SA",64.85,1459.74,"Forecast"
2029-09-07 00:00:00.000,"SA",52.32,1399.06,"Forecast"
2029-09-08 00:00:00.000,"SA",46.5,1306.13,"Forecast"
2029-09-09 00:00:00.000,"SA",50.12,1277.07,"Forecast"
2029-09-10 00:00:00.000,"SA",60.6,1344.34,"Forecast"
2029-09-11 00:00:00.000,"SA",69.98,1407.77,"Forecast"
2029-09-12 00:00:00.000,"SA",69.77,1425.04,"Forecast"
2029-09-13 00:00:00.000,"SA",59.32,1409.11,"Forecast"
2029-09-14 00:00:00.000,"SA",47.83,1335.54,"Forecast"
2029-09-15 00:00:00.000,"SA",42.16,1228.65,"Forecast"
2029-09-16 00:00:00.000,"SA",44.75,1193.27,"Forecast"
2029-09-17 00:00:00.000,"SA",54.25,1250.76,"Forecast"
2029-09-18 00:00:00.000,"SA",62.82,1316.42,"Forecast"
2029-09-19 00:00:00.000,"SA",62.31,1335.49,"Forecast"
2029-09-20 00:00:00.000,"SA",52.79,1313.04,"Forecast"
2029-09-21 00:00:00.000,"SA",42.22,1231.57,"Forecast"
2029-09-22 00:00:00.000,"SA",37.36,1137.37,"Forecast"
2029-09-23 00:00:00.000,"SA",39.41,1121.11,"Forecast"
2029-09-24 00:00:00.000,"SA",48.2,1174.38,"Forecast"
2029-09-25 00:00:00.000,"SA",56.56,1229.34,"Forecast"
2029-09-26 00:00:00.000,"SA",55.94,1245.47,"Forecast"
2029-09-27 00:00:00.000,"SA",47.4,1224.55,"Forecast"
2029-09-28 00:00:00.000,"SA",39.25,1152.19,"Forecast"
2029-09-29 00:00:00.000,"SA",35.38,1089.27,"Forecast"
2029-09-30 00:00:00.000,"SA",37.3,1088.69,"Forecast"
2029-10-01 00:00:00.000,"SA",45.81,1138.97,"Forecast"
2029-10-02 00:00:00.000,"SA",54,1186.46,"Forecast"
2029-10-03 00:00:00.000,"SA",53.7,1195.21,"Forecast"
2029-10-04 00:00:00.000,"SA",45.82,1169.86,"Forecast"
2029-10-05 00:00:00.000,"SA",38.38,1110.05,"Forecast"
2029-10-06 00:00:00.000,"SA",34.9,1060.69,"Forecast"
2029-10-07 00:00:00.000,"SA",37.09,1064.11,"Forecast"
2029-10-08 00:00:00.000,"SA",45.01,1114.4,"Forecast"
2029-10-09 00:00:00.000,"SA",52.85,1158.25,"Forecast"
2029-10-10 00:00:00.000,"SA",52.63,1165.04,"Forecast"
2029-10-11 00:00:00.000,"SA",45.6,1139.46,"Forecast"
2029-10-12 00:00:00.000,"SA",38.42,1087.53,"Forecast"
2029-10-13 00:00:00.000,"SA",35.12,1041.53,"Forecast"
2029-10-14 00:00:00.000,"SA",37.39,1046.11,"Forecast"
2029-10-15 00:00:00.000,"SA",44.73,1096.88,"Forecast"
2029-10-16 00:00:00.000,"SA",52.25,1141.52,"Forecast"
2029-10-17 00:00:00.000,"SA",52.09,1150.43,"Forecast"
2029-10-18 00:00:00.000,"SA",45.82,1124.95,"Forecast"
2029-10-19 00:00:00.000,"SA",38.89,1073.54,"Forecast"
2029-10-20 00:00:00.000,"SA",35.68,1028.36,"Forecast"
2029-10-21 00:00:00.000,"SA",37.95,1033.63,"Forecast"
2029-10-22 00:00:00.000,"SA",44.72,1084.93,"Forecast"
2029-10-23 00:00:00.000,"SA",52.06,1130.07,"Forecast"
2029-10-24 00:00:00.000,"SA",51.84,1139.45,"Forecast"
2029-10-25 00:00:00.000,"SA",46.23,1114.38,"Forecast"
2029-10-26 00:00:00.000,"SA",39.51,1063.52,"Forecast"
2029-10-27 00:00:00.000,"SA",36.38,1019.11,"Forecast"
2029-10-28 00:00:00.000,"SA",38.65,1025.09,"Forecast"
2029-10-29 00:00:00.000,"SA",45.23,1076.79,"Forecast"
2029-10-30 00:00:00.000,"SA",52.18,1122.08,"Forecast"
2029-10-31 00:00:00.000,"SA",52.01,1131.51,"Forecast"
2029-11-01 00:00:00.000,"SA",46.86,1106.56,"Forecast"
2029-11-02 00:00:00.000,"SA",40.3,1056.06,"Forecast"
2029-11-03 00:00:00.000,"SA",37.21,1012.31,"Forecast"
2029-11-04 00:00:00.000,"SA",39.46,1018.98,"Forecast"
2029-11-05 00:00:00.000,"SA",46.06,1071.04,"Forecast"
2029-11-06 00:00:00.000,"SA",52.52,1116.32,"Forecast"
2029-11-07 00:00:00.000,"SA",52.78,1125.65,"Forecast"
2029-11-08 00:00:00.000,"SA",47.74,1100.74,"Forecast"
2029-11-09 00:00:00.000,"SA",41.24,1050.55,"Forecast"
2029-11-10 00:00:00.000,"SA",38.15,1007.44,"Forecast"
2029-11-11 00:00:00.000,"SA",40.39,1014.81,"Forecast"
2029-11-12 00:00:00.000,"SA",47,1067.21,"Forecast"
2029-11-13 00:00:00.000,"SA",53.04,1112.42,"Forecast"
2029-11-14 00:00:00.000,"SA",53.66,1121.6,"Forecast"
2029-11-15 00:00:00.000,"SA",48.72,1096.7,"Forecast"
2029-11-16 00:00:00.000,"SA",42.26,1046.85,"Forecast"
2029-11-17 00:00:00.000,"SA",39.18,1004.4,"Forecast"
2029-11-18 00:00:00.000,"SA",41.4,1012.48,"Forecast"
2029-11-19 00:00:00.000,"SA",48.03,1065.25,"Forecast"
2029-11-20 00:00:00.000,"SA",54.02,1110.34,"Forecast"
2029-11-21 00:00:00.000,"SA",54.74,1119.34,"Forecast"
2029-11-22 00:00:00.000,"SA",49.84,1094.51,"Forecast"
2029-11-23 00:00:00.000,"SA",43.37,1045.08,"Forecast"
2029-11-24 00:00:00.000,"SA",40.28,1003.34,"Forecast"
2029-11-25 00:00:00.000,"SA",42.5,1012.21,"Forecast"
2029-11-26 00:00:00.000,"SA",49.15,1065.35,"Forecast"
2029-11-27 00:00:00.000,"SA",55.17,1110.31,"Forecast"
2029-11-28 00:00:00.000,"SA",55.93,1119.14,"Forecast"
2029-11-29 00:00:00.000,"SA",51.04,1094.47,"Forecast"
2029-11-30 00:00:00.000,"SA",44.55,1045.6,"Forecast"
2029-12-01 00:00:00.000,"SA",41.43,1004.69,"Forecast"
2029-12-02 00:00:00.000,"SA",43.67,1014.41,"Forecast"
2029-12-03 00:00:00.000,"SA",50.35,1067.93,"Forecast"
2029-12-04 00:00:00.000,"SA",56.4,1112.71,"Forecast"
2029-12-05 00:00:00.000,"SA",57.18,1121.41,"Forecast"
2029-12-06 00:00:00.000,"SA",52.3,1097.08,"Forecast"
2029-12-07 00:00:00.000,"SA",45.77,1049,"Forecast"
2029-12-08 00:00:00.000,"SA",42.64,1009.1,"Forecast"
2029-12-09 00:00:00.000,"SA",44.91,1019.76,"Forecast"
2029-12-10 00:00:00.000,"SA",51.62,1073.64,"Forecast"
2029-12-11 00:00:00.000,"SA",57.7,1118.18,"Forecast"
2029-12-12 00:00:00.000,"SA",58.49,1126.77,"Forecast"
2029-12-13 00:00:00.000,"SA",53.61,1102.99,"Forecast"
2029-12-14 00:00:00.000,"SA",47.03,1055.98,"Forecast"
2029-12-15 00:00:00.000,"SA",43.89,1017.31,"Forecast"
2029-12-16 00:00:00.000,"SA",46.21,1029.05,"Forecast"
2029-12-17 00:00:00.000,"SA",52.96,1083.25,"Forecast"
2029-12-18 00:00:00.000,"SA",59.06,1127.39,"Forecast"
2029-12-19 00:00:00.000,"SA",59.86,1135.81,"Forecast"
2029-12-20 00:00:00.000,"SA",54.97,1112.64,"Forecast"
2029-12-21 00:00:00.000,"SA",48.35,1066.78,"Forecast"
2029-12-22 00:00:00.000,"SA",45.18,1029.46,"Forecast"
2029-12-23 00:00:00.000,"SA",47.56,1042.45,"Forecast"
2029-12-24 00:00:00.000,"SA",54.35,1096.97,"Forecast"
2029-12-25 00:00:00.000,"SA",60.47,1141.01,"Forecast"
2029-12-26 00:00:00.000,"SA",61.27,1149.02,"Forecast"
2029-12-27 00:00:00.000,"SA",56.35,1125.46,"Forecast"
2029-12-28 00:00:00.000,"SA",49.71,1080.01,"Forecast"
2029-12-29 00:00:00.000,"SA",46.47,1043.78,"Forecast"
2029-12-30 00:00:00.000,"SA",48.9,1058.2,"Forecast"
2029-12-31 00:00:00.000,"SA",55.72,1113.84,"Forecast"
2030-01-01 00:00:00.000,"SA",61.88,1158.83,"Forecast"
2030-01-02 00:00:00.000,"SA",62.69,1166.18,"Forecast"
2030-01-03 00:00:00.000,"SA",57.75,1140.89,"Forecast"
2030-01-04 00:00:00.000,"SA",51.07,1093.42,"Forecast"
2030-01-05 00:00:00.000,"SA",47.73,1057.2,"Forecast"
2030-01-06 00:00:00.000,"SA",50.19,1073,"Forecast"
2030-01-07 00:00:00.000,"SA",57.04,1131.72,"Forecast"
2030-01-08 00:00:00.000,"SA",63.23,1177.17,"Forecast"
2030-01-09 00:00:00.000,"SA",64.03,1181.34,"Forecast"
2030-01-10 00:00:00.000,"SA",59.03,1154.46,"Forecast"
2030-01-11 00:00:00.000,"SA",52.28,1105.42,"Forecast"
2030-01-12 00:00:00.000,"SA",48.85,1068.31,"Forecast"
2030-01-13 00:00:00.000,"SA",51.32,1085.49,"Forecast"
2030-01-14 00:00:00.000,"SA",58.19,1149.37,"Forecast"
2030-01-15 00:00:00.000,"SA",64.46,1200.56,"Forecast"
2030-01-16 00:00:00.000,"SA",65.32,1204.97,"Forecast"
2030-01-17 00:00:00.000,"SA",60.33,1174.08,"Forecast"
2030-01-18 00:00:00.000,"SA",53.52,1117.65,"Forecast"
2030-01-19 00:00:00.000,"SA",49.96,1076.81,"Forecast"
2030-01-20 00:00:00.000,"SA",52.36,1096.06,"Forecast"
2030-01-21 00:00:00.000,"SA",59.21,1164.92,"Forecast"
2030-01-22 00:00:00.000,"SA",65.65,1221.09,"Forecast"
2030-01-23 00:00:00.000,"SA",66.48,1227.6,"Forecast"
2030-01-24 00:00:00.000,"SA",61.49,1194.96,"Forecast"
2030-01-25 00:00:00.000,"SA",54.66,1131.05,"Forecast"
2030-01-26 00:00:00.000,"SA",51,1085.08,"Forecast"
2030-01-27 00:00:00.000,"SA",53.3,1104.98,"Forecast"
2030-01-28 00:00:00.000,"SA",60.12,1178.5,"Forecast"
2030-01-29 00:00:00.000,"SA",66.72,1239.72,"Forecast"
2030-01-30 00:00:00.000,"SA",67.49,1248.13,"Forecast"
2030-01-31 00:00:00.000,"SA",62.5,1216.28,"Forecast"
2030-02-01 00:00:00.000,"SA",55.67,1146.57,"Forecast"
2030-02-02 00:00:00.000,"SA",51.96,1093.32,"Forecast"
2030-02-03 00:00:00.000,"SA",54.15,1112,"Forecast"
2030-02-04 00:00:00.000,"SA",60.9,1189.4,"Forecast"
2030-02-05 00:00:00.000,"SA",67.66,1254.03,"Forecast"
2030-02-06 00:00:00.000,"SA",68.35,1262.49,"Forecast"
2030-02-07 00:00:00.000,"SA",63.3,1232.53,"Forecast"
2030-02-08 00:00:00.000,"SA",56.46,1161.06,"Forecast"
2030-02-09 00:00:00.000,"SA",52.74,1101.68,"Forecast"
2030-02-10 00:00:00.000,"SA",54.87,1118.73,"Forecast"
2030-02-11 00:00:00.000,"SA",61.56,1198.49,"Forecast"
2030-02-12 00:00:00.000,"SA",68.74,1265,"Forecast"
2030-02-13 00:00:00.000,"SA",69.31,1274.4,"Forecast"
2030-02-14 00:00:00.000,"SA",64.03,1246.02,"Forecast"
2030-02-15 00:00:00.000,"SA",57.13,1174.95,"Forecast"
2030-02-16 00:00:00.000,"SA",53.4,1110.78,"Forecast"
2030-02-17 00:00:00.000,"SA",55.48,1124.78,"Forecast"
2030-02-18 00:00:00.000,"SA",62.25,1206.24,"Forecast"
2030-02-19 00:00:00.000,"SA",69.81,1274.08,"Forecast"
2030-02-20 00:00:00.000,"SA",70.19,1283.93,"Forecast"
2030-02-21 00:00:00.000,"SA",64.63,1255.4,"Forecast"
2030-02-22 00:00:00.000,"SA",57.64,1184.57,"Forecast"
2030-02-23 00:00:00.000,"SA",53.87,1117.28,"Forecast"
2030-02-24 00:00:00.000,"SA",55.92,1129.05,"Forecast"
2030-02-25 00:00:00.000,"SA",62.85,1211.3,"Forecast"
2030-02-26 00:00:00.000,"SA",70.77,1279.64,"Forecast"
2030-02-27 00:00:00.000,"SA",71.18,1289.68,"Forecast"
2030-02-28 00:00:00.000,"SA",65.13,1261.54,"Forecast"
2030-03-01 00:00:00.000,"SA",58,1190.9,"Forecast"
2030-03-02 00:00:00.000,"SA",54.18,1121.49,"Forecast"
2030-03-03 00:00:00.000,"SA",56.19,1131.48,"Forecast"
2030-03-04 00:00:00.000,"SA",63.61,1213.33,"Forecast"
2030-03-05 00:00:00.000,"SA",71.73,1281.31,"Forecast"
2030-03-06 00:00:00.000,"SA",72.21,1291.29,"Forecast"
2030-03-07 00:00:00.000,"SA",65.52,1263.87,"Forecast"
2030-03-08 00:00:00.000,"SA",58.21,1193.55,"Forecast"
2030-03-09 00:00:00.000,"SA",54.33,1123.91,"Forecast"
2030-03-10 00:00:00.000,"SA",56.31,1132.34,"Forecast"
2030-03-11 00:00:00.000,"SA",64.32,1212.97,"Forecast"
2030-03-12 00:00:00.000,"SA",72.61,1279.48,"Forecast"
2030-03-13 00:00:00.000,"SA",73.15,1288.87,"Forecast"
2030-03-14 00:00:00.000,"SA",65.78,1262.64,"Forecast"
2030-03-15 00:00:00.000,"SA",58.26,1193.33,"Forecast"
2030-03-16 00:00:00.000,"SA",54.31,1124.98,"Forecast"
2030-03-17 00:00:00.000,"SA",56.29,1132.01,"Forecast"
2030-03-18 00:00:00.000,"SA",64.93,1210.54,"Forecast"
2030-03-19 00:00:00.000,"SA",73.59,1274.38,"Forecast"
2030-03-20 00:00:00.000,"SA",74.05,1283.66,"Forecast"
2030-03-21 00:00:00.000,"SA",66.2,1261.86,"Forecast"
2030-03-22 00:00:00.000,"SA",58.29,1193.36,"Forecast"
2030-03-23 00:00:00.000,"SA",54.23,1126.62,"Forecast"
2030-03-24 00:00:00.000,"SA",56.3,1131.69,"Forecast"
2030-03-25 00:00:00.000,"SA",65.54,1206.69,"Forecast"
2030-03-26 00:00:00.000,"SA",74.82,1267.07,"Forecast"
2030-03-27 00:00:00.000,"SA",74.98,1279.5,"Forecast"
2030-03-28 00:00:00.000,"SA",66.85,1263.26,"Forecast"
2030-03-29 00:00:00.000,"SA",58.35,1197.42,"Forecast"
2030-03-30 00:00:00.000,"SA",54.16,1129.88,"Forecast"
2030-03-31 00:00:00.000,"SA",56.66,1133.08,"Forecast"
2030-04-01 00:00:00.000,"SA",66.41,1204.53,"Forecast"
2030-04-02 00:00:00.000,"SA",76.41,1261.89,"Forecast"
2030-04-03 00:00:00.000,"SA",76.76,1278.18,"Forecast"
2030-04-04 00:00:00.000,"SA",68.05,1267.69,"Forecast"
2030-04-05 00:00:00.000,"SA",58.58,1205.94,"Forecast"
2030-04-06 00:00:00.000,"SA",54.16,1135.54,"Forecast"
2030-04-07 00:00:00.000,"SA",57.32,1136.06,"Forecast"
2030-04-08 00:00:00.000,"SA",67.6,1204.4,"Forecast"
2030-04-09 00:00:00.000,"SA",78.48,1263.75,"Forecast"
2030-04-10 00:00:00.000,"SA",79.5,1284.95,"Forecast"
2030-04-11 00:00:00.000,"SA",69.71,1277.8,"Forecast"
2030-04-12 00:00:00.000,"SA",59.31,1218.86,"Forecast"
2030-04-13 00:00:00.000,"SA",54.5,1145.02,"Forecast"
2030-04-14 00:00:00.000,"SA",58.13,1141.9,"Forecast"
2030-04-15 00:00:00.000,"SA",69.08,1208.31,"Forecast"
2030-04-16 00:00:00.000,"SA",80.7,1272.81,"Forecast"
2030-04-17 00:00:00.000,"SA",82.15,1298.24,"Forecast"
2030-04-18 00:00:00.000,"SA",71.37,1293.51,"Forecast"
2030-04-19 00:00:00.000,"SA",60.6,1237.29,"Forecast"
2030-04-20 00:00:00.000,"SA",55.61,1163.01,"Forecast"
2030-04-21 00:00:00.000,"SA",59.3,1153.72,"Forecast"
2030-04-22 00:00:00.000,"SA",71.05,1222.99,"Forecast"
2030-04-23 00:00:00.000,"SA",83.03,1291.75,"Forecast"
2030-04-24 00:00:00.000,"SA",84.68,1320.51,"Forecast"
2030-04-25 00:00:00.000,"SA",73.81,1318.34,"Forecast"
2030-04-26 00:00:00.000,"SA",62.26,1265.85,"Forecast"
2030-04-27 00:00:00.000,"SA",57.08,1187.84,"Forecast"
2030-04-28 00:00:00.000,"SA",60.81,1176.2,"Forecast"
2030-04-29 00:00:00.000,"SA",73.09,1250.82,"Forecast"
2030-04-30 00:00:00.000,"SA",85.18,1323.95,"Forecast"
2030-05-01 00:00:00.000,"SA",86.85,1356.06,"Forecast"
2030-05-02 00:00:00.000,"SA",75.94,1356.29,"Forecast"
2030-05-03 00:00:00.000,"SA",63.89,1310.07,"Forecast"
2030-05-04 00:00:00.000,"SA",58.67,1230.66,"Forecast"
2030-05-05 00:00:00.000,"SA",62.8,1216.23,"Forecast"
2030-05-06 00:00:00.000,"SA",75.22,1298.17,"Forecast"
2030-05-07 00:00:00.000,"SA",87.19,1373.69,"Forecast"
2030-05-08 00:00:00.000,"SA",88.64,1407.3,"Forecast"
2030-05-09 00:00:00.000,"SA",77.69,1409.13,"Forecast"
2030-05-10 00:00:00.000,"SA",65.47,1371.71,"Forecast"
2030-05-11 00:00:00.000,"SA",60.39,1299.82,"Forecast"
2030-05-12 00:00:00.000,"SA",65.26,1291.92,"Forecast"
2030-05-13 00:00:00.000,"SA",78.16,1379.83,"Forecast"
2030-05-14 00:00:00.000,"SA",89.82,1447.63,"Forecast"
2030-05-15 00:00:00.000,"SA",90.71,1474.07,"Forecast"
2030-05-16 00:00:00.000,"SA",79.93,1473.61,"Forecast"
2030-05-17 00:00:00.000,"SA",67.44,1443.83,"Forecast"
2030-05-18 00:00:00.000,"SA",62.5,1382.72,"Forecast"
2030-05-19 00:00:00.000,"SA",68.31,1384.97,"Forecast"
2030-05-20 00:00:00.000,"SA",81.72,1460.28,"Forecast"
2030-05-21 00:00:00.000,"SA",93.02,1512.36,"Forecast"
2030-05-22 00:00:00.000,"SA",93.14,1531.1,"Forecast"
2030-05-23 00:00:00.000,"SA",82.2,1525.93,"Forecast"
2030-05-24 00:00:00.000,"SA",69.57,1497.45,"Forecast"
2030-05-25 00:00:00.000,"SA",64.67,1442.18,"Forecast"
2030-05-26 00:00:00.000,"SA",70.83,1447.55,"Forecast"
2030-05-27 00:00:00.000,"SA",84.43,1511.82,"Forecast"
2030-05-28 00:00:00.000,"SA",96.83,1557.38,"Forecast"
2030-05-29 00:00:00.000,"SA",97.02,1572.68,"Forecast"
2030-05-30 00:00:00.000,"SA",84.98,1564.61,"Forecast"
2030-05-31 00:00:00.000,"SA",71.67,1533.86,"Forecast"
2030-06-01 00:00:00.000,"SA",66.7,1482.29,"Forecast"
2030-06-02 00:00:00.000,"SA",72.86,1489.2,"Forecast"
2030-06-03 00:00:00.000,"SA",86.63,1545.83,"Forecast"
2030-06-04 00:00:00.000,"SA",100.16,1587.61,"Forecast"
2030-06-05 00:00:00.000,"SA",100.78,1600.69,"Forecast"
2030-06-06 00:00:00.000,"SA",87.61,1590.57,"Forecast"
2030-06-07 00:00:00.000,"SA",73.49,1557.77,"Forecast"
2030-06-08 00:00:00.000,"SA",68.46,1508.57,"Forecast"
2030-06-09 00:00:00.000,"SA",74.58,1515.77,"Forecast"
2030-06-10 00:00:00.000,"SA",88.65,1567.56,"Forecast"
2030-06-11 00:00:00.000,"SA",102.96,1606.98,"Forecast"
2030-06-12 00:00:00.000,"SA",103.9,1618.61,"Forecast"
2030-06-13 00:00:00.000,"SA",89.83,1607.1,"Forecast"
2030-06-14 00:00:00.000,"SA",75.21,1572.89,"Forecast"
2030-06-15 00:00:00.000,"SA",69.85,1524.31,"Forecast"
2030-06-16 00:00:00.000,"SA",75.87,1530.89,"Forecast"
2030-06-17 00:00:00.000,"SA",90.62,1580.27,"Forecast"
2030-06-18 00:00:00.000,"SA",105.22,1618.43,"Forecast"
2030-06-19 00:00:00.000,"SA",106.29,1629.18,"Forecast"
2030-06-20 00:00:00.000,"SA",92.2,1616.75,"Forecast"
2030-06-21 00:00:00.000,"SA",76.72,1581.54,"Forecast"
2030-06-22 00:00:00.000,"SA",70.82,1532.7,"Forecast"
2030-06-23 00:00:00.000,"SA",76.69,1538.65,"Forecast"
2030-06-24 00:00:00.000,"SA",91.83,1586.75,"Forecast"
2030-06-25 00:00:00.000,"SA",106.59,1624.17,"Forecast"
2030-06-26 00:00:00.000,"SA",107.72,1634.32,"Forecast"
2030-06-27 00:00:00.000,"SA",93.59,1621.22,"Forecast"
2030-06-28 00:00:00.000,"SA",77.51,1585.27,"Forecast"
2030-06-29 00:00:00.000,"SA",71.29,1535.68,"Forecast"
2030-06-30 00:00:00.000,"SA",76.96,1540.78,"Forecast"
2030-07-01 00:00:00.000,"SA",92.24,1588.36,"Forecast"
2030-07-02 00:00:00.000,"SA",107.02,1625.37,"Forecast"
2030-07-03 00:00:00.000,"SA",108.15,1635.09,"Forecast"
2030-07-04 00:00:00.000,"SA",93.95,1621.46,"Forecast"
2030-07-05 00:00:00.000,"SA",77.55,1584.9,"Forecast"
2030-07-06 00:00:00.000,"SA",71.23,1534.04,"Forecast"
2030-07-07 00:00:00.000,"SA",76.67,1538.08,"Forecast"
2030-07-08 00:00:00.000,"SA",91.82,1585.8,"Forecast"
2030-07-09 00:00:00.000,"SA",106.5,1622.63,"Forecast"
2030-07-10 00:00:00.000,"SA",107.55,1632.02,"Forecast"
2030-07-11 00:00:00.000,"SA",93.27,1617.93,"Forecast"
2030-07-12 00:00:00.000,"SA",76.81,1580.84,"Forecast"
2030-07-13 00:00:00.000,"SA",70.63,1528.23,"Forecast"
2030-07-14 00:00:00.000,"SA",75.81,1530.97,"Forecast"
2030-07-15 00:00:00.000,"SA",90.58,1579.4,"Forecast"
2030-07-16 00:00:00.000,"SA",105.03,1616.24,"Forecast"
2030-07-17 00:00:00.000,"SA",105.92,1625.35,"Forecast"
2030-07-18 00:00:00.000,"SA",91.53,1610.87,"Forecast"
2030-07-19 00:00:00.000,"SA",75.45,1573.32,"Forecast"
2030-07-20 00:00:00.000,"SA",69.35,1518.46,"Forecast"
2030-07-21 00:00:00.000,"SA",74.32,1519.69,"Forecast"
2030-07-22 00:00:00.000,"SA",88.49,1569.36,"Forecast"
2030-07-23 00:00:00.000,"SA",102.59,1606.38,"Forecast"
2030-07-24 00:00:00.000,"SA",103.26,1615.26,"Forecast"
2030-07-25 00:00:00.000,"SA",88.74,1600.41,"Forecast"
2030-07-26 00:00:00.000,"SA",73.64,1562.47,"Forecast"
2030-07-27 00:00:00.000,"SA",67.5,1504.53,"Forecast"
2030-07-28 00:00:00.000,"SA",72.3,1504.16,"Forecast"
2030-07-29 00:00:00.000,"SA",85.6,1555.71,"Forecast"
2030-07-30 00:00:00.000,"SA",99.22,1593.1,"Forecast"
2030-07-31 00:00:00.000,"SA",99.61,1601.8,"Forecast"
2030-08-01 00:00:00.000,"SA",85.09,1586.63,"Forecast"
2030-08-02 00:00:00.000,"SA",71.16,1548.37,"Forecast"
2030-08-03 00:00:00.000,"SA",65.06,1486.28,"Forecast"
2030-08-04 00:00:00.000,"SA",70.1,1483.26,"Forecast"
2030-08-05 00:00:00.000,"SA",82.45,1538.04,"Forecast"
2030-08-06 00:00:00.000,"SA",95.23,1576.24,"Forecast"
2030-08-07 00:00:00.000,"SA",95.16,1584.87,"Forecast"
2030-08-08 00:00:00.000,"SA",81.49,1569.46,"Forecast"
2030-08-09 00:00:00.000,"SA",68.01,1530.58,"Forecast"
2030-08-10 00:00:00.000,"SA",62.09,1463.92,"Forecast"
2030-08-11 00:00:00.000,"SA",67.05,1458.04,"Forecast"
2030-08-12 00:00:00.000,"SA",79.11,1516.75,"Forecast"
2030-08-13 00:00:00.000,"SA",90.65,1556,"Forecast"
2030-08-14 00:00:00.000,"SA",89.98,1564.62,"Forecast"
2030-08-15 00:00:00.000,"SA",77.49,1549.04,"Forecast"
2030-08-16 00:00:00.000,"SA",64.44,1508.12,"Forecast"
2030-08-17 00:00:00.000,"SA",58.68,1437.02,"Forecast"
2030-08-18 00:00:00.000,"SA",63.54,1428.38,"Forecast"
2030-08-19 00:00:00.000,"SA",75.29,1491.8,"Forecast"
2030-08-20 00:00:00.000,"SA",85.5,1532.36,"Forecast"
2030-08-21 00:00:00.000,"SA",84.68,1541.06,"Forecast"
2030-08-22 00:00:00.000,"SA",73.9,1525.4,"Forecast"
2030-08-23 00:00:00.000,"SA",60.83,1479.6,"Forecast"
2030-08-24 00:00:00.000,"SA",55.02,1403.75,"Forecast"
2030-08-25 00:00:00.000,"SA",59.65,1392.09,"Forecast"
2030-08-26 00:00:00.000,"SA",71.34,1460.81,"Forecast"
2030-08-27 00:00:00.000,"SA",81.22,1504.17,"Forecast"
2030-08-28 00:00:00.000,"SA",80.39,1513.44,"Forecast"
2030-08-29 00:00:00.000,"SA",69.9,1497.93,"Forecast"
2030-08-30 00:00:00.000,"SA",56.93,1445.93,"Forecast"
2030-08-31 00:00:00.000,"SA",51.04,1363.54,"Forecast"
2030-09-01 00:00:00.000,"SA",55.36,1346.49,"Forecast"
2030-09-02 00:00:00.000,"SA",66.63,1419.34,"Forecast"
2030-09-03 00:00:00.000,"SA",76.25,1469.27,"Forecast"
2030-09-04 00:00:00.000,"SA",75.96,1480.42,"Forecast"
2030-09-05 00:00:00.000,"SA",65.47,1465.19,"Forecast"
2030-09-06 00:00:00.000,"SA",52.84,1405.82,"Forecast"
2030-09-07 00:00:00.000,"SA",47.02,1314.78,"Forecast"
2030-09-08 00:00:00.000,"SA",50.78,1287.35,"Forecast"
2030-09-09 00:00:00.000,"SA",61.41,1356.09,"Forecast"
2030-09-10 00:00:00.000,"SA",70.9,1417.54,"Forecast"
2030-09-11 00:00:00.000,"SA",70.71,1434.09,"Forecast"
2030-09-12 00:00:00.000,"SA",60.23,1418,"Forecast"
2030-09-13 00:00:00.000,"SA",48.57,1346.88,"Forecast"
2030-09-14 00:00:00.000,"SA",42.87,1241.95,"Forecast"
2030-09-15 00:00:00.000,"SA",45.51,1205.84,"Forecast"
2030-09-16 00:00:00.000,"SA",55.19,1263.88,"Forecast"
2030-09-17 00:00:00.000,"SA",63.85,1330.9,"Forecast"
2030-09-18 00:00:00.000,"SA",63.4,1351.13,"Forecast"
2030-09-19 00:00:00.000,"SA",53.74,1329.27,"Forecast"
2030-09-20 00:00:00.000,"SA",42.84,1247.21,"Forecast"
2030-09-21 00:00:00.000,"SA",37.82,1149.28,"Forecast"
2030-09-22 00:00:00.000,"SA",40.04,1128.06,"Forecast"
2030-09-23 00:00:00.000,"SA",48.88,1180.48,"Forecast"
2030-09-24 00:00:00.000,"SA",57.19,1238.85,"Forecast"
2030-09-25 00:00:00.000,"SA",56.58,1256.47,"Forecast"
2030-09-26 00:00:00.000,"SA",47.96,1233.64,"Forecast"
2030-09-27 00:00:00.000,"SA",39.52,1160.99,"Forecast"
2030-09-28 00:00:00.000,"SA",35.55,1094.32,"Forecast"
2030-09-29 00:00:00.000,"SA",37.4,1092.64,"Forecast"
2030-09-30 00:00:00.000,"SA",45.99,1143.26,"Forecast"
2030-10-01 00:00:00.000,"SA",54.23,1191.24,"Forecast"
2030-10-02 00:00:00.000,"SA",53.91,1201.24,"Forecast"
2030-10-03 00:00:00.000,"SA",45.89,1176.87,"Forecast"
2030-10-04 00:00:00.000,"SA",38.43,1114.45,"Forecast"
2030-10-05 00:00:00.000,"SA",34.92,1064.07,"Forecast"
2030-10-06 00:00:00.000,"SA",37.08,1067.21,"Forecast"
2030-10-07 00:00:00.000,"SA",45.08,1117.44,"Forecast"
2030-10-08 00:00:00.000,"SA",52.98,1161.45,"Forecast"
2030-10-09 00:00:00.000,"SA",52.74,1167.73,"Forecast"
2030-10-10 00:00:00.000,"SA",45.59,1142.19,"Forecast"
2030-10-11 00:00:00.000,"SA",38.37,1090.02,"Forecast"
2030-10-12 00:00:00.000,"SA",35.06,1043.86,"Forecast"
2030-10-13 00:00:00.000,"SA",37.33,1048.33,"Forecast"
2030-10-14 00:00:00.000,"SA",44.74,1099.02,"Forecast"
2030-10-15 00:00:00.000,"SA",52.29,1143.55,"Forecast"
2030-10-16 00:00:00.000,"SA",52.14,1152.36,"Forecast"
2030-10-17 00:00:00.000,"SA",45.78,1126.78,"Forecast"
2030-10-18 00:00:00.000,"SA",38.81,1075.27,"Forecast"
2030-10-19 00:00:00.000,"SA",35.59,1029.96,"Forecast"
2030-10-20 00:00:00.000,"SA",37.86,1035.13,"Forecast"
2030-10-21 00:00:00.000,"SA",44.71,1086.36,"Forecast"
2030-10-22 00:00:00.000,"SA",52.07,1131.45,"Forecast"
2030-10-23 00:00:00.000,"SA",51.86,1140.79,"Forecast"
2030-10-24 00:00:00.000,"SA",46.17,1115.69,"Forecast"
2030-10-25 00:00:00.000,"SA",39.42,1064.77,"Forecast"
2030-10-26 00:00:00.000,"SA",36.27,1020.26,"Forecast"
2030-10-27 00:00:00.000,"SA",38.54,1026.14,"Forecast"
2030-10-28 00:00:00.000,"SA",45.12,1077.79,"Forecast"
2030-10-29 00:00:00.000,"SA",52.14,1123.07,"Forecast"
2030-10-30 00:00:00.000,"SA",51.92,1132.51,"Forecast"
2030-10-31 00:00:00.000,"SA",46.75,1107.55,"Forecast"
2030-11-01 00:00:00.000,"SA",40.17,1057,"Forecast"
2030-11-02 00:00:00.000,"SA",37.08,1013.16,"Forecast"
2030-11-03 00:00:00.000,"SA",39.34,1019.72,"Forecast"
2030-11-04 00:00:00.000,"SA",45.94,1071.74,"Forecast"
2030-11-05 00:00:00.000,"SA",52.46,1117.02,"Forecast"
2030-11-06 00:00:00.000,"SA",52.66,1126.38,"Forecast"
2030-11-07 00:00:00.000,"SA",47.61,1101.46,"Forecast"
2030-11-08 00:00:00.000,"SA",41.1,1051.23,"Forecast"
2030-11-09 00:00:00.000,"SA",38.01,1008.03,"Forecast"
2030-11-10 00:00:00.000,"SA",40.25,1015.29,"Forecast"
2030-11-11 00:00:00.000,"SA",46.86,1067.65,"Forecast"
2030-11-12 00:00:00.000,"SA",52.94,1112.87,"Forecast"
2030-11-13 00:00:00.000,"SA",53.52,1122.07,"Forecast"
2030-11-14 00:00:00.000,"SA",48.58,1097.17,"Forecast"
2030-11-15 00:00:00.000,"SA",42.11,1047.27,"Forecast"
2030-11-16 00:00:00.000,"SA",39.03,1004.72,"Forecast"
2030-11-17 00:00:00.000,"SA",41.25,1012.7,"Forecast"
2030-11-18 00:00:00.000,"SA",47.88,1065.41,"Forecast"
2030-11-19 00:00:00.000,"SA",53.86,1110.52,"Forecast"
2030-11-20 00:00:00.000,"SA",54.58,1119.55,"Forecast"
2030-11-21 00:00:00.000,"SA",49.67,1094.7,"Forecast"
2030-11-22 00:00:00.000,"SA",43.21,1045.2,"Forecast"
2030-11-23 00:00:00.000,"SA",40.11,1003.36,"Forecast"
2030-11-24 00:00:00.000,"SA",42.34,1012.11,"Forecast"
2030-11-25 00:00:00.000,"SA",48.99,1065.19,"Forecast"
2030-11-26 00:00:00.000,"SA",55,1110.17,"Forecast"
2030-11-27 00:00:00.000,"SA",55.75,1119.03,"Forecast"
2030-11-28 00:00:00.000,"SA",50.86,1094.33,"Forecast"
2030-11-29 00:00:00.000,"SA",44.38,1045.36,"Forecast"
2030-11-30 00:00:00.000,"SA",41.26,1004.33,"Forecast"
2030-12-01 00:00:00.000,"SA",43.5,1013.92,"Forecast"
2030-12-02 00:00:00.000,"SA",50.17,1067.39,"Forecast"
2030-12-03 00:00:00.000,"SA",56.22,1112.2,"Forecast"
2030-12-04 00:00:00.000,"SA",57,1120.91,"Forecast"
2030-12-05 00:00:00.000,"SA",52.11,1096.52,"Forecast"
2030-12-06 00:00:00.000,"SA",45.59,1048.31,"Forecast"
2030-12-07 00:00:00.000,"SA",42.46,1008.25,"Forecast"
2030-12-08 00:00:00.000,"SA",44.73,1018.77,"Forecast"
2030-12-09 00:00:00.000,"SA",51.43,1072.6,"Forecast"
2030-12-10 00:00:00.000,"SA",57.51,1117.18,"Forecast"
2030-12-11 00:00:00.000,"SA",58.3,1125.79,"Forecast"
2030-12-12 00:00:00.000,"SA",53.42,1101.92,"Forecast"
2030-12-13 00:00:00.000,"SA",46.85,1054.74,"Forecast"
2030-12-14 00:00:00.000,"SA",43.71,1015.89,"Forecast"
2030-12-15 00:00:00.000,"SA",46.02,1027.46,"Forecast"
2030-12-16 00:00:00.000,"SA",52.76,1081.62,"Forecast"
2030-12-17 00:00:00.000,"SA",58.86,1125.82,"Forecast"
2030-12-18 00:00:00.000,"SA",59.66,1134.29,"Forecast"
2030-12-19 00:00:00.000,"SA",54.77,1111.04,"Forecast"
2030-12-20 00:00:00.000,"SA",48.16,1065.03,"Forecast"
2030-12-21 00:00:00.000,"SA",44.99,1027.53,"Forecast"
2030-12-22 00:00:00.000,"SA",47.37,1040.32,"Forecast"
2030-12-23 00:00:00.000,"SA",54.15,1094.8,"Forecast"
2030-12-24 00:00:00.000,"SA",60.27,1138.65,"Forecast"
2030-12-25 00:00:00.000,"SA",61.07,1146.64,"Forecast"
2030-12-26 00:00:00.000,"SA",56.15,1123.42,"Forecast"
2030-12-27 00:00:00.000,"SA",49.51,1078.07,"Forecast"
2030-12-28 00:00:00.000,"SA",46.29,1041.73,"Forecast"
2030-12-29 00:00:00.000,"SA",48.71,1055.93,"Forecast"
2030-12-30 00:00:00.000,"SA",55.53,1111.15,"Forecast"
2030-12-31 00:00:00.000,"SA",61.68,1156.13,"Forecast"
2026-07-02 00:00:00.000,"TAS",38.67,1092.44,"Forecast"
2026-07-03 00:00:00.000,"TAS",38.66,1096.39,"Forecast"
2026-07-04 00:00:00.000,"TAS",39.44,1100.78,"Forecast"
2026-07-05 00:00:00.000,"TAS",42.11,1116.81,"Forecast"
2026-07-06 00:00:00.000,"TAS",46.1,1141.1,"Forecast"
2026-07-07 00:00:00.000,"TAS",49.94,1155.37,"Forecast"
2026-07-08 00:00:00.000,"TAS",50.43,1155.09,"Forecast"
2026-07-09 00:00:00.000,"TAS",47,1148.81,"Forecast"
2026-07-10 00:00:00.000,"TAS",43.2,1141.25,"Forecast"
2026-07-11 00:00:00.000,"TAS",41.49,1137.9,"Forecast"
2026-07-12 00:00:00.000,"TAS",42.93,1145.55,"Forecast"
2026-07-13 00:00:00.000,"TAS",46.33,1160.41,"Forecast"
2026-07-14 00:00:00.000,"TAS",49.83,1168.14,"Forecast"
2026-07-15 00:00:00.000,"TAS",49.99,1162.98,"Forecast"
2026-07-16 00:00:00.000,"TAS",46.37,1153.18,"Forecast"
2026-07-17 00:00:00.000,"TAS",42.43,1143.58,"Forecast"
2026-07-18 00:00:00.000,"TAS",40.63,1139.29,"Forecast"
2026-07-19 00:00:00.000,"TAS",41.98,1146.47,"Forecast"
2026-07-20 00:00:00.000,"TAS",45.28,1160.89,"Forecast"
2026-07-21 00:00:00.000,"TAS",48.54,1168.4,"Forecast"
2026-07-22 00:00:00.000,"TAS",48.55,1163.09,"Forecast"
2026-07-23 00:00:00.000,"TAS",45.06,1153.01,"Forecast"
2026-07-24 00:00:00.000,"TAS",41.17,1143.25,"Forecast"
2026-07-25 00:00:00.000,"TAS",39.4,1138.77,"Forecast"
2026-07-26 00:00:00.000,"TAS",40.77,1145.77,"Forecast"
2026-07-27 00:00:00.000,"TAS",44.06,1159.9,"Forecast"
2026-07-28 00:00:00.000,"TAS",47.11,1167,"Forecast"
2026-07-29 00:00:00.000,"TAS",47.01,1161.3,"Forecast"
2026-07-30 00:00:00.000,"TAS",43.71,1150.88,"Forecast"
2026-07-31 00:00:00.000,"TAS",39.91,1140.8,"Forecast"
2026-08-01 00:00:00.000,"TAS",38.2,1135.86,"Forecast"
2026-08-02 00:00:00.000,"TAS",39.62,1142.4,"Forecast"
2026-08-03 00:00:00.000,"TAS",42.92,1156.32,"Forecast"
2026-08-04 00:00:00.000,"TAS",45.76,1163.07,"Forecast"
2026-08-05 00:00:00.000,"TAS",45.57,1157,"Forecast"
2026-08-06 00:00:00.000,"TAS",42.48,1146.44,"Forecast"
2026-08-07 00:00:00.000,"TAS",38.78,1135.88,"Forecast"
2026-08-08 00:00:00.000,"TAS",37.15,1129.9,"Forecast"
2026-08-09 00:00:00.000,"TAS",38.6,1136.15,"Forecast"
2026-08-10 00:00:00.000,"TAS",41.92,1149.5,"Forecast"
2026-08-11 00:00:00.000,"TAS",44.61,1155.67,"Forecast"
2026-08-12 00:00:00.000,"TAS",44.47,1149.08,"Forecast"
2026-08-13 00:00:00.000,"TAS",41.48,1138.64,"Forecast"
2026-08-14 00:00:00.000,"TAS",37.86,1126.69,"Forecast"
2026-08-15 00:00:00.000,"TAS",36.29,1119.74,"Forecast"
2026-08-16 00:00:00.000,"TAS",37.77,1124.79,"Forecast"
2026-08-17 00:00:00.000,"TAS",41.08,1137.76,"Forecast"
2026-08-18 00:00:00.000,"TAS",43.75,1143.29,"Forecast"
2026-08-19 00:00:00.000,"TAS",43.64,1137.02,"Forecast"
2026-08-20 00:00:00.000,"TAS",40.71,1124.89,"Forecast"
2026-08-21 00:00:00.000,"TAS",37.15,1113.64,"Forecast"
2026-08-22 00:00:00.000,"TAS",35.62,1104.89,"Forecast"
2026-08-23 00:00:00.000,"TAS",37.12,1104.85,"Forecast"
2026-08-24 00:00:00.000,"TAS",40.42,1116.45,"Forecast"
2026-08-25 00:00:00.000,"TAS",43.05,1120.71,"Forecast"
2026-08-26 00:00:00.000,"TAS",42.96,1113.43,"Forecast"
2026-08-27 00:00:00.000,"TAS",40.07,1104.4,"Forecast"
2026-08-28 00:00:00.000,"TAS",36.56,1091.68,"Forecast"
2026-08-29 00:00:00.000,"TAS",35.08,1079.55,"Forecast"
2026-08-30 00:00:00.000,"TAS",36.58,1075.95,"Forecast"
2026-08-31 00:00:00.000,"TAS",39.84,1079.9,"Forecast"
2026-09-01 00:00:00.000,"TAS",42.45,1083.38,"Forecast"
2026-09-02 00:00:00.000,"TAS",42.36,1080.68,"Forecast"
2026-09-03 00:00:00.000,"TAS",39.51,1071.87,"Forecast"
2026-09-04 00:00:00.000,"TAS",36.07,1059.44,"Forecast"
2026-09-05 00:00:00.000,"TAS",34.62,1048.78,"Forecast"
2026-09-06 00:00:00.000,"TAS",36.11,1045.79,"Forecast"
2026-09-07 00:00:00.000,"TAS",39.36,1049.69,"Forecast"
2026-09-08 00:00:00.000,"TAS",41.98,1053.09,"Forecast"
2026-09-09 00:00:00.000,"TAS",41.94,1050.92,"Forecast"
2026-09-10 00:00:00.000,"TAS",39.19,1042.9,"Forecast"
2026-09-11 00:00:00.000,"TAS",35.85,1031.02,"Forecast"
2026-09-12 00:00:00.000,"TAS",34.47,1020.58,"Forecast"
2026-09-13 00:00:00.000,"TAS",35.97,1017.81,"Forecast"
2026-09-14 00:00:00.000,"TAS",39.22,1021.93,"Forecast"
2026-09-15 00:00:00.000,"TAS",41.86,1025.6,"Forecast"
2026-09-16 00:00:00.000,"TAS",41.89,1023.76,"Forecast"
2026-09-17 00:00:00.000,"TAS",39.24,1016.02,"Forecast"
2026-09-18 00:00:00.000,"TAS",36,1004.32,"Forecast"
2026-09-19 00:00:00.000,"TAS",34.66,994.06,"Forecast"
2026-09-20 00:00:00.000,"TAS",36.17,991.5,"Forecast"
2026-09-21 00:00:00.000,"TAS",39.41,995.84,"Forecast"
2026-09-22 00:00:00.000,"TAS",42.07,999.79,"Forecast"
2026-09-23 00:00:00.000,"TAS",42.16,998.3,"Forecast"
2026-09-24 00:00:00.000,"TAS",39.61,990.87,"Forecast"
2026-09-25 00:00:00.000,"TAS",36.44,979.45,"Forecast"
2026-09-26 00:00:00.000,"TAS",35.15,969.5,"Forecast"
2026-09-27 00:00:00.000,"TAS",36.66,967.25,"Forecast"
2026-09-28 00:00:00.000,"TAS",39.89,971.87,"Forecast"
2026-09-29 00:00:00.000,"TAS",42.56,976.13,"Forecast"
2026-09-30 00:00:00.000,"TAS",42.72,974.99,"Forecast"
2026-10-01 00:00:00.000,"TAS",40.25,967.92,"Forecast"
2026-10-02 00:00:00.000,"TAS",37.16,956.85,"Forecast"
2026-10-03 00:00:00.000,"TAS",35.88,947.29,"Forecast"
2026-10-04 00:00:00.000,"TAS",37.39,945.42,"Forecast"
2026-10-05 00:00:00.000,"TAS",40.61,950.35,"Forecast"
2026-10-06 00:00:00.000,"TAS",43.34,954.92,"Forecast"
2026-10-07 00:00:00.000,"TAS",43.57,954.13,"Forecast"
2026-10-08 00:00:00.000,"TAS",41.15,947.41,"Forecast"
2026-10-09 00:00:00.000,"TAS",38.11,936.71,"Forecast"
2026-10-10 00:00:00.000,"TAS",36.86,927.58,"Forecast"
2026-10-11 00:00:00.000,"TAS",38.34,926.12,"Forecast"
2026-10-12 00:00:00.000,"TAS",41.55,931.36,"Forecast"
2026-10-13 00:00:00.000,"TAS",44.38,936.22,"Forecast"
2026-10-14 00:00:00.000,"TAS",44.71,935.74,"Forecast"
2026-10-15 00:00:00.000,"TAS",42.3,929.36,"Forecast"
2026-10-16 00:00:00.000,"TAS",39.29,919.04,"Forecast"
2026-10-17 00:00:00.000,"TAS",38.04,910.34,"Forecast"
2026-10-18 00:00:00.000,"TAS",39.5,909.26,"Forecast"
2026-10-19 00:00:00.000,"TAS",42.69,914.81,"Forecast"
2026-10-20 00:00:00.000,"TAS",45.64,919.92,"Forecast"
2026-10-21 00:00:00.000,"TAS",46.06,919.72,"Forecast"
2026-10-22 00:00:00.000,"TAS",43.64,913.64,"Forecast"
2026-10-23 00:00:00.000,"TAS",40.66,903.67,"Forecast"
2026-10-24 00:00:00.000,"TAS",39.39,895.38,"Forecast"
2026-10-25 00:00:00.000,"TAS",40.83,894.68,"Forecast"
2026-10-26 00:00:00.000,"TAS",44.01,900.49,"Forecast"
2026-10-27 00:00:00.000,"TAS",47.07,905.82,"Forecast"
2026-10-28 00:00:00.000,"TAS",47.59,905.85,"Forecast"
2026-10-29 00:00:00.000,"TAS",45.18,900.04,"Forecast"
2026-10-30 00:00:00.000,"TAS",42.2,890.4,"Forecast"
2026-10-31 00:00:00.000,"TAS",40.91,882.49,"Forecast"
2026-11-01 00:00:00.000,"TAS",42.33,882.12,"Forecast"
2026-11-02 00:00:00.000,"TAS",45.57,888.17,"Forecast"
2026-11-03 00:00:00.000,"TAS",48.71,893.69,"Forecast"
2026-11-04 00:00:00.000,"TAS",49.32,893.93,"Forecast"
2026-11-05 00:00:00.000,"TAS",46.99,888.35,"Forecast"
2026-11-06 00:00:00.000,"TAS",43.93,879,"Forecast"
2026-11-07 00:00:00.000,"TAS",42.61,871.43,"Forecast"
2026-11-08 00:00:00.000,"TAS",43.98,871.37,"Forecast"
2026-11-09 00:00:00.000,"TAS",47.33,877.63,"Forecast"
2026-11-10 00:00:00.000,"TAS",50.54,883.32,"Forecast"
2026-11-11 00:00:00.000,"TAS",51.27,883.73,"Forecast"
2026-11-12 00:00:00.000,"TAS",48.99,878.36,"Forecast"
2026-11-13 00:00:00.000,"TAS",45.82,869.28,"Forecast"
2026-11-14 00:00:00.000,"TAS",44.45,862.02,"Forecast"
2026-11-15 00:00:00.000,"TAS",45.76,862.22,"Forecast"
2026-11-16 00:00:00.000,"TAS",49.22,868.67,"Forecast"
2026-11-17 00:00:00.000,"TAS",52.61,874.51,"Forecast"
2026-11-18 00:00:00.000,"TAS",53.48,875.08,"Forecast"
2026-11-19 00:00:00.000,"TAS",51.19,869.9,"Forecast"
2026-11-20 00:00:00.000,"TAS",47.95,861.06,"Forecast"
2026-11-21 00:00:00.000,"TAS",46.44,854.09,"Forecast"
2026-11-22 00:00:00.000,"TAS",47.79,854.54,"Forecast"
2026-11-23 00:00:00.000,"TAS",51.3,861.17,"Forecast"
2026-11-24 00:00:00.000,"TAS",54.86,867.15,"Forecast"
2026-11-25 00:00:00.000,"TAS",55.86,867.86,"Forecast"
2026-11-26 00:00:00.000,"TAS",53.57,862.85,"Forecast"
2026-11-27 00:00:00.000,"TAS",50.31,854.24,"Forecast"
2026-11-28 00:00:00.000,"TAS",48.69,847.53,"Forecast"
2026-11-29 00:00:00.000,"TAS",50.05,848.21,"Forecast"
2026-11-30 00:00:00.000,"TAS",53.6,855,"Forecast"
2026-12-01 00:00:00.000,"TAS",57.32,861.12,"Forecast"
2026-12-02 00:00:00.000,"TAS",58.44,861.97,"Forecast"
2026-12-03 00:00:00.000,"TAS",56.25,857.13,"Forecast"
2026-12-04 00:00:00.000,"TAS",52.84,848.73,"Forecast"
2026-12-05 00:00:00.000,"TAS",51.16,842.25,"Forecast"
2026-12-06 00:00:00.000,"TAS",52.47,843.15,"Forecast"
2026-12-07 00:00:00.000,"TAS",56.17,850.1,"Forecast"
2026-12-08 00:00:00.000,"TAS",59.98,856.36,"Forecast"
2026-12-09 00:00:00.000,"TAS",61.2,857.35,"Forecast"
2026-12-10 00:00:00.000,"TAS",59.08,852.67,"Forecast"
2026-12-11 00:00:00.000,"TAS",55.55,844.47,"Forecast"
2026-12-12 00:00:00.000,"TAS",53.76,838.2,"Forecast"
2026-12-13 00:00:00.000,"TAS",54.99,839.3,"Forecast"
2026-12-14 00:00:00.000,"TAS",58.84,846.41,"Forecast"
2026-12-15 00:00:00.000,"TAS",62.74,852.81,"Forecast"
2026-12-16 00:00:00.000,"TAS",64.05,853.95,"Forecast"
2026-12-17 00:00:00.000,"TAS",61.99,849.43,"Forecast"
2026-12-18 00:00:00.000,"TAS",58.47,841.4,"Forecast"
2026-12-19 00:00:00.000,"TAS",56.51,835.34,"Forecast"
2026-12-20 00:00:00.000,"TAS",57.82,836.62,"Forecast"
2026-12-21 00:00:00.000,"TAS",61.7,843.9,"Forecast"
2026-12-22 00:00:00.000,"TAS",65.66,850.45,"Forecast"
2026-12-23 00:00:00.000,"TAS",67.03,851.74,"Forecast"
2026-12-24 00:00:00.000,"TAS",65.01,847.37,"Forecast"
2026-12-25 00:00:00.000,"TAS",61.48,839.52,"Forecast"
2026-12-26 00:00:00.000,"TAS",59.48,833.63,"Forecast"
2026-12-27 00:00:00.000,"TAS",60.76,835.09,"Forecast"
2026-12-28 00:00:00.000,"TAS",64.65,842.52,"Forecast"
2026-12-29 00:00:00.000,"TAS",68.66,849.24,"Forecast"
2026-12-30 00:00:00.000,"TAS",70.09,850.69,"Forecast"
2026-12-31 00:00:00.000,"TAS",68.09,846.48,"Forecast"
2027-01-01 00:00:00.000,"TAS",64.53,838.78,"Forecast"
2027-01-02 00:00:00.000,"TAS",62.48,833.06,"Forecast"
2027-01-03 00:00:00.000,"TAS",63.73,834.68,"Forecast"
2027-01-04 00:00:00.000,"TAS",67.64,842.29,"Forecast"
2027-01-05 00:00:00.000,"TAS",71.69,849.18,"Forecast"
2027-01-06 00:00:00.000,"TAS",73.16,850.8,"Forecast"
2027-01-07 00:00:00.000,"TAS",71.18,846.75,"Forecast"
2027-01-08 00:00:00.000,"TAS",67.58,839.21,"Forecast"
2027-01-09 00:00:00.000,"TAS",65.46,833.64,"Forecast"
2027-01-10 00:00:00.000,"TAS",66.67,835.41,"Forecast"
2027-01-11 00:00:00.000,"TAS",70.57,843.19,"Forecast"
2027-01-12 00:00:00.000,"TAS",74.66,850.27,"Forecast"
2027-01-13 00:00:00.000,"TAS",76.16,852.06,"Forecast"
2027-01-14 00:00:00.000,"TAS",74.16,848.17,"Forecast"
2027-01-15 00:00:00.000,"TAS",70.51,840.76,"Forecast"
2027-01-16 00:00:00.000,"TAS",68.33,835.33,"Forecast"
2027-01-17 00:00:00.000,"TAS",69.48,837.25,"Forecast"
2027-01-18 00:00:00.000,"TAS",73.38,845.2,"Forecast"
2027-01-19 00:00:00.000,"TAS",77.5,852.47,"Forecast"
2027-01-20 00:00:00.000,"TAS",79.03,854.45,"Forecast"
2027-01-21 00:00:00.000,"TAS",77.01,850.71,"Forecast"
2027-01-22 00:00:00.000,"TAS",73.3,843.43,"Forecast"
2027-01-23 00:00:00.000,"TAS",71.04,838.11,"Forecast"
2027-01-24 00:00:00.000,"TAS",72.15,840.17,"Forecast"
2027-01-25 00:00:00.000,"TAS",76.06,848.3,"Forecast"
2027-01-26 00:00:00.000,"TAS",80.2,855.77,"Forecast"
2027-01-27 00:00:00.000,"TAS",81.74,857.94,"Forecast"
2027-01-28 00:00:00.000,"TAS",79.7,854.36,"Forecast"
2027-01-29 00:00:00.000,"TAS",75.92,847.21,"Forecast"
2027-01-30 00:00:00.000,"TAS",73.59,841.99,"Forecast"
2027-01-31 00:00:00.000,"TAS",74.66,844.17,"Forecast"
2027-02-01 00:00:00.000,"TAS",78.56,852.49,"Forecast"
2027-02-02 00:00:00.000,"TAS",82.73,860.17,"Forecast"
2027-02-03 00:00:00.000,"TAS",84.48,862.54,"Forecast"
2027-02-04 00:00:00.000,"TAS",82.29,859.12,"Forecast"
2027-02-05 00:00:00.000,"TAS",78.43,852.07,"Forecast"
2027-02-06 00:00:00.000,"TAS",76.01,846.94,"Forecast"
2027-02-07 00:00:00.000,"TAS",77.03,849.25,"Forecast"
2027-02-08 00:00:00.000,"TAS",80.93,857.76,"Forecast"
2027-02-09 00:00:00.000,"TAS",85.18,865.66,"Forecast"
2027-02-10 00:00:00.000,"TAS",86.81,868.23,"Forecast"
2027-02-11 00:00:00.000,"TAS",84.7,864.97,"Forecast"
2027-02-12 00:00:00.000,"TAS",80.72,858.02,"Forecast"
2027-02-13 00:00:00.000,"TAS",78.22,852.97,"Forecast"
2027-02-14 00:00:00.000,"TAS",79.19,855.39,"Forecast"
2027-02-15 00:00:00.000,"TAS",83.08,864.08,"Forecast"
2027-02-16 00:00:00.000,"TAS",87.29,872.21,"Forecast"
2027-02-17 00:00:00.000,"TAS",88.82,874.99,"Forecast"
2027-02-18 00:00:00.000,"TAS",86.68,871.88,"Forecast"
2027-02-19 00:00:00.000,"TAS",82.66,865.04,"Forecast"
2027-02-20 00:00:00.000,"TAS",80.1,860.04,"Forecast"
2027-02-21 00:00:00.000,"TAS",81.05,862.57,"Forecast"
2027-02-22 00:00:00.000,"TAS",84.82,871.45,"Forecast"
2027-02-23 00:00:00.000,"TAS",89.08,879.81,"Forecast"
2027-02-24 00:00:00.000,"TAS",90.59,882.79,"Forecast"
2027-02-25 00:00:00.000,"TAS",88.39,879.84,"Forecast"
2027-02-26 00:00:00.000,"TAS",84.22,873.08,"Forecast"
2027-02-27 00:00:00.000,"TAS",81.67,868.14,"Forecast"
2027-02-28 00:00:00.000,"TAS",82.6,870.76,"Forecast"
2027-03-01 00:00:00.000,"TAS",86.39,879.83,"Forecast"
2027-03-02 00:00:00.000,"TAS",90.69,888.41,"Forecast"
2027-03-03 00:00:00.000,"TAS",92.23,891.6,"Forecast"
2027-03-04 00:00:00.000,"TAS",89.91,888.79,"Forecast"
2027-03-05 00:00:00.000,"TAS",85.69,882.11,"Forecast"
2027-03-06 00:00:00.000,"TAS",83.07,877.21,"Forecast"
2027-03-07 00:00:00.000,"TAS",83.94,879.93,"Forecast"
2027-03-08 00:00:00.000,"TAS",87.87,889.17,"Forecast"
2027-03-09 00:00:00.000,"TAS",92.23,897.97,"Forecast"
2027-03-10 00:00:00.000,"TAS",93.78,901.35,"Forecast"
2027-03-11 00:00:00.000,"TAS",91.44,898.68,"Forecast"
2027-03-12 00:00:00.000,"TAS",87.09,892.06,"Forecast"
2027-03-13 00:00:00.000,"TAS",84.25,887.2,"Forecast"
2027-03-14 00:00:00.000,"TAS",85.01,889.99,"Forecast"
2027-03-15 00:00:00.000,"TAS",89.21,899.4,"Forecast"
2027-03-16 00:00:00.000,"TAS",93.65,908.4,"Forecast"
2027-03-17 00:00:00.000,"TAS",94.99,911.95,"Forecast"
2027-03-18 00:00:00.000,"TAS",92.78,909.41,"Forecast"
2027-03-19 00:00:00.000,"TAS",88.44,902.85,"Forecast"
2027-03-20 00:00:00.000,"TAS",85.4,898,"Forecast"
2027-03-21 00:00:00.000,"TAS",86.2,900.85,"Forecast"
2027-03-22 00:00:00.000,"TAS",90.53,910.42,"Forecast"
2027-03-23 00:00:00.000,"TAS",94.95,919.6,"Forecast"
2027-03-24 00:00:00.000,"TAS",96.07,923.31,"Forecast"
2027-03-25 00:00:00.000,"TAS",93.99,920.87,"Forecast"
2027-03-26 00:00:00.000,"TAS",89.7,914.36,"Forecast"
2027-03-27 00:00:00.000,"TAS",86.61,909.51,"Forecast"
2027-03-28 00:00:00.000,"TAS",87.59,912.41,"Forecast"
2027-03-29 00:00:00.000,"TAS",91.95,922.1,"Forecast"
2027-03-30 00:00:00.000,"TAS",96.13,931.44,"Forecast"
2027-03-31 00:00:00.000,"TAS",97.06,935.27,"Forecast"
2027-04-01 00:00:00.000,"TAS",95,932.91,"Forecast"
2027-04-02 00:00:00.000,"TAS",90.8,926.42,"Forecast"
2027-04-03 00:00:00.000,"TAS",87.83,921.57,"Forecast"
2027-04-04 00:00:00.000,"TAS",88.92,924.49,"Forecast"
2027-04-05 00:00:00.000,"TAS",93.32,934.29,"Forecast"
2027-04-06 00:00:00.000,"TAS",97.23,943.75,"Forecast"
2027-04-07 00:00:00.000,"TAS",98.23,947.67,"Forecast"
2027-04-08 00:00:00.000,"TAS",96.01,945.35,"Forecast"
2027-04-09 00:00:00.000,"TAS",91.91,938.87,"Forecast"
2027-04-10 00:00:00.000,"TAS",89.02,933.99,"Forecast"
2027-04-11 00:00:00.000,"TAS",90.21,936.92,"Forecast"
2027-04-12 00:00:00.000,"TAS",94.66,946.78,"Forecast"
2027-04-13 00:00:00.000,"TAS",99.02,956.33,"Forecast"
2027-04-14 00:00:00.000,"TAS",100.5,960.29,"Forecast"
2027-04-15 00:00:00.000,"TAS",97.44,957.98,"Forecast"
2027-04-16 00:00:00.000,"TAS",93.38,951.49,"Forecast"
2027-04-17 00:00:00.000,"TAS",90.52,946.57,"Forecast"
2027-04-18 00:00:00.000,"TAS",91.68,949.48,"Forecast"
2027-04-19 00:00:00.000,"TAS",96.07,959.36,"Forecast"
2027-04-20 00:00:00.000,"TAS",101.26,968.94,"Forecast"
2027-04-21 00:00:00.000,"TAS",103.26,972.9,"Forecast"
2027-04-22 00:00:00.000,"TAS",100.21,970.57,"Forecast"
2027-04-23 00:00:00.000,"TAS",95.49,964.04,"Forecast"
2027-04-24 00:00:00.000,"TAS",92.48,959.04,"Forecast"
2027-04-25 00:00:00.000,"TAS",93.49,961.9,"Forecast"
2027-04-26 00:00:00.000,"TAS",98.38,971.78,"Forecast"
2027-04-27 00:00:00.000,"TAS",104.27,981.33,"Forecast"
2027-04-28 00:00:00.000,"TAS",107.34,985.24,"Forecast"
2027-04-29 00:00:00.000,"TAS",104.09,982.85,"Forecast"
2027-04-30 00:00:00.000,"TAS",98.45,976.24,"Forecast"
2027-05-01 00:00:00.000,"TAS",95.03,971.16,"Forecast"
2027-05-02 00:00:00.000,"TAS",95.81,973.94,"Forecast"
2027-05-03 00:00:00.000,"TAS",101.27,983.76,"Forecast"
2027-05-04 00:00:00.000,"TAS",108.21,993.24,"Forecast"
2027-05-05 00:00:00.000,"TAS",112.06,997.04,"Forecast"
2027-05-06 00:00:00.000,"TAS",109.35,994.55,"Forecast"
2027-05-07 00:00:00.000,"TAS",102.87,987.85,"Forecast"
2027-05-08 00:00:00.000,"TAS",98.91,982.66,"Forecast"
2027-05-09 00:00:00.000,"TAS",99.93,985.33,"Forecast"
2027-05-10 00:00:00.000,"TAS",105.5,995.05,"Forecast"
2027-05-11 00:00:00.000,"TAS",113.31,1004.41,"Forecast"
2027-05-12 00:00:00.000,"TAS",117.96,1008.06,"Forecast"
2027-05-13 00:00:00.000,"TAS",115.38,1005.43,"Forecast"
2027-05-14 00:00:00.000,"TAS",108.48,998.6,"Forecast"
2027-05-15 00:00:00.000,"TAS",103.68,993.29,"Forecast"
2027-05-16 00:00:00.000,"TAS",104.27,995.82,"Forecast"
2027-05-17 00:00:00.000,"TAS",110.3,1005.4,"Forecast"
2027-05-18 00:00:00.000,"TAS",118.89,1014.58,"Forecast"
2027-05-19 00:00:00.000,"TAS",124.49,1018.05,"Forecast"
2027-05-20 00:00:00.000,"TAS",122.09,1015.24,"Forecast"
2027-05-21 00:00:00.000,"TAS",115.01,1008.27,"Forecast"
2027-05-22 00:00:00.000,"TAS",109.53,1002.8,"Forecast"
2027-05-23 00:00:00.000,"TAS",109.92,1005.18,"Forecast"
2027-05-24 00:00:00.000,"TAS",116.26,1014.57,"Forecast"
2027-05-25 00:00:00.000,"TAS",125.63,1023.56,"Forecast"
2027-05-26 00:00:00.000,"TAS",131.79,1026.8,"Forecast"
2027-05-27 00:00:00.000,"TAS",129.72,1023.8,"Forecast"
2027-05-28 00:00:00.000,"TAS",121.72,1016.66,"Forecast"
2027-05-29 00:00:00.000,"TAS",115.73,1011.03,"Forecast"
2027-05-30 00:00:00.000,"TAS",115.79,1013.21,"Forecast"
2027-05-31 00:00:00.000,"TAS",121.93,1022.41,"Forecast"
2027-06-01 00:00:00.000,"TAS",131.97,1031.16,"Forecast"
2027-06-02 00:00:00.000,"TAS",138.53,1034.16,"Forecast"
2027-06-03 00:00:00.000,"TAS",136.66,1030.94,"Forecast"
2027-06-04 00:00:00.000,"TAS",128.07,1023.63,"Forecast"
2027-06-05 00:00:00.000,"TAS",121.44,1017.81,"Forecast"
2027-06-06 00:00:00.000,"TAS",121.1,1019.8,"Forecast"
2027-06-07 00:00:00.000,"TAS",127.32,1028.77,"Forecast"
2027-06-08 00:00:00.000,"TAS",137.72,1037.27,"Forecast"
2027-06-09 00:00:00.000,"TAS",144.5,1040.02,"Forecast"
2027-06-10 00:00:00.000,"TAS",142.66,1036.58,"Forecast"
2027-06-11 00:00:00.000,"TAS",133.92,1029.07,"Forecast"
2027-06-12 00:00:00.000,"TAS",126.51,1023.06,"Forecast"
2027-06-13 00:00:00.000,"TAS",125.72,1024.83,"Forecast"
2027-06-14 00:00:00.000,"TAS",132.07,1033.57,"Forecast"
2027-06-15 00:00:00.000,"TAS",142.53,1041.81,"Forecast"
2027-06-16 00:00:00.000,"TAS",149.3,1044.3,"Forecast"
2027-06-17 00:00:00.000,"TAS",147.32,1040.63,"Forecast"
2027-06-18 00:00:00.000,"TAS",138.3,1032.93,"Forecast"
2027-06-19 00:00:00.000,"TAS",130.29,1026.72,"Forecast"
2027-06-20 00:00:00.000,"TAS",129.12,1028.28,"Forecast"
2027-06-21 00:00:00.000,"TAS",135.38,1036.77,"Forecast"
2027-06-22 00:00:00.000,"TAS",145.71,1044.75,"Forecast"
2027-06-23 00:00:00.000,"TAS",152.3,1046.99,"Forecast"
2027-06-24 00:00:00.000,"TAS",150.04,1043.1,"Forecast"
2027-06-25 00:00:00.000,"TAS",140.68,1035.19,"Forecast"
2027-06-26 00:00:00.000,"TAS",132.37,1028.78,"Forecast"
2027-06-27 00:00:00.000,"TAS",130.97,1030.12,"Forecast"
2027-06-28 00:00:00.000,"TAS",136.9,1038.37,"Forecast"
2027-06-29 00:00:00.000,"TAS",146.93,1046.09,"Forecast"
2027-06-30 00:00:00.000,"TAS",153.18,1048.09,"Forecast"
2027-07-01 00:00:00.000,"TAS",150.54,1043.98,"Forecast"
2027-07-02 00:00:00.000,"TAS",140.79,1035.88,"Forecast"
2027-07-03 00:00:00.000,"TAS",132.52,1029.26,"Forecast"
2027-07-04 00:00:00.000,"TAS",131.05,1030.38,"Forecast"
2027-07-05 00:00:00.000,"TAS",136.45,1038.39,"Forecast"
2027-07-06 00:00:00.000,"TAS",146.01,1045.87,"Forecast"
2027-07-07 00:00:00.000,"TAS",151.75,1047.63,"Forecast"
2027-07-08 00:00:00.000,"TAS",148.62,1043.32,"Forecast"
2027-07-09 00:00:00.000,"TAS",138.45,1035.02,"Forecast"
2027-07-10 00:00:00.000,"TAS",130.58,1028.21,"Forecast"
2027-07-11 00:00:00.000,"TAS",129.24,1029.1,"Forecast"
2027-07-12 00:00:00.000,"TAS",134.34,1036.87,"Forecast"
2027-07-13 00:00:00.000,"TAS",143.11,1044.12,"Forecast"
2027-07-14 00:00:00.000,"TAS",148.16,1045.68,"Forecast"
2027-07-15 00:00:00.000,"TAS",144.41,1041.17,"Forecast"
2027-07-16 00:00:00.000,"TAS",134.73,1032.68,"Forecast"
2027-07-17 00:00:00.000,"TAS",127.18,1025.66,"Forecast"
2027-07-18 00:00:00.000,"TAS",126.09,1026.34,"Forecast"
2027-07-19 00:00:00.000,"TAS",131.12,1033.89,"Forecast"
2027-07-20 00:00:00.000,"TAS",138.72,1040.92,"Forecast"
2027-07-21 00:00:00.000,"TAS",142.83,1042.27,"Forecast"
2027-07-22 00:00:00.000,"TAS",138.26,1037.58,"Forecast"
2027-07-23 00:00:00.000,"TAS",129.38,1028.9,"Forecast"
2027-07-24 00:00:00.000,"TAS",122.91,1021.69,"Forecast"
2027-07-25 00:00:00.000,"TAS",122.47,1022.16,"Forecast"
2027-07-26 00:00:00.000,"TAS",127.33,1029.49,"Forecast"
2027-07-27 00:00:00.000,"TAS",133.91,1036.31,"Forecast"
2027-07-28 00:00:00.000,"TAS",136.65,1037.49,"Forecast"
2027-07-29 00:00:00.000,"TAS",132.31,1032.63,"Forecast"
2027-07-30 00:00:00.000,"TAS",124.32,1023.77,"Forecast"
2027-07-31 00:00:00.000,"TAS",118.34,1016.37,"Forecast"
2027-08-01 00:00:00.000,"TAS",118.1,1016.64,"Forecast"
2027-08-02 00:00:00.000,"TAS",123.34,1023.76,"Forecast"
2027-08-03 00:00:00.000,"TAS",129.39,1030.39,"Forecast"
2027-08-04 00:00:00.000,"TAS",131.55,1031.4,"Forecast"
2027-08-05 00:00:00.000,"TAS",127.35,1026.38,"Forecast"
2027-08-06 00:00:00.000,"TAS",119.76,1017.35,"Forecast"
2027-08-07 00:00:00.000,"TAS",113.77,1009.76,"Forecast"
2027-08-08 00:00:00.000,"TAS",113.52,1009.85,"Forecast"
2027-08-09 00:00:00.000,"TAS",118.69,1016.77,"Forecast"
2027-08-10 00:00:00.000,"TAS",124.96,1023.23,"Forecast"
2027-08-11 00:00:00.000,"TAS",127.02,1024.09,"Forecast"
2027-08-12 00:00:00.000,"TAS",123.02,1018.92,"Forecast"
2027-08-13 00:00:00.000,"TAS",115.24,1009.73,"Forecast"
2027-08-14 00:00:00.000,"TAS",109.92,1001.97,"Forecast"
2027-08-15 00:00:00.000,"TAS",109.93,1001.88,"Forecast"
2027-08-16 00:00:00.000,"TAS",114.56,1008.62,"Forecast"
2027-08-17 00:00:00.000,"TAS",120.62,1014.91,"Forecast"
2027-08-18 00:00:00.000,"TAS",122.71,1015.64,"Forecast"
2027-08-19 00:00:00.000,"TAS",118.46,1010.34,"Forecast"
2027-08-20 00:00:00.000,"TAS",111.06,1001,"Forecast"
2027-08-21 00:00:00.000,"TAS",105.76,993.08,"Forecast"
2027-08-22 00:00:00.000,"TAS",105.48,992.83,"Forecast"
2027-08-23 00:00:00.000,"TAS",110.37,999.41,"Forecast"
2027-08-24 00:00:00.000,"TAS",115.92,1005.55,"Forecast"
2027-08-25 00:00:00.000,"TAS",117.72,1006.16,"Forecast"
2027-08-26 00:00:00.000,"TAS",113.36,1000.74,"Forecast"
2027-08-27 00:00:00.000,"TAS",106.45,991.26,"Forecast"
2027-08-28 00:00:00.000,"TAS",99.79,983.22,"Forecast"
2027-08-29 00:00:00.000,"TAS",98.51,982.83,"Forecast"
2027-08-30 00:00:00.000,"TAS",103.05,989.26,"Forecast"
2027-08-31 00:00:00.000,"TAS",109.32,995.26,"Forecast"
2027-09-01 00:00:00.000,"TAS",111.3,995.76,"Forecast"
2027-09-02 00:00:00.000,"TAS",107.65,990.25,"Forecast"
2027-09-03 00:00:00.000,"TAS",99.19,980.66,"Forecast"
2027-09-04 00:00:00.000,"TAS",91.28,972.51,"Forecast"
2027-09-05 00:00:00.000,"TAS",88.82,972,"Forecast"
2027-09-06 00:00:00.000,"TAS",91.52,978.31,"Forecast"
2027-09-07 00:00:00.000,"TAS",96.48,984.2,"Forecast"
2027-09-08 00:00:00.000,"TAS",97.83,984.61,"Forecast"
2027-09-09 00:00:00.000,"TAS",92.12,979.01,"Forecast"
2027-09-10 00:00:00.000,"TAS",83.29,969.34,"Forecast"
2027-09-11 00:00:00.000,"TAS",76.26,961.11,"Forecast"
2027-09-12 00:00:00.000,"TAS",73.94,960.53,"Forecast"
2027-09-13 00:00:00.000,"TAS",75.87,966.73,"Forecast"
2027-09-14 00:00:00.000,"TAS",78.59,972.52,"Forecast"
2027-09-15 00:00:00.000,"TAS",77.94,972.87,"Forecast"
2027-09-16 00:00:00.000,"TAS",72.21,967.21,"Forecast"
2027-09-17 00:00:00.000,"TAS",63.7,957.48,"Forecast"
2027-09-18 00:00:00.000,"TAS",58.06,949.22,"Forecast"
2027-09-19 00:00:00.000,"TAS",56.75,948.6,"Forecast"
2027-09-20 00:00:00.000,"TAS",58.52,954.73,"Forecast"
2027-09-21 00:00:00.000,"TAS",60.38,960.44,"Forecast"
2027-09-22 00:00:00.000,"TAS",59.38,960.74,"Forecast"
2027-09-23 00:00:00.000,"TAS",54.86,955.04,"Forecast"
2027-09-24 00:00:00.000,"TAS",49.09,945.29,"Forecast"
2027-09-25 00:00:00.000,"TAS",45.48,937.04,"Forecast"
2027-09-26 00:00:00.000,"TAS",45.5,936.42,"Forecast"
2027-09-27 00:00:00.000,"TAS",48.16,942.5,"Forecast"
2027-09-28 00:00:00.000,"TAS",50.72,948.16,"Forecast"
2027-09-29 00:00:00.000,"TAS",50.4,948.43,"Forecast"
2027-09-30 00:00:00.000,"TAS",46.63,942.73,"Forecast"
2027-10-01 00:00:00.000,"TAS",42.28,933,"Forecast"
2027-10-02 00:00:00.000,"TAS",40.15,924.8,"Forecast"
2027-10-03 00:00:00.000,"TAS",40.97,924.22,"Forecast"
2027-10-04 00:00:00.000,"TAS",43.79,930.28,"Forecast"
2027-10-05 00:00:00.000,"TAS",46.44,935.92,"Forecast"
2027-10-06 00:00:00.000,"TAS",46.4,936.18,"Forecast"
2027-10-07 00:00:00.000,"TAS",43.41,930.5,"Forecast"
2027-10-08 00:00:00.000,"TAS",39.98,920.82,"Forecast"
2027-10-09 00:00:00.000,"TAS",38.39,912.72,"Forecast"
2027-10-10 00:00:00.000,"TAS",39.6,912.22,"Forecast"
2027-10-11 00:00:00.000,"TAS",42.57,918.3,"Forecast"
2027-10-12 00:00:00.000,"TAS",45.37,923.93,"Forecast"
2027-10-13 00:00:00.000,"TAS",45.59,924.21,"Forecast"
2027-10-14 00:00:00.000,"TAS",42.95,918.57,"Forecast"
2027-10-15 00:00:00.000,"TAS",39.8,908.99,"Forecast"
2027-10-16 00:00:00.000,"TAS",38.41,901.02,"Forecast"
2027-10-17 00:00:00.000,"TAS",39.76,900.63,"Forecast"
2027-10-18 00:00:00.000,"TAS",42.86,906.76,"Forecast"
2027-10-19 00:00:00.000,"TAS",45.76,912.42,"Forecast"
2027-10-20 00:00:00.000,"TAS",46.13,912.73,"Forecast"
2027-10-21 00:00:00.000,"TAS",43.63,907.16,"Forecast"
2027-10-22 00:00:00.000,"TAS",40.6,897.7,"Forecast"
2027-10-23 00:00:00.000,"TAS",39.29,889.91,"Forecast"
2027-10-24 00:00:00.000,"TAS",40.69,889.66,"Forecast"
2027-10-25 00:00:00.000,"TAS",43.83,895.87,"Forecast"
2027-10-26 00:00:00.000,"TAS",46.86,901.56,"Forecast"
2027-10-27 00:00:00.000,"TAS",47.34,901.93,"Forecast"
2027-10-28 00:00:00.000,"TAS",44.91,896.45,"Forecast"
2027-10-29 00:00:00.000,"TAS",41.92,887.14,"Forecast"
2027-10-30 00:00:00.000,"TAS",40.63,879.54,"Forecast"
2027-10-31 00:00:00.000,"TAS",42.03,879.47,"Forecast"
2027-11-01 00:00:00.000,"TAS",45.25,885.77,"Forecast"
2027-11-02 00:00:00.000,"TAS",48.37,891.52,"Forecast"
2027-11-03 00:00:00.000,"TAS",48.96,891.96,"Forecast"
2027-11-04 00:00:00.000,"TAS",46.62,886.59,"Forecast"
2027-11-05 00:00:00.000,"TAS",43.58,877.44,"Forecast"
2027-11-06 00:00:00.000,"TAS",42.26,870.07,"Forecast"
2027-11-07 00:00:00.000,"TAS",43.64,870.17,"Forecast"
2027-11-08 00:00:00.000,"TAS",46.96,876.58,"Forecast"
2027-11-09 00:00:00.000,"TAS",50.15,882.41,"Forecast"
2027-11-10 00:00:00.000,"TAS",50.85,882.95,"Forecast"
2027-11-11 00:00:00.000,"TAS",48.58,877.7,"Forecast"
2027-11-12 00:00:00.000,"TAS",45.44,868.73,"Forecast"
2027-11-13 00:00:00.000,"TAS",44.08,861.58,"Forecast"
2027-11-14 00:00:00.000,"TAS",45.41,861.88,"Forecast"
2027-11-15 00:00:00.000,"TAS",48.85,868.42,"Forecast"
2027-11-16 00:00:00.000,"TAS",52.19,874.33,"Forecast"
2027-11-17 00:00:00.000,"TAS",53.04,874.97,"Forecast"
2027-11-18 00:00:00.000,"TAS",50.77,869.85,"Forecast"
2027-11-19 00:00:00.000,"TAS",47.53,861.07,"Forecast"
2027-11-20 00:00:00.000,"TAS",46.07,854.15,"Forecast"
2027-11-21 00:00:00.000,"TAS",47.4,854.65,"Forecast"
2027-11-22 00:00:00.000,"TAS",50.91,861.32,"Forecast"
2027-11-23 00:00:00.000,"TAS",54.44,867.34,"Forecast"
2027-11-24 00:00:00.000,"TAS",55.42,868.08,"Forecast"
2027-11-25 00:00:00.000,"TAS",53.12,863.1,"Forecast"
2027-11-26 00:00:00.000,"TAS",49.88,854.52,"Forecast"
2027-11-27 00:00:00.000,"TAS",48.28,847.82,"Forecast"
2027-11-28 00:00:00.000,"TAS",49.65,848.52,"Forecast"
2027-11-29 00:00:00.000,"TAS",53.17,855.32,"Forecast"
2027-11-30 00:00:00.000,"TAS",56.88,861.46,"Forecast"
2027-12-01 00:00:00.000,"TAS",57.99,862.32,"Forecast"
2027-12-02 00:00:00.000,"TAS",55.78,857.49,"Forecast"
2027-12-03 00:00:00.000,"TAS",52.41,849.09,"Forecast"
2027-12-04 00:00:00.000,"TAS",50.75,842.61,"Forecast"
2027-12-05 00:00:00.000,"TAS",52.07,843.5,"Forecast"
2027-12-06 00:00:00.000,"TAS",55.74,850.46,"Forecast"
2027-12-07 00:00:00.000,"TAS",59.54,856.71,"Forecast"
2027-12-08 00:00:00.000,"TAS",60.75,857.7,"Forecast"
2027-12-09 00:00:00.000,"TAS",58.62,853.02,"Forecast"
2027-12-10 00:00:00.000,"TAS",55.09,844.8,"Forecast"
2027-12-11 00:00:00.000,"TAS",53.34,838.53,"Forecast"
2027-12-12 00:00:00.000,"TAS",54.59,839.61,"Forecast"
2027-12-13 00:00:00.000,"TAS",58.42,846.71,"Forecast"
2027-12-14 00:00:00.000,"TAS",62.3,853.11,"Forecast"
2027-12-15 00:00:00.000,"TAS",63.6,854.24,"Forecast"
2027-12-16 00:00:00.000,"TAS",61.54,849.7,"Forecast"
2027-12-17 00:00:00.000,"TAS",58.02,841.66,"Forecast"
2027-12-18 00:00:00.000,"TAS",56.06,835.58,"Forecast"
2027-12-19 00:00:00.000,"TAS",57.37,836.84,"Forecast"
2027-12-20 00:00:00.000,"TAS",61.25,844.1,"Forecast"
2027-12-21 00:00:00.000,"TAS",65.21,850.64,"Forecast"
2027-12-22 00:00:00.000,"TAS",66.57,851.91,"Forecast"
2027-12-23 00:00:00.000,"TAS",64.55,847.53,"Forecast"
2027-12-24 00:00:00.000,"TAS",61.03,839.65,"Forecast"
2027-12-25 00:00:00.000,"TAS",59.03,833.75,"Forecast"
2027-12-26 00:00:00.000,"TAS",60.32,835.18,"Forecast"
2027-12-27 00:00:00.000,"TAS",64.21,842.6,"Forecast"
2027-12-28 00:00:00.000,"TAS",68.21,849.3,"Forecast"
2027-12-29 00:00:00.000,"TAS",69.63,850.73,"Forecast"
2027-12-30 00:00:00.000,"TAS",67.63,846.5,"Forecast"
2027-12-31 00:00:00.000,"TAS",64.08,838.78,"Forecast"
2028-01-01 00:00:00.000,"TAS",62.03,833.04,"Forecast"
2028-01-02 00:00:00.000,"TAS",63.29,834.64,"Forecast"
2028-01-03 00:00:00.000,"TAS",67.2,842.23,"Forecast"
2028-01-04 00:00:00.000,"TAS",71.25,849.09,"Forecast"
2028-01-05 00:00:00.000,"TAS",72.72,850.69,"Forecast"
2028-01-06 00:00:00.000,"TAS",70.73,846.62,"Forecast"
2028-01-07 00:00:00.000,"TAS",67.14,839.06,"Forecast"
2028-01-08 00:00:00.000,"TAS",65.04,833.47,"Forecast"
2028-01-09 00:00:00.000,"TAS",66.25,835.22,"Forecast"
2028-01-10 00:00:00.000,"TAS",70.15,842.98,"Forecast"
2028-01-11 00:00:00.000,"TAS",74.23,850.03,"Forecast"
2028-01-12 00:00:00.000,"TAS",75.73,851.8,"Forecast"
2028-01-13 00:00:00.000,"TAS",73.74,847.89,"Forecast"
2028-01-14 00:00:00.000,"TAS",70.09,840.46,"Forecast"
2028-01-15 00:00:00.000,"TAS",67.92,835.01,"Forecast"
2028-01-16 00:00:00.000,"TAS",69.08,836.91,"Forecast"
2028-01-17 00:00:00.000,"TAS",72.99,844.84,"Forecast"
2028-01-18 00:00:00.000,"TAS",77.1,852.08,"Forecast"
2028-01-19 00:00:00.000,"TAS",78.62,854.03,"Forecast"
2028-01-20 00:00:00.000,"TAS",76.61,850.27,"Forecast"
2028-01-21 00:00:00.000,"TAS",72.91,842.98,"Forecast"
2028-01-22 00:00:00.000,"TAS",70.66,837.64,"Forecast"
2028-01-23 00:00:00.000,"TAS",71.78,839.68,"Forecast"
2028-01-24 00:00:00.000,"TAS",75.68,847.79,"Forecast"
2028-01-25 00:00:00.000,"TAS",79.82,855.23,"Forecast"
2028-01-26 00:00:00.000,"TAS",81.36,857.37,"Forecast"
2028-01-27 00:00:00.000,"TAS",79.32,853.77,"Forecast"
2028-01-28 00:00:00.000,"TAS",75.56,846.6,"Forecast"
2028-01-29 00:00:00.000,"TAS",73.24,841.36,"Forecast"
2028-01-30 00:00:00.000,"TAS",74.31,843.53,"Forecast"
2028-01-31 00:00:00.000,"TAS",78.21,851.82,"Forecast"
2028-02-01 00:00:00.000,"TAS",82.38,859.48,"Forecast"
2028-02-02 00:00:00.000,"TAS",84.15,861.82,"Forecast"
2028-02-03 00:00:00.000,"TAS",81.95,858.37,"Forecast"
2028-02-04 00:00:00.000,"TAS",78.1,851.31,"Forecast"
2028-02-05 00:00:00.000,"TAS",75.69,846.17,"Forecast"
2028-02-06 00:00:00.000,"TAS",76.71,848.46,"Forecast"
2028-02-07 00:00:00.000,"TAS",80.61,856.94,"Forecast"
2028-02-08 00:00:00.000,"TAS",84.87,864.81,"Forecast"
2028-02-09 00:00:00.000,"TAS",86.5,867.35,"Forecast"
2028-02-10 00:00:00.000,"TAS",84.4,864.06,"Forecast"
2028-02-11 00:00:00.000,"TAS",80.42,857.11,"Forecast"
2028-02-12 00:00:00.000,"TAS",77.93,852.04,"Forecast"
2028-02-13 00:00:00.000,"TAS",78.91,854.45,"Forecast"
2028-02-14 00:00:00.000,"TAS",82.8,863.11,"Forecast"
2028-02-15 00:00:00.000,"TAS",87.01,871.21,"Forecast"
2028-02-16 00:00:00.000,"TAS",88.56,873.96,"Forecast"
2028-02-17 00:00:00.000,"TAS",86.42,870.83,"Forecast"
2028-02-18 00:00:00.000,"TAS",82.41,863.97,"Forecast"
2028-02-19 00:00:00.000,"TAS",79.86,858.97,"Forecast"
2028-02-20 00:00:00.000,"TAS",80.8,861.48,"Forecast"
2028-02-21 00:00:00.000,"TAS",84.58,870.34,"Forecast"
2028-02-22 00:00:00.000,"TAS",88.84,878.66,"Forecast"
2028-02-23 00:00:00.000,"TAS",90.35,881.62,"Forecast"
2028-02-24 00:00:00.000,"TAS",88.18,878.64,"Forecast"
2028-02-25 00:00:00.000,"TAS",84.01,871.87,"Forecast"
2028-02-26 00:00:00.000,"TAS",81.47,866.92,"Forecast"
2028-02-27 00:00:00.000,"TAS",82.4,869.53,"Forecast"
2028-02-28 00:00:00.000,"TAS",86.18,878.58,"Forecast"
2028-02-29 00:00:00.000,"TAS",90.48,887.12,"Forecast"
2028-03-01 00:00:00.000,"TAS",92,890.28,"Forecast"
2028-03-02 00:00:00.000,"TAS",89.69,887.45,"Forecast"
2028-03-03 00:00:00.000,"TAS",85.48,880.76,"Forecast"
2028-03-04 00:00:00.000,"TAS",82.88,875.86,"Forecast"
2028-03-05 00:00:00.000,"TAS",83.78,878.56,"Forecast"
2028-03-06 00:00:00.000,"TAS",87.65,887.78,"Forecast"
2028-03-07 00:00:00.000,"TAS",92.01,896.55,"Forecast"
2028-03-08 00:00:00.000,"TAS",93.57,899.9,"Forecast"
2028-03-09 00:00:00.000,"TAS",91.23,897.21,"Forecast"
2028-03-10 00:00:00.000,"TAS",86.9,890.59,"Forecast"
2028-03-11 00:00:00.000,"TAS",84.1,885.72,"Forecast"
2028-03-12 00:00:00.000,"TAS",84.85,888.5,"Forecast"
2028-03-13 00:00:00.000,"TAS",89.02,897.89,"Forecast"
2028-03-14 00:00:00.000,"TAS",93.45,906.86,"Forecast"
2028-03-15 00:00:00.000,"TAS",94.83,910.39,"Forecast"
2028-03-16 00:00:00.000,"TAS",92.6,907.83,"Forecast"
2028-03-17 00:00:00.000,"TAS",88.24,901.26,"Forecast"
2028-03-18 00:00:00.000,"TAS",85.23,896.41,"Forecast"
2028-03-19 00:00:00.000,"TAS",86,899.26,"Forecast"
2028-03-20 00:00:00.000,"TAS",90.33,908.8,"Forecast"
2028-03-21 00:00:00.000,"TAS",94.78,917.96,"Forecast"
2028-03-22 00:00:00.000,"TAS",95.93,921.65,"Forecast"
2028-03-23 00:00:00.000,"TAS",93.84,919.19,"Forecast"
2028-03-24 00:00:00.000,"TAS",89.53,912.67,"Forecast"
2028-03-25 00:00:00.000,"TAS",86.43,907.83,"Forecast"
2028-03-26 00:00:00.000,"TAS",87.39,910.72,"Forecast"
2028-03-27 00:00:00.000,"TAS",91.75,920.39,"Forecast"
2028-03-28 00:00:00.000,"TAS",95.96,929.72,"Forecast"
2028-03-29 00:00:00.000,"TAS",96.92,933.53,"Forecast"
2028-03-30 00:00:00.000,"TAS",94.87,931.16,"Forecast"
2028-03-31 00:00:00.000,"TAS",90.65,924.67,"Forecast"
2028-04-01 00:00:00.000,"TAS",87.66,919.82,"Forecast"
2028-04-02 00:00:00.000,"TAS",88.74,922.74,"Forecast"
2028-04-03 00:00:00.000,"TAS",93.13,932.52,"Forecast"
2028-04-04 00:00:00.000,"TAS",97.07,941.97,"Forecast"
2028-04-05 00:00:00.000,"TAS",98.03,945.88,"Forecast"
2028-04-06 00:00:00.000,"TAS",95.86,943.56,"Forecast"
2028-04-07 00:00:00.000,"TAS",91.74,937.08,"Forecast"
2028-04-08 00:00:00.000,"TAS",88.85,932.2,"Forecast"
2028-04-09 00:00:00.000,"TAS",90.03,935.13,"Forecast"
2028-04-10 00:00:00.000,"TAS",94.46,944.99,"Forecast"
2028-04-11 00:00:00.000,"TAS",98.7,954.52,"Forecast"
2028-04-12 00:00:00.000,"TAS",100.14,958.48,"Forecast"
2028-04-13 00:00:00.000,"TAS",97.23,956.18,"Forecast"
2028-04-14 00:00:00.000,"TAS",93.16,949.69,"Forecast"
2028-04-15 00:00:00.000,"TAS",90.3,944.77,"Forecast"
2028-04-16 00:00:00.000,"TAS",91.47,947.68,"Forecast"
2028-04-17 00:00:00.000,"TAS",95.88,957.57,"Forecast"
2028-04-18 00:00:00.000,"TAS",100.94,967.14,"Forecast"
2028-04-19 00:00:00.000,"TAS",102.77,971.11,"Forecast"
2028-04-20 00:00:00.000,"TAS",99.75,968.78,"Forecast"
2028-04-21 00:00:00.000,"TAS",95.17,962.26,"Forecast"
2028-04-22 00:00:00.000,"TAS",92.19,957.28,"Forecast"
2028-04-23 00:00:00.000,"TAS",93.22,960.15,"Forecast"
2028-04-24 00:00:00.000,"TAS",98,970.02,"Forecast"
2028-04-25 00:00:00.000,"TAS",103.77,979.58,"Forecast"
2028-04-26 00:00:00.000,"TAS",106.71,983.5,"Forecast"
2028-04-27 00:00:00.000,"TAS",103.42,981.12,"Forecast"
2028-04-28 00:00:00.000,"TAS",97.82,974.53,"Forecast"
2028-04-29 00:00:00.000,"TAS",94.54,969.46,"Forecast"
2028-04-30 00:00:00.000,"TAS",95.36,972.26,"Forecast"
2028-05-01 00:00:00.000,"TAS",100.8,982.09,"Forecast"
2028-05-02 00:00:00.000,"TAS",107.58,991.58,"Forecast"
2028-05-03 00:00:00.000,"TAS",111.33,995.4,"Forecast"
2028-05-04 00:00:00.000,"TAS",108.55,992.92,"Forecast"
2028-05-05 00:00:00.000,"TAS",102.21,986.24,"Forecast"
2028-05-06 00:00:00.000,"TAS",98.26,981.07,"Forecast"
2028-05-07 00:00:00.000,"TAS",99.29,983.76,"Forecast"
2028-05-08 00:00:00.000,"TAS",104.81,993.49,"Forecast"
2028-05-09 00:00:00.000,"TAS",112.52,1002.87,"Forecast"
2028-05-10 00:00:00.000,"TAS",117.01,1006.55,"Forecast"
2028-05-11 00:00:00.000,"TAS",114.49,1003.93,"Forecast"
2028-05-12 00:00:00.000,"TAS",107.63,997.13,"Forecast"
2028-05-13 00:00:00.000,"TAS",102.98,991.83,"Forecast"
2028-05-14 00:00:00.000,"TAS",103.64,994.39,"Forecast"
2028-05-15 00:00:00.000,"TAS",109.61,1003.98,"Forecast"
2028-05-16 00:00:00.000,"TAS",118.05,1013.2,"Forecast"
2028-05-17 00:00:00.000,"TAS",123.53,1016.69,"Forecast"
2028-05-18 00:00:00.000,"TAS",121.05,1013.91,"Forecast"
2028-05-19 00:00:00.000,"TAS",114.08,1006.97,"Forecast"
2028-05-20 00:00:00.000,"TAS",108.67,1001.52,"Forecast"
2028-05-21 00:00:00.000,"TAS",109.1,1003.92,"Forecast"
2028-05-22 00:00:00.000,"TAS",115.45,1013.34,"Forecast"
2028-05-23 00:00:00.000,"TAS",124.71,1022.36,"Forecast"
2028-05-24 00:00:00.000,"TAS",130.79,1025.63,"Forecast"
2028-05-25 00:00:00.000,"TAS",128.68,1022.66,"Forecast"
2028-05-26 00:00:00.000,"TAS",120.81,1015.55,"Forecast"
2028-05-27 00:00:00.000,"TAS",114.9,1009.94,"Forecast"
2028-05-28 00:00:00.000,"TAS",115,1012.15,"Forecast"
2028-05-29 00:00:00.000,"TAS",121.17,1021.38,"Forecast"
2028-05-30 00:00:00.000,"TAS",131.13,1030.17,"Forecast"
2028-05-31 00:00:00.000,"TAS",137.64,1033.2,"Forecast"
2028-06-01 00:00:00.000,"TAS",135.75,1030.01,"Forecast"
2028-06-02 00:00:00.000,"TAS",127.17,1022.73,"Forecast"
2028-06-03 00:00:00.000,"TAS",120.65,1016.93,"Forecast"
2028-06-04 00:00:00.000,"TAS",120.37,1018.95,"Forecast"
2028-06-05 00:00:00.000,"TAS",126.56,1027.95,"Forecast"
2028-06-06 00:00:00.000,"TAS",136.94,1036.49,"Forecast"
2028-06-07 00:00:00.000,"TAS",143.7,1039.28,"Forecast"
2028-06-08 00:00:00.000,"TAS",141.88,1035.87,"Forecast"
2028-06-09 00:00:00.000,"TAS",133.17,1028.39,"Forecast"
2028-06-10 00:00:00.000,"TAS",125.86,1022.41,"Forecast"
2028-06-11 00:00:00.000,"TAS",125.13,1024.21,"Forecast"
2028-06-12 00:00:00.000,"TAS",131.48,1032.98,"Forecast"
2028-06-13 00:00:00.000,"TAS",141.94,1041.26,"Forecast"
2028-06-14 00:00:00.000,"TAS",148.72,1043.79,"Forecast"
2028-06-15 00:00:00.000,"TAS",146.77,1040.15,"Forecast"
2028-06-16 00:00:00.000,"TAS",137.79,1032.48,"Forecast"
2028-06-17 00:00:00.000,"TAS",129.85,1026.3,"Forecast"
2028-06-18 00:00:00.000,"TAS",128.73,1027.88,"Forecast"
2028-06-19 00:00:00.000,"TAS",135.01,1036.41,"Forecast"
2028-06-20 00:00:00.000,"TAS",145.37,1044.43,"Forecast"
2028-06-21 00:00:00.000,"TAS",152,1046.7,"Forecast"
2028-06-22 00:00:00.000,"TAS",149.79,1042.84,"Forecast"
2028-06-23 00:00:00.000,"TAS",140.48,1034.97,"Forecast"
2028-06-24 00:00:00.000,"TAS",132.19,1028.59,"Forecast"
2028-06-25 00:00:00.000,"TAS",130.81,1029.95,"Forecast"
2028-06-26 00:00:00.000,"TAS",136.81,1038.24,"Forecast"
2028-06-27 00:00:00.000,"TAS",146.89,1046,"Forecast"
2028-06-28 00:00:00.000,"TAS",153.2,1048.03,"Forecast"
2028-06-29 00:00:00.000,"TAS",150.62,1043.95,"Forecast"
2028-06-30 00:00:00.000,"TAS",140.93,1035.88,"Forecast"
2028-07-01 00:00:00.000,"TAS",132.63,1029.29,"Forecast"
2028-07-02 00:00:00.000,"TAS",131.15,1030.44,"Forecast"
2028-07-03 00:00:00.000,"TAS",136.65,1038.48,"Forecast"
2028-07-04 00:00:00.000,"TAS",146.28,1046,"Forecast"
2028-07-05 00:00:00.000,"TAS",152.1,1047.79,"Forecast"
2028-07-06 00:00:00.000,"TAS",149.05,1043.51,"Forecast"
2028-07-07 00:00:00.000,"TAS",138.94,1035.24,"Forecast"
2028-07-08 00:00:00.000,"TAS",130.99,1028.45,"Forecast"
2028-07-09 00:00:00.000,"TAS",129.62,1029.38,"Forecast"
2028-07-10 00:00:00.000,"TAS",134.71,1037.18,"Forecast"
2028-07-11 00:00:00.000,"TAS",143.63,1044.46,"Forecast"
2028-07-12 00:00:00.000,"TAS",148.79,1046.05,"Forecast"
2028-07-13 00:00:00.000,"TAS",145.14,1041.56,"Forecast"
2028-07-14 00:00:00.000,"TAS",135.36,1033.1,"Forecast"
2028-07-15 00:00:00.000,"TAS",127.76,1026.11,"Forecast"
2028-07-16 00:00:00.000,"TAS",126.55,1026.82,"Forecast"
2028-07-17 00:00:00.000,"TAS",131.63,1034.4,"Forecast"
2028-07-18 00:00:00.000,"TAS",139.42,1041.46,"Forecast"
2028-07-19 00:00:00.000,"TAS",143.68,1042.84,"Forecast"
2028-07-20 00:00:00.000,"TAS",139.24,1038.18,"Forecast"
2028-07-21 00:00:00.000,"TAS",130.24,1029.53,"Forecast"
2028-07-22 00:00:00.000,"TAS",123.59,1022.34,"Forecast"
2028-07-23 00:00:00.000,"TAS",123.05,1022.84,"Forecast"
2028-07-24 00:00:00.000,"TAS",127.86,1030.2,"Forecast"
2028-07-25 00:00:00.000,"TAS",134.53,1037.05,"Forecast"
2028-07-26 00:00:00.000,"TAS",137.51,1038.25,"Forecast"
2028-07-27 00:00:00.000,"TAS",133.13,1033.42,"Forecast"
2028-07-28 00:00:00.000,"TAS",125,1024.58,"Forecast"
2028-07-29 00:00:00.000,"TAS",119.02,1017.21,"Forecast"
2028-07-30 00:00:00.000,"TAS",118.77,1017.51,"Forecast"
2028-07-31 00:00:00.000,"TAS",123.94,1024.66,"Forecast"
2028-08-01 00:00:00.000,"TAS",129.99,1031.32,"Forecast"
2028-08-02 00:00:00.000,"TAS",132.25,1032.35,"Forecast"
2028-08-03 00:00:00.000,"TAS",127.98,1027.35,"Forecast"
2028-08-04 00:00:00.000,"TAS",120.42,1018.35,"Forecast"
2028-08-05 00:00:00.000,"TAS",114.43,1010.78,"Forecast"
2028-08-06 00:00:00.000,"TAS",114.19,1010.89,"Forecast"
2028-08-07 00:00:00.000,"TAS",119.38,1017.84,"Forecast"
2028-08-08 00:00:00.000,"TAS",125.61,1024.32,"Forecast"
2028-08-09 00:00:00.000,"TAS",127.66,1025.21,"Forecast"
2028-08-10 00:00:00.000,"TAS",123.65,1020.06,"Forecast"
2028-08-11 00:00:00.000,"TAS",115.89,1010.89,"Forecast"
2028-08-12 00:00:00.000,"TAS",110.47,1003.15,"Forecast"
2028-08-13 00:00:00.000,"TAS",110.43,1003.08,"Forecast"
2028-08-14 00:00:00.000,"TAS",115.15,1009.85,"Forecast"
2028-08-15 00:00:00.000,"TAS",121.26,1016.17,"Forecast"
2028-08-16 00:00:00.000,"TAS",123.34,1016.91,"Forecast"
2028-08-17 00:00:00.000,"TAS",119.14,1011.63,"Forecast"
2028-08-18 00:00:00.000,"TAS",111.63,1002.31,"Forecast"
2028-08-19 00:00:00.000,"TAS",106.48,994.42,"Forecast"
2028-08-20 00:00:00.000,"TAS",106.31,994.18,"Forecast"
2028-08-21 00:00:00.000,"TAS",111.03,1000.79,"Forecast"
2028-08-22 00:00:00.000,"TAS",116.66,1006.95,"Forecast"
2028-08-23 00:00:00.000,"TAS",118.5,1007.57,"Forecast"
2028-08-24 00:00:00.000,"TAS",114.13,1002.17,"Forecast"
2028-08-25 00:00:00.000,"TAS",107.31,992.71,"Forecast"
2028-08-26 00:00:00.000,"TAS",100.8,984.68,"Forecast"
2028-08-27 00:00:00.000,"TAS",99.66,984.31,"Forecast"
2028-08-28 00:00:00.000,"TAS",104.37,990.76,"Forecast"
2028-08-29 00:00:00.000,"TAS",110.52,996.78,"Forecast"
2028-08-30 00:00:00.000,"TAS",112.28,997.3,"Forecast"
2028-08-31 00:00:00.000,"TAS",108.73,991.79,"Forecast"
2028-09-01 00:00:00.000,"TAS",100.48,982.22,"Forecast"
2028-09-02 00:00:00.000,"TAS",92.58,974.08,"Forecast"
2028-09-03 00:00:00.000,"TAS",90.1,973.59,"Forecast"
2028-09-04 00:00:00.000,"TAS",93.21,979.91,"Forecast"
2028-09-05 00:00:00.000,"TAS",98.54,985.82,"Forecast"
2028-09-06 00:00:00.000,"TAS",100.22,986.24,"Forecast"
2028-09-07 00:00:00.000,"TAS",94.94,980.65,"Forecast"
2028-09-08 00:00:00.000,"TAS",85.85,970.99,"Forecast"
2028-09-09 00:00:00.000,"TAS",78.74,962.78,"Forecast"
2028-09-10 00:00:00.000,"TAS",76.4,962.21,"Forecast"
2028-09-11 00:00:00.000,"TAS",78.37,968.42,"Forecast"
2028-09-12 00:00:00.000,"TAS",81.17,974.22,"Forecast"
2028-09-13 00:00:00.000,"TAS",80.61,974.58,"Forecast"
2028-09-14 00:00:00.000,"TAS",74.94,968.92,"Forecast"
2028-09-15 00:00:00.000,"TAS",66.45,959.2,"Forecast"
2028-09-16 00:00:00.000,"TAS",60.19,950.94,"Forecast"
2028-09-17 00:00:00.000,"TAS",58.62,950.33,"Forecast"
2028-09-18 00:00:00.000,"TAS",60.21,956.46,"Forecast"
2028-09-19 00:00:00.000,"TAS",62.03,962.19,"Forecast"
2028-09-20 00:00:00.000,"TAS",60.88,962.49,"Forecast"
2028-09-21 00:00:00.000,"TAS",56.23,956.79,"Forecast"
2028-09-22 00:00:00.000,"TAS",50.32,947.05,"Forecast"
2028-09-23 00:00:00.000,"TAS",46.5,938.79,"Forecast"
2028-09-24 00:00:00.000,"TAS",46.42,938.17,"Forecast"
2028-09-25 00:00:00.000,"TAS",49.05,944.25,"Forecast"
2028-09-26 00:00:00.000,"TAS",51.55,949.92,"Forecast"
2028-09-27 00:00:00.000,"TAS",51.17,950.19,"Forecast"
2028-09-28 00:00:00.000,"TAS",47.33,944.49,"Forecast"
2028-09-29 00:00:00.000,"TAS",42.77,934.75,"Forecast"
2028-09-30 00:00:00.000,"TAS",40.53,926.54,"Forecast"
2028-10-01 00:00:00.000,"TAS",41.27,925.95,"Forecast"
2028-10-02 00:00:00.000,"TAS",44.08,932.02,"Forecast"
2028-10-03 00:00:00.000,"TAS",46.73,937.66,"Forecast"
2028-10-04 00:00:00.000,"TAS",46.66,937.92,"Forecast"
2028-10-05 00:00:00.000,"TAS",43.6,932.23,"Forecast"
2028-10-06 00:00:00.000,"TAS",40.1,922.54,"Forecast"
2028-10-07 00:00:00.000,"TAS",38.47,914.43,"Forecast"
2028-10-08 00:00:00.000,"TAS",39.64,913.91,"Forecast"
2028-10-09 00:00:00.000,"TAS",42.59,919.99,"Forecast"
2028-10-10 00:00:00.000,"TAS",45.38,925.62,"Forecast"
2028-10-11 00:00:00.000,"TAS",45.57,925.9,"Forecast"
2028-10-12 00:00:00.000,"TAS",42.9,920.25,"Forecast"
2028-10-13 00:00:00.000,"TAS",39.73,910.65,"Forecast"
2028-10-14 00:00:00.000,"TAS",38.32,902.66,"Forecast"
2028-10-15 00:00:00.000,"TAS",39.67,902.25,"Forecast"
2028-10-16 00:00:00.000,"TAS",42.75,908.38,"Forecast"
2028-10-17 00:00:00.000,"TAS",45.64,914.02,"Forecast"
2028-10-18 00:00:00.000,"TAS",45.99,914.33,"Forecast"
2028-10-19 00:00:00.000,"TAS",43.48,908.75,"Forecast"
2028-10-20 00:00:00.000,"TAS",40.44,899.27,"Forecast"
2028-10-21 00:00:00.000,"TAS",39.13,891.45,"Forecast"
2028-10-22 00:00:00.000,"TAS",40.52,891.18,"Forecast"
2028-10-23 00:00:00.000,"TAS",43.66,897.38,"Forecast"
2028-10-24 00:00:00.000,"TAS",46.67,903.06,"Forecast"
2028-10-25 00:00:00.000,"TAS",47.14,903.43,"Forecast"
2028-10-26 00:00:00.000,"TAS",44.69,897.93,"Forecast"
2028-10-27 00:00:00.000,"TAS",41.71,888.6,"Forecast"
2028-10-28 00:00:00.000,"TAS",40.42,880.97,"Forecast"
2028-10-29 00:00:00.000,"TAS",41.82,880.87,"Forecast"
2028-10-30 00:00:00.000,"TAS",45.02,887.15,"Forecast"
2028-10-31 00:00:00.000,"TAS",48.13,892.9,"Forecast"
2028-11-01 00:00:00.000,"TAS",48.7,893.33,"Forecast"
2028-11-02 00:00:00.000,"TAS",46.36,887.94,"Forecast"
2028-11-03 00:00:00.000,"TAS",43.32,878.77,"Forecast"
2028-11-04 00:00:00.000,"TAS",42.02,871.36,"Forecast"
2028-11-05 00:00:00.000,"TAS",43.39,871.44,"Forecast"
2028-11-06 00:00:00.000,"TAS",46.71,877.84,"Forecast"
2028-11-07 00:00:00.000,"TAS",49.88,883.65,"Forecast"
2028-11-08 00:00:00.000,"TAS",50.55,884.17,"Forecast"
2028-11-09 00:00:00.000,"TAS",48.28,878.9,"Forecast"
2028-11-10 00:00:00.000,"TAS",45.16,869.91,"Forecast"
2028-11-11 00:00:00.000,"TAS",43.81,862.73,"Forecast"
2028-11-12 00:00:00.000,"TAS",45.15,863,"Forecast"
2028-11-13 00:00:00.000,"TAS",48.57,869.52,"Forecast"
2028-11-14 00:00:00.000,"TAS",51.89,875.42,"Forecast"
2028-11-15 00:00:00.000,"TAS",52.72,876.04,"Forecast"
2028-11-16 00:00:00.000,"TAS",50.44,870.9,"Forecast"
2028-11-17 00:00:00.000,"TAS",47.21,862.1,"Forecast"
2028-11-18 00:00:00.000,"TAS",45.77,855.14,"Forecast"
2028-11-19 00:00:00.000,"TAS",47.09,855.62,"Forecast"
2028-11-20 00:00:00.000,"TAS",50.6,862.26,"Forecast"
2028-11-21 00:00:00.000,"TAS",54.11,868.27,"Forecast"
2028-11-22 00:00:00.000,"TAS",55.07,869,"Forecast"
2028-11-23 00:00:00.000,"TAS",52.76,864,"Forecast"
2028-11-24 00:00:00.000,"TAS",49.53,855.38,"Forecast"
2028-11-25 00:00:00.000,"TAS",47.93,848.65,"Forecast"
2028-11-26 00:00:00.000,"TAS",49.31,849.32,"Forecast"
2028-11-27 00:00:00.000,"TAS",52.83,856.11,"Forecast"
2028-11-28 00:00:00.000,"TAS",56.52,862.23,"Forecast"
2028-11-29 00:00:00.000,"TAS",57.6,863.07,"Forecast"
2028-11-30 00:00:00.000,"TAS",55.39,858.22,"Forecast"
2028-12-01 00:00:00.000,"TAS",52.04,849.79,"Forecast"
2028-12-02 00:00:00.000,"TAS",50.39,843.28,"Forecast"
2028-12-03 00:00:00.000,"TAS",51.71,844.15,"Forecast"
2028-12-04 00:00:00.000,"TAS",55.37,851.08,"Forecast"
2028-12-05 00:00:00.000,"TAS",59.15,857.32,"Forecast"
2028-12-06 00:00:00.000,"TAS",60.34,858.29,"Forecast"
2028-12-07 00:00:00.000,"TAS",58.21,853.59,"Forecast"
2028-12-08 00:00:00.000,"TAS",54.7,845.34,"Forecast"
2028-12-09 00:00:00.000,"TAS",52.96,839.04,"Forecast"
2028-12-10 00:00:00.000,"TAS",54.22,840.1,"Forecast"
2028-12-11 00:00:00.000,"TAS",58.03,847.18,"Forecast"
2028-12-12 00:00:00.000,"TAS",61.9,853.55,"Forecast"
2028-12-13 00:00:00.000,"TAS",63.19,854.66,"Forecast"
2028-12-14 00:00:00.000,"TAS",61.12,850.1,"Forecast"
2028-12-15 00:00:00.000,"TAS",57.6,842.04,"Forecast"
2028-12-16 00:00:00.000,"TAS",55.65,835.93,"Forecast"
2028-12-17 00:00:00.000,"TAS",56.96,837.17,"Forecast"
2028-12-18 00:00:00.000,"TAS",60.84,844.4,"Forecast"
2028-12-19 00:00:00.000,"TAS",64.78,850.92,"Forecast"
2028-12-20 00:00:00.000,"TAS",66.14,852.17,"Forecast"
2028-12-21 00:00:00.000,"TAS",64.12,847.77,"Forecast"
2028-12-22 00:00:00.000,"TAS",60.59,839.87,"Forecast"
2028-12-23 00:00:00.000,"TAS",58.61,833.95,"Forecast"
2028-12-24 00:00:00.000,"TAS",59.89,835.35,"Forecast"
2028-12-25 00:00:00.000,"TAS",63.79,842.75,"Forecast"
2028-12-26 00:00:00.000,"TAS",67.78,849.42,"Forecast"
2028-12-27 00:00:00.000,"TAS",69.19,850.83,"Forecast"
2028-12-28 00:00:00.000,"TAS",67.19,846.57,"Forecast"
2028-12-29 00:00:00.000,"TAS",63.64,838.84,"Forecast"
2028-12-30 00:00:00.000,"TAS",61.6,833.08,"Forecast"
2028-12-31 00:00:00.000,"TAS",62.86,834.65,"Forecast"
2029-01-01 00:00:00.000,"TAS",66.75,842.21,"Forecast"
2029-01-02 00:00:00.000,"TAS",70.76,849.03,"Forecast"
2029-01-03 00:00:00.000,"TAS",72.19,850.58,"Forecast"
2029-01-04 00:00:00.000,"TAS",70.17,846.47,"Forecast"
2029-01-05 00:00:00.000,"TAS",66.57,838.87,"Forecast"
2029-01-06 00:00:00.000,"TAS",64.45,833.25,"Forecast"
2029-01-07 00:00:00.000,"TAS",65.65,834.96,"Forecast"
2029-01-08 00:00:00.000,"TAS",69.54,842.67,"Forecast"
2029-01-09 00:00:00.000,"TAS",73.59,849.66,"Forecast"
2029-01-10 00:00:00.000,"TAS",75.07,851.38,"Forecast"
2029-01-11 00:00:00.000,"TAS",73.07,847.42,"Forecast"
2029-01-12 00:00:00.000,"TAS",69.42,839.96,"Forecast"
2029-01-13 00:00:00.000,"TAS",67.26,834.47,"Forecast"
2029-01-14 00:00:00.000,"TAS",68.42,836.33,"Forecast"
2029-01-15 00:00:00.000,"TAS",72.31,844.21,"Forecast"
2029-01-16 00:00:00.000,"TAS",76.41,851.39,"Forecast"
2029-01-17 00:00:00.000,"TAS",77.92,853.29,"Forecast"
2029-01-18 00:00:00.000,"TAS",75.9,849.48,"Forecast"
2029-01-19 00:00:00.000,"TAS",72.21,842.15,"Forecast"
2029-01-20 00:00:00.000,"TAS",69.98,836.78,"Forecast"
2029-01-21 00:00:00.000,"TAS",71.1,838.78,"Forecast"
2029-01-22 00:00:00.000,"TAS",75,846.84,"Forecast"
2029-01-23 00:00:00.000,"TAS",79.13,854.22,"Forecast"
2029-01-24 00:00:00.000,"TAS",80.66,856.31,"Forecast"
2029-01-25 00:00:00.000,"TAS",78.62,852.66,"Forecast"
2029-01-26 00:00:00.000,"TAS",74.87,845.45,"Forecast"
2029-01-27 00:00:00.000,"TAS",72.57,840.19,"Forecast"
2029-01-28 00:00:00.000,"TAS",73.65,842.32,"Forecast"
2029-01-29 00:00:00.000,"TAS",77.55,850.56,"Forecast"
2029-01-30 00:00:00.000,"TAS",81.7,858.15,"Forecast"
2029-01-31 00:00:00.000,"TAS",83.39,860.44,"Forecast"
2029-02-01 00:00:00.000,"TAS",81.25,856.95,"Forecast"
2029-02-02 00:00:00.000,"TAS",77.42,849.85,"Forecast"
2029-02-03 00:00:00.000,"TAS",75.04,844.69,"Forecast"
2029-02-04 00:00:00.000,"TAS",76.07,846.94,"Forecast"
2029-02-05 00:00:00.000,"TAS",79.97,855.37,"Forecast"
2029-02-06 00:00:00.000,"TAS",84.24,863.18,"Forecast"
2029-02-07 00:00:00.000,"TAS",85.89,865.66,"Forecast"
2029-02-08 00:00:00.000,"TAS",83.8,862.33,"Forecast"
2029-02-09 00:00:00.000,"TAS",79.83,855.34,"Forecast"
2029-02-10 00:00:00.000,"TAS",77.35,850.26,"Forecast"
2029-02-11 00:00:00.000,"TAS",78.34,852.63,"Forecast"
2029-02-12 00:00:00.000,"TAS",82.23,861.24,"Forecast"
2029-02-13 00:00:00.000,"TAS",86.44,869.27,"Forecast"
2029-02-14 00:00:00.000,"TAS",88.06,871.96,"Forecast"
2029-02-15 00:00:00.000,"TAS",85.9,868.79,"Forecast"
2029-02-16 00:00:00.000,"TAS",81.9,861.9,"Forecast"
2029-02-17 00:00:00.000,"TAS",79.36,856.88,"Forecast"
2029-02-18 00:00:00.000,"TAS",80.31,859.37,"Forecast"
2029-02-19 00:00:00.000,"TAS",84.16,868.17,"Forecast"
2029-02-20 00:00:00.000,"TAS",88.37,876.43,"Forecast"
2029-02-21 00:00:00.000,"TAS",89.88,879.32,"Forecast"
2029-02-22 00:00:00.000,"TAS",87.72,876.3,"Forecast"
2029-02-23 00:00:00.000,"TAS",83.64,869.51,"Forecast"
2029-02-24 00:00:00.000,"TAS",81.06,864.55,"Forecast"
2029-02-25 00:00:00.000,"TAS",82,867.13,"Forecast"
2029-02-26 00:00:00.000,"TAS",85.77,876.12,"Forecast"
2029-02-27 00:00:00.000,"TAS",90.04,884.61,"Forecast"
2029-02-28 00:00:00.000,"TAS",91.56,887.71,"Forecast"
2029-03-01 00:00:00.000,"TAS",89.26,884.84,"Forecast"
2029-03-02 00:00:00.000,"TAS",85.08,878.12,"Forecast"
2029-03-03 00:00:00.000,"TAS",82.49,873.21,"Forecast"
2029-03-04 00:00:00.000,"TAS",83.41,875.88,"Forecast"
2029-03-05 00:00:00.000,"TAS",87.22,885.06,"Forecast"
2029-03-06 00:00:00.000,"TAS",91.57,893.76,"Forecast"
2029-03-07 00:00:00.000,"TAS",93.13,897.06,"Forecast"
2029-03-08 00:00:00.000,"TAS",90.79,894.33,"Forecast"
2029-03-09 00:00:00.000,"TAS",86.5,887.69,"Forecast"
2029-03-10 00:00:00.000,"TAS",83.79,882.81,"Forecast"
2029-03-11 00:00:00.000,"TAS",84.56,885.57,"Forecast"
2029-03-12 00:00:00.000,"TAS",88.67,894.91,"Forecast"
2029-03-13 00:00:00.000,"TAS",93.06,903.83,"Forecast"
2029-03-14 00:00:00.000,"TAS",94.52,907.31,"Forecast"
2029-03-15 00:00:00.000,"TAS",92.23,904.71,"Forecast"
2029-03-16 00:00:00.000,"TAS",87.84,898.13,"Forecast"
2029-03-17 00:00:00.000,"TAS",84.89,893.28,"Forecast"
2029-03-18 00:00:00.000,"TAS",85.67,896.1,"Forecast"
2029-03-19 00:00:00.000,"TAS",89.95,905.6,"Forecast"
2029-03-20 00:00:00.000,"TAS",94.42,914.72,"Forecast"
2029-03-21 00:00:00.000,"TAS",95.63,918.36,"Forecast"
2029-03-22 00:00:00.000,"TAS",93.51,915.87,"Forecast"
2029-03-23 00:00:00.000,"TAS",89.19,909.35,"Forecast"
2029-03-24 00:00:00.000,"TAS",86.06,904.5,"Forecast"
2029-03-25 00:00:00.000,"TAS",86.99,907.38,"Forecast"
2029-03-26 00:00:00.000,"TAS",91.34,917.02,"Forecast"
2029-03-27 00:00:00.000,"TAS",95.62,926.3,"Forecast"
2029-03-28 00:00:00.000,"TAS",96.63,930.08,"Forecast"
2029-03-29 00:00:00.000,"TAS",94.59,927.69,"Forecast"
2029-03-30 00:00:00.000,"TAS",90.34,921.19,"Forecast"
2029-03-31 00:00:00.000,"TAS",87.32,916.34,"Forecast"
2029-04-01 00:00:00.000,"TAS",88.36,919.26,"Forecast"
2029-04-02 00:00:00.000,"TAS",92.74,929.01,"Forecast"
2029-04-03 00:00:00.000,"TAS",96.77,938.43,"Forecast"
2029-04-04 00:00:00.000,"TAS",97.64,942.32,"Forecast"
2029-04-05 00:00:00.000,"TAS",95.55,939.98,"Forecast"
2029-04-06 00:00:00.000,"TAS",91.41,933.5,"Forecast"
2029-04-07 00:00:00.000,"TAS",88.49,928.64,"Forecast"
2029-04-08 00:00:00.000,"TAS",89.65,931.57,"Forecast"
2029-04-09 00:00:00.000,"TAS",94.08,941.4,"Forecast"
2029-04-10 00:00:00.000,"TAS",98.08,950.92,"Forecast"
2029-04-11 00:00:00.000,"TAS",99.41,954.87,"Forecast"
2029-04-12 00:00:00.000,"TAS",96.79,952.56,"Forecast"
2029-04-13 00:00:00.000,"TAS",92.71,946.08,"Forecast"
2029-04-14 00:00:00.000,"TAS",89.85,941.17,"Forecast"
2029-04-15 00:00:00.000,"TAS",91.04,944.1,"Forecast"
2029-04-16 00:00:00.000,"TAS",95.48,953.98,"Forecast"
2029-04-17 00:00:00.000,"TAS",100.3,963.54,"Forecast"
2029-04-18 00:00:00.000,"TAS",102,967.51,"Forecast"
2029-04-19 00:00:00.000,"TAS",98.94,965.2,"Forecast"
2029-04-20 00:00:00.000,"TAS",94.58,958.69,"Forecast"
2029-04-21 00:00:00.000,"TAS",91.65,953.72,"Forecast"
2029-04-22 00:00:00.000,"TAS",92.71,956.61,"Forecast"
2029-04-23 00:00:00.000,"TAS",97.26,966.49,"Forecast"
2029-04-24 00:00:00.000,"TAS",102.78,976.06,"Forecast"
2029-04-25 00:00:00.000,"TAS",105.46,980,"Forecast"
2029-04-26 00:00:00.000,"TAS",102.21,977.64,"Forecast"
2029-04-27 00:00:00.000,"TAS",96.79,971.07,"Forecast"
2029-04-28 00:00:00.000,"TAS",93.71,966.03,"Forecast"
2029-04-29 00:00:00.000,"TAS",94.62,968.85,"Forecast"
2029-04-30 00:00:00.000,"TAS",99.94,978.7,"Forecast"
2029-05-01 00:00:00.000,"TAS",106.4,988.21,"Forecast"
2029-05-02 00:00:00.000,"TAS",109.95,992.07,"Forecast"
2029-05-03 00:00:00.000,"TAS",107.02,989.62,"Forecast"
2029-05-04 00:00:00.000,"TAS",100.93,982.97,"Forecast"
2029-05-05 00:00:00.000,"TAS",97.06,977.83,"Forecast"
2029-05-06 00:00:00.000,"TAS",98.09,980.55,"Forecast"
2029-05-07 00:00:00.000,"TAS",103.48,990.31,"Forecast"
2029-05-08 00:00:00.000,"TAS",110.98,999.73,"Forecast"
2029-05-09 00:00:00.000,"TAS",115.15,1003.45,"Forecast"
2029-05-10 00:00:00.000,"TAS",112.67,1000.88,"Forecast"
2029-05-11 00:00:00.000,"TAS",105.9,994.12,"Forecast"
2029-05-12 00:00:00.000,"TAS",101.55,988.86,"Forecast"
2029-05-13 00:00:00.000,"TAS",102.36,991.45,"Forecast"
2029-05-14 00:00:00.000,"TAS",108.21,1001.09,"Forecast"
2029-05-15 00:00:00.000,"TAS",116.33,1010.36,"Forecast"
2029-05-16 00:00:00.000,"TAS",121.59,1013.91,"Forecast"
2029-05-17 00:00:00.000,"TAS",118.95,1011.18,"Forecast"
2029-05-18 00:00:00.000,"TAS",112.08,1004.28,"Forecast"
2029-05-19 00:00:00.000,"TAS",106.84,998.87,"Forecast"
2029-05-20 00:00:00.000,"TAS",107.37,1001.32,"Forecast"
2029-05-21 00:00:00.000,"TAS",113.62,1010.8,"Forecast"
2029-05-22 00:00:00.000,"TAS",122.69,1019.87,"Forecast"
2029-05-23 00:00:00.000,"TAS",128.64,1023.21,"Forecast"
2029-05-24 00:00:00.000,"TAS",126.44,1020.3,"Forecast"
2029-05-25 00:00:00.000,"TAS",118.85,1013.24,"Forecast"
2029-05-26 00:00:00.000,"TAS",113.08,1007.67,"Forecast"
2029-05-27 00:00:00.000,"TAS",113.27,1009.94,"Forecast"
2029-05-28 00:00:00.000,"TAS",119.51,1019.23,"Forecast"
2029-05-29 00:00:00.000,"TAS",129.29,1028.08,"Forecast"
2029-05-30 00:00:00.000,"TAS",135.7,1031.19,"Forecast"
2029-05-31 00:00:00.000,"TAS",133.76,1028.06,"Forecast"
2029-06-01 00:00:00.000,"TAS",125.29,1020.83,"Forecast"
2029-06-02 00:00:00.000,"TAS",118.99,1015.09,"Forecast"
2029-06-03 00:00:00.000,"TAS",118.83,1017.16,"Forecast"
2029-06-04 00:00:00.000,"TAS",124.93,1026.23,"Forecast"
2029-06-05 00:00:00.000,"TAS",135.25,1034.84,"Forecast"
2029-06-06 00:00:00.000,"TAS",141.97,1037.7,"Forecast"
2029-06-07 00:00:00.000,"TAS",140.15,1034.35,"Forecast"
2029-06-08 00:00:00.000,"TAS",131.5,1026.93,"Forecast"
2029-06-09 00:00:00.000,"TAS",124.42,1021,"Forecast"
2029-06-10 00:00:00.000,"TAS",123.82,1022.87,"Forecast"
2029-06-11 00:00:00.000,"TAS",130.15,1031.71,"Forecast"
2029-06-12 00:00:00.000,"TAS",140.61,1040.06,"Forecast"
2029-06-13 00:00:00.000,"TAS",147.4,1042.66,"Forecast"
2029-06-14 00:00:00.000,"TAS",145.5,1039.09,"Forecast"
2029-06-15 00:00:00.000,"TAS",136.61,1031.47,"Forecast"
2029-06-16 00:00:00.000,"TAS",128.83,1025.35,"Forecast"
2029-06-17 00:00:00.000,"TAS",127.81,1027,"Forecast"
2029-06-18 00:00:00.000,"TAS",134.13,1035.59,"Forecast"
2029-06-19 00:00:00.000,"TAS",144.54,1043.69,"Forecast"
2029-06-20 00:00:00.000,"TAS",151.22,1046.03,"Forecast"
2029-06-21 00:00:00.000,"TAS",149.1,1042.24,"Forecast"
2029-06-22 00:00:00.000,"TAS",139.89,1034.42,"Forecast"
2029-06-23 00:00:00.000,"TAS",131.67,1028.09,"Forecast"
2029-06-24 00:00:00.000,"TAS",130.36,1029.53,"Forecast"
2029-06-25 00:00:00.000,"TAS",136.46,1037.88,"Forecast"
2029-06-26 00:00:00.000,"TAS",146.63,1045.71,"Forecast"
2029-06-27 00:00:00.000,"TAS",153.05,1047.81,"Forecast"
2029-06-28 00:00:00.000,"TAS",150.59,1043.79,"Forecast"
2029-06-29 00:00:00.000,"TAS",141.01,1035.78,"Forecast"
2029-06-30 00:00:00.000,"TAS",132.68,1029.25,"Forecast"
2029-07-01 00:00:00.000,"TAS",131.22,1030.46,"Forecast"
2029-07-02 00:00:00.000,"TAS",136.88,1038.57,"Forecast"
2029-07-03 00:00:00.000,"TAS",146.65,1046.16,"Forecast"
2029-07-04 00:00:00.000,"TAS",152.63,1048.02,"Forecast"
2029-07-05 00:00:00.000,"TAS",149.73,1043.79,"Forecast"
2029-07-06 00:00:00.000,"TAS",139.74,1035.57,"Forecast"
2029-07-07 00:00:00.000,"TAS",131.65,1028.85,"Forecast"
2029-07-08 00:00:00.000,"TAS",130.23,1029.83,"Forecast"
2029-07-09 00:00:00.000,"TAS",135.33,1037.71,"Forecast"
2029-07-10 00:00:00.000,"TAS",144.51,1045.05,"Forecast"
2029-07-11 00:00:00.000,"TAS",149.89,1046.7,"Forecast"
2029-07-12 00:00:00.000,"TAS",146.43,1042.27,"Forecast"
2029-07-13 00:00:00.000,"TAS",136.48,1033.86,"Forecast"
2029-07-14 00:00:00.000,"TAS",128.8,1026.93,"Forecast"
2029-07-15 00:00:00.000,"TAS",127.53,1027.7,"Forecast"
2029-07-16 00:00:00.000,"TAS",132.63,1035.34,"Forecast"
2029-07-17 00:00:00.000,"TAS",140.77,1042.47,"Forecast"
2029-07-18 00:00:00.000,"TAS",145.31,1043.9,"Forecast"
2029-07-19 00:00:00.000,"TAS",141.11,1039.29,"Forecast"
2029-07-20 00:00:00.000,"TAS",131.86,1030.69,"Forecast"
2029-07-21 00:00:00.000,"TAS",124.86,1023.56,"Forecast"
2029-07-22 00:00:00.000,"TAS",124.14,1024.12,"Forecast"
2029-07-23 00:00:00.000,"TAS",128.96,1031.54,"Forecast"
2029-07-24 00:00:00.000,"TAS",135.75,1038.45,"Forecast"
2029-07-25 00:00:00.000,"TAS",139.2,1039.7,"Forecast"
2029-07-26 00:00:00.000,"TAS",134.73,1034.91,"Forecast"
2029-07-27 00:00:00.000,"TAS",126.34,1026.13,"Forecast"
2029-07-28 00:00:00.000,"TAS",120.33,1018.81,"Forecast"
2029-07-29 00:00:00.000,"TAS",120.05,1019.16,"Forecast"
2029-07-30 00:00:00.000,"TAS",125.12,1026.37,"Forecast"
2029-07-31 00:00:00.000,"TAS",131.31,1033.09,"Forecast"
2029-08-01 00:00:00.000,"TAS",133.71,1034.17,"Forecast"
2029-08-02 00:00:00.000,"TAS",129.28,1029.21,"Forecast"
2029-08-03 00:00:00.000,"TAS",121.72,1020.26,"Forecast"
2029-08-04 00:00:00.000,"TAS",115.72,1012.74,"Forecast"
2029-08-05 00:00:00.000,"TAS",115.49,1012.91,"Forecast"
2029-08-06 00:00:00.000,"TAS",120.73,1019.92,"Forecast"
2029-08-07 00:00:00.000,"TAS",126.9,1026.45,"Forecast"
2029-08-08 00:00:00.000,"TAS",128.93,1027.37,"Forecast"
2029-08-09 00:00:00.000,"TAS",124.87,1022.26,"Forecast"
2029-08-10 00:00:00.000,"TAS",117.18,1013.14,"Forecast"
2029-08-11 00:00:00.000,"TAS",111.54,1005.45,"Forecast"
2029-08-12 00:00:00.000,"TAS",111.43,1005.43,"Forecast"
2029-08-13 00:00:00.000,"TAS",116.31,1012.25,"Forecast"
2029-08-14 00:00:00.000,"TAS",122.54,1018.61,"Forecast"
2029-08-15 00:00:00.000,"TAS",124.59,1019.39,"Forecast"
2029-08-16 00:00:00.000,"TAS",120.49,1014.15,"Forecast"
2029-08-17 00:00:00.000,"TAS",112.76,1004.87,"Forecast"
2029-08-18 00:00:00.000,"TAS",107.8,997.02,"Forecast"
2029-08-19 00:00:00.000,"TAS",107.83,996.83,"Forecast"
2029-08-20 00:00:00.000,"TAS",112.28,1003.48,"Forecast"
2029-08-21 00:00:00.000,"TAS",118.08,1009.68,"Forecast"
2029-08-22 00:00:00.000,"TAS",119.98,1010.34,"Forecast"
2029-08-23 00:00:00.000,"TAS",115.64,1004.97,"Forecast"
2029-08-24 00:00:00.000,"TAS",108.72,995.55,"Forecast"
2029-08-25 00:00:00.000,"TAS",102.61,987.56,"Forecast"
2029-08-26 00:00:00.000,"TAS",101.75,987.22,"Forecast"
2029-08-27 00:00:00.000,"TAS",106.74,993.71,"Forecast"
2029-08-28 00:00:00.000,"TAS",112.36,999.78,"Forecast"
2029-08-29 00:00:00.000,"TAS",114.14,1000.32,"Forecast"
2029-08-30 00:00:00.000,"TAS",110.38,994.84,"Forecast"
2029-08-31 00:00:00.000,"TAS",102.61,985.3,"Forecast"
2029-09-01 00:00:00.000,"TAS",95.22,977.19,"Forecast"
2029-09-02 00:00:00.000,"TAS",92.98,976.73,"Forecast"
2029-09-03 00:00:00.000,"TAS",96.77,983.09,"Forecast"
2029-09-04 00:00:00.000,"TAS",102.54,989.02,"Forecast"
2029-09-05 00:00:00.000,"TAS",104.66,989.47,"Forecast"
2029-09-06 00:00:00.000,"TAS",100.11,983.91,"Forecast"
2029-09-07 00:00:00.000,"TAS",90.58,974.27,"Forecast"
2029-09-08 00:00:00.000,"TAS",83.35,966.07,"Forecast"
2029-09-09 00:00:00.000,"TAS",80.97,965.52,"Forecast"
2029-09-10 00:00:00.000,"TAS",83.02,971.76,"Forecast"
2029-09-11 00:00:00.000,"TAS",85.99,977.59,"Forecast"
2029-09-12 00:00:00.000,"TAS",85.59,977.96,"Forecast"
2029-09-13 00:00:00.000,"TAS",80.03,972.32,"Forecast"
2029-09-14 00:00:00.000,"TAS",71.57,962.62,"Forecast"
2029-09-15 00:00:00.000,"TAS",64.7,954.37,"Forecast"
2029-09-16 00:00:00.000,"TAS",62.42,953.76,"Forecast"
2029-09-17 00:00:00.000,"TAS",64.08,959.91,"Forecast"
2029-09-18 00:00:00.000,"TAS",66.36,965.66,"Forecast"
2029-09-19 00:00:00.000,"TAS",65.25,965.97,"Forecast"
2029-09-20 00:00:00.000,"TAS",59.79,960.29,"Forecast"
2029-09-21 00:00:00.000,"TAS",53.46,950.54,"Forecast"
2029-09-22 00:00:00.000,"TAS",49.28,942.28,"Forecast"
2029-09-23 00:00:00.000,"TAS",48.92,941.66,"Forecast"
2029-09-24 00:00:00.000,"TAS",51.35,947.75,"Forecast"
2029-09-25 00:00:00.000,"TAS",53.71,953.44,"Forecast"
2029-09-26 00:00:00.000,"TAS",53.17,953.71,"Forecast"
2029-09-27 00:00:00.000,"TAS",49.16,948.01,"Forecast"
2029-09-28 00:00:00.000,"TAS",44.19,938.27,"Forecast"
2029-09-29 00:00:00.000,"TAS",41.59,930.04,"Forecast"
2029-09-30 00:00:00.000,"TAS",42.13,929.44,"Forecast"
2029-10-01 00:00:00.000,"TAS",44.89,935.5,"Forecast"
2029-10-02 00:00:00.000,"TAS",47.55,941.15,"Forecast"
2029-10-03 00:00:00.000,"TAS",47.43,941.41,"Forecast"
2029-10-04 00:00:00.000,"TAS",44.19,935.71,"Forecast"
2029-10-05 00:00:00.000,"TAS",40.5,926.01,"Forecast"
2029-10-06 00:00:00.000,"TAS",38.76,917.86,"Forecast"
2029-10-07 00:00:00.000,"TAS",39.85,917.32,"Forecast"
2029-10-08 00:00:00.000,"TAS",42.74,923.39,"Forecast"
2029-10-09 00:00:00.000,"TAS",45.5,929.02,"Forecast"
2029-10-10 00:00:00.000,"TAS",45.64,929.29,"Forecast"
2029-10-11 00:00:00.000,"TAS",42.89,923.63,"Forecast"
2029-10-12 00:00:00.000,"TAS",39.66,914,"Forecast"
2029-10-13 00:00:00.000,"TAS",38.21,905.97,"Forecast"
2029-10-14 00:00:00.000,"TAS",39.53,905.53,"Forecast"
2029-10-15 00:00:00.000,"TAS",42.59,911.64,"Forecast"
2029-10-16 00:00:00.000,"TAS",45.45,917.28,"Forecast"
2029-10-17 00:00:00.000,"TAS",45.76,917.58,"Forecast"
2029-10-18 00:00:00.000,"TAS",43.22,911.97,"Forecast"
2029-10-19 00:00:00.000,"TAS",40.15,902.46,"Forecast"
2029-10-20 00:00:00.000,"TAS",38.82,894.59,"Forecast"
2029-10-21 00:00:00.000,"TAS",40.21,894.28,"Forecast"
2029-10-22 00:00:00.000,"TAS",43.34,900.45,"Forecast"
2029-10-23 00:00:00.000,"TAS",46.31,906.12,"Forecast"
2029-10-24 00:00:00.000,"TAS",46.75,906.47,"Forecast"
2029-10-25 00:00:00.000,"TAS",44.29,900.95,"Forecast"
2029-10-26 00:00:00.000,"TAS",41.3,891.56,"Forecast"
2029-10-27 00:00:00.000,"TAS",40.01,883.88,"Forecast"
2029-10-28 00:00:00.000,"TAS",41.41,883.73,"Forecast"
2029-10-29 00:00:00.000,"TAS",44.59,889.99,"Forecast"
2029-10-30 00:00:00.000,"TAS",47.67,895.71,"Forecast"
2029-10-31 00:00:00.000,"TAS",48.22,896.12,"Forecast"
2029-11-01 00:00:00.000,"TAS",45.84,890.7,"Forecast"
2029-11-02 00:00:00.000,"TAS",42.83,881.48,"Forecast"
2029-11-03 00:00:00.000,"TAS",41.53,874.01,"Forecast"
2029-11-04 00:00:00.000,"TAS",42.92,874.04,"Forecast"
2029-11-05 00:00:00.000,"TAS",46.2,880.4,"Forecast"
2029-11-06 00:00:00.000,"TAS",49.36,886.19,"Forecast"
2029-11-07 00:00:00.000,"TAS",50,886.69,"Forecast"
2029-11-08 00:00:00.000,"TAS",47.71,881.38,"Forecast"
2029-11-09 00:00:00.000,"TAS",44.62,872.34,"Forecast"
2029-11-10 00:00:00.000,"TAS",43.28,865.09,"Forecast"
2029-11-11 00:00:00.000,"TAS",44.63,865.31,"Forecast"
2029-11-12 00:00:00.000,"TAS",48.02,871.79,"Forecast"
2029-11-13 00:00:00.000,"TAS",51.29,877.66,"Forecast"
2029-11-14 00:00:00.000,"TAS",52.08,878.26,"Forecast"
2029-11-15 00:00:00.000,"TAS",49.81,873.08,"Forecast"
2029-11-16 00:00:00.000,"TAS",46.59,864.22,"Forecast"
2029-11-17 00:00:00.000,"TAS",45.19,857.2,"Forecast"
2029-11-18 00:00:00.000,"TAS",46.49,857.62,"Forecast"
2029-11-19 00:00:00.000,"TAS",50,864.22,"Forecast"
2029-11-20 00:00:00.000,"TAS",53.45,870.2,"Forecast"
2029-11-21 00:00:00.000,"TAS",54.37,870.89,"Forecast"
2029-11-22 00:00:00.000,"TAS",52.08,865.86,"Forecast"
2029-11-23 00:00:00.000,"TAS",48.85,857.19,"Forecast"
2029-11-24 00:00:00.000,"TAS",47.28,850.39,"Forecast"
2029-11-25 00:00:00.000,"TAS",48.65,851.01,"Forecast"
2029-11-26 00:00:00.000,"TAS",52.17,857.76,"Forecast"
2029-11-27 00:00:00.000,"TAS",55.81,863.84,"Forecast"
2029-11-28 00:00:00.000,"TAS",56.86,864.65,"Forecast"
2029-11-29 00:00:00.000,"TAS",54.62,859.75,"Forecast"
2029-11-30 00:00:00.000,"TAS",51.31,851.28,"Forecast"
2029-12-01 00:00:00.000,"TAS",49.67,844.7,"Forecast"
2029-12-02 00:00:00.000,"TAS",51.01,845.51,"Forecast"
2029-12-03 00:00:00.000,"TAS",54.63,852.4,"Forecast"
2029-12-04 00:00:00.000,"TAS",58.39,858.61,"Forecast"
2029-12-05 00:00:00.000,"TAS",59.55,859.54,"Forecast"
2029-12-06 00:00:00.000,"TAS",57.39,854.79,"Forecast"
2029-12-07 00:00:00.000,"TAS",53.93,846.5,"Forecast"
2029-12-08 00:00:00.000,"TAS",52.22,840.14,"Forecast"
2029-12-09 00:00:00.000,"TAS",53.5,841.14,"Forecast"
2029-12-10 00:00:00.000,"TAS",57.26,848.18,"Forecast"
2029-12-11 00:00:00.000,"TAS",61.11,854.51,"Forecast"
2029-12-12 00:00:00.000,"TAS",62.37,855.58,"Forecast"
2029-12-13 00:00:00.000,"TAS",60.28,850.98,"Forecast"
2029-12-14 00:00:00.000,"TAS",56.76,842.87,"Forecast"
2029-12-15 00:00:00.000,"TAS",54.88,836.71,"Forecast"
2029-12-16 00:00:00.000,"TAS",56.16,837.89,"Forecast"
2029-12-17 00:00:00.000,"TAS",60.03,845.08,"Forecast"
2029-12-18 00:00:00.000,"TAS",63.95,851.56,"Forecast"
2029-12-19 00:00:00.000,"TAS",65.29,852.77,"Forecast"
2029-12-20 00:00:00.000,"TAS",63.26,848.32,"Forecast"
2029-12-21 00:00:00.000,"TAS",59.73,840.37,"Forecast"
2029-12-22 00:00:00.000,"TAS",57.76,834.4,"Forecast"
2029-12-23 00:00:00.000,"TAS",59.06,835.76,"Forecast"
2029-12-24 00:00:00.000,"TAS",62.94,843.11,"Forecast"
2029-12-25 00:00:00.000,"TAS",66.92,849.73,"Forecast"
2029-12-26 00:00:00.000,"TAS",68.32,851.1,"Forecast"
2029-12-27 00:00:00.000,"TAS",66.32,846.8,"Forecast"
2029-12-28 00:00:00.000,"TAS",62.77,839.02,"Forecast"
2029-12-29 00:00:00.000,"TAS",60.75,833.21,"Forecast"
2029-12-30 00:00:00.000,"TAS",62.02,834.74,"Forecast"
2029-12-31 00:00:00.000,"TAS",65.91,842.25,"Forecast"
2030-01-01 00:00:00.000,"TAS",69.94,849.04,"Forecast"
2030-01-02 00:00:00.000,"TAS",71.39,850.56,"Forecast"
2030-01-03 00:00:00.000,"TAS",69.41,846.42,"Forecast"
2030-01-04 00:00:00.000,"TAS",65.84,838.8,"Forecast"
2030-01-05 00:00:00.000,"TAS",63.76,833.15,"Forecast"
2030-01-06 00:00:00.000,"TAS",64.99,834.84,"Forecast"
2030-01-07 00:00:00.000,"TAS",68.9,842.52,"Forecast"
2030-01-08 00:00:00.000,"TAS",72.97,849.49,"Forecast"
2030-01-09 00:00:00.000,"TAS",74.45,851.19,"Forecast"
2030-01-10 00:00:00.000,"TAS",72.46,847.2,"Forecast"
2030-01-11 00:00:00.000,"TAS",68.84,839.72,"Forecast"
2030-01-12 00:00:00.000,"TAS",66.7,834.22,"Forecast"
2030-01-13 00:00:00.000,"TAS",67.88,836.05,"Forecast"
2030-01-14 00:00:00.000,"TAS",71.79,843.91,"Forecast"
2030-01-15 00:00:00.000,"TAS",75.89,851.07,"Forecast"
2030-01-16 00:00:00.000,"TAS",77.4,852.94,"Forecast"
2030-01-17 00:00:00.000,"TAS",75.4,849.11,"Forecast"
2030-01-18 00:00:00.000,"TAS",71.72,841.76,"Forecast"
2030-01-19 00:00:00.000,"TAS",69.51,836.38,"Forecast"
2030-01-20 00:00:00.000,"TAS",70.64,838.36,"Forecast"
2030-01-21 00:00:00.000,"TAS",74.54,846.39,"Forecast"
2030-01-22 00:00:00.000,"TAS",78.67,853.75,"Forecast"
2030-01-23 00:00:00.000,"TAS",80.21,855.81,"Forecast"
2030-01-24 00:00:00.000,"TAS",78.18,852.14,"Forecast"
2030-01-25 00:00:00.000,"TAS",74.44,844.91,"Forecast"
2030-01-26 00:00:00.000,"TAS",72.16,839.64,"Forecast"
2030-01-27 00:00:00.000,"TAS",73.25,841.75,"Forecast"
2030-01-28 00:00:00.000,"TAS",77.15,849.96,"Forecast"
2030-01-29 00:00:00.000,"TAS",81.3,857.52,"Forecast"
2030-01-30 00:00:00.000,"TAS",82.94,859.78,"Forecast"
2030-01-31 00:00:00.000,"TAS",80.84,856.26,"Forecast"
2030-02-01 00:00:00.000,"TAS",77.02,849.16,"Forecast"
2030-02-02 00:00:00.000,"TAS",74.66,843.98,"Forecast"
2030-02-03 00:00:00.000,"TAS",75.7,846.22,"Forecast"
2030-02-04 00:00:00.000,"TAS",79.6,854.62,"Forecast"
2030-02-05 00:00:00.000,"TAS",83.85,862.39,"Forecast"
2030-02-06 00:00:00.000,"TAS",85.52,864.85,"Forecast"
2030-02-07 00:00:00.000,"TAS",83.41,861.49,"Forecast"
2030-02-08 00:00:00.000,"TAS",79.47,854.49,"Forecast"
2030-02-09 00:00:00.000,"TAS",77.01,849.39,"Forecast"
2030-02-10 00:00:00.000,"TAS",78,851.75,"Forecast"
2030-02-11 00:00:00.000,"TAS",81.9,860.34,"Forecast"
2030-02-12 00:00:00.000,"TAS",86.12,868.34,"Forecast"
2030-02-13 00:00:00.000,"TAS",87.74,871,"Forecast"
2030-02-14 00:00:00.000,"TAS",85.6,867.8,"Forecast"
2030-02-15 00:00:00.000,"TAS",81.6,860.9,"Forecast"
2030-02-16 00:00:00.000,"TAS",79.07,855.87,"Forecast"
2030-02-17 00:00:00.000,"TAS",80.03,858.34,"Forecast"
2030-02-18 00:00:00.000,"TAS",83.92,867.12,"Forecast"
2030-02-19 00:00:00.000,"TAS",88.12,875.34,"Forecast"
2030-02-20 00:00:00.000,"TAS",89.63,878.21,"Forecast"
2030-02-21 00:00:00.000,"TAS",87.47,875.17,"Forecast"
2030-02-22 00:00:00.000,"TAS",83.43,868.36,"Forecast"
2030-02-23 00:00:00.000,"TAS",80.84,863.39,"Forecast"
2030-02-24 00:00:00.000,"TAS",81.78,865.96,"Forecast"
2030-02-25 00:00:00.000,"TAS",85.54,874.92,"Forecast"
2030-02-26 00:00:00.000,"TAS",89.81,883.38,"Forecast"
2030-02-27 00:00:00.000,"TAS",91.33,886.45,"Forecast"
2030-02-28 00:00:00.000,"TAS",89.03,883.56,"Forecast"
2030-03-01 00:00:00.000,"TAS",84.86,876.83,"Forecast"
2030-03-02 00:00:00.000,"TAS",82.29,871.91,"Forecast"
2030-03-03 00:00:00.000,"TAS",83.21,874.58,"Forecast"
2030-03-04 00:00:00.000,"TAS",87.01,883.72,"Forecast"
2030-03-05 00:00:00.000,"TAS",91.36,892.4,"Forecast"
2030-03-06 00:00:00.000,"TAS",92.9,895.66,"Forecast"
2030-03-07 00:00:00.000,"TAS",90.57,892.92,"Forecast"
2030-03-08 00:00:00.000,"TAS",86.3,886.27,"Forecast"
2030-03-09 00:00:00.000,"TAS",83.63,881.38,"Forecast"
2030-03-10 00:00:00.000,"TAS",84.42,884.13,"Forecast"
2030-03-11 00:00:00.000,"TAS",88.49,893.45,"Forecast"
2030-03-12 00:00:00.000,"TAS",92.86,902.34,"Forecast"
2030-03-13 00:00:00.000,"TAS",94.36,905.79,"Forecast"
2030-03-14 00:00:00.000,"TAS",92.05,903.18,"Forecast"
2030-03-15 00:00:00.000,"TAS",87.65,896.59,"Forecast"
2030-03-16 00:00:00.000,"TAS",84.72,891.73,"Forecast"
2030-03-17 00:00:00.000,"TAS",85.5,894.55,"Forecast"
2030-03-18 00:00:00.000,"TAS",89.77,904.03,"Forecast"
2030-03-19 00:00:00.000,"TAS",94.24,913.11,"Forecast"
2030-03-20 00:00:00.000,"TAS",95.47,916.74,"Forecast"
2030-03-21 00:00:00.000,"TAS",93.33,914.24,"Forecast"
2030-03-22 00:00:00.000,"TAS",89.02,907.7,"Forecast"
2030-03-23 00:00:00.000,"TAS",85.9,902.85,"Forecast"
2030-03-24 00:00:00.000,"TAS",86.8,905.73,"Forecast"
2030-03-25 00:00:00.000,"TAS",91.14,915.35,"Forecast"
2030-03-26 00:00:00.000,"TAS",95.45,924.61,"Forecast"
2030-03-27 00:00:00.000,"TAS",96.49,928.37,"Forecast"
2030-03-28 00:00:00.000,"TAS",94.45,925.96,"Forecast"
2030-03-29 00:00:00.000,"TAS",90.19,919.47,"Forecast"
2030-03-30 00:00:00.000,"TAS",87.15,914.62,"Forecast"
2030-03-31 00:00:00.000,"TAS",88.17,917.53,"Forecast"
2030-04-01 00:00:00.000,"TAS",92.55,927.27,"Forecast"
2030-04-02 00:00:00.000,"TAS",96.62,936.67,"Forecast"
2030-04-03 00:00:00.000,"TAS",97.49,940.54,"Forecast"
2030-04-04 00:00:00.000,"TAS",95.41,938.2,"Forecast"
2030-04-05 00:00:00.000,"TAS",91.26,931.72,"Forecast"
2030-04-06 00:00:00.000,"TAS",88.33,926.86,"Forecast"
2030-04-07 00:00:00.000,"TAS",89.47,929.79,"Forecast"
2030-04-08 00:00:00.000,"TAS",93.89,939.62,"Forecast"
2030-04-09 00:00:00.000,"TAS",97.86,949.12,"Forecast"
2030-04-10 00:00:00.000,"TAS",99.09,953.06,"Forecast"
2030-04-11 00:00:00.000,"TAS",96.59,950.76,"Forecast"
2030-04-12 00:00:00.000,"TAS",92.5,944.28,"Forecast"
2030-04-13 00:00:00.000,"TAS",89.63,939.38,"Forecast"
2030-04-14 00:00:00.000,"TAS",90.83,942.3,"Forecast"
2030-04-15 00:00:00.000,"TAS",95.28,952.18,"Forecast"
2030-04-16 00:00:00.000,"TAS",99.98,961.74,"Forecast"
2030-04-17 00:00:00.000,"TAS",101.63,965.71,"Forecast"
2030-04-18 00:00:00.000,"TAS",98.54,963.4,"Forecast"
2030-04-19 00:00:00.000,"TAS",94.27,956.89,"Forecast"
2030-04-20 00:00:00.000,"TAS",91.37,951.94,"Forecast"
2030-04-21 00:00:00.000,"TAS",92.45,954.83,"Forecast"
2030-04-22 00:00:00.000,"TAS",96.89,964.72,"Forecast"
2030-04-23 00:00:00.000,"TAS",102.36,974.29,"Forecast"
2030-04-24 00:00:00.000,"TAS",104.87,978.23,"Forecast"
2030-04-25 00:00:00.000,"TAS",101.69,975.88,"Forecast"
2030-04-26 00:00:00.000,"TAS",96.46,969.32,"Forecast"
2030-04-27 00:00:00.000,"TAS",93.39,964.3,"Forecast"
2030-04-28 00:00:00.000,"TAS",94.33,967.13,"Forecast"
2030-04-29 00:00:00.000,"TAS",99.54,976.98,"Forecast"
2030-04-30 00:00:00.000,"TAS",105.85,986.51,"Forecast"
2030-05-01 00:00:00.000,"TAS",109.29,990.38,"Forecast"
2030-05-02 00:00:00.000,"TAS",106.28,987.95,"Forecast"
2030-05-03 00:00:00.000,"TAS",100.31,981.31,"Forecast"
2030-05-04 00:00:00.000,"TAS",96.5,976.18,"Forecast"
2030-05-05 00:00:00.000,"TAS",97.49,978.92,"Forecast"
2030-05-06 00:00:00.000,"TAS",102.87,988.7,"Forecast"
2030-05-07 00:00:00.000,"TAS",110.25,998.13,"Forecast"
2030-05-08 00:00:00.000,"TAS",114.34,1001.88,"Forecast"
2030-05-09 00:00:00.000,"TAS",111.81,999.33,"Forecast"
2030-05-10 00:00:00.000,"TAS",105.08,992.58,"Forecast"
2030-05-11 00:00:00.000,"TAS",100.88,987.34,"Forecast"
2030-05-12 00:00:00.000,"TAS",101.75,989.95,"Forecast"
2030-05-13 00:00:00.000,"TAS",107.53,999.61,"Forecast"
2030-05-14 00:00:00.000,"TAS",115.59,1008.9,"Forecast"
2030-05-15 00:00:00.000,"TAS",120.7,1012.48,"Forecast"
2030-05-16 00:00:00.000,"TAS",117.97,1009.78,"Forecast"
2030-05-17 00:00:00.000,"TAS",111.12,1002.89,"Forecast"
2030-05-18 00:00:00.000,"TAS",105.96,997.51,"Forecast"
2030-05-19 00:00:00.000,"TAS",106.52,999.98,"Forecast"
2030-05-20 00:00:00.000,"TAS",112.73,1009.48,"Forecast"
2030-05-21 00:00:00.000,"TAS",121.69,1018.59,"Forecast"
2030-05-22 00:00:00.000,"TAS",127.57,1021.96,"Forecast"
2030-05-23 00:00:00.000,"TAS",125.33,1019.07,"Forecast"
2030-05-24 00:00:00.000,"TAS",117.87,1012.04,"Forecast"
2030-05-25 00:00:00.000,"TAS",112.18,1006.5,"Forecast"
2030-05-26 00:00:00.000,"TAS",112.43,1008.79,"Forecast"
2030-05-27 00:00:00.000,"TAS",118.7,1018.11,"Forecast"
2030-05-28 00:00:00.000,"TAS",128.38,1026.99,"Forecast"
2030-05-29 00:00:00.000,"TAS",134.73,1030.14,"Forecast"
2030-05-30 00:00:00.000,"TAS",132.76,1027.04,"Forecast"
2030-05-31 00:00:00.000,"TAS",124.41,1019.83,"Forecast"
2030-06-01 00:00:00.000,"TAS",118.18,1014.12,"Forecast"
2030-06-02 00:00:00.000,"TAS",118.08,1016.22,"Forecast"
2030-06-03 00:00:00.000,"TAS",124.15,1025.32,"Forecast"
2030-06-04 00:00:00.000,"TAS",134.42,1033.97,"Forecast"
2030-06-05 00:00:00.000,"TAS",141.11,1036.86,"Forecast"
2030-06-06 00:00:00.000,"TAS",139.28,1033.55,"Forecast"
2030-06-07 00:00:00.000,"TAS",130.65,1026.15,"Forecast"
2030-06-08 00:00:00.000,"TAS",123.69,1020.25,"Forecast"
2030-06-09 00:00:00.000,"TAS",123.16,1022.15,"Forecast"
2030-06-10 00:00:00.000,"TAS",129.47,1031.02,"Forecast"
2030-06-11 00:00:00.000,"TAS",139.91,1039.41,"Forecast"
2030-06-12 00:00:00.000,"TAS",146.71,1042.05,"Forecast"
2030-06-13 00:00:00.000,"TAS",144.83,1038.51,"Forecast"
2030-06-14 00:00:00.000,"TAS",135.98,1030.92,"Forecast"
2030-06-15 00:00:00.000,"TAS",128.28,1024.82,"Forecast"
2030-06-16 00:00:00.000,"TAS",127.32,1026.51,"Forecast"
2030-06-17 00:00:00.000,"TAS",133.66,1035.14,"Forecast"
2030-06-18 00:00:00.000,"TAS",144.08,1043.27,"Forecast"
2030-06-19 00:00:00.000,"TAS",150.79,1045.65,"Forecast"
2030-06-20 00:00:00.000,"TAS",148.71,1041.88,"Forecast"
2030-06-21 00:00:00.000,"TAS",139.55,1034.09,"Forecast"
2030-06-22 00:00:00.000,"TAS",131.37,1027.8,"Forecast"
2030-06-23 00:00:00.000,"TAS",130.09,1029.26,"Forecast"
2030-06-24 00:00:00.000,"TAS",136.24,1037.65,"Forecast"
2030-06-25 00:00:00.000,"TAS",146.46,1045.52,"Forecast"
2030-06-26 00:00:00.000,"TAS",152.92,1047.65,"Forecast"
2030-06-27 00:00:00.000,"TAS",150.52,1043.67,"Forecast"
2030-06-28 00:00:00.000,"TAS",140.99,1035.68,"Forecast"
2030-06-29 00:00:00.000,"TAS",132.66,1029.18,"Forecast"
2030-06-30 00:00:00.000,"TAS",131.21,1030.42,"Forecast"
2030-07-01 00:00:00.000,"TAS",136.94,1038.57,"Forecast"
2030-07-02 00:00:00.000,"TAS",146.79,1046.19,"Forecast"
2030-07-03 00:00:00.000,"TAS",152.83,1048.08,"Forecast"
2030-07-04 00:00:00.000,"TAS",150,1043.88,"Forecast"
2030-07-05 00:00:00.000,"TAS",140.07,1035.7,"Forecast"
2030-07-06 00:00:00.000,"TAS",131.93,1029,"Forecast"
2030-07-07 00:00:00.000,"TAS",130.49,1030.02,"Forecast"
2030-07-08 00:00:00.000,"TAS",135.6,1037.92,"Forecast"
2030-07-09 00:00:00.000,"TAS",144.9,1045.3,"Forecast"
2030-07-10 00:00:00.000,"TAS",150.38,1046.98,"Forecast"
2030-07-11 00:00:00.000,"TAS",147.01,1042.58,"Forecast"
2030-07-12 00:00:00.000,"TAS",136.99,1034.2,"Forecast"
2030-07-13 00:00:00.000,"TAS",129.27,1027.29,"Forecast"
2030-07-14 00:00:00.000,"TAS",127.99,1028.1,"Forecast"
2030-07-15 00:00:00.000,"TAS",133.09,1035.77,"Forecast"
2030-07-16 00:00:00.000,"TAS",141.39,1042.92,"Forecast"
2030-07-17 00:00:00.000,"TAS",146.07,1044.39,"Forecast"
2030-07-18 00:00:00.000,"TAS",141.98,1039.8,"Forecast"
2030-07-19 00:00:00.000,"TAS",132.62,1031.23,"Forecast"
2030-07-20 00:00:00.000,"TAS",125.46,1024.13,"Forecast"
2030-07-21 00:00:00.000,"TAS",124.65,1024.72,"Forecast"
2030-07-22 00:00:00.000,"TAS",129.52,1032.17,"Forecast"
2030-07-23 00:00:00.000,"TAS",136.51,1039.11,"Forecast"
2030-07-24 00:00:00.000,"TAS",140.13,1040.39,"Forecast"
2030-07-25 00:00:00.000,"TAS",135.59,1035.62,"Forecast"
2030-07-26 00:00:00.000,"TAS",127.04,1026.87,"Forecast"
2030-07-27 00:00:00.000,"TAS",121,1019.57,"Forecast"
2030-07-28 00:00:00.000,"TAS",120.69,1019.95,"Forecast"
2030-07-29 00:00:00.000,"TAS",125.7,1027.19,"Forecast"
2030-07-30 00:00:00.000,"TAS",131.99,1033.93,"Forecast"
2030-07-31 00:00:00.000,"TAS",134.44,1035.04,"Forecast"
2030-08-01 00:00:00.000,"TAS",130.04,1030.11,"Forecast"
2030-08-02 00:00:00.000,"TAS",122.37,1021.17,"Forecast"
2030-08-03 00:00:00.000,"TAS",116.39,1013.69,"Forecast"
2030-08-04 00:00:00.000,"TAS",116.15,1013.88,"Forecast"
2030-08-05 00:00:00.000,"TAS",121.41,1020.91,"Forecast"
2030-08-06 00:00:00.000,"TAS",127.54,1027.47,"Forecast"
2030-08-07 00:00:00.000,"TAS",129.56,1028.41,"Forecast"
2030-08-08 00:00:00.000,"TAS",125.49,1023.33,"Forecast"
2030-08-09 00:00:00.000,"TAS",117.82,1014.23,"Forecast"
2030-08-10 00:00:00.000,"TAS",112.08,1006.56,"Forecast"
2030-08-11 00:00:00.000,"TAS",111.92,1006.57,"Forecast"
2030-08-12 00:00:00.000,"TAS",116.89,1013.42,"Forecast"
2030-08-13 00:00:00.000,"TAS",123.17,1019.8,"Forecast"
2030-08-14 00:00:00.000,"TAS",125.21,1020.6,"Forecast"
2030-08-15 00:00:00.000,"TAS",121.16,1015.38,"Forecast"
2030-08-16 00:00:00.000,"TAS",113.32,1006.12,"Forecast"
2030-08-17 00:00:00.000,"TAS",108.31,998.29,"Forecast"
2030-08-18 00:00:00.000,"TAS",108.44,998.12,"Forecast"
2030-08-19 00:00:00.000,"TAS",112.82,1004.8,"Forecast"
2030-08-20 00:00:00.000,"TAS",118.7,1011.02,"Forecast"
2030-08-21 00:00:00.000,"TAS",120.66,1011.69,"Forecast"
2030-08-22 00:00:00.000,"TAS",116.34,1006.34,"Forecast"
2030-08-23 00:00:00.000,"TAS",109.3,996.94,"Forecast"
2030-08-24 00:00:00.000,"TAS",103.4,988.97,"Forecast"
2030-08-25 00:00:00.000,"TAS",102.68,988.65,"Forecast"
2030-08-26 00:00:00.000,"TAS",107.74,995.16,"Forecast"
2030-08-27 00:00:00.000,"TAS",113.28,1001.25,"Forecast"
2030-08-28 00:00:00.000,"TAS",115.07,1001.81,"Forecast"
2030-08-29 00:00:00.000,"TAS",111.14,996.34,"Forecast"
2030-08-30 00:00:00.000,"TAS",103.61,986.82,"Forecast"
2030-08-31 00:00:00.000,"TAS",96.47,978.72,"Forecast"
2030-09-01 00:00:00.000,"TAS",94.47,978.28,"Forecast"
2030-09-02 00:00:00.000,"TAS",98.55,984.65,"Forecast"
2030-09-03 00:00:00.000,"TAS",104.49,990.61,"Forecast"
2030-09-04 00:00:00.000,"TAS",106.82,991.07,"Forecast"
2030-09-05 00:00:00.000,"TAS",102.48,985.51,"Forecast"
2030-09-06 00:00:00.000,"TAS",93.13,975.88,"Forecast"
2030-09-07 00:00:00.000,"TAS",85.71,967.7,"Forecast"
2030-09-08 00:00:00.000,"TAS",83.3,967.16,"Forecast"
2030-09-09 00:00:00.000,"TAS",85.38,973.41,"Forecast"
2030-09-10 00:00:00.000,"TAS",88.75,979.26,"Forecast"
2030-09-11 00:00:00.000,"TAS",88.58,979.64,"Forecast"
2030-09-12 00:00:00.000,"TAS",82.95,974.01,"Forecast"
2030-09-13 00:00:00.000,"TAS",74.48,964.31,"Forecast"
2030-09-14 00:00:00.000,"TAS",67.6,956.07,"Forecast"
2030-09-15 00:00:00.000,"TAS",65.3,955.46,"Forecast"
2030-09-16 00:00:00.000,"TAS",67.06,961.63,"Forecast"
2030-09-17 00:00:00.000,"TAS",69.45,967.38,"Forecast"
2030-09-18 00:00:00.000,"TAS",68.47,967.71,"Forecast"
2030-09-19 00:00:00.000,"TAS",62.55,962.03,"Forecast"
2030-09-20 00:00:00.000,"TAS",55.79,952.29,"Forecast"
2030-09-21 00:00:00.000,"TAS",51.33,944.03,"Forecast"
2030-09-22 00:00:00.000,"TAS",50.76,943.4,"Forecast"
2030-09-23 00:00:00.000,"TAS",53.04,949.5,"Forecast"
2030-09-24 00:00:00.000,"TAS",55.28,955.19,"Forecast"
2030-09-25 00:00:00.000,"TAS",54.64,955.47,"Forecast"
2030-09-26 00:00:00.000,"TAS",50.51,949.77,"Forecast"
2030-09-27 00:00:00.000,"TAS",45.27,940.02,"Forecast"
2030-09-28 00:00:00.000,"TAS",42.41,931.79,"Forecast"
2030-09-29 00:00:00.000,"TAS",42.83,931.18,"Forecast"
2030-09-30 00:00:00.000,"TAS",45.54,937.25,"Forecast"
2030-10-01 00:00:00.000,"TAS",48.21,942.9,"Forecast"
2030-10-02 00:00:00.000,"TAS",48.05,943.16,"Forecast"
2030-10-03 00:00:00.000,"TAS",44.7,937.46,"Forecast"
2030-10-04 00:00:00.000,"TAS",40.87,927.75,"Forecast"
2030-10-05 00:00:00.000,"TAS",39.04,919.59,"Forecast"
2030-10-06 00:00:00.000,"TAS",40.08,919.04,"Forecast"
2030-10-07 00:00:00.000,"TAS",42.95,925.11,"Forecast"
2030-10-08 00:00:00.000,"TAS",45.68,930.74,"Forecast"
2030-10-09 00:00:00.000,"TAS",45.78,931,"Forecast"
2030-10-10 00:00:00.000,"TAS",42.97,925.33,"Forecast"
2030-10-11 00:00:00.000,"TAS",39.7,915.69,"Forecast"
2030-10-12 00:00:00.000,"TAS",38.23,907.65,"Forecast"
2030-10-13 00:00:00.000,"TAS",39.52,907.19,"Forecast"
2030-10-14 00:00:00.000,"TAS",42.56,913.29,"Forecast"
2030-10-15 00:00:00.000,"TAS",45.4,918.93,"Forecast"
2030-10-16 00:00:00.000,"TAS",45.69,919.22,"Forecast"
2030-10-17 00:00:00.000,"TAS",43.13,913.61,"Forecast"
2030-10-18 00:00:00.000,"TAS",40.05,904.07,"Forecast"
2030-10-19 00:00:00.000,"TAS",38.7,896.18,"Forecast"
2030-10-20 00:00:00.000,"TAS",40.09,895.84,"Forecast"
2030-10-21 00:00:00.000,"TAS",43.21,902.01,"Forecast"
2030-10-22 00:00:00.000,"TAS",46.16,907.67,"Forecast"
2030-10-23 00:00:00.000,"TAS",46.58,908.01,"Forecast"
2030-10-24 00:00:00.000,"TAS",44.11,902.48,"Forecast"
2030-10-25 00:00:00.000,"TAS",41.12,893.07,"Forecast"
2030-10-26 00:00:00.000,"TAS",39.82,885.36,"Forecast"
2030-10-27 00:00:00.000,"TAS",41.22,885.19,"Forecast"
2030-10-28 00:00:00.000,"TAS",44.38,891.43,"Forecast"
2030-10-29 00:00:00.000,"TAS",47.46,897.15,"Forecast"
2030-10-30 00:00:00.000,"TAS",47.99,897.55,"Forecast"
2030-10-31 00:00:00.000,"TAS",45.6,892.11,"Forecast"
2030-11-01 00:00:00.000,"TAS",42.6,882.87,"Forecast"
2030-11-02 00:00:00.000,"TAS",41.3,875.36,"Forecast"
2030-11-03 00:00:00.000,"TAS",42.69,875.37,"Forecast"
2030-11-04 00:00:00.000,"TAS",45.96,881.71,"Forecast"
2030-11-05 00:00:00.000,"TAS",49.11,887.49,"Forecast"
2030-11-06 00:00:00.000,"TAS",49.73,887.98,"Forecast"
2030-11-07 00:00:00.000,"TAS",47.43,882.66,"Forecast"
2030-11-08 00:00:00.000,"TAS",44.35,873.59,"Forecast"
2030-11-09 00:00:00.000,"TAS",43.02,866.3,"Forecast"
2030-11-10 00:00:00.000,"TAS",44.38,866.49,"Forecast"
2030-11-11 00:00:00.000,"TAS",47.75,872.96,"Forecast"
2030-11-12 00:00:00.000,"TAS",50.99,878.82,"Forecast"
2030-11-13 00:00:00.000,"TAS",51.76,879.4,"Forecast"
2030-11-14 00:00:00.000,"TAS",49.5,874.2,"Forecast"
2030-11-15 00:00:00.000,"TAS",46.29,865.32,"Forecast"
2030-11-16 00:00:00.000,"TAS",44.91,858.26,"Forecast"
2030-11-17 00:00:00.000,"TAS",46.22,858.65,"Forecast"
2030-11-18 00:00:00.000,"TAS",49.71,865.24,"Forecast"
2030-11-19 00:00:00.000,"TAS",53.13,871.2,"Forecast"
2030-11-20 00:00:00.000,"TAS",54.04,871.88,"Forecast"
2030-11-21 00:00:00.000,"TAS",51.75,866.82,"Forecast"
2030-11-22 00:00:00.000,"TAS",48.52,858.12,"Forecast"
2030-11-23 00:00:00.000,"TAS",46.97,851.3,"Forecast"
2030-11-24 00:00:00.000,"TAS",48.34,851.88,"Forecast"
2030-11-25 00:00:00.000,"TAS",51.85,858.61,"Forecast"
2030-11-26 00:00:00.000,"TAS",55.46,864.68,"Forecast"
2030-11-27 00:00:00.000,"TAS",56.5,865.47,"Forecast"
2030-11-28 00:00:00.000,"TAS",54.24,860.56,"Forecast"
2030-11-29 00:00:00.000,"TAS",50.95,852.05,"Forecast"
2030-11-30 00:00:00.000,"TAS",49.32,845.45,"Forecast"
2030-12-01 00:00:00.000,"TAS",50.67,846.23,"Forecast"
2030-12-02 00:00:00.000,"TAS",54.26,853.1,"Forecast"
2030-12-03 00:00:00.000,"TAS",58.01,859.28,"Forecast"
2030-12-04 00:00:00.000,"TAS",59.16,860.2,"Forecast"
2030-12-05 00:00:00.000,"TAS",56.99,855.43,"Forecast"
2030-12-06 00:00:00.000,"TAS",53.55,847.11,"Forecast"
2030-12-07 00:00:00.000,"TAS",51.85,840.72,"Forecast"
2030-12-08 00:00:00.000,"TAS",53.14,841.7,"Forecast"
2030-12-09 00:00:00.000,"TAS",56.88,848.71,"Forecast"
2030-12-10 00:00:00.000,"TAS",60.72,855.03,"Forecast"
2030-12-11 00:00:00.000,"TAS",61.96,856.08,"Forecast"
2030-12-12 00:00:00.000,"TAS",59.87,851.46,"Forecast"
2030-12-13 00:00:00.000,"TAS",56.34,843.32,"Forecast"
2030-12-14 00:00:00.000,"TAS",54.49,837.13,"Forecast"
2030-12-15 00:00:00.000,"TAS",55.76,838.29,"Forecast"
2030-12-16 00:00:00.000,"TAS",59.62,845.46,"Forecast"
2030-12-17 00:00:00.000,"TAS",63.54,851.91,"Forecast"
2030-12-18 00:00:00.000,"TAS",64.87,853.1,"Forecast"
2030-12-19 00:00:00.000,"TAS",62.82,848.63,"Forecast"
2030-12-20 00:00:00.000,"TAS",59.3,840.66,"Forecast"
2030-12-21 00:00:00.000,"TAS",57.34,834.66,"Forecast"
2030-12-22 00:00:00.000,"TAS",58.64,835.99,"Forecast"
2030-12-23 00:00:00.000,"TAS",62.52,843.32,"Forecast"
2030-12-24 00:00:00.000,"TAS",66.49,849.92,"Forecast"
2030-12-25 00:00:00.000,"TAS",67.89,851.26,"Forecast"
2030-12-26 00:00:00.000,"TAS",65.88,846.95,"Forecast"
2030-12-27 00:00:00.000,"TAS",62.34,839.14,"Forecast"
2030-12-28 00:00:00.000,"TAS",60.32,833.31,"Forecast"
2030-12-29 00:00:00.000,"TAS",61.59,834.81,"Forecast"
2030-12-30 00:00:00.000,"TAS",65.49,842.3,"Forecast"
2030-12-31 00:00:00.000,"TAS",69.51,849.07,"Forecast"
2026-07-02 00:00:00.000,"VIC",35.5,5950.32,"Forecast"
2026-07-03 00:00:00.000,"VIC",43.42,5915.11,"Forecast"
2026-07-04 00:00:00.000,"VIC",46.14,5529.28,"Forecast"
2026-07-05 00:00:00.000,"VIC",52.54,5500.21,"Forecast"
2026-07-06 00:00:00.000,"VIC",64.39,5964.74,"Forecast"
2026-07-07 00:00:00.000,"VIC",75.25,6135.84,"Forecast"
2026-07-08 00:00:00.000,"VIC",76.06,6147.82,"Forecast"
2026-07-09 00:00:00.000,"VIC",68.23,6150.03,"Forecast"
2026-07-10 00:00:00.000,"VIC",58.05,6025.94,"Forecast"
2026-07-11 00:00:00.000,"VIC",52.65,5589.89,"Forecast"
2026-07-12 00:00:00.000,"VIC",54.84,5514.3,"Forecast"
2026-07-13 00:00:00.000,"VIC",64.14,5965.56,"Forecast"
2026-07-14 00:00:00.000,"VIC",73.86,6132.07,"Forecast"
2026-07-15 00:00:00.000,"VIC",73.79,6139.06,"Forecast"
2026-07-16 00:00:00.000,"VIC",66.34,6136.58,"Forecast"
2026-07-17 00:00:00.000,"VIC",56.38,6008.33,"Forecast"
2026-07-18 00:00:00.000,"VIC",50.79,5564.08,"Forecast"
2026-07-19 00:00:00.000,"VIC",52.97,5485.6,"Forecast"
2026-07-20 00:00:00.000,"VIC",62.38,5941.13,"Forecast"
2026-07-21 00:00:00.000,"VIC",72.15,6107.57,"Forecast"
2026-07-22 00:00:00.000,"VIC",72.43,6111.88,"Forecast"
2026-07-23 00:00:00.000,"VIC",64.74,6106.93,"Forecast"
2026-07-24 00:00:00.000,"VIC",54.77,5976.73,"Forecast"
2026-07-25 00:00:00.000,"VIC",48.59,5525.93,"Forecast"
2026-07-26 00:00:00.000,"VIC",50.25,5443.39,"Forecast"
2026-07-27 00:00:00.000,"VIC",59.72,5902.2,"Forecast"
2026-07-28 00:00:00.000,"VIC",69.41,6068.3,"Forecast"
2026-07-29 00:00:00.000,"VIC",70.18,6069.42,"Forecast"
2026-07-30 00:00:00.000,"VIC",62.42,6061.81,"Forecast"
2026-07-31 00:00:00.000,"VIC",52.35,5930.03,"Forecast"
2026-08-01 00:00:00.000,"VIC",46.24,5472.27,"Forecast"
2026-08-02 00:00:00.000,"VIC",48.05,5385.18,"Forecast"
2026-08-03 00:00:00.000,"VIC",57.91,5847.88,"Forecast"
2026-08-04 00:00:00.000,"VIC",68.1,6013.82,"Forecast"
2026-08-05 00:00:00.000,"VIC",69.32,6011.27,"Forecast"
2026-08-06 00:00:00.000,"VIC",61.64,6000.73,"Forecast"
2026-08-07 00:00:00.000,"VIC",51.36,5867.66,"Forecast"
2026-08-08 00:00:00.000,"VIC",44.99,5402.75,"Forecast"
2026-08-09 00:00:00.000,"VIC",46.54,5310.66,"Forecast"
2026-08-10 00:00:00.000,"VIC",56.18,5777.34,"Forecast"
2026-08-11 00:00:00.000,"VIC",66.64,5943.06,"Forecast"
2026-08-12 00:00:00.000,"VIC",68.22,5936.14,"Forecast"
2026-08-13 00:00:00.000,"VIC",60.56,5922.18,"Forecast"
2026-08-14 00:00:00.000,"VIC",49.94,5788.1,"Forecast"
2026-08-15 00:00:00.000,"VIC",43.65,5316.39,"Forecast"
2026-08-16 00:00:00.000,"VIC",44.87,5218.97,"Forecast"
2026-08-17 00:00:00.000,"VIC",54.28,5689.22,"Forecast"
2026-08-18 00:00:00.000,"VIC",65.08,5854.45,"Forecast"
2026-08-19 00:00:00.000,"VIC",66.88,5842.36,"Forecast"
2026-08-20 00:00:00.000,"VIC",59.36,5824.35,"Forecast"
2026-08-21 00:00:00.000,"VIC",48.62,5689.53,"Forecast"
2026-08-22 00:00:00.000,"VIC",42.3,5211.93,"Forecast"
2026-08-23 00:00:00.000,"VIC",43.13,5106.92,"Forecast"
2026-08-24 00:00:00.000,"VIC",52.25,5580.77,"Forecast"
2026-08-25 00:00:00.000,"VIC",63.42,5745.43,"Forecast"
2026-08-26 00:00:00.000,"VIC",65.46,5727.44,"Forecast"
2026-08-27 00:00:00.000,"VIC",58.1,5704.68,"Forecast"
2026-08-28 00:00:00.000,"VIC",47.22,5569.44,"Forecast"
2026-08-29 00:00:00.000,"VIC",40.8,5084.58,"Forecast"
2026-08-30 00:00:00.000,"VIC",41.4,4955.33,"Forecast"
2026-08-31 00:00:00.000,"VIC",50.02,5440.57,"Forecast"
2026-09-01 00:00:00.000,"VIC",61.6,5607.54,"Forecast"
2026-09-02 00:00:00.000,"VIC",63.93,5584.27,"Forecast"
2026-09-03 00:00:00.000,"VIC",56.37,5556.78,"Forecast"
2026-09-04 00:00:00.000,"VIC",45.44,5422.16,"Forecast"
2026-09-05 00:00:00.000,"VIC",38.95,4915.72,"Forecast"
2026-09-06 00:00:00.000,"VIC",39.34,4759.24,"Forecast"
2026-09-07 00:00:00.000,"VIC",47.36,5251.23,"Forecast"
2026-09-08 00:00:00.000,"VIC",58.73,5429.17,"Forecast"
2026-09-09 00:00:00.000,"VIC",61.78,5403.24,"Forecast"
2026-09-10 00:00:00.000,"VIC",53.93,5372.17,"Forecast"
2026-09-11 00:00:00.000,"VIC",43.07,5237.55,"Forecast"
2026-09-12 00:00:00.000,"VIC",36.52,4704.83,"Forecast"
2026-09-13 00:00:00.000,"VIC",36.7,4528.5,"Forecast"
2026-09-14 00:00:00.000,"VIC",44.14,5008.47,"Forecast"
2026-09-15 00:00:00.000,"VIC",55.21,5189.89,"Forecast"
2026-09-16 00:00:00.000,"VIC",58.27,5155.56,"Forecast"
2026-09-17 00:00:00.000,"VIC",50.57,5115.88,"Forecast"
2026-09-18 00:00:00.000,"VIC",39.81,4966.07,"Forecast"
2026-09-19 00:00:00.000,"VIC",33.16,4452.06,"Forecast"
2026-09-20 00:00:00.000,"VIC",33.28,4310.25,"Forecast"
2026-09-21 00:00:00.000,"VIC",40.52,4747.06,"Forecast"
2026-09-22 00:00:00.000,"VIC",51.32,4912.59,"Forecast"
2026-09-23 00:00:00.000,"VIC",54.24,4861.62,"Forecast"
2026-09-24 00:00:00.000,"VIC",46.82,4806.94,"Forecast"
2026-09-25 00:00:00.000,"VIC",36.04,4677.7,"Forecast"
2026-09-26 00:00:00.000,"VIC",29.73,4235.1,"Forecast"
2026-09-27 00:00:00.000,"VIC",30.17,4145.18,"Forecast"
2026-09-28 00:00:00.000,"VIC",37.53,4576.82,"Forecast"
2026-09-29 00:00:00.000,"VIC",48.17,4713.97,"Forecast"
2026-09-30 00:00:00.000,"VIC",50.9,4672.92,"Forecast"
2026-10-01 00:00:00.000,"VIC",43.77,4630.4,"Forecast"
2026-10-02 00:00:00.000,"VIC",33.21,4518.06,"Forecast"
2026-10-03 00:00:00.000,"VIC",27.34,4135.23,"Forecast"
2026-10-04 00:00:00.000,"VIC",28.19,4084.31,"Forecast"
2026-10-05 00:00:00.000,"VIC",35.67,4490.27,"Forecast"
2026-10-06 00:00:00.000,"VIC",45.91,4610.43,"Forecast"
2026-10-07 00:00:00.000,"VIC",48.36,4566.21,"Forecast"
2026-10-08 00:00:00.000,"VIC",41.48,4525.33,"Forecast"
2026-10-09 00:00:00.000,"VIC",31.5,4441.94,"Forecast"
2026-10-10 00:00:00.000,"VIC",25.99,4093.84,"Forecast"
2026-10-11 00:00:00.000,"VIC",27.14,4058.02,"Forecast"
2026-10-12 00:00:00.000,"VIC",34.63,4452.62,"Forecast"
2026-10-13 00:00:00.000,"VIC",44.45,4558.86,"Forecast"
2026-10-14 00:00:00.000,"VIC",46.89,4520.12,"Forecast"
2026-10-15 00:00:00.000,"VIC",40.18,4489.47,"Forecast"
2026-10-16 00:00:00.000,"VIC",30.73,4418.77,"Forecast"
2026-10-17 00:00:00.000,"VIC",25.5,4076.45,"Forecast"
2026-10-18 00:00:00.000,"VIC",26.81,4042.85,"Forecast"
2026-10-19 00:00:00.000,"VIC",34.24,4436.1,"Forecast"
2026-10-20 00:00:00.000,"VIC",43.83,4536.38,"Forecast"
2026-10-21 00:00:00.000,"VIC",46.29,4501.85,"Forecast"
2026-10-22 00:00:00.000,"VIC",39.73,4474.8,"Forecast"
2026-10-23 00:00:00.000,"VIC",30.63,4407.53,"Forecast"
2026-10-24 00:00:00.000,"VIC",25.57,4065.8,"Forecast"
2026-10-25 00:00:00.000,"VIC",26.94,4032.72,"Forecast"
2026-10-26 00:00:00.000,"VIC",34.41,4427.47,"Forecast"
2026-10-27 00:00:00.000,"VIC",43.88,4526.46,"Forecast"
2026-10-28 00:00:00.000,"VIC",46.35,4491.6,"Forecast"
2026-10-29 00:00:00.000,"VIC",39.92,4466.86,"Forecast"
2026-10-30 00:00:00.000,"VIC",31,4401.05,"Forecast"
2026-10-31 00:00:00.000,"VIC",26.01,4059.01,"Forecast"
2026-11-01 00:00:00.000,"VIC",27.41,4026.18,"Forecast"
2026-11-02 00:00:00.000,"VIC",34.88,4422.09,"Forecast"
2026-11-03 00:00:00.000,"VIC",44.3,4519.91,"Forecast"
2026-11-04 00:00:00.000,"VIC",46.79,4486,"Forecast"
2026-11-05 00:00:00.000,"VIC",40.46,4462.24,"Forecast"
2026-11-06 00:00:00.000,"VIC",31.64,4397.42,"Forecast"
2026-11-07 00:00:00.000,"VIC",26.69,4055.13,"Forecast"
2026-11-08 00:00:00.000,"VIC",28.09,4022.61,"Forecast"
2026-11-09 00:00:00.000,"VIC",35.55,4419.26,"Forecast"
2026-11-10 00:00:00.000,"VIC",44.96,4516.03,"Forecast"
2026-11-11 00:00:00.000,"VIC",47.49,4482.77,"Forecast"
2026-11-12 00:00:00.000,"VIC",41.2,4459.89,"Forecast"
2026-11-13 00:00:00.000,"VIC",32.43,4395.99,"Forecast"
2026-11-14 00:00:00.000,"VIC",27.5,4053.83,"Forecast"
2026-11-15 00:00:00.000,"VIC",28.9,4021.79,"Forecast"
2026-11-16 00:00:00.000,"VIC",36.33,4418.71,"Forecast"
2026-11-17 00:00:00.000,"VIC",45.77,4514.57,"Forecast"
2026-11-18 00:00:00.000,"VIC",48.33,4481.72,"Forecast"
2026-11-19 00:00:00.000,"VIC",42.07,4459.64,"Forecast"
2026-11-20 00:00:00.000,"VIC",33.32,4396.61,"Forecast"
2026-11-21 00:00:00.000,"VIC",28.39,4054.94,"Forecast"
2026-11-22 00:00:00.000,"VIC",29.77,4023.56,"Forecast"
2026-11-23 00:00:00.000,"VIC",37.19,4420.3,"Forecast"
2026-11-24 00:00:00.000,"VIC",46.66,4515.4,"Forecast"
2026-11-25 00:00:00.000,"VIC",49.26,4482.73,"Forecast"
2026-11-26 00:00:00.000,"VIC",43.02,4461.34,"Forecast"
2026-11-27 00:00:00.000,"VIC",34.26,4399.1,"Forecast"
2026-11-28 00:00:00.000,"VIC",29.32,4058.28,"Forecast"
2026-11-29 00:00:00.000,"VIC",30.69,4027.71,"Forecast"
2026-11-30 00:00:00.000,"VIC",38.09,4423.88,"Forecast"
2026-12-01 00:00:00.000,"VIC",47.61,4518.34,"Forecast"
2026-12-02 00:00:00.000,"VIC",50.23,4485.65,"Forecast"
2026-12-03 00:00:00.000,"VIC",44.05,4464.85,"Forecast"
2026-12-04 00:00:00.000,"VIC",35.24,4403.32,"Forecast"
2026-12-05 00:00:00.000,"VIC",30.28,4063.66,"Forecast"
2026-12-06 00:00:00.000,"VIC",31.62,4034.05,"Forecast"
2026-12-07 00:00:00.000,"VIC",39,4429.25,"Forecast"
2026-12-08 00:00:00.000,"VIC",48.58,4526.41,"Forecast"
2026-12-09 00:00:00.000,"VIC",51.25,4491.44,"Forecast"
2026-12-10 00:00:00.000,"VIC",45.1,4470.5,"Forecast"
2026-12-11 00:00:00.000,"VIC",36.23,4409.3,"Forecast"
2026-12-12 00:00:00.000,"VIC",31.24,4070.88,"Forecast"
2026-12-13 00:00:00.000,"VIC",32.56,4042.31,"Forecast"
2026-12-14 00:00:00.000,"VIC",39.93,4436.28,"Forecast"
2026-12-15 00:00:00.000,"VIC",49.57,4536.96,"Forecast"
2026-12-16 00:00:00.000,"VIC",52.3,4499.11,"Forecast"
2026-12-17 00:00:00.000,"VIC",46.18,4477.74,"Forecast"
2026-12-18 00:00:00.000,"VIC",37.22,4416.69,"Forecast"
2026-12-19 00:00:00.000,"VIC",32.19,4079.69,"Forecast"
2026-12-20 00:00:00.000,"VIC",33.5,4052.26,"Forecast"
2026-12-21 00:00:00.000,"VIC",40.91,4444.73,"Forecast"
2026-12-22 00:00:00.000,"VIC",50.6,4549.16,"Forecast"
2026-12-23 00:00:00.000,"VIC",53.37,4508.21,"Forecast"
2026-12-24 00:00:00.000,"VIC",47.27,4486.26,"Forecast"
2026-12-25 00:00:00.000,"VIC",38.21,4425.22,"Forecast"
2026-12-26 00:00:00.000,"VIC",33.13,4089.83,"Forecast"
2026-12-27 00:00:00.000,"VIC",34.43,4063.62,"Forecast"
2026-12-28 00:00:00.000,"VIC",41.88,4454.35,"Forecast"
2026-12-29 00:00:00.000,"VIC",51.64,4562.7,"Forecast"
2026-12-30 00:00:00.000,"VIC",54.46,4518.52,"Forecast"
2026-12-31 00:00:00.000,"VIC",48.38,4495.82,"Forecast"
2027-01-01 00:00:00.000,"VIC",39.19,4434.69,"Forecast"
2027-01-02 00:00:00.000,"VIC",34.08,4101.26,"Forecast"
2027-01-03 00:00:00.000,"VIC",35.36,4076.49,"Forecast"
2027-01-04 00:00:00.000,"VIC",42.89,4469.34,"Forecast"
2027-01-05 00:00:00.000,"VIC",52.93,4579.75,"Forecast"
2027-01-06 00:00:00.000,"VIC",55.7,4534.38,"Forecast"
2027-01-07 00:00:00.000,"VIC",49.61,4508.29,"Forecast"
2027-01-08 00:00:00.000,"VIC",40.24,4445.98,"Forecast"
2027-01-09 00:00:00.000,"VIC",35.03,4113.66,"Forecast"
2027-01-10 00:00:00.000,"VIC",36.29,4089.96,"Forecast"
2027-01-11 00:00:00.000,"VIC",43.88,4485.16,"Forecast"
2027-01-12 00:00:00.000,"VIC",54.26,4597.66,"Forecast"
2027-01-13 00:00:00.000,"VIC",57.16,4553.26,"Forecast"
2027-01-14 00:00:00.000,"VIC",50.94,4522.17,"Forecast"
2027-01-15 00:00:00.000,"VIC",41.31,4457.99,"Forecast"
2027-01-16 00:00:00.000,"VIC",35.99,4126.62,"Forecast"
2027-01-17 00:00:00.000,"VIC",37.21,4103.98,"Forecast"
2027-01-18 00:00:00.000,"VIC",44.94,4501.39,"Forecast"
2027-01-19 00:00:00.000,"VIC",55.68,4616.08,"Forecast"
2027-01-20 00:00:00.000,"VIC",58.78,4573.02,"Forecast"
2027-01-21 00:00:00.000,"VIC",52.38,4540.6,"Forecast"
2027-01-22 00:00:00.000,"VIC",42.43,4471.98,"Forecast"
2027-01-23 00:00:00.000,"VIC",36.97,4140.47,"Forecast"
2027-01-24 00:00:00.000,"VIC",38.13,4118.42,"Forecast"
2027-01-25 00:00:00.000,"VIC",46.16,4518.52,"Forecast"
2027-01-26 00:00:00.000,"VIC",57.24,4635.23,"Forecast"
2027-01-27 00:00:00.000,"VIC",60.54,4593.41,"Forecast"
2027-01-28 00:00:00.000,"VIC",53.9,4561.74,"Forecast"
2027-01-29 00:00:00.000,"VIC",43.62,4487.15,"Forecast"
2027-01-30 00:00:00.000,"VIC",37.97,4154.82,"Forecast"
2027-01-31 00:00:00.000,"VIC",39.06,4133.06,"Forecast"
2027-02-01 00:00:00.000,"VIC",47.58,4536.72,"Forecast"
2027-02-02 00:00:00.000,"VIC",58.97,4655.01,"Forecast"
2027-02-03 00:00:00.000,"VIC",62.45,4614.24,"Forecast"
2027-02-04 00:00:00.000,"VIC",55.69,4583.09,"Forecast"
2027-02-05 00:00:00.000,"VIC",45.08,4503.07,"Forecast"
2027-02-06 00:00:00.000,"VIC",39.07,4169.56,"Forecast"
2027-02-07 00:00:00.000,"VIC",40.04,4147.82,"Forecast"
2027-02-08 00:00:00.000,"VIC",49.1,4554.82,"Forecast"
2027-02-09 00:00:00.000,"VIC",60.82,4674.63,"Forecast"
2027-02-10 00:00:00.000,"VIC",64.49,4634.91,"Forecast"
2027-02-11 00:00:00.000,"VIC",57.81,4604.16,"Forecast"
2027-02-12 00:00:00.000,"VIC",46.84,4523.55,"Forecast"
2027-02-13 00:00:00.000,"VIC",40.3,4186.58,"Forecast"
2027-02-14 00:00:00.000,"VIC",41.07,4163.19,"Forecast"
2027-02-15 00:00:00.000,"VIC",50.72,4573.04,"Forecast"
2027-02-16 00:00:00.000,"VIC",62.78,4692.66,"Forecast"
2027-02-17 00:00:00.000,"VIC",66.64,4654.69,"Forecast"
2027-02-18 00:00:00.000,"VIC",60.05,4624.48,"Forecast"
2027-02-19 00:00:00.000,"VIC",48.67,4543.69,"Forecast"
2027-02-20 00:00:00.000,"VIC",41.55,4203.38,"Forecast"
2027-02-21 00:00:00.000,"VIC",42.41,4178.31,"Forecast"
2027-02-22 00:00:00.000,"VIC",52.53,4590.65,"Forecast"
2027-02-23 00:00:00.000,"VIC",64.91,4706.92,"Forecast"
2027-02-24 00:00:00.000,"VIC",68.93,4672.22,"Forecast"
2027-02-25 00:00:00.000,"VIC",62.41,4643.07,"Forecast"
2027-02-26 00:00:00.000,"VIC",50.94,4562.34,"Forecast"
2027-02-27 00:00:00.000,"VIC",43.25,4219.45,"Forecast"
2027-02-28 00:00:00.000,"VIC",44.43,4192.94,"Forecast"
2027-03-01 00:00:00.000,"VIC",54.8,4607.24,"Forecast"
2027-03-02 00:00:00.000,"VIC",67.39,4720.2,"Forecast"
2027-03-03 00:00:00.000,"VIC",71.32,4688.04,"Forecast"
2027-03-04 00:00:00.000,"VIC",64.91,4660.15,"Forecast"
2027-03-05 00:00:00.000,"VIC",53.45,4579.53,"Forecast"
2027-03-06 00:00:00.000,"VIC",45.74,4234.66,"Forecast"
2027-03-07 00:00:00.000,"VIC",46.99,4206.93,"Forecast"
2027-03-08 00:00:00.000,"VIC",57.46,4622.7,"Forecast"
2027-03-09 00:00:00.000,"VIC",70.19,4732.39,"Forecast"
2027-03-10 00:00:00.000,"VIC",73.24,4699.39,"Forecast"
2027-03-11 00:00:00.000,"VIC",67.23,4674.24,"Forecast"
2027-03-12 00:00:00.000,"VIC",55.9,4594.38,"Forecast"
2027-03-13 00:00:00.000,"VIC",48.26,4248.73,"Forecast"
2027-03-14 00:00:00.000,"VIC",49.57,4220.22,"Forecast"
2027-03-15 00:00:00.000,"VIC",60.17,4636.81,"Forecast"
2027-03-16 00:00:00.000,"VIC",72.52,4742.54,"Forecast"
2027-03-17 00:00:00.000,"VIC",74.99,4709.29,"Forecast"
2027-03-18 00:00:00.000,"VIC",69.42,4686.8,"Forecast"
2027-03-19 00:00:00.000,"VIC",58.26,4607.63,"Forecast"
2027-03-20 00:00:00.000,"VIC",50.7,4263.56,"Forecast"
2027-03-21 00:00:00.000,"VIC",52.11,4233.68,"Forecast"
2027-03-22 00:00:00.000,"VIC",62.82,4650.06,"Forecast"
2027-03-23 00:00:00.000,"VIC",74.46,4757.01,"Forecast"
2027-03-24 00:00:00.000,"VIC",76.82,4721.3,"Forecast"
2027-03-25 00:00:00.000,"VIC",70.94,4699.76,"Forecast"
2027-03-26 00:00:00.000,"VIC",60.2,4620.53,"Forecast"
2027-03-27 00:00:00.000,"VIC",52.83,4277.91,"Forecast"
2027-03-28 00:00:00.000,"VIC",54.38,4248.3,"Forecast"
2027-03-29 00:00:00.000,"VIC",65.23,4664.58,"Forecast"
2027-03-30 00:00:00.000,"VIC",76.59,4773.5,"Forecast"
2027-03-31 00:00:00.000,"VIC",78.58,4738.1,"Forecast"
2027-04-01 00:00:00.000,"VIC",72.62,4715.15,"Forecast"
2027-04-02 00:00:00.000,"VIC",62.15,4635.55,"Forecast"
2027-04-03 00:00:00.000,"VIC",54.9,4292.9,"Forecast"
2027-04-04 00:00:00.000,"VIC",56.53,4262.97,"Forecast"
2027-04-05 00:00:00.000,"VIC",67.51,4680.85,"Forecast"
2027-04-06 00:00:00.000,"VIC",79.22,4801.15,"Forecast"
2027-04-07 00:00:00.000,"VIC",80.82,4768.36,"Forecast"
2027-04-08 00:00:00.000,"VIC",74.54,4754.45,"Forecast"
2027-04-09 00:00:00.000,"VIC",64.24,4669.95,"Forecast"
2027-04-10 00:00:00.000,"VIC",57.02,4316.54,"Forecast"
2027-04-11 00:00:00.000,"VIC",58.63,4280.26,"Forecast"
2027-04-12 00:00:00.000,"VIC",70.32,4704.06,"Forecast"
2027-04-13 00:00:00.000,"VIC",81.87,4850.99,"Forecast"
2027-04-14 00:00:00.000,"VIC",83.52,4826.46,"Forecast"
2027-04-15 00:00:00.000,"VIC",76.58,4819.91,"Forecast"
2027-04-16 00:00:00.000,"VIC",66.63,4737.03,"Forecast"
2027-04-17 00:00:00.000,"VIC",59.28,4364.46,"Forecast"
2027-04-18 00:00:00.000,"VIC",60.72,4314.7,"Forecast"
2027-04-19 00:00:00.000,"VIC",72.9,4749.29,"Forecast"
2027-04-20 00:00:00.000,"VIC",84.22,4933.67,"Forecast"
2027-04-21 00:00:00.000,"VIC",86.59,4935.16,"Forecast"
2027-04-22 00:00:00.000,"VIC",78.82,4945.16,"Forecast"
2027-04-23 00:00:00.000,"VIC",68.8,4875.05,"Forecast"
2027-04-24 00:00:00.000,"VIC",61.39,4470.24,"Forecast"
2027-04-25 00:00:00.000,"VIC",62.6,4392.3,"Forecast"
2027-04-26 00:00:00.000,"VIC",74.43,4853.8,"Forecast"
2027-04-27 00:00:00.000,"VIC",86.18,5064.53,"Forecast"
2027-04-28 00:00:00.000,"VIC",88.72,5083.73,"Forecast"
2027-04-29 00:00:00.000,"VIC",80.87,5108.95,"Forecast"
2027-04-30 00:00:00.000,"VIC",69.81,5046.5,"Forecast"
2027-05-01 00:00:00.000,"VIC",62.49,4634.11,"Forecast"
2027-05-02 00:00:00.000,"VIC",63.65,4541.56,"Forecast"
2027-05-03 00:00:00.000,"VIC",74.95,5041.64,"Forecast"
2027-05-04 00:00:00.000,"VIC",86.83,5259.02,"Forecast"
2027-05-05 00:00:00.000,"VIC",89.69,5289.34,"Forecast"
2027-05-06 00:00:00.000,"VIC",81.23,5320.23,"Forecast"
2027-05-07 00:00:00.000,"VIC",69.38,5256.4,"Forecast"
2027-05-08 00:00:00.000,"VIC",62.22,4855.94,"Forecast"
2027-05-09 00:00:00.000,"VIC",63.52,4780.28,"Forecast"
2027-05-10 00:00:00.000,"VIC",74.12,5279.1,"Forecast"
2027-05-11 00:00:00.000,"VIC",85.6,5484.62,"Forecast"
2027-05-12 00:00:00.000,"VIC",87.82,5510.42,"Forecast"
2027-05-13 00:00:00.000,"VIC",78.7,5536.4,"Forecast"
2027-05-14 00:00:00.000,"VIC",67.04,5459.5,"Forecast"
2027-05-15 00:00:00.000,"VIC",60.18,5066.46,"Forecast"
2027-05-16 00:00:00.000,"VIC",61.76,5012.9,"Forecast"
2027-05-17 00:00:00.000,"VIC",71.81,5494.12,"Forecast"
2027-05-18 00:00:00.000,"VIC",82.78,5687.01,"Forecast"
2027-05-19 00:00:00.000,"VIC",83.99,5709.88,"Forecast"
2027-05-20 00:00:00.000,"VIC",74.74,5731.24,"Forecast"
2027-05-21 00:00:00.000,"VIC",63.82,5641.38,"Forecast"
2027-05-22 00:00:00.000,"VIC",57.32,5234.13,"Forecast"
2027-05-23 00:00:00.000,"VIC",59.14,5180.33,"Forecast"
2027-05-24 00:00:00.000,"VIC",69.29,5655.02,"Forecast"
2027-05-25 00:00:00.000,"VIC",79.7,5842.72,"Forecast"
2027-05-26 00:00:00.000,"VIC",80.52,5864.36,"Forecast"
2027-05-27 00:00:00.000,"VIC",71.58,5881.58,"Forecast"
2027-05-28 00:00:00.000,"VIC",61.07,5781.34,"Forecast"
2027-05-29 00:00:00.000,"VIC",55.12,5365.3,"Forecast"
2027-05-30 00:00:00.000,"VIC",57.13,5306.92,"Forecast"
2027-05-31 00:00:00.000,"VIC",67.01,5775.33,"Forecast"
2027-06-01 00:00:00.000,"VIC",77.28,5957.97,"Forecast"
2027-06-02 00:00:00.000,"VIC",77.88,5977.76,"Forecast"
2027-06-03 00:00:00.000,"VIC",69.46,5990.91,"Forecast"
2027-06-04 00:00:00.000,"VIC",59.21,5882.69,"Forecast"
2027-06-05 00:00:00.000,"VIC",53.64,5461.34,"Forecast"
2027-06-06 00:00:00.000,"VIC",55.9,5399.52,"Forecast"
2027-06-07 00:00:00.000,"VIC",65.39,5861.7,"Forecast"
2027-06-08 00:00:00.000,"VIC",75.51,6039.71,"Forecast"
2027-06-09 00:00:00.000,"VIC",76.13,6057.4,"Forecast"
2027-06-10 00:00:00.000,"VIC",68.05,6067.02,"Forecast"
2027-06-11 00:00:00.000,"VIC",58.07,5952.92,"Forecast"
2027-06-12 00:00:00.000,"VIC",52.6,5528.21,"Forecast"
2027-06-13 00:00:00.000,"VIC",54.94,5463.75,"Forecast"
2027-06-14 00:00:00.000,"VIC",64.25,5920.84,"Forecast"
2027-06-15 00:00:00.000,"VIC",74.14,6095.05,"Forecast"
2027-06-16 00:00:00.000,"VIC",74.72,6110.69,"Forecast"
2027-06-17 00:00:00.000,"VIC",66.93,6117.35,"Forecast"
2027-06-18 00:00:00.000,"VIC",57.13,5998.95,"Forecast"
2027-06-19 00:00:00.000,"VIC",51.68,5571.55,"Forecast"
2027-06-20 00:00:00.000,"VIC",54.03,5504.79,"Forecast"
2027-06-21 00:00:00.000,"VIC",63.39,5958.34,"Forecast"
2027-06-22 00:00:00.000,"VIC",73.03,6129.63,"Forecast"
2027-06-23 00:00:00.000,"VIC",73.56,6143.27,"Forecast"
2027-06-24 00:00:00.000,"VIC",65.92,6147.42,"Forecast"
2027-06-25 00:00:00.000,"VIC",56.26,6025.74,"Forecast"
2027-06-26 00:00:00.000,"VIC",50.78,5595.46,"Forecast"
2027-06-27 00:00:00.000,"VIC",53.12,5526.37,"Forecast"
2027-06-28 00:00:00.000,"VIC",62.57,5978.03,"Forecast"
2027-06-29 00:00:00.000,"VIC",72.17,6147.18,"Forecast"
2027-06-30 00:00:00.000,"VIC",72.56,6158.79,"Forecast"
2027-07-01 00:00:00.000,"VIC",64.95,6160.68,"Forecast"
2027-07-02 00:00:00.000,"VIC",55.42,6036.37,"Forecast"
2027-07-03 00:00:00.000,"VIC",49.88,5602.52,"Forecast"
2027-07-04 00:00:00.000,"VIC",52.16,5530.84,"Forecast"
2027-07-05 00:00:00.000,"VIC",61.71,5982.19,"Forecast"
2027-07-06 00:00:00.000,"VIC",71.32,6149.87,"Forecast"
2027-07-07 00:00:00.000,"VIC",71.61,6159.36,"Forecast"
2027-07-08 00:00:00.000,"VIC",64.09,6159.08,"Forecast"
2027-07-09 00:00:00.000,"VIC",54.64,6032.55,"Forecast"
2027-07-10 00:00:00.000,"VIC",48.96,5594.21,"Forecast"
2027-07-11 00:00:00.000,"VIC",51.14,5519.55,"Forecast"
2027-07-12 00:00:00.000,"VIC",60.8,5972.03,"Forecast"
2027-07-13 00:00:00.000,"VIC",70.45,6138.79,"Forecast"
2027-07-14 00:00:00.000,"VIC",70.93,6145.96,"Forecast"
2027-07-15 00:00:00.000,"VIC",63.38,6143.5,"Forecast"
2027-07-16 00:00:00.000,"VIC",53.91,6015.03,"Forecast"
2027-07-17 00:00:00.000,"VIC",48.05,5571.26,"Forecast"
2027-07-18 00:00:00.000,"VIC",50.09,5493.14,"Forecast"
2027-07-19 00:00:00.000,"VIC",59.85,5947.99,"Forecast"
2027-07-20 00:00:00.000,"VIC",69.55,6114.23,"Forecast"
2027-07-21 00:00:00.000,"VIC",70.26,6118.8,"Forecast"
2027-07-22 00:00:00.000,"VIC",62.67,6114.03,"Forecast"
2027-07-23 00:00:00.000,"VIC",52.98,5983.85,"Forecast"
2027-07-24 00:00:00.000,"VIC",46.99,5533.82,"Forecast"
2027-07-25 00:00:00.000,"VIC",48.91,5451.74,"Forecast"
2027-07-26 00:00:00.000,"VIC",58.82,5909.91,"Forecast"
2027-07-27 00:00:00.000,"VIC",68.73,6075.93,"Forecast"
2027-07-28 00:00:00.000,"VIC",69.64,6077.47,"Forecast"
2027-07-29 00:00:00.000,"VIC",61.97,6070.19,"Forecast"
2027-07-30 00:00:00.000,"VIC",52.02,5938.5,"Forecast"
2027-07-31 00:00:00.000,"VIC",45.87,5481.62,"Forecast"
2027-08-01 00:00:00.000,"VIC",47.64,5395.11,"Forecast"
2027-08-02 00:00:00.000,"VIC",57.48,5857.18,"Forecast"
2027-08-03 00:00:00.000,"VIC",67.61,6023.09,"Forecast"
2027-08-04 00:00:00.000,"VIC",68.89,6021.07,"Forecast"
2027-08-05 00:00:00.000,"VIC",61.19,6010.94,"Forecast"
2027-08-06 00:00:00.000,"VIC",50.95,5877.98,"Forecast"
2027-08-07 00:00:00.000,"VIC",44.63,5414.02,"Forecast"
2027-08-08 00:00:00.000,"VIC",46.22,5322.62,"Forecast"
2027-08-09 00:00:00.000,"VIC",55.91,5788.73,"Forecast"
2027-08-10 00:00:00.000,"VIC",66.36,5954.47,"Forecast"
2027-08-11 00:00:00.000,"VIC",67.93,5948.21,"Forecast"
2027-08-12 00:00:00.000,"VIC",60.28,5934.76,"Forecast"
2027-08-13 00:00:00.000,"VIC",49.73,5800.78,"Forecast"
2027-08-14 00:00:00.000,"VIC",43.48,5329.97,"Forecast"
2027-08-15 00:00:00.000,"VIC",44.76,5233.31,"Forecast"
2027-08-16 00:00:00.000,"VIC",54.22,5703.09,"Forecast"
2027-08-17 00:00:00.000,"VIC",64.99,5868.4,"Forecast"
2027-08-18 00:00:00.000,"VIC",66.78,5857.1,"Forecast"
2027-08-19 00:00:00.000,"VIC",59.26,5839.71,"Forecast"
2027-08-20 00:00:00.000,"VIC",48.57,5704.96,"Forecast"
2027-08-21 00:00:00.000,"VIC",42.29,5228.11,"Forecast"
2027-08-22 00:00:00.000,"VIC",43.17,5125.39,"Forecast"
2027-08-23 00:00:00.000,"VIC",52.35,5598.19,"Forecast"
2027-08-24 00:00:00.000,"VIC",63.47,5762.75,"Forecast"
2027-08-25 00:00:00.000,"VIC",65.49,5745.58,"Forecast"
2027-08-26 00:00:00.000,"VIC",58.11,5723.49,"Forecast"
2027-08-27 00:00:00.000,"VIC",47.28,5588.24,"Forecast"
2027-08-28 00:00:00.000,"VIC",40.9,5105.48,"Forecast"
2027-08-29 00:00:00.000,"VIC",41.53,4980.02,"Forecast"
2027-08-30 00:00:00.000,"VIC",50.23,5463.09,"Forecast"
2027-08-31 00:00:00.000,"VIC",61.75,5629.48,"Forecast"
2027-09-01 00:00:00.000,"VIC",64.04,5606.88,"Forecast"
2027-09-02 00:00:00.000,"VIC",56.52,5580.04,"Forecast"
2027-09-03 00:00:00.000,"VIC",45.62,5445.23,"Forecast"
2027-09-04 00:00:00.000,"VIC",39.15,4942.58,"Forecast"
2027-09-05 00:00:00.000,"VIC",39.59,4789.95,"Forecast"
2027-09-06 00:00:00.000,"VIC",47.69,5281.76,"Forecast"
2027-09-07 00:00:00.000,"VIC",59.08,5457.49,"Forecast"
2027-09-08 00:00:00.000,"VIC",62.02,5431.71,"Forecast"
2027-09-09 00:00:00.000,"VIC",54.21,5401.05,"Forecast"
2027-09-10 00:00:00.000,"VIC",43.37,5268.35,"Forecast"
2027-09-11 00:00:00.000,"VIC",36.85,4738.97,"Forecast"
2027-09-12 00:00:00.000,"VIC",37.07,4566.51,"Forecast"
2027-09-13 00:00:00.000,"VIC",44.6,5049.75,"Forecast"
2027-09-14 00:00:00.000,"VIC",55.71,5229.87,"Forecast"
2027-09-15 00:00:00.000,"VIC",58.77,5196.52,"Forecast"
2027-09-16 00:00:00.000,"VIC",51.01,5158.31,"Forecast"
2027-09-17 00:00:00.000,"VIC",40.28,5012.17,"Forecast"
2027-09-18 00:00:00.000,"VIC",33.64,4486.29,"Forecast"
2027-09-19 00:00:00.000,"VIC",33.75,4338.26,"Forecast"
2027-09-20 00:00:00.000,"VIC",40.99,4774.62,"Forecast"
2027-09-21 00:00:00.000,"VIC",51.78,4946.67,"Forecast"
2027-09-22 00:00:00.000,"VIC",54.73,4898.96,"Forecast"
2027-09-23 00:00:00.000,"VIC",47.29,4838.35,"Forecast"
2027-09-24 00:00:00.000,"VIC",36.48,4704.83,"Forecast"
2027-09-25 00:00:00.000,"VIC",30.11,4255.13,"Forecast"
2027-09-26 00:00:00.000,"VIC",30.5,4159.5,"Forecast"
2027-09-27 00:00:00.000,"VIC",37.84,4594.78,"Forecast"
2027-09-28 00:00:00.000,"VIC",48.54,4731.31,"Forecast"
2027-09-29 00:00:00.000,"VIC",51.28,4691,"Forecast"
2027-09-30 00:00:00.000,"VIC",44.12,4648.42,"Forecast"
2027-10-01 00:00:00.000,"VIC",33.51,4535.4,"Forecast"
2027-10-02 00:00:00.000,"VIC",27.6,4145.06,"Forecast"
2027-10-03 00:00:00.000,"VIC",28.4,4089.9,"Forecast"
2027-10-04 00:00:00.000,"VIC",35.86,4498.3,"Forecast"
2027-10-05 00:00:00.000,"VIC",46.16,4621.58,"Forecast"
2027-10-06 00:00:00.000,"VIC",48.65,4577.03,"Forecast"
2027-10-07 00:00:00.000,"VIC",41.73,4535.68,"Forecast"
2027-10-08 00:00:00.000,"VIC",31.67,4447.68,"Forecast"
2027-10-09 00:00:00.000,"VIC",26.11,4097.38,"Forecast"
2027-10-10 00:00:00.000,"VIC",27.23,4060.69,"Forecast"
2027-10-11 00:00:00.000,"VIC",34.72,4456.41,"Forecast"
2027-10-12 00:00:00.000,"VIC",44.6,4564.01,"Forecast"
2027-10-13 00:00:00.000,"VIC",47.03,4524.21,"Forecast"
2027-10-14 00:00:00.000,"VIC",40.29,4492.72,"Forecast"
2027-10-15 00:00:00.000,"VIC",30.79,4421.07,"Forecast"
2027-10-16 00:00:00.000,"VIC",25.53,4078.41,"Forecast"
2027-10-17 00:00:00.000,"VIC",26.81,4044.66,"Forecast"
2027-10-18 00:00:00.000,"VIC",34.25,4437.7,"Forecast"
2027-10-19 00:00:00.000,"VIC",43.85,4538.5,"Forecast"
2027-10-20 00:00:00.000,"VIC",46.32,4503.81,"Forecast"
2027-10-21 00:00:00.000,"VIC",39.74,4476.28,"Forecast"
2027-10-22 00:00:00.000,"VIC",30.61,4408.75,"Forecast"
2027-10-23 00:00:00.000,"VIC",25.52,4067.05,"Forecast"
2027-10-24 00:00:00.000,"VIC",26.9,4033.92,"Forecast"
2027-10-25 00:00:00.000,"VIC",34.36,4428.47,"Forecast"
2027-10-26 00:00:00.000,"VIC",43.84,4527.64,"Forecast"
2027-10-27 00:00:00.000,"VIC",46.31,4492.72,"Forecast"
2027-10-28 00:00:00.000,"VIC",39.87,4467.77,"Forecast"
2027-10-29 00:00:00.000,"VIC",30.93,4401.79,"Forecast"
2027-10-30 00:00:00.000,"VIC",25.93,4059.79,"Forecast"
2027-10-31 00:00:00.000,"VIC",27.33,4026.92,"Forecast"
2027-11-01 00:00:00.000,"VIC",34.8,4422.7,"Forecast"
2027-11-02 00:00:00.000,"VIC",44.22,4520.68,"Forecast"
2027-11-03 00:00:00.000,"VIC",46.71,4486.65,"Forecast"
2027-11-04 00:00:00.000,"VIC",40.36,4462.76,"Forecast"
2027-11-05 00:00:00.000,"VIC",31.53,4397.8,"Forecast"
2027-11-06 00:00:00.000,"VIC",26.58,4055.52,"Forecast"
2027-11-07 00:00:00.000,"VIC",27.99,4022.95,"Forecast"
2027-11-08 00:00:00.000,"VIC",35.44,4419.52,"Forecast"
2027-11-09 00:00:00.000,"VIC",44.86,4516.44,"Forecast"
2027-11-10 00:00:00.000,"VIC",47.37,4483.09,"Forecast"
2027-11-11 00:00:00.000,"VIC",41.08,4460.09,"Forecast"
2027-11-12 00:00:00.000,"VIC",32.31,4396.07,"Forecast"
2027-11-13 00:00:00.000,"VIC",27.38,4053.86,"Forecast"
2027-11-14 00:00:00.000,"VIC",28.78,4021.75,"Forecast"
2027-11-15 00:00:00.000,"VIC",36.22,4418.65,"Forecast"
2027-11-16 00:00:00.000,"VIC",45.65,4514.64,"Forecast"
2027-11-17 00:00:00.000,"VIC",48.2,4481.74,"Forecast"
2027-11-18 00:00:00.000,"VIC",41.94,4459.55,"Forecast"
2027-11-19 00:00:00.000,"VIC",33.19,4396.4,"Forecast"
2027-11-20 00:00:00.000,"VIC",28.26,4054.64,"Forecast"
2027-11-21 00:00:00.000,"VIC",29.64,4023.15,"Forecast"
2027-11-22 00:00:00.000,"VIC",37.06,4419.95,"Forecast"
2027-11-23 00:00:00.000,"VIC",46.53,4515.14,"Forecast"
2027-11-24 00:00:00.000,"VIC",49.12,4482.46,"Forecast"
2027-11-25 00:00:00.000,"VIC",42.88,4460.98,"Forecast"
2027-11-26 00:00:00.000,"VIC",34.13,4398.64,"Forecast"
2027-11-27 00:00:00.000,"VIC",29.19,4057.68,"Forecast"
2027-11-28 00:00:00.000,"VIC",30.56,4026.98,"Forecast"
2027-11-29 00:00:00.000,"VIC",37.96,4423.25,"Forecast"
2027-11-30 00:00:00.000,"VIC",47.47,4517.79,"Forecast"
2027-12-01 00:00:00.000,"VIC",50.09,4485.12,"Forecast"
2027-12-02 00:00:00.000,"VIC",43.9,4464.25,"Forecast"
2027-12-03 00:00:00.000,"VIC",35.1,4402.62,"Forecast"
2027-12-04 00:00:00.000,"VIC",30.14,4062.78,"Forecast"
2027-12-05 00:00:00.000,"VIC",31.49,4033.02,"Forecast"
2027-12-06 00:00:00.000,"VIC",38.87,4428.38,"Forecast"
2027-12-07 00:00:00.000,"VIC",48.44,4525.06,"Forecast"
2027-12-08 00:00:00.000,"VIC",51.11,4490.48,"Forecast"
2027-12-09 00:00:00.000,"VIC",44.95,4469.59,"Forecast"
2027-12-10 00:00:00.000,"VIC",36.09,4408.36,"Forecast"
2027-12-11 00:00:00.000,"VIC",31.1,4069.75,"Forecast"
2027-12-12 00:00:00.000,"VIC",32.43,4041.02,"Forecast"
2027-12-13 00:00:00.000,"VIC",39.8,4435.19,"Forecast"
2027-12-14 00:00:00.000,"VIC",49.43,4535.35,"Forecast"
2027-12-15 00:00:00.000,"VIC",52.15,4497.92,"Forecast"
2027-12-16 00:00:00.000,"VIC",46.02,4476.63,"Forecast"
2027-12-17 00:00:00.000,"VIC",37.08,4415.56,"Forecast"
2027-12-18 00:00:00.000,"VIC",32.06,4078.34,"Forecast"
2027-12-19 00:00:00.000,"VIC",33.37,4050.74,"Forecast"
2027-12-20 00:00:00.000,"VIC",40.77,4443.45,"Forecast"
2027-12-21 00:00:00.000,"VIC",50.45,4547.33,"Forecast"
2027-12-22 00:00:00.000,"VIC",53.21,4506.83,"Forecast"
2027-12-23 00:00:00.000,"VIC",47.11,4484.97,"Forecast"
2027-12-24 00:00:00.000,"VIC",38.07,4423.94,"Forecast"
2027-12-25 00:00:00.000,"VIC",33,4088.31,"Forecast"
2027-12-26 00:00:00.000,"VIC",34.3,4061.92,"Forecast"
2027-12-27 00:00:00.000,"VIC",41.74,4452.91,"Forecast"
2027-12-28 00:00:00.000,"VIC",51.49,4560.7,"Forecast"
2027-12-29 00:00:00.000,"VIC",54.3,4516.98,"Forecast"
2027-12-30 00:00:00.000,"VIC",48.22,4494.4,"Forecast"
2027-12-31 00:00:00.000,"VIC",39.05,4433.29,"Forecast"
2028-01-01 00:00:00.000,"VIC",33.93,4099.39,"Forecast"
2028-01-02 00:00:00.000,"VIC",35.23,4074.51,"Forecast"
2028-01-03 00:00:00.000,"VIC",42.74,4467.09,"Forecast"
2028-01-04 00:00:00.000,"VIC",52.74,4577.24,"Forecast"
2028-01-05 00:00:00.000,"VIC",55.52,4531.89,"Forecast"
2028-01-06 00:00:00.000,"VIC",49.43,4506.42,"Forecast"
2028-01-07 00:00:00.000,"VIC",40.1,4444.33,"Forecast"
2028-01-08 00:00:00.000,"VIC",34.9,4111.87,"Forecast"
2028-01-09 00:00:00.000,"VIC",36.16,4088,"Forecast"
2028-01-10 00:00:00.000,"VIC",43.74,4482.88,"Forecast"
2028-01-11 00:00:00.000,"VIC",54.07,4595.07,"Forecast"
2028-01-12 00:00:00.000,"VIC",56.94,4550.48,"Forecast"
2028-01-13 00:00:00.000,"VIC",50.75,4520.13,"Forecast"
2028-01-14 00:00:00.000,"VIC",41.16,4456.24,"Forecast"
2028-01-15 00:00:00.000,"VIC",35.85,4124.74,"Forecast"
2028-01-16 00:00:00.000,"VIC",37.08,4101.95,"Forecast"
2028-01-17 00:00:00.000,"VIC",44.78,4499.05,"Forecast"
2028-01-18 00:00:00.000,"VIC",55.47,4613.43,"Forecast"
2028-01-19 00:00:00.000,"VIC",58.54,4570.17,"Forecast"
2028-01-20 00:00:00.000,"VIC",52.17,4537.63,"Forecast"
2028-01-21 00:00:00.000,"VIC",42.26,4469.84,"Forecast"
2028-01-22 00:00:00.000,"VIC",36.83,4138.43,"Forecast"
2028-01-23 00:00:00.000,"VIC",38,4116.34,"Forecast"
2028-01-24 00:00:00.000,"VIC",45.96,4515.92,"Forecast"
2028-01-25 00:00:00.000,"VIC",57,4632.41,"Forecast"
2028-01-26 00:00:00.000,"VIC",60.27,4590.44,"Forecast"
2028-01-27 00:00:00.000,"VIC",53.68,4558.68,"Forecast"
2028-01-28 00:00:00.000,"VIC",43.43,4484.96,"Forecast"
2028-01-29 00:00:00.000,"VIC",37.82,4152.76,"Forecast"
2028-01-30 00:00:00.000,"VIC",38.92,4130.96,"Forecast"
2028-01-31 00:00:00.000,"VIC",47.37,4534.12,"Forecast"
2028-02-01 00:00:00.000,"VIC",58.72,4652.18,"Forecast"
2028-02-02 00:00:00.000,"VIC",62.17,4611.27,"Forecast"
2028-02-03 00:00:00.000,"VIC",55.39,4580.05,"Forecast"
2028-02-04 00:00:00.000,"VIC",44.84,4500.33,"Forecast"
2028-02-05 00:00:00.000,"VIC",38.9,4167.22,"Forecast"
2028-02-06 00:00:00.000,"VIC",39.89,4145.63,"Forecast"
2028-02-07 00:00:00.000,"VIC",48.88,4552.2,"Forecast"
2028-02-08 00:00:00.000,"VIC",60.55,4671.8,"Forecast"
2028-02-09 00:00:00.000,"VIC",64.19,4631.94,"Forecast"
2028-02-10 00:00:00.000,"VIC",57.5,4601.15,"Forecast"
2028-02-11 00:00:00.000,"VIC",46.58,4520.58,"Forecast"
2028-02-12 00:00:00.000,"VIC",40.12,4184.13,"Forecast"
2028-02-13 00:00:00.000,"VIC",40.92,4161,"Forecast"
2028-02-14 00:00:00.000,"VIC",50.48,4570.46,"Forecast"
2028-02-15 00:00:00.000,"VIC",62.49,4690.56,"Forecast"
2028-02-16 00:00:00.000,"VIC",66.33,4652.11,"Forecast"
2028-02-17 00:00:00.000,"VIC",59.72,4621.74,"Forecast"
2028-02-18 00:00:00.000,"VIC",48.41,4540.94,"Forecast"
2028-02-19 00:00:00.000,"VIC",41.37,4201.03,"Forecast"
2028-02-20 00:00:00.000,"VIC",42.18,4176.17,"Forecast"
2028-02-21 00:00:00.000,"VIC",52.25,4588.2,"Forecast"
2028-02-22 00:00:00.000,"VIC",64.59,4704.95,"Forecast"
2028-02-23 00:00:00.000,"VIC",68.59,4669.78,"Forecast"
2028-02-24 00:00:00.000,"VIC",62.06,4640.49,"Forecast"
2028-02-25 00:00:00.000,"VIC",50.59,4559.76,"Forecast"
2028-02-26 00:00:00.000,"VIC",42.96,4217.2,"Forecast"
2028-02-27 00:00:00.000,"VIC",44.11,4190.89,"Forecast"
2028-02-28 00:00:00.000,"VIC",54.46,4604.94,"Forecast"
2028-02-29 00:00:00.000,"VIC",67.02,4718.37,"Forecast"
2028-03-01 00:00:00.000,"VIC",71.06,4686.34,"Forecast"
2028-03-02 00:00:00.000,"VIC",64.6,4658.04,"Forecast"
2028-03-03 00:00:00.000,"VIC",53.11,4577.3,"Forecast"
2028-03-04 00:00:00.000,"VIC",45.4,4232.58,"Forecast"
2028-03-05 00:00:00.000,"VIC",46.63,4204.97,"Forecast"
2028-03-06 00:00:00.000,"VIC",57.09,4620.59,"Forecast"
2028-03-07 00:00:00.000,"VIC",69.79,4730.74,"Forecast"
2028-03-08 00:00:00.000,"VIC",72.97,4697.85,"Forecast"
2028-03-09 00:00:00.000,"VIC",66.9,4672.32,"Forecast"
2028-03-10 00:00:00.000,"VIC",55.55,4592.35,"Forecast"
2028-03-11 00:00:00.000,"VIC",47.9,4246.78,"Forecast"
2028-03-12 00:00:00.000,"VIC",49.21,4218.37,"Forecast"
2028-03-13 00:00:00.000,"VIC",59.79,4634.88,"Forecast"
2028-03-14 00:00:00.000,"VIC",72.25,4740.73,"Forecast"
2028-03-15 00:00:00.000,"VIC",74.77,4707.78,"Forecast"
2028-03-16 00:00:00.000,"VIC",69.13,4684.98,"Forecast"
2028-03-17 00:00:00.000,"VIC",57.94,4605.76,"Forecast"
2028-03-18 00:00:00.000,"VIC",50.37,4261.46,"Forecast"
2028-03-19 00:00:00.000,"VIC",51.76,4231.79,"Forecast"
2028-03-20 00:00:00.000,"VIC",62.45,4648.23,"Forecast"
2028-03-21 00:00:00.000,"VIC",74.15,4754.86,"Forecast"
2028-03-22 00:00:00.000,"VIC",76.56,4718.98,"Forecast"
2028-03-23 00:00:00.000,"VIC",70.73,4697.84,"Forecast"
2028-03-24 00:00:00.000,"VIC",59.93,4618.67,"Forecast"
2028-03-25 00:00:00.000,"VIC",52.54,4275.88,"Forecast"
2028-03-26 00:00:00.000,"VIC",54.06,4246.22,"Forecast"
2028-03-27 00:00:00.000,"VIC",64.9,4662.25,"Forecast"
2028-03-28 00:00:00.000,"VIC",76.3,4770.33,"Forecast"
2028-03-29 00:00:00.000,"VIC",78.33,4735.31,"Forecast"
2028-03-30 00:00:00.000,"VIC",72.38,4712.08,"Forecast"
2028-03-31 00:00:00.000,"VIC",61.88,4632.64,"Forecast"
2028-04-01 00:00:00.000,"VIC",54.61,4290.42,"Forecast"
2028-04-02 00:00:00.000,"VIC",56.24,4260.78,"Forecast"
2028-04-03 00:00:00.000,"VIC",67.19,4678.42,"Forecast"
2028-04-04 00:00:00.000,"VIC",78.87,4796.23,"Forecast"
2028-04-05 00:00:00.000,"VIC",80.45,4762.08,"Forecast"
2028-04-06 00:00:00.000,"VIC",74.25,4746.62,"Forecast"
2028-04-07 00:00:00.000,"VIC",63.93,4662.33,"Forecast"
2028-04-08 00:00:00.000,"VIC",56.71,4311.68,"Forecast"
2028-04-09 00:00:00.000,"VIC",58.33,4277.21,"Forecast"
2028-04-10 00:00:00.000,"VIC",69.89,4699.63,"Forecast"
2028-04-11 00:00:00.000,"VIC",81.49,4842.07,"Forecast"
2028-04-12 00:00:00.000,"VIC",83.08,4815.41,"Forecast"
2028-04-13 00:00:00.000,"VIC",76.27,4807.62,"Forecast"
2028-04-14 00:00:00.000,"VIC",66.28,4723.17,"Forecast"
2028-04-15 00:00:00.000,"VIC",58.95,4354.09,"Forecast"
2028-04-16 00:00:00.000,"VIC",60.42,4307.48,"Forecast"
2028-04-17 00:00:00.000,"VIC",72.59,4739.63,"Forecast"
2028-04-18 00:00:00.000,"VIC",83.88,4918.24,"Forecast"
2028-04-19 00:00:00.000,"VIC",86.19,4917.29,"Forecast"
2028-04-20 00:00:00.000,"VIC",78.5,4925.01,"Forecast"
2028-04-21 00:00:00.000,"VIC",68.57,4852.34,"Forecast"
2028-04-22 00:00:00.000,"VIC",61.15,4451.84,"Forecast"
2028-04-23 00:00:00.000,"VIC",62.38,4378.42,"Forecast"
2028-04-24 00:00:00.000,"VIC",74.28,4833.8,"Forecast"
2028-04-25 00:00:00.000,"VIC",85.98,5042.09,"Forecast"
2028-04-26 00:00:00.000,"VIC",88.49,5059.12,"Forecast"
2028-04-27 00:00:00.000,"VIC",80.66,5082.42,"Forecast"
2028-04-28 00:00:00.000,"VIC",69.74,5019.35,"Forecast"
2028-04-29 00:00:00.000,"VIC",62.4,4608.08,"Forecast"
2028-04-30 00:00:00.000,"VIC",63.57,4515.27,"Forecast"
2028-05-01 00:00:00.000,"VIC",74.96,5013.39,"Forecast"
2028-05-02 00:00:00.000,"VIC",86.85,5229.47,"Forecast"
2028-05-03 00:00:00.000,"VIC",89.71,5258.17,"Forecast"
2028-05-04 00:00:00.000,"VIC",81.33,5290.35,"Forecast"
2028-05-05 00:00:00.000,"VIC",69.55,5228.27,"Forecast"
2028-05-06 00:00:00.000,"VIC",62.37,4825.7,"Forecast"
2028-05-07 00:00:00.000,"VIC",63.64,4746.86,"Forecast"
2028-05-08 00:00:00.000,"VIC",74.32,5245.91,"Forecast"
2028-05-09 00:00:00.000,"VIC",85.86,5454.11,"Forecast"
2028-05-10 00:00:00.000,"VIC",88.2,5480.45,"Forecast"
2028-05-11 00:00:00.000,"VIC",79.17,5507,"Forecast"
2028-05-12 00:00:00.000,"VIC",67.41,5431.91,"Forecast"
2028-05-13 00:00:00.000,"VIC",60.51,5041.09,"Forecast"
2028-05-14 00:00:00.000,"VIC",62.07,4984.17,"Forecast"
2028-05-15 00:00:00.000,"VIC",72.15,5467.52,"Forecast"
2028-05-16 00:00:00.000,"VIC",83.19,5661.55,"Forecast"
2028-05-17 00:00:00.000,"VIC",84.49,5684.66,"Forecast"
2028-05-18 00:00:00.000,"VIC",75.24,5706.61,"Forecast"
2028-05-19 00:00:00.000,"VIC",64.24,5618.39,"Forecast"
2028-05-20 00:00:00.000,"VIC",57.7,5212.74,"Forecast"
2028-05-21 00:00:00.000,"VIC",59.49,5159.65,"Forecast"
2028-05-22 00:00:00.000,"VIC",69.62,5635.1,"Forecast"
2028-05-23 00:00:00.000,"VIC",80.1,5823.46,"Forecast"
2028-05-24 00:00:00.000,"VIC",80.96,5845.29,"Forecast"
2028-05-25 00:00:00.000,"VIC",71.96,5863.08,"Forecast"
2028-05-26 00:00:00.000,"VIC",61.41,5764.14,"Forecast"
2028-05-27 00:00:00.000,"VIC",55.37,5349.06,"Forecast"
2028-05-28 00:00:00.000,"VIC",57.33,5291.22,"Forecast"
2028-05-29 00:00:00.000,"VIC",67.27,5760.55,"Forecast"
2028-05-30 00:00:00.000,"VIC",77.54,5943.89,"Forecast"
2028-05-31 00:00:00.000,"VIC",78.16,5963.96,"Forecast"
2028-06-01 00:00:00.000,"VIC",69.68,5977.66,"Forecast"
2028-06-02 00:00:00.000,"VIC",59.38,5870.42,"Forecast"
2028-06-03 00:00:00.000,"VIC",53.8,5449.66,"Forecast"
2028-06-04 00:00:00.000,"VIC",56.04,5388.26,"Forecast"
2028-06-05 00:00:00.000,"VIC",65.58,5851.26,"Forecast"
2028-06-06 00:00:00.000,"VIC",75.73,6029.87,"Forecast"
2028-06-07 00:00:00.000,"VIC",76.35,6047.87,"Forecast"
2028-06-08 00:00:00.000,"VIC",68.22,6057.94,"Forecast"
2028-06-09 00:00:00.000,"VIC",58.22,5944.56,"Forecast"
2028-06-10 00:00:00.000,"VIC",52.73,5520.26,"Forecast"
2028-06-11 00:00:00.000,"VIC",55.06,5456.14,"Forecast"
2028-06-12 00:00:00.000,"VIC",64.4,5913.86,"Forecast"
2028-06-13 00:00:00.000,"VIC",74.32,6088.56,"Forecast"
2028-06-14 00:00:00.000,"VIC",74.92,6104.48,"Forecast"
2028-06-15 00:00:00.000,"VIC",67.08,6111.53,"Forecast"
2028-06-16 00:00:00.000,"VIC",57.26,5993.66,"Forecast"
2028-06-17 00:00:00.000,"VIC",51.8,5566.64,"Forecast"
2028-06-18 00:00:00.000,"VIC",54.16,5500.2,"Forecast"
2028-06-19 00:00:00.000,"VIC",63.5,5954.16,"Forecast"
2028-06-20 00:00:00.000,"VIC",73.18,6125.81,"Forecast"
2028-06-21 00:00:00.000,"VIC",73.72,6139.73,"Forecast"
2028-06-22 00:00:00.000,"VIC",66.07,6144.22,"Forecast"
2028-06-23 00:00:00.000,"VIC",56.39,6022.96,"Forecast"
2028-06-24 00:00:00.000,"VIC",50.91,5593.13,"Forecast"
2028-06-25 00:00:00.000,"VIC",53.25,5524.38,"Forecast"
2028-06-26 00:00:00.000,"VIC",62.69,5976.22,"Forecast"
2028-06-27 00:00:00.000,"VIC",72.28,6145.62,"Forecast"
2028-06-28 00:00:00.000,"VIC",72.7,6157.53,"Forecast"
2028-06-29 00:00:00.000,"VIC",65.08,6159.73,"Forecast"
2028-06-30 00:00:00.000,"VIC",55.54,6035.77,"Forecast"
2028-07-01 00:00:00.000,"VIC",50.01,5602.48,"Forecast"
2028-07-02 00:00:00.000,"VIC",52.3,5531.2,"Forecast"
2028-07-03 00:00:00.000,"VIC",61.83,5982.5,"Forecast"
2028-07-04 00:00:00.000,"VIC",71.45,6150.35,"Forecast"
2028-07-05 00:00:00.000,"VIC",71.71,6160.15,"Forecast"
2028-07-06 00:00:00.000,"VIC",64.2,6160.18,"Forecast"
2028-07-07 00:00:00.000,"VIC",54.74,6033.94,"Forecast"
2028-07-08 00:00:00.000,"VIC",49.09,5596.31,"Forecast"
2028-07-09 00:00:00.000,"VIC",51.29,5522.1,"Forecast"
2028-07-10 00:00:00.000,"VIC",60.93,5974.34,"Forecast"
2028-07-11 00:00:00.000,"VIC",70.58,6141.19,"Forecast"
2028-07-12 00:00:00.000,"VIC",71.03,6148.72,"Forecast"
2028-07-13 00:00:00.000,"VIC",63.48,6146.57,"Forecast"
2028-07-14 00:00:00.000,"VIC",54.01,6018.36,"Forecast"
2028-07-15 00:00:00.000,"VIC",48.18,5575.42,"Forecast"
2028-07-16 00:00:00.000,"VIC",50.24,5497.83,"Forecast"
2028-07-17 00:00:00.000,"VIC",59.99,5952.27,"Forecast"
2028-07-18 00:00:00.000,"VIC",69.68,6118.57,"Forecast"
2028-07-19 00:00:00.000,"VIC",70.36,6123.53,"Forecast"
2028-07-20 00:00:00.000,"VIC",62.77,6119.1,"Forecast"
2028-07-21 00:00:00.000,"VIC",53.12,5989.15,"Forecast"
2028-07-22 00:00:00.000,"VIC",47.15,5540.06,"Forecast"
2028-07-23 00:00:00.000,"VIC",49.08,5458.58,"Forecast"
2028-07-24 00:00:00.000,"VIC",58.97,5916.23,"Forecast"
2028-07-25 00:00:00.000,"VIC",68.85,6082.27,"Forecast"
2028-07-26 00:00:00.000,"VIC",69.73,6084.27,"Forecast"
2028-07-27 00:00:00.000,"VIC",62.07,6077.37,"Forecast"
2028-07-28 00:00:00.000,"VIC",52.16,5945.88,"Forecast"
2028-07-29 00:00:00.000,"VIC",46.04,5490,"Forecast"
2028-07-30 00:00:00.000,"VIC",47.82,5404.16,"Forecast"
2028-07-31 00:00:00.000,"VIC",57.68,5865.65,"Forecast"
2028-08-01 00:00:00.000,"VIC",67.78,6031.57,"Forecast"
2028-08-02 00:00:00.000,"VIC",69,6030.1,"Forecast"
2028-08-03 00:00:00.000,"VIC",61.31,6020.4,"Forecast"
2028-08-04 00:00:00.000,"VIC",51.11,5887.61,"Forecast"
2028-08-05 00:00:00.000,"VIC",44.81,5424.66,"Forecast"
2028-08-06 00:00:00.000,"VIC",46.43,5333.98,"Forecast"
2028-08-07 00:00:00.000,"VIC",56.14,5799.53,"Forecast"
2028-08-08 00:00:00.000,"VIC",66.54,5965.3,"Forecast"
2028-08-09 00:00:00.000,"VIC",68.09,5959.69,"Forecast"
2028-08-10 00:00:00.000,"VIC",60.42,5946.75,"Forecast"
2028-08-11 00:00:00.000,"VIC",49.92,5812.9,"Forecast"
2028-08-12 00:00:00.000,"VIC",43.65,5343.03,"Forecast"
2028-08-13 00:00:00.000,"VIC",44.98,5247.15,"Forecast"
2028-08-14 00:00:00.000,"VIC",54.47,5716.45,"Forecast"
2028-08-15 00:00:00.000,"VIC",65.19,5881.84,"Forecast"
2028-08-16 00:00:00.000,"VIC",66.95,5871.31,"Forecast"
2028-08-17 00:00:00.000,"VIC",59.41,5854.52,"Forecast"
2028-08-18 00:00:00.000,"VIC",48.73,5719.87,"Forecast"
2028-08-19 00:00:00.000,"VIC",42.47,5243.81,"Forecast"
2028-08-20 00:00:00.000,"VIC",43.41,5142.41,"Forecast"
2028-08-21 00:00:00.000,"VIC",52.63,5614.63,"Forecast"
2028-08-22 00:00:00.000,"VIC",63.7,5779.26,"Forecast"
2028-08-23 00:00:00.000,"VIC",65.68,5762.94,"Forecast"
2028-08-24 00:00:00.000,"VIC",58.29,5741.56,"Forecast"
2028-08-25 00:00:00.000,"VIC",47.48,5606.35,"Forecast"
2028-08-26 00:00:00.000,"VIC",41.11,5125.43,"Forecast"
2028-08-27 00:00:00.000,"VIC",41.77,5003.75,"Forecast"
2028-08-28 00:00:00.000,"VIC",50.55,5484.76,"Forecast"
2028-08-29 00:00:00.000,"VIC",62.01,5650.63,"Forecast"
2028-08-30 00:00:00.000,"VIC",64.26,5628.73,"Forecast"
2028-08-31 00:00:00.000,"VIC",56.79,5602.54,"Forecast"
2028-09-01 00:00:00.000,"VIC",45.89,5467.57,"Forecast"
2028-09-02 00:00:00.000,"VIC",39.43,4968.69,"Forecast"
2028-09-03 00:00:00.000,"VIC",39.9,4820.02,"Forecast"
2028-09-04 00:00:00.000,"VIC",48.09,5311.5,"Forecast"
2028-09-05 00:00:00.000,"VIC",59.52,5485.06,"Forecast"
2028-09-06 00:00:00.000,"VIC",62.35,5459.47,"Forecast"
2028-09-07 00:00:00.000,"VIC",54.58,5429.22,"Forecast"
2028-09-08 00:00:00.000,"VIC",43.72,5296.24,"Forecast"
2028-09-09 00:00:00.000,"VIC",37.21,4770.66,"Forecast"
2028-09-10 00:00:00.000,"VIC",37.47,4602.55,"Forecast"
2028-09-11 00:00:00.000,"VIC",45.08,5089.08,"Forecast"
2028-09-12 00:00:00.000,"VIC",56.25,5268.05,"Forecast"
2028-09-13 00:00:00.000,"VIC",59.31,5235.8,"Forecast"
2028-09-14 00:00:00.000,"VIC",51.5,5199.1,"Forecast"
2028-09-15 00:00:00.000,"VIC",40.77,5056.56,"Forecast"
2028-09-16 00:00:00.000,"VIC",34.17,4523.86,"Forecast"
2028-09-17 00:00:00.000,"VIC",34.27,4368.34,"Forecast"
2028-09-18 00:00:00.000,"VIC",41.52,4811.88,"Forecast"
2028-09-19 00:00:00.000,"VIC",52.34,4990.59,"Forecast"
2028-09-20 00:00:00.000,"VIC",55.33,4946.2,"Forecast"
2028-09-21 00:00:00.000,"VIC",47.85,4891.58,"Forecast"
2028-09-22 00:00:00.000,"VIC",37.08,4744.17,"Forecast"
2028-09-23 00:00:00.000,"VIC",30.62,4285.5,"Forecast"
2028-09-24 00:00:00.000,"VIC",30.94,4180.62,"Forecast"
2028-09-25 00:00:00.000,"VIC",38.26,4618.4,"Forecast"
2028-09-26 00:00:00.000,"VIC",48.97,4754.48,"Forecast"
2028-09-27 00:00:00.000,"VIC",51.73,4713.9,"Forecast"
2028-09-28 00:00:00.000,"VIC",44.52,4670.62,"Forecast"
2028-09-29 00:00:00.000,"VIC",33.89,4556.29,"Forecast"
2028-09-30 00:00:00.000,"VIC",27.92,4156.88,"Forecast"
2028-10-01 00:00:00.000,"VIC",28.66,4096.56,"Forecast"
2028-10-02 00:00:00.000,"VIC",36.1,4507.79,"Forecast"
2028-10-03 00:00:00.000,"VIC",46.46,4634.46,"Forecast"
2028-10-04 00:00:00.000,"VIC",48.99,4590.94,"Forecast"
2028-10-05 00:00:00.000,"VIC",42.04,4548.44,"Forecast"
2028-10-06 00:00:00.000,"VIC",31.9,4456.38,"Forecast"
2028-10-07 00:00:00.000,"VIC",26.28,4102.3,"Forecast"
2028-10-08 00:00:00.000,"VIC",27.36,4063.99,"Forecast"
2028-10-09 00:00:00.000,"VIC",34.85,4460.87,"Forecast"
2028-10-10 00:00:00.000,"VIC",44.79,4569.87,"Forecast"
2028-10-11 00:00:00.000,"VIC",47.21,4529.16,"Forecast"
2028-10-12 00:00:00.000,"VIC",40.46,4496.52,"Forecast"
2028-10-13 00:00:00.000,"VIC",30.88,4423.72,"Forecast"
2028-10-14 00:00:00.000,"VIC",25.58,4080.57,"Forecast"
2028-10-15 00:00:00.000,"VIC",26.85,4046.62,"Forecast"
2028-10-16 00:00:00.000,"VIC",34.29,4439.46,"Forecast"
2028-10-17 00:00:00.000,"VIC",43.91,4541,"Forecast"
2028-10-18 00:00:00.000,"VIC",46.38,4506,"Forecast"
2028-10-19 00:00:00.000,"VIC",39.77,4477.92,"Forecast"
2028-10-20 00:00:00.000,"VIC",30.6,4410.08,"Forecast"
2028-10-21 00:00:00.000,"VIC",25.5,4068.38,"Forecast"
2028-10-22 00:00:00.000,"VIC",26.86,4035.21,"Forecast"
2028-10-23 00:00:00.000,"VIC",34.33,4429.55,"Forecast"
2028-10-24 00:00:00.000,"VIC",43.82,4528.9,"Forecast"
2028-10-25 00:00:00.000,"VIC",46.29,4494.05,"Forecast"
2028-10-26 00:00:00.000,"VIC",39.83,4468.78,"Forecast"
2028-10-27 00:00:00.000,"VIC",30.86,4402.6,"Forecast"
2028-10-28 00:00:00.000,"VIC",25.86,4060.64,"Forecast"
2028-10-29 00:00:00.000,"VIC",27.26,4027.73,"Forecast"
2028-10-30 00:00:00.000,"VIC",34.73,4423.36,"Forecast"
2028-10-31 00:00:00.000,"VIC",44.15,4521.5,"Forecast"
2028-11-01 00:00:00.000,"VIC",46.64,4487.35,"Forecast"
2028-11-02 00:00:00.000,"VIC",40.28,4463.32,"Forecast"
2028-11-03 00:00:00.000,"VIC",31.43,4398.22,"Forecast"
2028-11-04 00:00:00.000,"VIC",26.48,4055.97,"Forecast"
2028-11-05 00:00:00.000,"VIC",27.88,4023.34,"Forecast"
2028-11-06 00:00:00.000,"VIC",35.34,4419.83,"Forecast"
2028-11-07 00:00:00.000,"VIC",44.76,4516.89,"Forecast"
2028-11-08 00:00:00.000,"VIC",47.27,4483.46,"Forecast"
2028-11-09 00:00:00.000,"VIC",40.97,4460.34,"Forecast"
2028-11-10 00:00:00.000,"VIC",32.19,4396.19,"Forecast"
2028-11-11 00:00:00.000,"VIC",27.26,4053.95,"Forecast"
2028-11-12 00:00:00.000,"VIC",28.66,4021.76,"Forecast"
2028-11-13 00:00:00.000,"VIC",36.1,4418.64,"Forecast"
2028-11-14 00:00:00.000,"VIC",45.53,4514.75,"Forecast"
2028-11-15 00:00:00.000,"VIC",48.08,4481.8,"Forecast"
2028-11-16 00:00:00.000,"VIC",41.82,4459.5,"Forecast"
2028-11-17 00:00:00.000,"VIC",33.06,4396.23,"Forecast"
2028-11-18 00:00:00.000,"VIC",28.13,4054.38,"Forecast"
2028-11-19 00:00:00.000,"VIC",29.52,4022.8,"Forecast"
2028-11-20 00:00:00.000,"VIC",36.94,4419.64,"Forecast"
2028-11-21 00:00:00.000,"VIC",46.4,4514.94,"Forecast"
2028-11-22 00:00:00.000,"VIC",48.98,4482.24,"Forecast"
2028-11-23 00:00:00.000,"VIC",42.74,4460.66,"Forecast"
2028-11-24 00:00:00.000,"VIC",33.99,4398.21,"Forecast"
2028-11-25 00:00:00.000,"VIC",29.05,4057.11,"Forecast"
2028-11-26 00:00:00.000,"VIC",30.42,4026.29,"Forecast"
2028-11-27 00:00:00.000,"VIC",37.83,4422.66,"Forecast"
2028-11-28 00:00:00.000,"VIC",47.33,4517.29,"Forecast"
2028-11-29 00:00:00.000,"VIC",49.95,4484.63,"Forecast"
2028-11-30 00:00:00.000,"VIC",43.75,4463.68,"Forecast"
2028-12-01 00:00:00.000,"VIC",34.96,4401.95,"Forecast"
2028-12-02 00:00:00.000,"VIC",30,4061.93,"Forecast"
2028-12-03 00:00:00.000,"VIC",31.36,4032.03,"Forecast"
2028-12-04 00:00:00.000,"VIC",38.74,4427.55,"Forecast"
2028-12-05 00:00:00.000,"VIC",48.3,4523.75,"Forecast"
2028-12-06 00:00:00.000,"VIC",50.96,4489.56,"Forecast"
2028-12-07 00:00:00.000,"VIC",44.8,4468.71,"Forecast"
2028-12-08 00:00:00.000,"VIC",35.95,4407.44,"Forecast"
2028-12-09 00:00:00.000,"VIC",30.96,4068.65,"Forecast"
2028-12-10 00:00:00.000,"VIC",32.3,4039.77,"Forecast"
2028-12-11 00:00:00.000,"VIC",39.67,4434.12,"Forecast"
2028-12-12 00:00:00.000,"VIC",49.29,4533.77,"Forecast"
2028-12-13 00:00:00.000,"VIC",52,4496.76,"Forecast"
2028-12-14 00:00:00.000,"VIC",45.87,4475.54,"Forecast"
2028-12-15 00:00:00.000,"VIC",36.94,4414.45,"Forecast"
2028-12-16 00:00:00.000,"VIC",31.92,4077.03,"Forecast"
2028-12-17 00:00:00.000,"VIC",33.23,4049.26,"Forecast"
2028-12-18 00:00:00.000,"VIC",40.63,4442.19,"Forecast"
2028-12-19 00:00:00.000,"VIC",50.3,4545.52,"Forecast"
2028-12-20 00:00:00.000,"VIC",53.06,4505.48,"Forecast"
2028-12-21 00:00:00.000,"VIC",46.96,4483.71,"Forecast"
2028-12-22 00:00:00.000,"VIC",37.93,4422.68,"Forecast"
2028-12-23 00:00:00.000,"VIC",32.87,4086.81,"Forecast"
2028-12-24 00:00:00.000,"VIC",34.16,4060.24,"Forecast"
2028-12-25 00:00:00.000,"VIC",41.6,4451.5,"Forecast"
2028-12-26 00:00:00.000,"VIC",51.34,4558.71,"Forecast"
2028-12-27 00:00:00.000,"VIC",54.14,4515.47,"Forecast"
2028-12-28 00:00:00.000,"VIC",48.06,4492.99,"Forecast"
2028-12-29 00:00:00.000,"VIC",38.91,4431.9,"Forecast"
2028-12-30 00:00:00.000,"VIC",33.8,4097.74,"Forecast"
2028-12-31 00:00:00.000,"VIC",35.08,4072.45,"Forecast"
2029-01-01 00:00:00.000,"VIC",42.58,4464.62,"Forecast"
2029-01-02 00:00:00.000,"VIC",52.47,4573.94,"Forecast"
2029-01-03 00:00:00.000,"VIC",55.23,4528.24,"Forecast"
2029-01-04 00:00:00.000,"VIC",49.12,4503.43,"Forecast"
2029-01-05 00:00:00.000,"VIC",39.83,4441.51,"Forecast"
2029-01-06 00:00:00.000,"VIC",34.65,4108.47,"Forecast"
2029-01-07 00:00:00.000,"VIC",35.9,4084.21,"Forecast"
2029-01-08 00:00:00.000,"VIC",43.46,4478.55,"Forecast"
2029-01-09 00:00:00.000,"VIC",53.69,4590.17,"Forecast"
2029-01-10 00:00:00.000,"VIC",56.5,4545.19,"Forecast"
2029-01-11 00:00:00.000,"VIC",50.35,4516.23,"Forecast"
2029-01-12 00:00:00.000,"VIC",40.85,4452.85,"Forecast"
2029-01-13 00:00:00.000,"VIC",35.58,4121.04,"Forecast"
2029-01-14 00:00:00.000,"VIC",36.81,4097.93,"Forecast"
2029-01-15 00:00:00.000,"VIC",44.46,4494.44,"Forecast"
2029-01-16 00:00:00.000,"VIC",55.05,4608.18,"Forecast"
2029-01-17 00:00:00.000,"VIC",58.07,4564.54,"Forecast"
2029-01-18 00:00:00.000,"VIC",51.75,4531.75,"Forecast"
2029-01-19 00:00:00.000,"VIC",41.94,4465.6,"Forecast"
2029-01-20 00:00:00.000,"VIC",36.54,4134.4,"Forecast"
2029-01-21 00:00:00.000,"VIC",37.73,4112.2,"Forecast"
2029-01-22 00:00:00.000,"VIC",45.57,4510.8,"Forecast"
2029-01-23 00:00:00.000,"VIC",56.53,4626.8,"Forecast"
2029-01-24 00:00:00.000,"VIC",59.75,4584.52,"Forecast"
2029-01-25 00:00:00.000,"VIC",53.23,4552.58,"Forecast"
2029-01-26 00:00:00.000,"VIC",43.08,4480.59,"Forecast"
2029-01-27 00:00:00.000,"VIC",37.53,4148.64,"Forecast"
2029-01-28 00:00:00.000,"VIC",38.66,4126.77,"Forecast"
2029-01-29 00:00:00.000,"VIC",46.96,4528.92,"Forecast"
2029-01-30 00:00:00.000,"VIC",58.22,4646.53,"Forecast"
2029-01-31 00:00:00.000,"VIC",61.61,4605.31,"Forecast"
2029-02-01 00:00:00.000,"VIC",54.83,4573.95,"Forecast"
2029-02-02 00:00:00.000,"VIC",44.38,4495.9,"Forecast"
2029-02-03 00:00:00.000,"VIC",38.56,4163.07,"Forecast"
2029-02-04 00:00:00.000,"VIC",39.6,4141.44,"Forecast"
2029-02-05 00:00:00.000,"VIC",48.43,4547.06,"Forecast"
2029-02-06 00:00:00.000,"VIC",60.01,4666.23,"Forecast"
2029-02-07 00:00:00.000,"VIC",63.59,4626.07,"Forecast"
2029-02-08 00:00:00.000,"VIC",56.88,4595.17,"Forecast"
2029-02-09 00:00:00.000,"VIC",46.07,4514.64,"Forecast"
2029-02-10 00:00:00.000,"VIC",39.77,4179.23,"Forecast"
2029-02-11 00:00:00.000,"VIC",40.63,4156.6,"Forecast"
2029-02-12 00:00:00.000,"VIC",50.02,4565.28,"Forecast"
2029-02-13 00:00:00.000,"VIC",61.93,4685.9,"Forecast"
2029-02-14 00:00:00.000,"VIC",65.71,4646.72,"Forecast"
2029-02-15 00:00:00.000,"VIC",59.08,4616.11,"Forecast"
2029-02-16 00:00:00.000,"VIC",47.88,4535.31,"Forecast"
2029-02-17 00:00:00.000,"VIC",41.01,4196.28,"Forecast"
2029-02-18 00:00:00.000,"VIC",41.74,4171.88,"Forecast"
2029-02-19 00:00:00.000,"VIC",51.69,4583.23,"Forecast"
2029-02-20 00:00:00.000,"VIC",63.95,4700.94,"Forecast"
2029-02-21 00:00:00.000,"VIC",67.91,4664.84,"Forecast"
2029-02-22 00:00:00.000,"VIC",61.37,4635.25,"Forecast"
2029-02-23 00:00:00.000,"VIC",49.89,4554.51,"Forecast"
2029-02-24 00:00:00.000,"VIC",42.44,4212.66,"Forecast"
2029-02-25 00:00:00.000,"VIC",43.5,4186.74,"Forecast"
2029-02-26 00:00:00.000,"VIC",53.78,4600.26,"Forecast"
2029-02-27 00:00:00.000,"VIC",66.29,4714.64,"Forecast"
2029-02-28 00:00:00.000,"VIC",70.37,4681.78,"Forecast"
2029-03-01 00:00:00.000,"VIC",63.87,4653.18,"Forecast"
2029-03-02 00:00:00.000,"VIC",52.39,4572.44,"Forecast"
2029-03-03 00:00:00.000,"VIC",44.67,4228.28,"Forecast"
2029-03-04 00:00:00.000,"VIC",45.88,4201.01,"Forecast"
2029-03-05 00:00:00.000,"VIC",56.32,4616.24,"Forecast"
2029-03-06 00:00:00.000,"VIC",68.98,4727.32,"Forecast"
2029-03-07 00:00:00.000,"VIC",72.41,4694.67,"Forecast"
2029-03-08 00:00:00.000,"VIC",66.23,4668.36,"Forecast"
2029-03-09 00:00:00.000,"VIC",54.84,4588.19,"Forecast"
2029-03-10 00:00:00.000,"VIC",47.18,4242.82,"Forecast"
2029-03-11 00:00:00.000,"VIC",48.46,4214.61,"Forecast"
2029-03-12 00:00:00.000,"VIC",59.01,4630.92,"Forecast"
2029-03-13 00:00:00.000,"VIC",71.64,4738,"Forecast"
2029-03-14 00:00:00.000,"VIC",74.29,4705.05,"Forecast"
2029-03-15 00:00:00.000,"VIC",68.52,4681.49,"Forecast"
2029-03-16 00:00:00.000,"VIC",57.27,4602.07,"Forecast"
2029-03-17 00:00:00.000,"VIC",49.68,4257.25,"Forecast"
2029-03-18 00:00:00.000,"VIC",51.04,4227.97,"Forecast"
2029-03-19 00:00:00.000,"VIC",61.7,4644.51,"Forecast"
2029-03-20 00:00:00.000,"VIC",73.61,4750.53,"Forecast"
2029-03-21 00:00:00.000,"VIC",76.06,4715.49,"Forecast"
2029-03-22 00:00:00.000,"VIC",70.34,4694.07,"Forecast"
2029-03-23 00:00:00.000,"VIC",59.4,4614.99,"Forecast"
2029-03-24 00:00:00.000,"VIC",51.95,4271.81,"Forecast"
2029-03-25 00:00:00.000,"VIC",53.43,4242.02,"Forecast"
2029-03-26 00:00:00.000,"VIC",64.23,4657.66,"Forecast"
2029-03-27 00:00:00.000,"VIC",75.7,4765.69,"Forecast"
2029-03-28 00:00:00.000,"VIC",77.84,4730.42,"Forecast"
2029-03-29 00:00:00.000,"VIC",71.9,4707.21,"Forecast"
2029-03-30 00:00:00.000,"VIC",61.32,4627.75,"Forecast"
2029-03-31 00:00:00.000,"VIC",54.03,4285.87,"Forecast"
2029-04-01 00:00:00.000,"VIC",55.63,4256.51,"Forecast"
2029-04-02 00:00:00.000,"VIC",66.56,4673.71,"Forecast"
2029-04-03 00:00:00.000,"VIC",78.16,4787.87,"Forecast"
2029-04-04 00:00:00.000,"VIC",79.71,4751.99,"Forecast"
2029-04-05 00:00:00.000,"VIC",73.66,4733.11,"Forecast"
2029-04-06 00:00:00.000,"VIC",63.31,4650.31,"Forecast"
2029-04-07 00:00:00.000,"VIC",56.09,4303.99,"Forecast"
2029-04-08 00:00:00.000,"VIC",57.73,4271.98,"Forecast"
2029-04-09 00:00:00.000,"VIC",69.01,4691.63,"Forecast"
2029-04-10 00:00:00.000,"VIC",80.71,4825.33,"Forecast"
2029-04-11 00:00:00.000,"VIC",82.33,4796.14,"Forecast"
2029-04-12 00:00:00.000,"VIC",75.71,4786.81,"Forecast"
2029-04-13 00:00:00.000,"VIC",65.6,4701.42,"Forecast"
2029-04-14 00:00:00.000,"VIC",58.31,4338.83,"Forecast"
2029-04-15 00:00:00.000,"VIC",59.84,4296.41,"Forecast"
2029-04-16 00:00:00.000,"VIC",71.88,4723.99,"Forecast"
2029-04-17 00:00:00.000,"VIC",83.26,4891.28,"Forecast"
2029-04-18 00:00:00.000,"VIC",85.36,4881.82,"Forecast"
2029-04-19 00:00:00.000,"VIC",77.83,4885.32,"Forecast"
2029-04-20 00:00:00.000,"VIC",68.04,4807.85,"Forecast"
2029-04-21 00:00:00.000,"VIC",60.6,4416.78,"Forecast"
2029-04-22 00:00:00.000,"VIC",61.89,4352.32,"Forecast"
2029-04-23 00:00:00.000,"VIC",73.91,4798.73,"Forecast"
2029-04-24 00:00:00.000,"VIC",85.51,5000.73,"Forecast"
2029-04-25 00:00:00.000,"VIC",88,5012.9,"Forecast"
2029-04-26 00:00:00.000,"VIC",80.17,5032.04,"Forecast"
2029-04-27 00:00:00.000,"VIC",69.54,4967.31,"Forecast"
2029-04-28 00:00:00.000,"VIC",62.18,4553.41,"Forecast"
2029-04-29 00:00:00.000,"VIC",63.35,4464.75,"Forecast"
2029-04-30 00:00:00.000,"VIC",74.91,4955.28,"Forecast"
2029-05-01 00:00:00.000,"VIC",86.8,5169.71,"Forecast"
2029-05-02 00:00:00.000,"VIC",89.64,5195.41,"Forecast"
2029-05-03 00:00:00.000,"VIC",81.44,5226.86,"Forecast"
2029-05-04 00:00:00.000,"VIC",69.83,5165.07,"Forecast"
2029-05-05 00:00:00.000,"VIC",62.58,4759.46,"Forecast"
2029-05-06 00:00:00.000,"VIC",63.81,4675.71,"Forecast"
2029-05-07 00:00:00.000,"VIC",74.7,5175.58,"Forecast"
2029-05-08 00:00:00.000,"VIC",86.37,5389.52,"Forecast"
2029-05-09 00:00:00.000,"VIC",88.96,5417.13,"Forecast"
2029-05-10 00:00:00.000,"VIC",80.13,5444.88,"Forecast"
2029-05-11 00:00:00.000,"VIC",68.19,5373.61,"Forecast"
2029-05-12 00:00:00.000,"VIC",61.2,4981.44,"Forecast"
2029-05-13 00:00:00.000,"VIC",62.67,4918.32,"Forecast"
2029-05-14 00:00:00.000,"VIC",72.92,5407.96,"Forecast"
2029-05-15 00:00:00.000,"VIC",84.11,5605.15,"Forecast"
2029-05-16 00:00:00.000,"VIC",85.74,5629.06,"Forecast"
2029-05-17 00:00:00.000,"VIC",76.43,5652.43,"Forecast"
2029-05-18 00:00:00.000,"VIC",65.2,5567.94,"Forecast"
2029-05-19 00:00:00.000,"VIC",58.57,5166.17,"Forecast"
2029-05-20 00:00:00.000,"VIC",60.28,5114.77,"Forecast"
2029-05-21 00:00:00.000,"VIC",70.38,5591.58,"Forecast"
2029-05-22 00:00:00.000,"VIC",81.01,5781.29,"Forecast"
2029-05-23 00:00:00.000,"VIC",81.98,5803.48,"Forecast"
2029-05-24 00:00:00.000,"VIC",72.82,5822.48,"Forecast"
2029-05-25 00:00:00.000,"VIC",62.17,5726.39,"Forecast"
2029-05-26 00:00:00.000,"VIC",55.93,5313.59,"Forecast"
2029-05-27 00:00:00.000,"VIC",57.8,5257.02,"Forecast"
2029-05-28 00:00:00.000,"VIC",67.87,5728.22,"Forecast"
2029-05-29 00:00:00.000,"VIC",78.15,5913.04,"Forecast"
2029-05-30 00:00:00.000,"VIC",78.79,5933.69,"Forecast"
2029-05-31 00:00:00.000,"VIC",70.18,5948.55,"Forecast"
2029-06-01 00:00:00.000,"VIC",59.79,5843.47,"Forecast"
2029-06-02 00:00:00.000,"VIC",54.15,5424.08,"Forecast"
2029-06-03 00:00:00.000,"VIC",56.35,5363.62,"Forecast"
2029-06-04 00:00:00.000,"VIC",66.01,5828.37,"Forecast"
2029-06-05 00:00:00.000,"VIC",76.21,6008.27,"Forecast"
2029-06-06 00:00:00.000,"VIC",76.82,6026.87,"Forecast"
2029-06-07 00:00:00.000,"VIC",68.6,6037.93,"Forecast"
2029-06-08 00:00:00.000,"VIC",58.52,5926.12,"Forecast"
2029-06-09 00:00:00.000,"VIC",53.02,5502.72,"Forecast"
2029-06-10 00:00:00.000,"VIC",55.33,5439.32,"Forecast"
2029-06-11 00:00:00.000,"VIC",64.7,5898.42,"Forecast"
2029-06-12 00:00:00.000,"VIC",74.68,6074.14,"Forecast"
2029-06-13 00:00:00.000,"VIC",75.32,6090.66,"Forecast"
2029-06-14 00:00:00.000,"VIC",67.39,6098.52,"Forecast"
2029-06-15 00:00:00.000,"VIC",57.52,5981.81,"Forecast"
2029-06-16 00:00:00.000,"VIC",52.06,5555.55,"Forecast"
2029-06-17 00:00:00.000,"VIC",54.42,5489.76,"Forecast"
2029-06-18 00:00:00.000,"VIC",63.73,5944.63,"Forecast"
2029-06-19 00:00:00.000,"VIC",73.48,6117.07,"Forecast"
2029-06-20 00:00:00.000,"VIC",74.03,6131.56,"Forecast"
2029-06-21 00:00:00.000,"VIC",66.37,6136.75,"Forecast"
2029-06-22 00:00:00.000,"VIC",56.64,6016.37,"Forecast"
2029-06-23 00:00:00.000,"VIC",51.17,5587.39,"Forecast"
2029-06-24 00:00:00.000,"VIC",53.52,5519.32,"Forecast"
2029-06-25 00:00:00.000,"VIC",62.92,5971.6,"Forecast"
2029-06-26 00:00:00.000,"VIC",72.52,6141.57,"Forecast"
2029-06-27 00:00:00.000,"VIC",72.98,6154.06,"Forecast"
2029-06-28 00:00:00.000,"VIC",65.36,6156.9,"Forecast"
2029-06-29 00:00:00.000,"VIC",55.78,6033.65,"Forecast"
2029-06-30 00:00:00.000,"VIC",50.27,5601.44,"Forecast"
2029-07-01 00:00:00.000,"VIC",52.58,5530.92,"Forecast"
2029-07-02 00:00:00.000,"VIC",62.08,5982.21,"Forecast"
2029-07-03 00:00:00.000,"VIC",71.69,6150.44,"Forecast"
2029-07-04 00:00:00.000,"VIC",71.99,6160.87,"Forecast"
2029-07-05 00:00:00.000,"VIC",64.44,6161.51,"Forecast"
2029-07-06 00:00:00.000,"VIC",54.96,6035.89,"Forecast"
2029-07-07 00:00:00.000,"VIC",49.35,5599.59,"Forecast"
2029-07-08 00:00:00.000,"VIC",51.58,5526.27,"Forecast"
2029-07-09 00:00:00.000,"VIC",61.19,5978.1,"Forecast"
2029-07-10 00:00:00.000,"VIC",70.83,6145.19,"Forecast"
2029-07-11 00:00:00.000,"VIC",71.22,6153.39,"Forecast"
2029-07-12 00:00:00.000,"VIC",63.69,6151.87,"Forecast"
2029-07-13 00:00:00.000,"VIC",54.22,6024.2,"Forecast"
2029-07-14 00:00:00.000,"VIC",48.45,5582.87,"Forecast"
2029-07-15 00:00:00.000,"VIC",50.55,5506.29,"Forecast"
2029-07-16 00:00:00.000,"VIC",60.27,5959.99,"Forecast"
2029-07-17 00:00:00.000,"VIC",69.94,6126.41,"Forecast"
2029-07-18 00:00:00.000,"VIC",70.55,6132.14,"Forecast"
2029-07-19 00:00:00.000,"VIC",62.98,6128.38,"Forecast"
2029-07-20 00:00:00.000,"VIC",53.38,5998.9,"Forecast"
2029-07-21 00:00:00.000,"VIC",47.45,5551.64,"Forecast"
2029-07-22 00:00:00.000,"VIC",49.42,5471.33,"Forecast"
2029-07-23 00:00:00.000,"VIC",59.27,5927.98,"Forecast"
2029-07-24 00:00:00.000,"VIC",69.06,6094.07,"Forecast"
2029-07-25 00:00:00.000,"VIC",69.9,6096.96,"Forecast"
2029-07-26 00:00:00.000,"VIC",62.27,6090.8,"Forecast"
2029-07-27 00:00:00.000,"VIC",52.44,5959.73,"Forecast"
2029-07-28 00:00:00.000,"VIC",46.36,5505.83,"Forecast"
2029-07-29 00:00:00.000,"VIC",48.19,5421.28,"Forecast"
2029-07-30 00:00:00.000,"VIC",58.09,5881.63,"Forecast"
2029-07-31 00:00:00.000,"VIC",68.11,6047.59,"Forecast"
2029-08-01 00:00:00.000,"VIC",69.22,6047.17,"Forecast"
2029-08-02 00:00:00.000,"VIC",61.53,6038.3,"Forecast"
2029-08-03 00:00:00.000,"VIC",51.42,5905.86,"Forecast"
2029-08-04 00:00:00.000,"VIC",45.18,5444.94,"Forecast"
2029-08-05 00:00:00.000,"VIC",46.85,5355.69,"Forecast"
2029-08-06 00:00:00.000,"VIC",56.6,5820.08,"Forecast"
2029-08-07 00:00:00.000,"VIC",66.91,5985.91,"Forecast"
2029-08-08 00:00:00.000,"VIC",68.39,5981.56,"Forecast"
2029-08-09 00:00:00.000,"VIC",60.7,5969.6,"Forecast"
2029-08-10 00:00:00.000,"VIC",50.28,5836.02,"Forecast"
2029-08-11 00:00:00.000,"VIC",43.98,5368.08,"Forecast"
2029-08-12 00:00:00.000,"VIC",45.41,5273.72,"Forecast"
2029-08-13 00:00:00.000,"VIC",54.97,5742.01,"Forecast"
2029-08-14 00:00:00.000,"VIC",65.59,5907.55,"Forecast"
2029-08-15 00:00:00.000,"VIC",67.29,5898.51,"Forecast"
2029-08-16 00:00:00.000,"VIC",59.71,5882.89,"Forecast"
2029-08-17 00:00:00.000,"VIC",49.06,5748.44,"Forecast"
2029-08-18 00:00:00.000,"VIC",42.81,5274.04,"Forecast"
2029-08-19 00:00:00.000,"VIC",43.88,5174.24,"Forecast"
2029-08-20 00:00:00.000,"VIC",53.18,5645.75,"Forecast"
2029-08-21 00:00:00.000,"VIC",64.14,5810.64,"Forecast"
2029-08-22 00:00:00.000,"VIC",66.06,5796.06,"Forecast"
2029-08-23 00:00:00.000,"VIC",58.62,5776.08,"Forecast"
2029-08-24 00:00:00.000,"VIC",47.86,5641,"Forecast"
2029-08-25 00:00:00.000,"VIC",41.53,5161.3,"Forecast"
2029-08-26 00:00:00.000,"VIC",42.22,5047.48,"Forecast"
2029-08-27 00:00:00.000,"VIC",51.16,5525.17,"Forecast"
2029-08-28 00:00:00.000,"VIC",62.51,5690.37,"Forecast"
2029-08-29 00:00:00.000,"VIC",64.68,5669.99,"Forecast"
2029-08-30 00:00:00.000,"VIC",57.31,5645.18,"Forecast"
2029-08-31 00:00:00.000,"VIC",46.41,5510.04,"Forecast"
2029-09-01 00:00:00.000,"VIC",39.96,5018.64,"Forecast"
2029-09-02 00:00:00.000,"VIC",40.49,4877.61,"Forecast"
2029-09-03 00:00:00.000,"VIC",48.85,5368.29,"Forecast"
2029-09-04 00:00:00.000,"VIC",60.35,5537.71,"Forecast"
2029-09-05 00:00:00.000,"VIC",62.97,5512.6,"Forecast"
2029-09-06 00:00:00.000,"VIC",55.27,5483.23,"Forecast"
2029-09-07 00:00:00.000,"VIC",44.4,5349.33,"Forecast"
2029-09-08 00:00:00.000,"VIC",37.91,4831.38,"Forecast"
2029-09-09 00:00:00.000,"VIC",38.22,4672.65,"Forecast"
2029-09-10 00:00:00.000,"VIC",46.02,5160.89,"Forecast"
2029-09-11 00:00:00.000,"VIC",57.27,5339.41,"Forecast"
2029-09-12 00:00:00.000,"VIC",60.35,5309.92,"Forecast"
2029-09-13 00:00:00.000,"VIC",52.47,5276.47,"Forecast"
2029-09-14 00:00:00.000,"VIC",41.72,5137.94,"Forecast"
2029-09-15 00:00:00.000,"VIC",35.17,4600.82,"Forecast"
2029-09-16 00:00:00.000,"VIC",35.29,4429.43,"Forecast"
2029-09-17 00:00:00.000,"VIC",42.57,4890.18,"Forecast"
2029-09-18 00:00:00.000,"VIC",53.48,5072.81,"Forecast"
2029-09-19 00:00:00.000,"VIC",56.5,5034.58,"Forecast"
2029-09-20 00:00:00.000,"VIC",48.95,4989.96,"Forecast"
2029-09-21 00:00:00.000,"VIC",38.22,4831.54,"Forecast"
2029-09-22 00:00:00.000,"VIC",31.65,4351.6,"Forecast"
2029-09-23 00:00:00.000,"VIC",31.85,4230.35,"Forecast"
2029-09-24 00:00:00.000,"VIC",39.13,4669.43,"Forecast"
2029-09-25 00:00:00.000,"VIC",49.88,4809.87,"Forecast"
2029-09-26 00:00:00.000,"VIC",52.68,4764.12,"Forecast"
2029-09-27 00:00:00.000,"VIC",45.38,4718.38,"Forecast"
2029-09-28 00:00:00.000,"VIC",34.69,4600.62,"Forecast"
2029-09-29 00:00:00.000,"VIC",28.6,4182.89,"Forecast"
2029-09-30 00:00:00.000,"VIC",29.21,4113.27,"Forecast"
2029-10-01 00:00:00.000,"VIC",36.63,4531.73,"Forecast"
2029-10-02 00:00:00.000,"VIC",47.11,4663.49,"Forecast"
2029-10-03 00:00:00.000,"VIC",49.72,4621.38,"Forecast"
2029-10-04 00:00:00.000,"VIC",42.7,4579.08,"Forecast"
2029-10-05 00:00:00.000,"VIC",32.39,4476.66,"Forecast"
2029-10-06 00:00:00.000,"VIC",26.67,4113.42,"Forecast"
2029-10-07 00:00:00.000,"VIC",27.66,4071.16,"Forecast"
2029-10-08 00:00:00.000,"VIC",35.15,4470.59,"Forecast"
2029-10-09 00:00:00.000,"VIC",45.2,4582.49,"Forecast"
2029-10-10 00:00:00.000,"VIC",47.6,4541.26,"Forecast"
2029-10-11 00:00:00.000,"VIC",40.81,4505.66,"Forecast"
2029-10-12 00:00:00.000,"VIC",31.08,4429.82,"Forecast"
2029-10-13 00:00:00.000,"VIC",25.71,4085.33,"Forecast"
2029-10-14 00:00:00.000,"VIC",26.94,4050.86,"Forecast"
2029-10-15 00:00:00.000,"VIC",34.4,4443.84,"Forecast"
2029-10-16 00:00:00.000,"VIC",44.06,4546.58,"Forecast"
2029-10-17 00:00:00.000,"VIC",46.53,4510.81,"Forecast"
2029-10-18 00:00:00.000,"VIC",39.88,4481.53,"Forecast"
2029-10-19 00:00:00.000,"VIC",30.62,4413,"Forecast"
2029-10-20 00:00:00.000,"VIC",25.47,4071.28,"Forecast"
2029-10-21 00:00:00.000,"VIC",26.82,4038.01,"Forecast"
2029-10-22 00:00:00.000,"VIC",34.27,4431.92,"Forecast"
2029-10-23 00:00:00.000,"VIC",43.8,4531.62,"Forecast"
2029-10-24 00:00:00.000,"VIC",46.26,4496.92,"Forecast"
2029-10-25 00:00:00.000,"VIC",39.76,4470.98,"Forecast"
2029-10-26 00:00:00.000,"VIC",30.75,4404.38,"Forecast"
2029-10-27 00:00:00.000,"VIC",25.72,4062.51,"Forecast"
2029-10-28 00:00:00.000,"VIC",27.12,4029.53,"Forecast"
2029-10-29 00:00:00.000,"VIC",34.59,4424.83,"Forecast"
2029-10-30 00:00:00.000,"VIC",44.03,4523.31,"Forecast"
2029-10-31 00:00:00.000,"VIC",46.5,4488.89,"Forecast"
2029-11-01 00:00:00.000,"VIC",40.12,4464.59,"Forecast"
2029-11-02 00:00:00.000,"VIC",31.25,4399.21,"Forecast"
2029-11-03 00:00:00.000,"VIC",26.28,4057.02,"Forecast"
2029-11-04 00:00:00.000,"VIC",27.69,4024.3,"Forecast"
2029-11-05 00:00:00.000,"VIC",35.15,4420.59,"Forecast"
2029-11-06 00:00:00.000,"VIC",44.57,4517.95,"Forecast"
2029-11-07 00:00:00.000,"VIC",47.07,4484.34,"Forecast"
2029-11-08 00:00:00.000,"VIC",40.76,4460.97,"Forecast"
2029-11-09 00:00:00.000,"VIC",31.96,4396.55,"Forecast"
2029-11-10 00:00:00.000,"VIC",27.02,4054.27,"Forecast"
2029-11-11 00:00:00.000,"VIC",28.43,4021.94,"Forecast"
2029-11-12 00:00:00.000,"VIC",35.87,4418.75,"Forecast"
2029-11-13 00:00:00.000,"VIC",45.3,4515.12,"Forecast"
2029-11-14 00:00:00.000,"VIC",47.83,4482.06,"Forecast"
2029-11-15 00:00:00.000,"VIC",41.56,4459.53,"Forecast"
2029-11-16 00:00:00.000,"VIC",32.81,4396.01,"Forecast"
2029-11-17 00:00:00.000,"VIC",27.88,4054.02,"Forecast"
2029-11-18 00:00:00.000,"VIC",29.27,4022.24,"Forecast"
2029-11-19 00:00:00.000,"VIC",36.69,4419.14,"Forecast"
2029-11-20 00:00:00.000,"VIC",46.14,4514.66,"Forecast"
2029-11-21 00:00:00.000,"VIC",48.72,4481.91,"Forecast"
2029-11-22 00:00:00.000,"VIC",42.47,4460.14,"Forecast"
2029-11-23 00:00:00.000,"VIC",33.72,4397.46,"Forecast"
2029-11-24 00:00:00.000,"VIC",28.79,4056.11,"Forecast"
2029-11-25 00:00:00.000,"VIC",30.16,4025.06,"Forecast"
2029-11-26 00:00:00.000,"VIC",37.57,4421.6,"Forecast"
2029-11-27 00:00:00.000,"VIC",47.06,4516.41,"Forecast"
2029-11-28 00:00:00.000,"VIC",49.67,4483.75,"Forecast"
2029-11-29 00:00:00.000,"VIC",43.46,4462.64,"Forecast"
2029-11-30 00:00:00.000,"VIC",34.68,4400.71,"Forecast"
2029-12-01 00:00:00.000,"VIC",29.73,4060.35,"Forecast"
2029-12-02 00:00:00.000,"VIC",31.09,4030.18,"Forecast"
2029-12-03 00:00:00.000,"VIC",38.48,4425.97,"Forecast"
2029-12-04 00:00:00.000,"VIC",48.02,4521.25,"Forecast"
2029-12-05 00:00:00.000,"VIC",50.67,4487.82,"Forecast"
2029-12-06 00:00:00.000,"VIC",44.5,4467.04,"Forecast"
2029-12-07 00:00:00.000,"VIC",35.67,4405.68,"Forecast"
2029-12-08 00:00:00.000,"VIC",30.69,4066.55,"Forecast"
2029-12-09 00:00:00.000,"VIC",32.03,4037.37,"Forecast"
2029-12-10 00:00:00.000,"VIC",39.4,4432.08,"Forecast"
2029-12-11 00:00:00.000,"VIC",49,4530.71,"Forecast"
2029-12-12 00:00:00.000,"VIC",51.7,4494.54,"Forecast"
2029-12-13 00:00:00.000,"VIC",45.56,4473.44,"Forecast"
2029-12-14 00:00:00.000,"VIC",36.66,4412.31,"Forecast"
2029-12-15 00:00:00.000,"VIC",31.65,4074.48,"Forecast"
2029-12-16 00:00:00.000,"VIC",32.97,4046.38,"Forecast"
2029-12-17 00:00:00.000,"VIC",40.35,4439.74,"Forecast"
2029-12-18 00:00:00.000,"VIC",50.01,4542.01,"Forecast"
2029-12-19 00:00:00.000,"VIC",52.75,4502.85,"Forecast"
2029-12-20 00:00:00.000,"VIC",46.64,4481.25,"Forecast"
2029-12-21 00:00:00.000,"VIC",37.65,4420.22,"Forecast"
2029-12-22 00:00:00.000,"VIC",32.6,4083.89,"Forecast"
2029-12-23 00:00:00.000,"VIC",33.9,4056.97,"Forecast"
2029-12-24 00:00:00.000,"VIC",41.32,4448.72,"Forecast"
2029-12-25 00:00:00.000,"VIC",51.04,4554.81,"Forecast"
2029-12-26 00:00:00.000,"VIC",53.83,4512.5,"Forecast"
2029-12-27 00:00:00.000,"VIC",47.74,4490.24,"Forecast"
2029-12-28 00:00:00.000,"VIC",38.63,4429.18,"Forecast"
2029-12-29 00:00:00.000,"VIC",33.54,4094.52,"Forecast"
2029-12-30 00:00:00.000,"VIC",34.82,4068.85,"Forecast"
2029-12-31 00:00:00.000,"VIC",42.3,4460.36,"Forecast"
2030-01-01 00:00:00.000,"VIC",52.16,4569.63,"Forecast"
2030-01-02 00:00:00.000,"VIC",54.98,4524.42,"Forecast"
2030-01-03 00:00:00.000,"VIC",48.9,4500.82,"Forecast"
2030-01-04 00:00:00.000,"VIC",39.65,4439.42,"Forecast"
2030-01-05 00:00:00.000,"VIC",34.49,4106.54,"Forecast"
2030-01-06 00:00:00.000,"VIC",35.76,4082.21,"Forecast"
2030-01-07 00:00:00.000,"VIC",43.32,4476.06,"Forecast"
2030-01-08 00:00:00.000,"VIC",53.5,4587.34,"Forecast"
2030-01-09 00:00:00.000,"VIC",56.29,4542.21,"Forecast"
2030-01-10 00:00:00.000,"VIC",50.16,4514.09,"Forecast"
2030-01-11 00:00:00.000,"VIC",40.69,4451.04,"Forecast"
2030-01-12 00:00:00.000,"VIC",35.44,4119.14,"Forecast"
2030-01-13 00:00:00.000,"VIC",36.68,4095.9,"Forecast"
2030-01-14 00:00:00.000,"VIC",44.31,4492.08,"Forecast"
2030-01-15 00:00:00.000,"VIC",54.85,4605.5,"Forecast"
2030-01-16 00:00:00.000,"VIC",57.84,4561.67,"Forecast"
2030-01-17 00:00:00.000,"VIC",51.54,4529.01,"Forecast"
2030-01-18 00:00:00.000,"VIC",41.78,4463.55,"Forecast"
2030-01-19 00:00:00.000,"VIC",36.41,4132.4,"Forecast"
2030-01-20 00:00:00.000,"VIC",37.6,4110.13,"Forecast"
2030-01-21 00:00:00.000,"VIC",45.41,4508.43,"Forecast"
2030-01-22 00:00:00.000,"VIC",56.32,4624.09,"Forecast"
2030-01-23 00:00:00.000,"VIC",59.51,4581.62,"Forecast"
2030-01-24 00:00:00.000,"VIC",53.01,4549.57,"Forecast"
2030-01-25 00:00:00.000,"VIC",42.91,4478.42,"Forecast"
2030-01-26 00:00:00.000,"VIC",37.39,4146.59,"Forecast"
2030-01-27 00:00:00.000,"VIC",38.53,4124.68,"Forecast"
2030-01-28 00:00:00.000,"VIC",46.76,4526.32,"Forecast"
2030-01-29 00:00:00.000,"VIC",57.97,4643.7,"Forecast"
2030-01-30 00:00:00.000,"VIC",61.34,4602.33,"Forecast"
2030-01-31 00:00:00.000,"VIC",54.59,4570.9,"Forecast"
2030-02-01 00:00:00.000,"VIC",44.19,4493.72,"Forecast"
2030-02-02 00:00:00.000,"VIC",38.41,4161.01,"Forecast"
2030-02-03 00:00:00.000,"VIC",39.47,4139.35,"Forecast"
2030-02-04 00:00:00.000,"VIC",48.22,4544.49,"Forecast"
2030-02-05 00:00:00.000,"VIC",59.75,4663.44,"Forecast"
2030-02-06 00:00:00.000,"VIC",63.3,4623.12,"Forecast"
2030-02-07 00:00:00.000,"VIC",56.58,4592.16,"Forecast"
2030-02-08 00:00:00.000,"VIC",45.82,4511.66,"Forecast"
2030-02-09 00:00:00.000,"VIC",39.59,4176.77,"Forecast"
2030-02-10 00:00:00.000,"VIC",40.48,4154.4,"Forecast"
2030-02-11 00:00:00.000,"VIC",49.79,4562.67,"Forecast"
2030-02-12 00:00:00.000,"VIC",61.65,4683.09,"Forecast"
2030-02-13 00:00:00.000,"VIC",65.4,4643.78,"Forecast"
2030-02-14 00:00:00.000,"VIC",58.76,4613.14,"Forecast"
2030-02-15 00:00:00.000,"VIC",47.62,4532.39,"Forecast"
2030-02-16 00:00:00.000,"VIC",40.84,4193.87,"Forecast"
2030-02-17 00:00:00.000,"VIC",41.56,4169.72,"Forecast"
2030-02-18 00:00:00.000,"VIC",51.44,4580.7,"Forecast"
2030-02-19 00:00:00.000,"VIC",63.65,4698.89,"Forecast"
2030-02-20 00:00:00.000,"VIC",67.59,4662.33,"Forecast"
2030-02-21 00:00:00.000,"VIC",61.03,4632.58,"Forecast"
2030-02-22 00:00:00.000,"VIC",49.56,4551.83,"Forecast"
2030-02-23 00:00:00.000,"VIC",42.2,4210.36,"Forecast"
2030-02-24 00:00:00.000,"VIC",43.21,4184.65,"Forecast"
2030-02-25 00:00:00.000,"VIC",53.45,4597.89,"Forecast"
2030-02-26 00:00:00.000,"VIC",65.93,4712.74,"Forecast"
2030-02-27 00:00:00.000,"VIC",70,4679.42,"Forecast"
2030-02-28 00:00:00.000,"VIC",63.5,4650.69,"Forecast"
2030-03-01 00:00:00.000,"VIC",52.02,4569.95,"Forecast"
2030-03-02 00:00:00.000,"VIC",44.3,4226.09,"Forecast"
2030-03-03 00:00:00.000,"VIC",45.51,4199.01,"Forecast"
2030-03-04 00:00:00.000,"VIC",55.93,4614.02,"Forecast"
2030-03-05 00:00:00.000,"VIC",68.58,4725.58,"Forecast"
2030-03-06 00:00:00.000,"VIC",72.14,4693.04,"Forecast"
2030-03-07 00:00:00.000,"VIC",65.9,4666.35,"Forecast"
2030-03-08 00:00:00.000,"VIC",54.49,4586.07,"Forecast"
2030-03-09 00:00:00.000,"VIC",46.81,4240.8,"Forecast"
2030-03-10 00:00:00.000,"VIC",48.09,4212.71,"Forecast"
2030-03-11 00:00:00.000,"VIC",58.62,4628.9,"Forecast"
2030-03-12 00:00:00.000,"VIC",71.3,4736.82,"Forecast"
2030-03-13 00:00:00.000,"VIC",74.04,4703.74,"Forecast"
2030-03-14 00:00:00.000,"VIC",68.2,4679.76,"Forecast"
2030-03-15 00:00:00.000,"VIC",56.93,4600.22,"Forecast"
2030-03-16 00:00:00.000,"VIC",49.33,4255.12,"Forecast"
2030-03-17 00:00:00.000,"VIC",50.68,4226.04,"Forecast"
2030-03-18 00:00:00.000,"VIC",61.32,4642.62,"Forecast"
2030-03-19 00:00:00.000,"VIC",73.34,4748.36,"Forecast"
2030-03-20 00:00:00.000,"VIC",75.78,4713.9,"Forecast"
2030-03-21 00:00:00.000,"VIC",70.13,4692.24,"Forecast"
2030-03-22 00:00:00.000,"VIC",59.13,4613.16,"Forecast"
2030-03-23 00:00:00.000,"VIC",51.65,4269.77,"Forecast"
2030-03-24 00:00:00.000,"VIC",53.11,4239.9,"Forecast"
2030-03-25 00:00:00.000,"VIC",63.88,4655.77,"Forecast"
2030-03-26 00:00:00.000,"VIC",75.4,4763.53,"Forecast"
2030-03-27 00:00:00.000,"VIC",77.59,4728.05,"Forecast"
2030-03-28 00:00:00.000,"VIC",71.65,4705.19,"Forecast"
2030-03-29 00:00:00.000,"VIC",61.04,4625.88,"Forecast"
2030-03-30 00:00:00.000,"VIC",53.73,4283.86,"Forecast"
2030-03-31 00:00:00.000,"VIC",55.32,4254.46,"Forecast"
2030-04-01 00:00:00.000,"VIC",66.23,4671.44,"Forecast"
2030-04-02 00:00:00.000,"VIC",77.79,4783.96,"Forecast"
2030-04-03 00:00:00.000,"VIC",79.43,4747.29,"Forecast"
2030-04-04 00:00:00.000,"VIC",73.4,4727.35,"Forecast"
2030-04-05 00:00:00.000,"VIC",63.02,4645.9,"Forecast"
2030-04-06 00:00:00.000,"VIC",55.8,4300.94,"Forecast"
2030-04-07 00:00:00.000,"VIC",57.44,4269.66,"Forecast"
2030-04-08 00:00:00.000,"VIC",68.6,4688.34,"Forecast"
2030-04-09 00:00:00.000,"VIC",80.33,4817.64,"Forecast"
2030-04-10 00:00:00.000,"VIC",81.95,4788.24,"Forecast"
2030-04-11 00:00:00.000,"VIC",75.42,4778.51,"Forecast"
2030-04-12 00:00:00.000,"VIC",65.26,4693.29,"Forecast"
2030-04-13 00:00:00.000,"VIC",58,4332.85,"Forecast"
2030-04-14 00:00:00.000,"VIC",59.55,4292.07,"Forecast"
2030-04-15 00:00:00.000,"VIC",71.5,4718.76,"Forecast"
2030-04-16 00:00:00.000,"VIC",82.93,4880.19,"Forecast"
2030-04-17 00:00:00.000,"VIC",84.92,4866.39,"Forecast"
2030-04-18 00:00:00.000,"VIC",77.53,4865.86,"Forecast"
2030-04-19 00:00:00.000,"VIC",67.7,4786.29,"Forecast"
2030-04-20 00:00:00.000,"VIC",60.28,4401.24,"Forecast"
2030-04-21 00:00:00.000,"VIC",61.6,4340.79,"Forecast"
2030-04-22 00:00:00.000,"VIC",73.68,4783.79,"Forecast"
2030-04-23 00:00:00.000,"VIC",85.22,4982.08,"Forecast"
2030-04-24 00:00:00.000,"VIC",87.7,4991.63,"Forecast"
2030-04-25 00:00:00.000,"VIC",79.86,5008.55,"Forecast"
2030-04-26 00:00:00.000,"VIC",69.39,4941.03,"Forecast"
2030-04-27 00:00:00.000,"VIC",62.01,4528.31,"Forecast"
2030-04-28 00:00:00.000,"VIC",63.19,4442.28,"Forecast"
2030-04-29 00:00:00.000,"VIC",74.83,4924.75,"Forecast"
2030-04-30 00:00:00.000,"VIC",86.71,5139.41,"Forecast"
2030-05-01 00:00:00.000,"VIC",89.52,5163.91,"Forecast"
2030-05-02 00:00:00.000,"VIC",81.42,5194.09,"Forecast"
2030-05-03 00:00:00.000,"VIC",69.92,5132.56,"Forecast"
2030-05-04 00:00:00.000,"VIC",62.64,4725.64,"Forecast"
2030-05-05 00:00:00.000,"VIC",63.84,4638.63,"Forecast"
2030-05-06 00:00:00.000,"VIC",74.85,5139.14,"Forecast"
2030-05-07 00:00:00.000,"VIC",86.59,5356.14,"Forecast"
2030-05-08 00:00:00.000,"VIC",89.3,5384.45,"Forecast"
2030-05-09 00:00:00.000,"VIC",80.57,5412.8,"Forecast"
2030-05-10 00:00:00.000,"VIC",68.6,5343.45,"Forecast"
2030-05-11 00:00:00.000,"VIC",61.55,4949.19,"Forecast"
2030-05-12 00:00:00.000,"VIC",62.97,4882.98,"Forecast"
2030-05-13 00:00:00.000,"VIC",73.3,5376.19,"Forecast"
2030-05-14 00:00:00.000,"VIC",84.57,5575.14,"Forecast"
2030-05-15 00:00:00.000,"VIC",86.38,5599.51,"Forecast"
2030-05-16 00:00:00.000,"VIC",77.03,5623.6,"Forecast"
2030-05-17 00:00:00.000,"VIC",65.7,5541.08,"Forecast"
2030-05-18 00:00:00.000,"VIC",59.01,5141.48,"Forecast"
2030-05-19 00:00:00.000,"VIC",60.69,5090.97,"Forecast"
2030-05-20 00:00:00.000,"VIC",70.77,5568.38,"Forecast"
2030-05-21 00:00:00.000,"VIC",81.49,5758.73,"Forecast"
2030-05-22 00:00:00.000,"VIC",82.52,5781.07,"Forecast"
2030-05-23 00:00:00.000,"VIC",73.27,5800.67,"Forecast"
2030-05-24 00:00:00.000,"VIC",62.57,5706.09,"Forecast"
2030-05-25 00:00:00.000,"VIC",56.22,5294.58,"Forecast"
2030-05-26 00:00:00.000,"VIC",58.1,5238.69,"Forecast"
2030-05-27 00:00:00.000,"VIC",68.23,5710.83,"Forecast"
2030-05-28 00:00:00.000,"VIC",78.49,5896.39,"Forecast"
2030-05-29 00:00:00.000,"VIC",79.2,5917.33,"Forecast"
2030-05-30 00:00:00.000,"VIC",70.48,5932.79,"Forecast"
2030-05-31 00:00:00.000,"VIC",60.08,5828.87,"Forecast"
2030-06-01 00:00:00.000,"VIC",54.38,5410.26,"Forecast"
2030-06-02 00:00:00.000,"VIC",56.54,5350.3,"Forecast"
2030-06-03 00:00:00.000,"VIC",66.25,5815.96,"Forecast"
2030-06-04 00:00:00.000,"VIC",76.48,5996.54,"Forecast"
2030-06-05 00:00:00.000,"VIC",77.09,6015.45,"Forecast"
2030-06-06 00:00:00.000,"VIC",68.81,6027.02,"Forecast"
2030-06-07 00:00:00.000,"VIC",58.69,5916.06,"Forecast"
2030-06-08 00:00:00.000,"VIC",53.17,5493.14,"Forecast"
2030-06-09 00:00:00.000,"VIC",55.47,5430.12,"Forecast"
2030-06-10 00:00:00.000,"VIC",64.86,5889.95,"Forecast"
2030-06-11 00:00:00.000,"VIC",74.88,6066.23,"Forecast"
2030-06-12 00:00:00.000,"VIC",75.51,6083.04,"Forecast"
2030-06-13 00:00:00.000,"VIC",67.55,6091.33,"Forecast"
2030-06-14 00:00:00.000,"VIC",57.65,5975.23,"Forecast"
2030-06-15 00:00:00.000,"VIC",52.19,5549.36,"Forecast"
2030-06-16 00:00:00.000,"VIC",54.55,5483.89,"Forecast"
2030-06-17 00:00:00.000,"VIC",63.85,5939.28,"Forecast"
2030-06-18 00:00:00.000,"VIC",73.64,6112.13,"Forecast"
2030-06-19 00:00:00.000,"VIC",74.2,6126.91,"Forecast"
2030-06-20 00:00:00.000,"VIC",66.52,6132.46,"Forecast"
2030-06-21 00:00:00.000,"VIC",56.77,6012.55,"Forecast"
2030-06-22 00:00:00.000,"VIC",51.3,5583.98,"Forecast"
2030-06-23 00:00:00.000,"VIC",53.65,5516.24,"Forecast"
2030-06-24 00:00:00.000,"VIC",63.04,5968.79,"Forecast"
2030-06-25 00:00:00.000,"VIC",72.64,6139.07,"Forecast"
2030-06-26 00:00:00.000,"VIC",73.12,6151.85,"Forecast"
2030-06-27 00:00:00.000,"VIC",65.5,6155.01,"Forecast"
2030-06-28 00:00:00.000,"VIC",55.9,6032.14,"Forecast"
2030-06-29 00:00:00.000,"VIC",50.4,5600.43,"Forecast"
2030-06-30 00:00:00.000,"VIC",52.71,5530.28,"Forecast"
2030-07-01 00:00:00.000,"VIC",62.21,5981.62,"Forecast"
2030-07-02 00:00:00.000,"VIC",71.81,6150.06,"Forecast"
2030-07-03 00:00:00.000,"VIC",72.13,6160.79,"Forecast"
2030-07-04 00:00:00.000,"VIC",64.56,6161.74,"Forecast"
2030-07-05 00:00:00.000,"VIC",55.08,6036.44,"Forecast"
2030-07-06 00:00:00.000,"VIC",49.49,5600.78,"Forecast"
2030-07-07 00:00:00.000,"VIC",51.73,5527.88,"Forecast"
2030-07-08 00:00:00.000,"VIC",61.32,5979.55,"Forecast"
2030-07-09 00:00:00.000,"VIC",70.96,6146.77,"Forecast"
2030-07-10 00:00:00.000,"VIC",71.32,6155.3,"Forecast"
2030-07-11 00:00:00.000,"VIC",63.79,6154.09,"Forecast"
2030-07-12 00:00:00.000,"VIC",54.33,6026.7,"Forecast"
2030-07-13 00:00:00.000,"VIC",48.58,5586.14,"Forecast"
2030-07-14 00:00:00.000,"VIC",50.7,5510.06,"Forecast"
2030-07-15 00:00:00.000,"VIC",60.4,5963.42,"Forecast"
2030-07-16 00:00:00.000,"VIC",70.07,6129.92,"Forecast"
2030-07-17 00:00:00.000,"VIC",70.64,6136.01,"Forecast"
2030-07-18 00:00:00.000,"VIC",63.08,6132.58,"Forecast"
2030-07-19 00:00:00.000,"VIC",53.52,6003.35,"Forecast"
2030-07-20 00:00:00.000,"VIC",47.61,5556.99,"Forecast"
2030-07-21 00:00:00.000,"VIC",49.59,5477.24,"Forecast"
2030-07-22 00:00:00.000,"VIC",59.42,5933.41,"Forecast"
2030-07-23 00:00:00.000,"VIC",69.17,6099.54,"Forecast"
2030-07-24 00:00:00.000,"VIC",69.98,6102.86,"Forecast"
2030-07-25 00:00:00.000,"VIC",62.37,6097.05,"Forecast"
2030-07-26 00:00:00.000,"VIC",52.57,5966.2,"Forecast"
2030-07-27 00:00:00.000,"VIC",46.52,5513.28,"Forecast"
2030-07-28 00:00:00.000,"VIC",48.37,5429.37,"Forecast"
2030-07-29 00:00:00.000,"VIC",58.29,5889.16,"Forecast"
2030-07-30 00:00:00.000,"VIC",68.27,6055.13,"Forecast"
2030-07-31 00:00:00.000,"VIC",69.33,6055.22,"Forecast"
2030-08-01 00:00:00.000,"VIC",61.65,6046.76,"Forecast"
2030-08-02 00:00:00.000,"VIC",51.58,5914.5,"Forecast"
2030-08-03 00:00:00.000,"VIC",45.35,5454.59,"Forecast"
2030-08-04 00:00:00.000,"VIC",47.05,5366.04,"Forecast"
2030-08-05 00:00:00.000,"VIC",56.83,5829.85,"Forecast"
2030-08-06 00:00:00.000,"VIC",67.09,5995.7,"Forecast"
2030-08-07 00:00:00.000,"VIC",68.54,5991.96,"Forecast"
2030-08-08 00:00:00.000,"VIC",60.83,5980.47,"Forecast"
2030-08-09 00:00:00.000,"VIC",50.46,5847.04,"Forecast"
2030-08-10 00:00:00.000,"VIC",44.14,5380.08,"Forecast"
2030-08-11 00:00:00.000,"VIC",45.61,5286.48,"Forecast"
2030-08-12 00:00:00.000,"VIC",55.21,5754.24,"Forecast"
2030-08-13 00:00:00.000,"VIC",65.79,5919.83,"Forecast"
2030-08-14 00:00:00.000,"VIC",67.45,5911.51,"Forecast"
2030-08-15 00:00:00.000,"VIC",59.86,5896.46,"Forecast"
2030-08-16 00:00:00.000,"VIC",49.21,5762.12,"Forecast"
2030-08-17 00:00:00.000,"VIC",42.98,5288.58,"Forecast"
2030-08-18 00:00:00.000,"VIC",44.1,5189.58,"Forecast"
2030-08-19 00:00:00.000,"VIC",53.44,5660.69,"Forecast"
2030-08-20 00:00:00.000,"VIC",64.36,5825.7,"Forecast"
2030-08-21 00:00:00.000,"VIC",66.24,5811.97,"Forecast"
2030-08-22 00:00:00.000,"VIC",58.78,5792.65,"Forecast"
2030-08-23 00:00:00.000,"VIC",48.04,5657.65,"Forecast"
2030-08-24 00:00:00.000,"VIC",41.72,5178.61,"Forecast"
2030-08-25 00:00:00.000,"VIC",42.43,5068.62,"Forecast"
2030-08-26 00:00:00.000,"VIC",51.45,5544.62,"Forecast"
2030-08-27 00:00:00.000,"VIC",62.75,5709.5,"Forecast"
2030-08-28 00:00:00.000,"VIC",64.88,5689.87,"Forecast"
2030-08-29 00:00:00.000,"VIC",57.57,5665.72,"Forecast"
2030-08-30 00:00:00.000,"VIC",46.65,5530.5,"Forecast"
2030-08-31 00:00:00.000,"VIC",40.21,5041.48,"Forecast"
2030-09-01 00:00:00.000,"VIC",40.77,4904.41,"Forecast"
2030-09-02 00:00:00.000,"VIC",49.21,5393.93,"Forecast"
2030-09-03 00:00:00.000,"VIC",60.75,5562.1,"Forecast"
2030-09-04 00:00:00.000,"VIC",63.26,5537.49,"Forecast"
2030-09-05 00:00:00.000,"VIC",55.61,5508.68,"Forecast"
2030-09-06 00:00:00.000,"VIC",44.73,5374.47,"Forecast"
2030-09-07 00:00:00.000,"VIC",38.24,4860.35,"Forecast"
2030-09-08 00:00:00.000,"VIC",38.58,4702.42,"Forecast"
2030-09-09 00:00:00.000,"VIC",46.45,5191.96,"Forecast"
2030-09-10 00:00:00.000,"VIC",57.74,5371.33,"Forecast"
2030-09-11 00:00:00.000,"VIC",60.83,5343.6,"Forecast"
2030-09-12 00:00:00.000,"VIC",52.96,5311.95,"Forecast"
2030-09-13 00:00:00.000,"VIC",42.18,5173.87,"Forecast"
2030-09-14 00:00:00.000,"VIC",35.63,4640.97,"Forecast"
2030-09-15 00:00:00.000,"VIC",35.79,4463.21,"Forecast"
2030-09-16 00:00:00.000,"VIC",43.1,4930.71,"Forecast"
2030-09-17 00:00:00.000,"VIC",54.05,5113.34,"Forecast"
2030-09-18 00:00:00.000,"VIC",57.09,5076.49,"Forecast"
2030-09-19 00:00:00.000,"VIC",49.49,5033.54,"Forecast"
2030-09-20 00:00:00.000,"VIC",38.75,4875.32,"Forecast"
2030-09-21 00:00:00.000,"VIC",32.15,4384.62,"Forecast"
2030-09-22 00:00:00.000,"VIC",32.3,4255.17,"Forecast"
2030-09-23 00:00:00.000,"VIC",39.57,4694.64,"Forecast"
2030-09-24 00:00:00.000,"VIC",50.34,4843.78,"Forecast"
2030-09-25 00:00:00.000,"VIC",53.18,4791.12,"Forecast"
2030-09-26 00:00:00.000,"VIC",45.83,4746.97,"Forecast"
2030-09-27 00:00:00.000,"VIC",35.12,4625.47,"Forecast"
2030-09-28 00:00:00.000,"VIC",28.96,4199.31,"Forecast"
2030-09-29 00:00:00.000,"VIC",29.52,4123.19,"Forecast"
2030-09-30 00:00:00.000,"VIC",36.92,4545.12,"Forecast"
2030-10-01 00:00:00.000,"VIC",47.45,4679.27,"Forecast"
2030-10-02 00:00:00.000,"VIC",50.1,4637.73,"Forecast"
2030-10-03 00:00:00.000,"VIC",43.05,4595.48,"Forecast"
2030-10-04 00:00:00.000,"VIC",32.65,4487.62,"Forecast"
2030-10-05 00:00:00.000,"VIC",26.87,4119.38,"Forecast"
2030-10-06 00:00:00.000,"VIC",27.82,4074.99,"Forecast"
2030-10-07 00:00:00.000,"VIC",35.31,4475.79,"Forecast"
2030-10-08 00:00:00.000,"VIC",45.42,4589.62,"Forecast"
2030-10-09 00:00:00.000,"VIC",47.81,4548.4,"Forecast"
2030-10-10 00:00:00.000,"VIC",41.01,4511.35,"Forecast"
2030-10-11 00:00:00.000,"VIC",31.2,4433.4,"Forecast"
2030-10-12 00:00:00.000,"VIC",25.79,4087.97,"Forecast"
2030-10-13 00:00:00.000,"VIC",26.99,4053.12,"Forecast"
2030-10-14 00:00:00.000,"VIC",34.47,4446.33,"Forecast"
2030-10-15 00:00:00.000,"VIC",44.17,4549.64,"Forecast"
2030-10-16 00:00:00.000,"VIC",46.63,4513.41,"Forecast"
2030-10-17 00:00:00.000,"VIC",39.97,4483.84,"Forecast"
2030-10-18 00:00:00.000,"VIC",30.65,4414.72,"Forecast"
2030-10-19 00:00:00.000,"VIC",25.47,4072.88,"Forecast"
2030-10-20 00:00:00.000,"VIC",26.8,4039.53,"Forecast"
2030-10-21 00:00:00.000,"VIC",34.25,4433.21,"Forecast"
2030-10-22 00:00:00.000,"VIC",43.8,4533.09,"Forecast"
2030-10-23 00:00:00.000,"VIC",46.26,4498.46,"Forecast"
2030-10-24 00:00:00.000,"VIC",39.74,4472.17,"Forecast"
2030-10-25 00:00:00.000,"VIC",30.71,4405.36,"Forecast"
2030-10-26 00:00:00.000,"VIC",25.67,4063.54,"Forecast"
2030-10-27 00:00:00.000,"VIC",27.05,4030.52,"Forecast"
2030-10-28 00:00:00.000,"VIC",34.52,4425.65,"Forecast"
2030-10-29 00:00:00.000,"VIC",43.97,4524.29,"Forecast"
2030-10-30 00:00:00.000,"VIC",46.45,4489.74,"Forecast"
2030-10-31 00:00:00.000,"VIC",40.05,4465.3,"Forecast"
2030-11-01 00:00:00.000,"VIC",31.16,4399.78,"Forecast"
2030-11-02 00:00:00.000,"VIC",26.19,4057.63,"Forecast"
2030-11-03 00:00:00.000,"VIC",27.59,4024.87,"Forecast"
2030-11-04 00:00:00.000,"VIC",35.06,4421.04,"Forecast"
2030-11-05 00:00:00.000,"VIC",44.47,4518.55,"Forecast"
2030-11-06 00:00:00.000,"VIC",46.97,4484.85,"Forecast"
2030-11-07 00:00:00.000,"VIC",40.65,4461.35,"Forecast"
2030-11-08 00:00:00.000,"VIC",31.85,4396.79,"Forecast"
2030-11-09 00:00:00.000,"VIC",26.91,4054.5,"Forecast"
2030-11-10 00:00:00.000,"VIC",28.31,4022.11,"Forecast"
2030-11-11 00:00:00.000,"VIC",35.76,4418.88,"Forecast"
2030-11-12 00:00:00.000,"VIC",45.18,4515.38,"Forecast"
2030-11-13 00:00:00.000,"VIC",47.71,4482.25,"Forecast"
2030-11-14 00:00:00.000,"VIC",41.44,4459.61,"Forecast"
2030-11-15 00:00:00.000,"VIC",32.68,4395.97,"Forecast"
2030-11-16 00:00:00.000,"VIC",27.75,4053.9,"Forecast"
2030-11-17 00:00:00.000,"VIC",29.14,4022.04,"Forecast"
2030-11-18 00:00:00.000,"VIC",36.57,4418.95,"Forecast"
2030-11-19 00:00:00.000,"VIC",46.02,4514.58,"Forecast"
2030-11-20 00:00:00.000,"VIC",48.59,4481.8,"Forecast"
2030-11-21 00:00:00.000,"VIC",42.34,4459.93,"Forecast"
2030-11-22 00:00:00.000,"VIC",33.59,4397.13,"Forecast"
2030-11-23 00:00:00.000,"VIC",28.66,4055.67,"Forecast"
2030-11-24 00:00:00.000,"VIC",30.03,4024.51,"Forecast"
2030-11-25 00:00:00.000,"VIC",37.44,4421.13,"Forecast"
2030-11-26 00:00:00.000,"VIC",46.93,4516.03,"Forecast"
2030-11-27 00:00:00.000,"VIC",49.53,4483.37,"Forecast"
2030-11-28 00:00:00.000,"VIC",43.31,4462.17,"Forecast"
2030-11-29 00:00:00.000,"VIC",34.54,4400.14,"Forecast"
2030-11-30 00:00:00.000,"VIC",29.6,4059.62,"Forecast"
2030-12-01 00:00:00.000,"VIC",30.95,4029.31,"Forecast"
2030-12-02 00:00:00.000,"VIC",38.35,4425.24,"Forecast"
2030-12-03 00:00:00.000,"VIC",47.88,4520.07,"Forecast"
2030-12-04 00:00:00.000,"VIC",50.52,4487,"Forecast"
2030-12-05 00:00:00.000,"VIC",44.35,4466.25,"Forecast"
2030-12-06 00:00:00.000,"VIC",35.53,4404.85,"Forecast"
2030-12-07 00:00:00.000,"VIC",30.55,4065.55,"Forecast"
2030-12-08 00:00:00.000,"VIC",31.89,4036.22,"Forecast"
2030-12-09 00:00:00.000,"VIC",39.27,4431.1,"Forecast"
2030-12-10 00:00:00.000,"VIC",48.86,4529.23,"Forecast"
2030-12-11 00:00:00.000,"VIC",51.55,4493.47,"Forecast"
2030-12-12 00:00:00.000,"VIC",45.41,4472.43,"Forecast"
2030-12-13 00:00:00.000,"VIC",36.52,4411.28,"Forecast"
2030-12-14 00:00:00.000,"VIC",31.51,4073.25,"Forecast"
2030-12-15 00:00:00.000,"VIC",32.83,4044.99,"Forecast"
2030-12-16 00:00:00.000,"VIC",40.21,4438.56,"Forecast"
2030-12-17 00:00:00.000,"VIC",49.86,4540.29,"Forecast"
2030-12-18 00:00:00.000,"VIC",52.6,4501.57,"Forecast"
2030-12-19 00:00:00.000,"VIC",46.49,4480.06,"Forecast"
2030-12-20 00:00:00.000,"VIC",37.51,4419.02,"Forecast"
2030-12-21 00:00:00.000,"VIC",32.46,4082.46,"Forecast"
2030-12-22 00:00:00.000,"VIC",33.77,4055.37,"Forecast"
2030-12-23 00:00:00.000,"VIC",41.18,4447.37,"Forecast"
2030-12-24 00:00:00.000,"VIC",50.89,4552.9,"Forecast"
2030-12-25 00:00:00.000,"VIC",53.67,4511.04,"Forecast"
2030-12-26 00:00:00.000,"VIC",47.58,4488.89,"Forecast"
2030-12-27 00:00:00.000,"VIC",38.49,4427.84,"Forecast"
2030-12-28 00:00:00.000,"VIC",33.4,4092.93,"Forecast"
2030-12-29 00:00:00.000,"VIC",34.69,4067.09,"Forecast"
2030-12-30 00:00:00.000,"VIC",42.16,4458.25,"Forecast"
2030-12-31 00:00:00.000,"VIC",51.98,4567.26,"Forecast"
